Date,Open,High,Low,Close,Volume
,AIR.PA,AIR.PA,AIR.PA,AIR.PA,AIR.PA
2019-01-02,75.61244919025161,76.39950901500582,74.27353227022394,76.14620208740234,1483033
2019-01-03,75.38627451262754,75.76623486980003,70.1120382377254,73.46836853027344,1964509
2019-01-04,74.32781139573605,77.36750118940564,73.75786395147034,77.0056381225586,2006859
2019-01-07,77.76555013164993,78.66117285530235,74.76204145953837,75.5943374633789,1428948
2019-01-08,75.83859768592454,80.16292544978266,75.59433256669058,78.3897705078125,2533915
2019-01-09,80.06342308506069,81.90895366578133,79.32159277436767,81.13093566894531,2365398
2019-01-10,80.51576154059791,81.14902881434863,79.49348525523013,81.06761169433594,1321653
2019-01-11,81.34805943701079,81.42043481334787,79.7829816107723,79.95486450195312,1184652
2019-01-14,79.49348158780026,81.81848690287188,79.42110621639762,81.3390121459961,1339132
2019-01-15,81.87276271367429,83.68210553607594,81.8003873442754,83.51021575927734,1870631
2019-01-16,83.68210455205421,84.17062793660949,82.86789891112873,83.71829223632812,1383158
2019-01-17,82.95837218315312,83.53736137977668,82.19845145087056,83.01265716552734,1196890
2019-01-18,83.63687826525083,85.11149724259786,83.41071038794934,84.73153686523438,1498962
2019-01-21,84.36965684336549,85.49144744873047,84.14348899297202,85.49144744873047,735952
2019-01-22,85.51858441236044,85.98901739494266,84.9305466351801,85.71761322021484,1284328
2019-01-23,85.01197639049651,86.19709376919295,84.41488992660359,84.86722564697266,1313183
2019-01-24,85.25622907326704,86.77607727050781,85.01197083714571,86.77607727050781,1534265
2019-01-25,86.8484530021481,87.861687438594,86.48658306755351,87.3098373413086,1575939
2019-01-28,87.11986099897723,87.16509042897562,86.00711210916944,86.32374572753906,986063
2019-01-29,86.64943447776164,87.65362038695716,86.16995969090348,86.8936996459961,919305
2019-01-30,87.11985943919386,89.5805598736783,86.64942644138567,89.56246948242188,2213713
2019-01-31,90.46713940187131,90.88328741486852,89.67103105988903,90.66616821289062,2125869
2019-02-01,91.3899121547245,92.3850563292502,90.48524065213445,91.48038482666016,1587528
2019-02-04,91.5527499194004,92.29458024803787,91.1366018718326,91.73368835449219,986555
2019-02-05,91.69749249193666,92.92784613248317,91.02803759702296,92.27648162841797,1373286
2019-02-06,92.29456908992896,92.43931982050252,91.44418270514088,92.3488540649414,892011
2019-02-07,91.4803737885713,92.07745331914685,90.31334686279297,90.31334686279297,1491323
2019-02-08,90.31335789684984,91.67940689832074,88.70304372413601,90.41287231445312,1262531
2019-02-11,92.18601586998557,93.43445990138056,91.82414593416101,92.27648162841797,1314998
2019-02-12,93.16307039205039,93.59730882956151,92.67454697327872,92.98213195800781,1384956
2019-02-13,93.00022792958133,94.7552858512086,92.83738679230711,94.42960357666016,1810340
2019-02-14,97.70450724383176,100.36424326080639,96.96267700195312,96.96267700195312,3418594
2019-02-15,97.03506501601838,101.10608668183454,97.03506501601838,100.40044403076172,2474676
2019-02-18,100.56328941646122,101.25083480174366,100.09285636116698,100.65375518798828,1336861
2019-02-19,100.81659311180177,100.83468350468996,99.47767626891559,100.5451889038086,1663311
2019-02-20,100.43661169260179,100.78039122791414,99.8757198648307,100.52708435058594,1530872
2019-02-21,100.7803969743889,101.39557381244667,100.05665708181678,100.74420928955078,1937817
2019-02-22,101.08798973828824,102.96970808241801,100.97943357749716,102.86114501953125,1662516
2019-02-25,102.93351908252902,103.11445751836689,101.92029145021921,102.53546142578125,1312486
2019-02-26,102.22787035560114,102.62592798866508,101.82981272253718,102.33643341064453,1162067
2019-02-27,101.84790413312419,102.66210974368136,101.77552876727582,102.64401245117188,1255186
2019-02-28,102.46308307166863,102.98778722975536,102.13740082066589,102.77066802978516,1473561
2019-03-01,103.18682758905129,103.44013450105267,102.53546301413594,103.04208374023438,1263899
2019-03-04,103.40394856710999,103.94675005181571,102.84304978839339,103.150634765625,1133867
2019-03-05,102.68021621963224,102.82496697400514,101.43177202259739,102.44499969482422,1510042
2019-03-06,102.08311148187443,103.07825548524428,102.06502109185618,102.87922668457031,1035032
2019-03-07,102.3545228377063,102.8249558363667,101.39557335119143,101.9926528930664,1682374
2019-03-08,100.34615268864339,101.2508241125989,98.88058939917639,100.88895416259766,1678207
2019-03-11,101.32320475367476,102.37262697305799,100.9251470977576,102.19168853759766,1217340
2019-03-12,103.22300414686352,103.74771520920174,101.9564628213245,103.6572494506836,1614290
2019-03-13,104.03721908301699,105.81037433652824,103.65725872199934,105.73799896240234,2334138
2019-03-14,105.86464800891808,106.06367682843094,104.3086189425622,105.8465576171875,1698454
2019-03-15,105.75610352483793,107.87303159778511,105.68372814573817,106.46174621582031,3463099
2019-03-18,106.75122833251953,106.82360370314613,105.81036922065945,106.75122833251953,974655
2019-03-19,107.02263181429052,107.83683057112752,106.57029610400542,107.65589904785156,1217304
2019-03-20,107.40258303228946,107.90919677610954,106.22650752459901,106.62456512451172,1651569
2019-03-21,106.82360459438611,107.45687183741417,106.0817742945124,107.25784301757812,991764
2019-03-22,108.0539518124578,108.0539518124578,103.67533874511719,103.67533874511719,1548212
2019-03-25,103.1506420235634,103.9105696772981,101.88410743749863,103.16873931884766,1607484
2019-03-26,103.92864654446207,106.11795654850393,103.92864654446207,105.24946594238281,1254958
2019-03-27,105.30376217367001,105.64753485301725,103.91056725932225,104.47146606445312,1104628
2019-03-28,104.14577626947003,105.52087378981682,104.12767897591162,105.1771011352539,950323
2019-03-29,105.7922828275044,106.93216389852694,105.48469094176343,106.6607666015625,1220119
2019-04-01,107.56543591544033,107.76446473716587,106.00939992969013,106.53411102294922,962091
2019-04-02,106.6064851687042,106.98645244045376,105.62944520417945,106.04559326171875,1368037
2019-04-03,107.47497023100263,107.6559017588348,106.49792341568006,107.23975372314453,1214807
2019-04-04,107.3302168247077,107.34831411829923,106.2808015655405,106.58838653564453,1152087
2019-04-05,106.75122484631765,107.85492505499613,106.38935490709757,107.36640167236328,1614315
2019-04-08,107.54734434933425,109.66427922704926,107.25784974834113,109.23003387451172,1502349
2019-04-09,107.47497170244222,108.18061433358213,106.4798275794547,107.20356750488281,1453576
2019-04-10,106.9502543622504,107.69208463659369,105.39421844482422,105.39421844482422,1420843
2019-04-11,105.77417809333097,107.05880982072112,105.4846835223403,106.29888916015625,935093
2019-04-12,106.33507973748472,108.32535410443559,106.08177284373772,107.29402923583984,935016
2019-04-15,108.05549724048667,108.07384986088151,107.06466572338053,107.5600814819336,702766
2019-04-16,107.33989852491038,108.23898793420373,106.7710862864208,108.1839370727539,900262
2019-04-17,107.8720096597178,109.5967849507774,107.43163777717407,109.21146392822266,1333637
2019-04-18,109.17476808677002,110.67936096935247,108.4224716454788,110.31238555908203,2066169
2019-04-23,110.49588622383195,112.6610336303711,109.48670200932052,112.6610336303711,1424239
2019-04-24,112.75277394815889,113.10139676250878,111.72524412766423,112.11056518554688,882275
2019-04-25,112.14725168659426,112.55092532371339,111.21147107265044,111.8353271484375,891406
2019-04-26,112.2940608275313,112.89956437099278,111.19313447659525,111.79864501953125,1018510
2019-04-29,111.92708092175641,113.32157917806208,111.4867089990169,112.86286163330078,1069541
2019-04-30,113.74360536971383,113.76195099171802,110.82616150785049,111.81698608398438,1391362
2019-05-02,110.69772395387902,111.54176257689427,109.798634464511,110.07386779785156,1602622
2019-05-03,109.3949586475583,110.73441304484732,109.33991478175065,109.68853759765625,919711
2019-05-06,107.3582446528608,109.94541117006194,105.56007282525405,109.81697082519531,943587
2019-05-07,109.83532826184694,110.1839510704186,107.39494760342298,107.83531951904297,1245034
2019-05-08,107.96376500846694,109.43165979794645,107.28486498073413,108.99129486083984,1135884
2019-05-09,107.92705993761184,108.55091605861722,106.77108980173958,107.15641784667969,1071567
2019-05-10,107.79862213134766,108.58761686179886,106.89953267124947,107.79862213134766,1146292
2019-05-13,107.37660673540114,107.56009095867265,105.33989965950497,105.98210144042969,1187754
2019-05-14,107.33990401580554,109.30321452075209,107.06467069289843,109.17477416992188,1080454
2019-05-15,109.22981980428428,110.89955139160156,108.33073733390728,110.89955139160156,1225273
2019-05-16,110.69771843144518,112.64267629184475,110.03716406396077,112.38579559326172,1171146
2019-05-17,112.34909791797246,112.67937510338236,110.55092601933755,111.0096435546875,1346495
2019-05-20,110.75276962263895,111.17478894101258,108.4775274285001,109.24817657470703,880698
2019-05-21,109.59679177324037,109.83532684944524,108.11054445154333,108.4958724975586,797261
2019-05-22,108.44083011685886,108.58762309815205,107.67018796349343,108.45918273925781,841620
2019-05-23,107.50504679650746,108.05550646428553,105.26650288147228,105.39494323730469,1292608
2019-05-24,106.03714799174504,107.79862166157528,105.92705326257784,106.91788482666016,941761
2019-05-27,108.05550648035604,108.25734332511539,106.88119065572833,107.193115234375,314712
2019-05-28,107.32155203969609,107.83531341259794,106.12888371034678,106.7160415649414,1121118
2019-05-29,106.38577505209625,106.8261469868855,103.7802626863061,104.93622589111328,1460847
2019-05-30,105.13805423126252,105.90870330493459,105.02796650607642,105.72521209716797,527329
2019-05-31,104.22062437518349,105.39494016540934,103.30318928913526,105.37659454345703,1422449
2019-06-03,104.31237029217787,107.48670196533203,103.54172815151004,107.48670196533203,1158939
2019-06-04,106.88119114755865,108.89954560549101,105.67017707290435,108.69771575927734,1259997
2019-06-05,108.45917883313626,109.96377183983101,108.05550514859279,108.89954376220703,1234756
2019-06-06,109.2114659650467,110.60596412007469,108.05549587634964,108.22063446044922,1025038
2019-06-07,108.62431544526211,112.33075402796324,108.31238387668903,110.93624877929688,1199498
2019-06-10,111.8720369942265,111.9270808597356,110.23900365569706,111.06468963623047,507749
2019-06-11,111.46836632963992,113.90874709216001,111.45002070713218,113.21149444580078,1125280
2019-06-12,112.09221785324249,112.99130730739152,111.00964418370344,112.1839599609375,924062
2019-06-13,112.29405007426108,113.4867114242228,111.9270746590906,112.53258514404297,890365
2019-06-14,112.62434003539326,112.78947864099621,111.04635047062615,112.31240844726562,873534
2019-06-17,112.69771923790871,114.80782267246394,112.2940525717698,114.67938232421875,1368430
2019-06-18,114.47754615925267,116.05553558915545,114.29406194625311,115.10140228271484,1679579
2019-06-19,115.22984270738415,115.37663567745945,112.44083927122013,112.84451293945312,1646889
2019-06-20,112.84451360570219,113.98213113260611,111.72524170042895,113.26653289794922,1751922
2019-06-21,113.1014025047611,114.6610464364539,112.62433931356276,112.64268493652344,2456772
2019-06-24,112.44084481235056,113.24819218860296,112.29405883451565,113.08305358886719,839580
2019-06-25,112.47753644493108,114.89956443236582,112.47753644493108,114.84452056884766,1068534
2019-06-26,114.67938888756878,115.59682399866932,114.2206713320185,115.1748046875,1028633
2019-06-27,115.13811055096387,115.3766456482132,113.59681922934648,113.65186309814453,995489
2019-06-28,113.45002254399098,114.67938216100949,113.04634887895254,114.38580322265625,1108817
2019-07-01,113.30323478954718,115.67021902615812,113.30323478954718,114.03718566894531,849429
2019-07-02,112.75277131142374,114.01882918606312,112.4775379911015,113.72525024414062,1028534
2019-07-03,114.01882828417402,115.63351595171261,113.59680899596574,115.26654052734375,675445
2019-07-04,115.22984434430796,115.56012153219514,114.1656232940403,115.02800750732422,454665
2019-07-05,114.25736151162734,114.86286500248798,113.48671243297188,114.29405975341797,724073
2019-07-08,113.94543355762508,114.14727039411606,112.84451426700493,113.68855285644531,788487
2019-07-09,113.83535310755741,114.42251103336442,113.11975482294729,113.85369873046875,666957
2019-07-10,114.53259238297251,117.08306779284774,114.22066781455187,115.45002746582031,1016895
2019-07-11,115.79865077041288,116.60599107814498,115.35827887562111,115.5784683227539,727473
2019-07-12,115.85370437744885,117.46838512873133,114.78948329135243,117.13811492919922,1023854
2019-07-15,117.96381036229042,119.17481745101848,117.56013666639804,118.5326156616211,973647
2019-07-16,118.2390406696624,120.56931967401849,117.87205822873513,120.31243896484375,1035676
2019-07-17,120.14730793375898,121.3950202409141,120.07391144522647,121.06474304199219,1084788
2019-07-18,120.62435701659507,121.9454657345852,119.43168864624577,121.19317626953125,918163
2019-07-19,121.50510668653301,122.80786284654377,120.22068914924942,120.64271545410156,1110654
2019-07-22,120.36747982781685,120.8078447469928,119.61519034084748,119.96380615234375,909190
2019-07-23,120.53263170911302,122.25740023208188,120.5142790868301,121.67024230957031,1151374
2019-07-24,121.68859219609536,122.34914659393917,120.64271673266744,121.06474304199219,891454
2019-07-25,121.41335798895621,122.36749833405474,119.19316672290392,119.72528076171875,1303089
2019-07-26,120.66106061996778,120.91794131176177,120.01885889048283,120.18399047851562,787658
2019-07-29,119.67023538328654,120.47758274217608,119.33995819091797,119.33995819091797,767765
2019-07-30,119.41336398017322,119.65189208254053,116.88124097458906,117.17481994628906,1259431
2019-07-31,119.26655875336905,119.72527628703587,116.27571847400876,117.48673248291016,1547913
2019-08-01,117.50509159554967,119.24821272020326,117.08307228119858,118.73445129394531,1296566
2019-08-02,115.96379687223813,116.25737582130307,112.80781792018438,113.15644073486328,2475378
2019-08-05,112.5876282011698,113.02799309664539,110.09220379522881,110.73440551757812,2089151
2019-08-06,110.93624917502936,111.87203688461256,110.01881408691406,110.01881408691406,1618056
2019-08-07,110.84450458732461,112.89955717889347,110.22064846137836,111.92707824707031,1497201
2019-08-08,113.7802962797606,116.66104888916016,113.10139627601033,116.66104888916016,1539909
2019-08-09,116.14728214363198,116.14728214363198,114.22066983545886,114.78948211669922,993641
2019-08-12,115.59682780492686,116.86288578012233,114.55095230379264,114.86287689208984,728771
2019-08-13,113.90873801943897,116.6059922796058,113.10139070391448,116.1289291381836,1356044
2019-08-14,115.76196065120938,115.78030627335403,111.50506236727361,111.78028869628906,1330499
2019-08-15,112.29405212402344,113.5050661165596,110.34908728774914,112.29405212402344,1055062
2019-08-16,113.04635285088986,113.52341601767293,111.61515635106637,112.86286163330078,1119050
2019-08-19,114.00048353619157,116.09223437180486,113.85369056552967,114.47754669189453,950546
2019-08-20,113.94544130896928,116.33077826670336,113.76195708120879,115.78031158447266,999387
2019-08-21,116.0555489063263,117.70693501071219,115.81701380247614,117.43170166015625,698994
2019-08-22,117.2849043142753,117.2849043142753,114.00049185013849,114.14727783203125,1018327
2019-08-23,114.55094029763542,115.04635606195436,112.49588775634766,112.49588775634766,1109352
2019-08-26,112.11056548950422,113.35827777510407,111.52340759033657,112.69772338867188,620473
2019-08-27,112.78947913949888,113.02800723794375,111.70690538675589,112.44084930419922,797067
2019-08-28,112.11057168546913,112.33076115943182,110.53258911891781,111.56011199951172,645687
2019-08-29,111.37661849904406,115.04635876590235,111.11973780027982,114.93626403808594,973076
2019-08-30,115.21149957950765,115.7803048521755,114.8078259025375,114.9913101196289,899281
2019-09-02,115.43167080810352,115.92708654541408,114.53258143310133,115.59680938720703,489160
2019-09-03,115.15644307707561,115.26653780162506,113.10139054846964,114.33075714111328,619706
2019-09-04,115.22985190171657,115.90875194379991,114.64269397351346,115.78031158447266,638872
2019-09-05,116.51425187320751,118.14728514962482,116.25737117796983,116.80783081054688,811224
2019-09-06,116.51426091143544,117.17481532155794,115.74361876594223,116.14728546142578,840371
2019-09-09,116.09223583395682,116.53260075254059,115.28489548357045,116.36746215820312,752032
2019-09-10,116.05554093029703,116.49591286102657,112.12891979581237,112.20231628417969,1316005
2019-09-11,112.88121099658225,113.50506711942954,112.23900225276867,113.30323028564453,840873
2019-09-12,113.89038795788274,116.12893174744482,113.30323007856711,114.51424407958984,1155604
2019-09-13,114.64269149618733,115.67022134807607,114.0004897134284,115.13810729980469,1176707
2019-09-16,111.00963780575236,111.98211669050008,108.91788707279945,111.22982025146484,1617882
2019-09-17,111.00964402768726,112.11056331742839,110.56927211210633,111.890380859375,982862
2019-09-18,111.83533611271446,112.67937469482422,111.1931273658686,112.67937469482422,983968
2019-09-19,112.38579335187556,113.83534240722656,112.11056003775487,113.83534240722656,857922
2019-09-20,113.28488739915201,113.48671723833569,109.74358741035685,110.18395233154297,3206085
2019-09-23,110.27569799956441,110.89955415760961,107.79862598938533,109.90872955322266,1406075
2019-09-24,109.98211946906697,110.12891244775216,108.07385974248083,108.99129486083984,998744
2019-09-25,108.44082339249718,110.97294616699219,108.1472444475901,110.97294616699219,1277126
2019-09-26,110.49588955200335,111.43167030699387,109.22982459001815,109.67019653320312,1048743
2019-09-27,109.90872503135807,110.09220924698005,108.5692636593159,109.17477416992188,1304700
2019-09-30,109.50506172376582,109.68854595675707,108.55092831336671,109.35826873779297,1268603
2019-10-01,110.09220431275813,110.4224814856543,106.5692571344973,107.10136413574219,1419321
2019-10-02,107.11973059731487,107.48670605900311,104.91788482666016,104.91788482666016,1574583
2019-10-03,107.61514366009268,110.0555174686899,107.61514366009268,109.37661743164062,2224977
2019-10-04,109.9821161354777,110.07386524411224,107.56008805638024,108.05550384521484,1239220
2019-10-07,108.05550181872225,108.05550181872225,106.58760710126421,107.54174041748047,789409
2019-10-08,108.20229853466843,110.29404945436782,107.67018449383981,107.98210906982422,1331108
2019-10-09,107.7986247005326,108.25734225244976,105.76191765010452,107.68852996826172,1063658
2019-10-10,107.37659676605233,108.22063531389585,105.87200387660123,108.1839370727539,947625
2019-10-11,107.83532233440238,109.65183991000934,107.15642232125957,109.06468200683594,1192461
2019-10-14,108.51421726443512,109.0830295187596,107.90871376742105,108.5325698852539,647740
2019-10-15,109.57844543457031,110.80780505105311,109.10137528528296,109.57844543457031,1194631
2019-10-16,109.26651643432645,110.00046729681449,108.5509181931114,109.46835327148438,844506
2019-10-17,109.65184035873533,111.35827020915193,109.19312280753677,109.94541931152344,1169680
2019-10-18,109.90872310257772,110.55092484545882,109.32156522352243,110.45918273925781,1178061
2019-10-21,110.44083091774937,112.09221683921709,109.61514495648959,111.92707824707031,1082580
2019-10-22,111.90873975446722,112.45919943019798,111.48671343694996,111.79864501953125,1191168
2019-10-23,110.73440717805623,110.84450190331292,109.13807215894082,110.23899841308594,1055759
2019-10-24,110.55092361788054,112.45919020335755,110.33074116554826,112.16561126708984,849238
2019-10-25,112.84450821626888,113.54176079599442,112.07386615405153,113.32157135009766,699180
2019-10-28,113.5784628920534,114.88121899352869,113.06469450032975,114.38580322265625,914618
2019-10-29,114.84451868689393,117.59681680980977,114.25736082074204,115.37663269042969,1827547
2019-10-30,111.92707911573213,119.24820709228516,111.59680192887531,119.24820709228516,2393868
2019-10-31,119.24820542893482,119.59683523212863,117.56012827474562,117.81700897216797,1987720
2019-11-01,118.53260885392011,119.59683690034187,117.56012991454956,119.24820709228516,1372617
2019-11-04,119.61519623847127,121.28492088876948,119.30325765634933,120.0372085571289,1231104
2019-11-05,120.07392291620334,120.07392291620334,117.98217178951704,119.37666320800781,1098427
2019-11-06,119.2481937766415,120.58765499570003,118.6426973341393,120.22067260742188,1034298
2019-11-07,120.42252678778111,121.61519522352715,120.34913029954072,121.35831451416016,1033920
2019-11-08,120.71612035987401,121.98218536376953,120.09225716992925,121.98218536376953,1001098
2019-11-11,121.59683307638429,122.84454528083332,121.5601418346127,121.89041900634766,717859
2019-11-12,122.20234259903049,124.07391789049511,121.68858122457277,123.56014251708984,1117643
2019-11-13,123.67025246285762,124.36749808899233,123.08309456744193,124.31245422363281,1005889
2019-11-14,124.64271545410158,125.48675394574727,123.85372082076697,124.64271545410156,685658
2019-11-15,125.39501087174199,125.98218271911884,124.4225319976819,125.13813018798828,1126477
2019-11-18,125.00969823141355,125.28493155359651,122.69777192255263,123.30326843261719,1076652
2019-11-19,123.57850064573057,125.37667953543271,123.57850064573057,124.12896728515625,820254
2019-11-20,123.68859965364815,124.58768207925851,123.54180668650218,123.94548034667969,756966
2019-11-21,123.68860418467372,124.18401296825463,122.66106737595848,122.97299194335938,1012179
2019-11-22,122.89959093329597,123.92711358820029,122.5142559387606,122.66104888916016,710551
2019-11-25,122.93630028226153,123.67025114343782,122.5876704734394,123.46841430664062,766245
2019-11-26,123.11978484122031,124.51429008144996,123.02804973266011,124.47758483886719,1458490
2019-11-27,124.89961822209129,124.95466209014046,122.64272163943158,122.88126373291016,869935
2019-11-28,122.14730445938677,122.99134304252784,121.56014657550828,122.5876693725586,555840
2019-11-29,121.74363957512755,122.47759048267876,120.80785181802602,122.3858413696289,1529398
2019-12-02,122.80785685292102,123.3032656224008,119.0647201538086,119.0647201538086,1991605
2019-12-03,119.26656032498293,119.5417936485995,113.8169937133789,113.8169937133789,2874629
2019-12-04,114.36745370117146,117.78031311781514,114.22066073726371,117.41333770751953,2347993
2019-12-05,117.0647190062244,117.32159971792066,116.38581898253078,116.5142593383789,1298325
2019-12-06,116.7711468355066,117.68858200171827,115.78031517612402,116.55096435546875,1126397
2019-12-09,116.42250808278993,116.56929404959828,114.33075730958518,114.62433624267578,1309613
2019-12-10,114.1839657167581,114.31240606406304,112.40413947628373,113.96378326416016,1488075
2019-12-11,113.24819383214063,114.11057808818794,112.88121838301595,113.76195526123047,1122774
2019-12-12,114.12891963092729,114.88121607883777,112.84450918341639,113.90873718261719,1330270
2019-12-13,116.36746541624352,116.8445355907861,114.53259520533227,115.50508117675781,1716714
2019-12-16,116.51425732019202,118.64271346474914,116.11058363767611,118.55096435546875,1551759
2019-12-17,120.36748212475875,121.1014330033567,118.47756806165935,120.64271545410156,2058897
2019-12-18,120.6243620246199,121.32162165414539,119.59683920083314,119.92711639404297,1724054
2019-12-19,120.03719848502391,120.073903726405,118.82619149945772,120.01885986328125,1293684
2019-12-20,119.94545766147611,121.5601382315726,119.41334367840008,120.9913330078125,2250131
2019-12-23,121.28492541678882,122.27575706999035,120.36749025630033,121.8170394897461,779143
2019-12-24,122.14730834960938,122.51427678911529,121.39501884893764,122.14730834960938,214381
2019-12-25,122.14730834960938,122.14730834960938,122.14730834960938,122.14730834960938,0
2019-12-27,122.45922578620801,123.74364324752065,121.79867143443529,122.27574157714844,693498
2019-12-30,122.12896427033613,122.40419761869126,119.22987979798434,119.26657104492188,847345
2019-12-31,119.15647179389312,120.14730335288124,118.56931390696849,119.70692443847656,272778
2020-01-02,121.63354233365435,124.5142878715458,121.1197809382008,122.49593353271484,1254852
2020-01-03,121.26656213488317,122.97299194335938,120.93629894512813,122.97299194335938,830258
2020-01-06,121.7252828207573,122.77117227780572,120.88124420535655,122.4408950805664,719626
2020-01-07,122.93629524924539,123.28492504379459,120.93629358334213,121.10142517089844,976037
2020-01-08,120.64270992586576,123.78033613912099,119.7252748693953,123.28492736816406,1281161
2020-01-09,124.42254387272759,124.66108595822804,122.77117189068683,123.78034210205078,815627
2020-01-10,123.78034230695197,123.87209141674997,123.0097001808641,123.32162475585938,649571
2020-01-13,123.30326704490722,125.02804944549051,123.30326704490722,123.96382141113281,1024311
2020-01-14,123.96381896836205,124.77116628871705,122.14730149651112,123.94548034667969,1236698
2020-01-15,124.00053521937556,124.77117736689388,122.18400358729066,123.17483520507812,881425
2020-01-16,123.11979227718012,124.42254848858265,122.29410625552826,122.3858413696289,912337
2020-01-17,123.37667462184932,125.87209934105907,123.37667462184932,125.48677825927734,1061143
2020-01-20,125.5051423895002,126.84458998722947,124.936323027044,126.51431274414062,706794
2020-01-21,125.68859679543041,125.68859679543041,124.69776530140298,125.13813018798828,817707
2020-01-22,126.05557821831826,127.81706594445552,125.81705012990014,126.58769226074219,1191568
2020-01-23,126.60604672762467,126.73448708463677,124.42254665947007,124.58769226074219,985427
2020-01-24,125.85375214706798,127.89045938073068,125.78036965123417,127.52349090576172,1462261
2020-01-27,123.87208828072048,125.94548651954592,121.87207252913718,121.92711639404297,1804728
2020-01-28,124.77116716432398,125.59685311215577,122.67941636413204,123.15648651123047,1433803
2020-01-29,123.56015253015123,125.67025605962752,122.78951040601338,125.2849349975586,1045204
2020-01-30,123.59684872897135,124.29409431422313,122.51426811090006,123.39501190185547,1090153
2020-01-31,123.92712896100478,124.93629912255726,122.18399395640836,122.23905181884766,1207948
2020-02-03,122.60602421023565,123.00969788750294,121.98217507187597,122.64271545410156,753424
2020-02-04,123.468429543617,126.60605621337892,122.93631545357083,126.6060562133789,1125014
2020-02-05,125.9822107226318,127.02808631009277,124.91798251112404,125.57853698730469,1471991
2020-02-06,126.29411677621054,126.45924837151237,125.1014483695532,125.68860626220703,840490
2020-02-07,125.70696773413093,126.53265376667044,125.11980980013742,125.48677825927734,905844
2020-02-10,124.86291729762718,126.27576113085267,124.84456467671701,125.33997344970703,668866
2020-02-11,126.60605621337892,127.32165454162549,125.59687190485167,126.6060562133789,976754
2020-02-12,127.04640074559656,127.50511826677399,124.95464996894329,125.3216323852539,1323454
2020-02-13,122.93630754088649,126.88128140355552,119.96381267714187,121.83538818359375,2023142
2020-02-14,122.3858288133024,122.77116384941849,119.04636582556249,119.13811492919922,1759988
2020-02-17,118.34913177627199,120.1656494140625,116.5693053841458,120.1656494140625,1239666
2020-02-18,119.72527826557253,121.15647475443268,119.32160458944307,119.50508880615234,1225040
2020-02-19,119.96379797381603,121.02802595497353,119.43168398323728,120.91793823242188,1221803
2020-02-20,120.45923223672445,122.64271827006614,120.42252699306731,120.89959716796875,1095571
2020-02-21,120.40419100699324,121.28492088876948,118.89959795992218,120.0372085571289,1237311
2020-02-24,116.29408056200155,116.84454024731718,113.79865585579779,114.11058044433594,2631098
2020-02-25,115.1931511610816,115.89040381052266,113.32158268067109,113.33993530273438,2168881
2020-02-26,112.29404875074313,112.40413647436506,107.98209992239066,110.60596466064453,2641213
2020-02-27,107.85365919284926,108.11053987968025,103.72520158441898,105.5050277709961,3604297
2020-02-28,99.13803015128906,102.86282124729962,96.9178389902734,99.17472839355469,5697178
2020-03-02,100.91785257716077,102.67932614227024,94.82608458155188,98.73435974121094,4352851
2020-03-03,100.53254500434781,105.00962599816562,99.67015372705464,102.86283111572266,4116304
2020-03-04,102.86282733341284,103.21145015635238,100.86281850818187,101.79859924316406,2046426
2020-03-05,101.72519428485283,102.29400652705601,97.06462962097812,98.82610321044922,2689493
2020-03-06,95.321505772343,96.31233733404784,91.2847900390625,91.2847900390625,4273436
2020-03-09,81.92694927253606,87.57834529991077,79.82602225765422,82.55997467041016,6098900
2020-03-10,83.87191424048933,88.44992037880488,81.59667913719666,82.22053527832031,4342684
2020-03-11,83.92696430339181,85.26641868193425,78.57831610041217,78.62418365478516,4037128
2020-03-12,70.64250363882344,74.08288530954536,64.99109998796983,65.46817016601562,6948250
2020-03-13,68.8076271772719,73.89021807803657,63.45897927815158,68.19294738769531,5478797
2020-03-16,61.07366031512704,64.69752651564752,51.743346113189,63.30302810668945,5587845
2020-03-17,65.45899317384358,66.35808265420464,55.064455280736254,57.83510971069336,4556332
2020-03-18,52.064444517009086,53.192889326219834,44.14697822991455,45.013954162597656,7222873
2020-03-19,47.10111587327646,50.2662675136181,45.49560452669968,49.293785095214844,5948316
2020-03-20,58.39473972230352,62.458977092121756,54.642430395532394,58.51400375366211,6513253
2020-03-23,55.45895301068297,59.57823818787425,50.05526078138977,50.45893096923828,5709289
2020-03-24,55.04610652491093,55.38555653522147,49.926816938220355,51.35801696777344,5917619
2020-03-25,55.38555597383591,56.3305165060901,48.48644360600771,55.05527877807617,6861866
2020-03-26,55.04610300896182,68.98194366056232,54.12866795881246,66.32138061523438,6003754
2020-03-27,66.31220853947757,68.56909806702969,59.669980312086224,62.54154968261719,4577544
2020-03-30,61.75255609410774,61.83512889517834,55.38555757927625,55.899322509765625,3942743
2020-03-31,57.79840977138495,59.3030027356345,54.44059753417969,54.44059753417969,4388129
2020-04-01,53.2112410503513,53.94518850282243,47.79837202636883,47.89011764526367,5473512
2020-04-02,50.192871481380365,50.43140655772995,45.871753172470534,46.11946105957031,4727133
2020-04-03,46.38551973392787,47.614882903094376,45.417625427246094,45.417625427246094,3611057
2020-04-06,49.12864727809909,50.35801041137675,46.70661925426537,49.11029815673828,4536814
2020-04-07,52.60573140018916,54.80757715000525,51.688296254388675,52.330501556396484,4725986
2020-04-08,52.20206323064477,54.87179946899414,50.119484948535636,54.87179946899414,3689182
2020-04-09,57.339691724933566,57.981896972200225,52.431415513174066,55.963539123535156,5865210
2020-04-14,56.569046513758074,56.90849651115714,54.32132988287194,55.046104431152344,3251938
2020-04-15,55.96354673849992,56.14703447693431,50.02773992353318,50.275447845458984,3149765
2020-04-16,51.8259068223866,52.293797151754895,48.27543070648318,48.80754470825195,3224520
2020-04-17,53.669949869638764,53.85343757768748,50.55984564227914,52.11030960083008,4630925
2020-04-20,52.798394490077165,53.192891901797445,50.28462402906714,51.02774429321289,2355583
2020-04-21,50.82590458968953,50.82590458968953,47.587356392901256,47.669925689697266,3277862
2020-04-22,48.16534115494755,49.348833234691725,47.43139379920052,49.11029815673828,2009235
2020-04-23,49.413055815338055,50.38553479664813,48.21121455571954,49.77085494995117,1805786
2020-04-24,49.11947753985503,49.23874158655502,47.72497572683696,48.0185546875,2081357
2020-04-27,48.61488597031721,48.83506842758663,46.00937022771536,46.85340881347656,3880637
2020-04-28,46.85340693425691,49.633233969013794,46.85340693425691,48.51396560668945,3707630
2020-04-29,48.80754422303691,53.63325093374387,47.33964607738757,53.56903076171875,4838851
2020-04-30,55.04610425367078,59.871814686428664,52.33967009458455,53.10114288330078,5434805
2020-05-04,50.45893096923828,51.0919599342197,48.35800373076398,50.45893096923828,3824066
2020-05-05,51.624074635703124,53.11949486161582,51.08278777477382,51.78003692626953,2531046
2020-05-06,51.28462380134551,51.743341354131296,48.954337793256805,49.266265869140625,2373641
2020-05-07,49.35800415658989,51.50480227732839,48.52313841517697,51.147003173828125,1949715
2020-05-08,52.09196417511525,52.97270453627568,50.83507906039227,51.44058609008789,1293610
2020-05-11,51.86260182441451,52.00021848066255,49.00020547219314,50.00020980834961,2054691
2020-05-12,49.816726173692985,49.88094635193048,46.99102783203125,46.99102783203125,3642869
2020-05-13,46.789190362782335,47.26625703743015,45.064411385169045,45.50477981567383,3583071
2020-05-14,45.00018875391385,46.08276239893982,44.22954316761971,45.761661529541016,3419641
2020-05-15,45.98184778585928,46.69744956786165,44.59193412235026,45.23872756958008,2592698
2020-05-18,45.890104294298794,50.77085876464844,45.69744376251222,50.77085876464844,3792875
2020-05-19,51.68829492387103,52.46811337783305,48.60571235337274,49.752506256103516,4179278
2020-05-20,49.394703316693395,50.5323243205285,47.257077966653966,50.504798889160156,2979573
2020-05-21,49.816724447108626,51.28462268388073,48.890116550556,50.1378288269043,2440212
2020-05-22,49.5414954205986,50.715811229170974,48.550663832312786,49.57819366455078,3006906
2020-05-25,50.431408140832445,54.01857921153577,50.009385338597774,53.79839324951172,3477619
2020-05-26,54.37637504679648,58.055288004188775,54.220409270689636,57.62409591674805,5591691
2020-05-27,58.24795291332191,58.963547633270316,55.70665740271838,56.08280563354492,4407751
2020-05-28,56.94519178006992,57.56904787768755,54.871790161331454,55.156192779541016,4058210
2020-05-29,54.47729625061011,54.47729625061011,52.01856994628906,52.01856994628906,3864580
2020-06-01,54.29380941765521,54.76169977807865,52.89930764774982,54.53234100341797,2304131
2020-06-02,55.06445515750801,58.60575520575157,54.669957784274416,58.440616607666016,3938126
2020-06-03,60.00943255537909,62.8718255545471,59.26630537334765,62.76173782348633,5333349
2020-06-04,62.761729491630575,67.62413062010009,60.44978945363365,66.03697204589844,6944413
2020-06-05,69.08286774377859,74.29389953613281,68.67919404876274,74.29389953613281,9357529
2020-06-08,73.85352317618266,77.93610644016957,72.11039514231582,75.14710998535156,6926062
2020-06-09,75.68839306617379,78.055377220117,68.48652918643873,69.42230987548828,7255504
2020-06-10,70.96360441322342,73.39480885648952,67.58744292584593,68.77093505859375,4459277
2020-06-11,65.45899063713767,67.65165988753024,61.523193359375,61.523193359375,6610324
2020-06-12,60.541538710120925,65.90853250524573,59.81676416008735,61.42227554321289,5584757
2020-06-15,59.403918126050165,62.78007931265251,58.211253288331676,62.385581970214844,3675595
2020-06-16,65.26632894859021,66.16541837806886,62.734206248737614,64.06449127197266,5092018
2020-06-17,64.22045526538699,64.97275174708827,62.66081843730296,63.99109649658203,3408687
2020-06-18,62.71586332895119,63.43146157942464,60.5507159560204,62.2204475402832,3997334
2020-06-19,63.11952813312383,64.07365433327729,61.4222678552506,63.1745719909668,5582655
2020-06-22,62.27549322010375,63.02778973604006,60.33053525179129,61.706687927246094,2118878
2020-06-23,62.47732639104241,63.569076355855245,60.55071415861757,61.24796676635742,3046980
2020-06-24,61.19292232116331,61.84430744375774,57.77089309692383,57.77089309692383,3412357
2020-06-25,57.3580414177004,59.28465717869487,56.21124757177646,58.64244842529297,3561513
2020-06-26,59.05530042651727,60.082823267896245,56.75253634539936,56.7708854675293,3309535
2020-06-29,55.862624870723465,59.10116978086674,55.2112467641046,58.11951446533203,3287317
2020-06-30,59.32136120699512,60.47732447679995,57.596578614853264,58.275482177734375,2988582
2020-07-01,58.34886927384998,60.22043766369944,55.82592282176196,58.890159606933594,2876580
2020-07-02,59.76171445684035,62.19291857080497,58.936021569148316,60.92686080932617,2989535
2020-07-03,61.449804706202634,62.07366084025708,59.266304737275014,60.21126174926758,1574888
2020-07-06,61.85347075020775,62.80760406310941,61.4131058362372,62.12870407104492,2437574
2020-07-07,61.972747919868425,62.47733305868899,61.11953294023476,61.74338912963867,1608022
2020-07-08,60.83511741753511,61.376407750035696,59.449795497683944,60.394752502441406,1977311
2020-07-09,61.00942994111295,61.211266769104625,58.000244140625,58.000244140625,2470846
2020-07-10,57.08280847378987,60.37639685946849,56.89932076852628,60.046119689941406,2412795
2020-07-13,61.036960260841425,62.3672454465792,60.917696209488994,62.24797439575195,2148001
2020-07-14,61.0094343408531,61.330535226962716,59.36722466677893,60.697509765625,2402161
2020-07-15,61.74338247050663,64.89935432404803,61.36723073535056,63.50485610961914,5094971
2020-07-16,62.87182175993239,63.63329451802402,61.24796482952531,61.46814727783203,2035858
2020-07-17,61.376404134667936,61.54154271796914,59.807591093043314,60.45896911621094,2228828
2020-07-20,60.55070969857331,61.55071048384791,59.486481744123815,60.28465270996094,1512486
2020-07-21,61.4589678583537,63.7617316370404,61.33970382977832,62.431453704833984,2197989
2020-07-22,62.11035609552022,62.42228768243174,59.90851736203132,61.56907272338867,1890217
2020-07-23,61.85347007570511,61.88099200759388,59.65162453144084,59.890159606933594,1945594
2020-07-24,59.303004672018965,59.43144502685799,57.780062536558546,58.65162658691406,2093318
2020-07-27,58.33052073130534,58.358042662215944,56.651612951020816,56.80757522583008,2302830
2020-07-28,56.770883283279474,58.77088852217215,56.66078855473572,58.57822799682617,1918092
2020-07-29,58.22042781227991,59.61493301706838,57.046112060546875,57.046112060546875,1945867
2020-07-30,58.25712959629916,60.65163579793177,57.02776640656099,58.1103401184082,3218359
2020-07-31,57.87180692496274,58.6974964028088,56.70666394536742,56.8901481628418,2660929
2020-08-03,57.18372885222057,58.60575249235238,55.761701712351744,58.468135833740234,2563330
2020-08-04,59.14704167395768,60.87181713214598,58.9268592110872,60.257137298583984,2316976
2020-08-05,60.48649806412089,62.79843149908041,60.46815244139184,62.35806655883789,1931247
2020-08-06,62.45897666801031,63.85347479244239,62.01860478691546,62.68833541870117,2431328
2020-08-07,62.61493753915156,63.669989168643674,61.697502556892935,63.5782470703125,1518079
2020-08-10,63.9268813207106,66.1103744506836,63.624126042337224,66.1103744506836,2375364
2020-08-11,66.97276151932913,69.89020538330078,66.97276151932913,69.89020538330078,3123354
2020-08-12,69.51404840886985,69.679186992504,68.05533008632959,68.7342300415039,1907292
2020-08-13,67.33972793659309,68.61496197998687,66.23880177718107,67.24798583984375,1755844
2020-08-14,66.76174586712955,66.76174586712955,64.9177064463514,66.15624237060547,1475525
2020-08-17,66.05532635097093,66.55074213854013,64.73421758411976,65.54156494140625,1244566
2020-08-18,64.94523076979785,65.6149544648514,63.47733602775488,63.514034271240234,1746225
2020-08-19,63.431460352346065,64.53237963955041,62.90852264100288,64.44981384277344,1257818
2020-08-20,63.303018282090164,63.862654221063664,62.468149029057145,63.458980560302734,1494100
2020-08-21,64.2204538230577,64.75256783460821,61.44062672748975,63.37641525268555,1911917
2020-08-24,63.780080153647305,66.14706420898438,63.688338050617126,66.14706420898438,1837871
2020-08-25,66.71587748533867,67.96358970449592,65.65164947509766,65.65164947509766,1890052
2020-08-26,65.3122109072545,65.86267060021605,64.26633539078514,64.44064331054688,1454869
2020-08-27,64.57825295621849,66.48651955033641,63.312195100232515,66.15624237060547,2056024
2020-08-28,66.51404389507489,66.73422635639201,65.06449477583256,65.54156494140625,1768097
2020-08-31,66.05532131456116,66.43147303179423,63.03695926455616,63.15622329711914,2212248
2020-09-01,63.62411761175156,63.82595443725586,61.275486186553394,63.82595443725586,2386066
2020-09-02,64.22045647233656,66.49569858141089,63.71586437169279,66.12872314453125,2273300
2020-09-03,66.51403840605195,69.06450662087857,65.18376043772038,65.59660339355469,2596847
2020-09-04,65.13789534980852,66.6608410515378,63.468163664482546,64.01862335205078,2020741
2020-09-07,64.67917427546345,67.67918395996094,64.4681611235904,67.67918395996094,1687917
2020-09-08,67.89019233662984,67.91771426766131,64.20210658946249,64.93605041503906,1965586
2020-09-09,64.20210650023091,64.51403105078582,62.385582060466504,63.66081619262695,2973903
2020-09-10,63.48650609311308,64.77091663245974,63.04614116500667,63.706695556640625,1540101
2020-09-11,63.25715009573832,63.58742730605728,62.15623072765821,63.13788604736328,1609414
2020-09-14,64.25715693925386,65.6057876917511,63.80761568824628,65.43147277832031,1691025
2020-09-15,65.33055172563354,65.73422540387074,63.51403417251466,63.74339294433594,1716297
2020-09-16,63.77092031412392,64.94523620605469,63.01862375838859,64.94523620605469,1642471
2020-09-17,63.77090733465996,65.55072643384592,63.13787495947216,65.24797821044922,1531358
2020-09-18,65.17458653878109,65.17458653878109,62.93604278564453,62.93604278564453,3993509
2020-09-21,62.68834219480622,62.76173868283453,58.669975468422855,58.79841232299805,3175014
2020-09-22,59.17456628689521,59.35805051435155,56.42226087820241,57.220428466796875,3342559
2020-09-23,58.12868918941918,59.80759712232198,56.688316345214844,56.688316345214844,2237429
2020-09-24,55.50482455270837,56.000240355595096,53.302978873036615,54.725006103515625,3239813
2020-09-25,55.036931192914004,55.202066285167014,53.09196633163937,55.064453125,2495747
2020-09-28,56.4681259806912,57.46813031372529,55.97271021942948,57.16537857055664,2246798
2020-09-29,57.16537958870712,57.92684886518324,56.26629365396161,57.42226028442383,1820433
2020-09-30,56.65161530335847,57.9727205379768,55.91766795079273,56.945194244384766,2016150
2020-10-01,58.17455842607467,59.72502245518758,57.293821587042615,59.54153823852539,2489597
2020-10-02,58.53235655027346,59.47731704871107,56.908496062391364,59.2846565246582,2299021
2020-10-05,60.40392833839055,61.20209945749344,59.449801919464534,60.36723709106445,1605420
2020-10-06,60.55071870205947,63.0644890034739,60.376403787176216,62.17457580566406,2265095
2020-10-07,61.84430578999032,62.367243536791314,60.66081362628815,61.19292068481445,1914374
2020-10-08,61.80760631925394,62.56907214635868,61.0277808706388,61.39475631713867,1669083
2020-10-09,61.39475199281493,62.22962124978519,60.936034466868364,61.26631164550781,2064860
2020-10-12,61.541549981087805,62.00026754445404,60.34888151654578,60.541542053222656,1691699
2020-10-13,59.174568285656605,59.303008649109344,58.110343631671505,58.422271728515625,2160265
2020-10-14,58.30299987394506,58.422267416807834,56.48647879688273,57.018592834472656,2589403
2020-10-15,56.10115843416814,56.77088564518937,54.926839112337525,56.688316345214844,2544700
2020-10-16,57.14703324008244,59.33052625907962,56.46812972594688,59.02777099609375,2602485
2020-10-19,59.046122415270624,61.22044607860357,58.807587334187566,60.2938346862793,1199317
2020-10-20,60.073658129484244,62.37641537108996,59.55072036153505,61.41311264038086,2501202
2020-10-21,61.85347172657595,61.87182434797432,58.715845416979896,58.77088928222656,2110298
2020-10-22,58.39474493917647,59.3121800301314,57.3947405500461,59.12868881225586,1983309
2020-10-23,59.86263670500317,63.02778481145515,59.83511477356038,62.41310501098633,3398269
2020-10-26,61.11034998797346,63.93605165641182,60.266311411522736,60.4130973815918,3086066
2020-10-27,60.36723693446402,60.39475886962464,57.86263584272456,58.715850830078125,2483118
2020-10-28,56.89015011980534,57.55070452459429,55.128676373351134,56.66996765136719,3855312
2020-10-29,56.88097400200076,58.58740378201871,54.385549506513264,56.42225646972656,3558316
2020-10-30,55.50482087774849,58.18372956089995,55.50482087774849,57.42226028442383,2533525
2020-11-02,57.77089401907078,58.697502004804,56.58740180483,57.880985260009766,1840502
2020-11-03,58.71583981125881,61.22960974332573,58.62409771144843,60.80759048461914,2549566
2020-11-04,59.78007169055219,63.52320140455666,58.89932787604925,62.91769790649414,2874383
2020-11-05,63.073659920863726,64.76173705936188,62.66081694662584,64.56907653808594,2203607
2020-11-06,63.78007946592074,65.13788637433734,63.12870144211421,64.22045135498047,2672747
2020-11-09,65.87184011241904,82.96365276160958,65.8259655596262,76.14710998535156,10568937
2020-11-10,75.6150030017212,81.5875077579486,75.0461976912541,80.66089630126953,7232758
2020-11-11,80.7342915151311,82.14714245658286,78.74345896105234,79.81685638427734,3265918
2020-11-12,78.31225997343687,79.33978979576747,76.44986785753548,77.62418365478516,2822386
2020-11-13,77.06454632030618,80.09208486839357,76.37647001387487,78.49574279785156,2420350
2020-11-16,80.18382315011178,83.85356327597984,80.09208104685983,82.56915283203125,3884774
2020-11-17,82.69760032437097,82.75264419118504,80.41318885841973,82.65172576904297,2891922
2020-11-18,82.83520983109354,83.02787034776476,80.4865783903696,82.56915283203125,2642183
2020-11-19,81.19301018340097,82.49576640703472,80.75263823484079,81.95448303222656,2360085
2020-11-20,82.16548791864506,82.56916161526264,81.0645685635647,81.32144927978516,2253690
2020-11-23,82.11043582514517,83.46824275989931,82.0095174111005,82.69759368896484,1928740
2020-11-24,84.26641256925724,87.06459242518105,84.1287959043066,85.78018188476562,3279891
2020-11-25,86.57834591477273,86.74348449941516,83.2205303602011,83.94530487060547,2783332
2020-11-26,84.4957700210739,84.89026738803459,81.78016300643895,82.38567352294922,1877723
2020-11-27,81.6700634214251,83.67924838016948,81.65171780056424,82.56915283203125,2070142
2020-11-30,82.55997806527482,82.8902552427352,80.48657989501953,80.48657989501953,3524562
2020-12-01,80.74346541219475,82.31227859911279,80.59667243589922,82.0186996459961,2001688
2020-12-02,82.53246194149203,84.1930172565111,82.29392685221309,83.7801742553711,1943603
2020-12-03,83.81687074139298,87.3306488310183,83.81687074139298,87.15633392333984,2495805
2020-12-04,87.22973185504156,89.02790382898061,87.0645932554209,88.29395294189453,2485380
2020-12-07,87.72515079137757,87.95450957686064,85.90862613058277,87.3489990234375,1631950
2020-12-08,86.9820122238827,87.93614548700553,86.33981050806625,86.90862274169922,1346764
2020-12-09,87.78935869112524,88.53247881230891,85.77099746152311,85.86273956298828,1365525
2020-12-10,86.02788507177853,86.67927014341566,85.11044998431402,85.98201751708984,1687673
2020-12-11,85.79852964676604,86.0187191159682,83.8627479762207,84.5783462524414,1774037
2020-12-14,85.44073000315736,86.43156161028136,84.12879750468977,84.44990539550781,1698577
2020-12-15,83.94531385100379,84.71595599546195,82.43154449641865,83.8260498046875,2055691
2020-12-16,83.39485018337605,84.88109053351718,82.37649668447791,83.22053527832031,1735232
2020-12-17,83.79851483080449,84.12879201161417,82.22970172169558,82.91777801513672,1487973
2020-12-18,82.22053038133072,83.3948461065694,81.59667427736345,81.65171813964844,3297694
2020-12-21,77.98198549568716,79.78015749776841,75.91775646786014,79.39483642578125,3398767
2020-12-22,80.1563148476421,80.73429649592694,78.44988483902019,80.67925262451172,1691985
2020-12-23,80.73428846662856,84.48659465038669,80.38566564987886,84.358154296875,1561928
2020-12-24,84.80770267286871,85.37650795379021,83.97283337419782,84.44072723388672,352865
2020-12-28,85.3214618476787,85.55082061608644,84.19301362734402,84.38568115234375,935395
2020-12-29,85.2939390458108,85.72513464593715,84.38568029202864,85.38568115234375,967733
2020-12-30,85.24806489694022,85.30311576070021,83.5416351093362,83.71595001220703,1001345
2020-12-31,82.89026257308048,83.77099945770419,82.36732482910156,82.36732482910156,470045
2021-01-04,85.17466951839546,86.76183528751338,81.92695549279027,82.4682388305664,1854889
2021-01-05,81.23886947673837,83.06456310906121,81.07373090198982,82.4131851196289,1567333
2021-01-06,83.36732930835255,83.47741703970063,81.63337754487763,82.7251205444336,1498665
2021-01-07,83.41319669553,83.48659318259732,81.97282388433669,82.22053527832031,1320055
2021-01-08,83.14713575606643,83.21135592935143,81.58749897658875,82.66089630126953,1856095
2021-01-11,83.14714328949475,84.20219508860296,81.70677041576513,82.36732482910156,2214256
2021-01-12,82.46824289490603,83.02787888157961,81.66090250404514,82.53246307373047,1572946
2021-01-13,82.53245818128484,83.02787395976618,80.84438100969572,81.75263977050781,1751184
2021-01-14,82.01870312812257,85.55082702636719,81.74346978562053,85.55082702636719,2536958
2021-01-15,84.86274818613315,85.2664218767963,83.4865955128445,84.90862274169922,2298870
2021-01-18,83.66090393066406,84.22970917847435,82.82603468059246,83.66090393066406,1199645
2021-01-19,84.40402731740971,84.6792606410605,83.51411417034289,83.76182556152344,1302168
2021-01-20,84.04623099689,85.76183717260149,83.36733097526341,84.78018188476562,1384857
2021-01-21,85.33981113218123,85.7343085107534,81.68842330211739,81.98200225830078,1786910
2021-01-22,81.65172033696105,82.23887821538128,80.70676334511207,81.49575805664062,1500933
2021-01-25,81.55998686745852,81.67925091807261,77.55079271105308,77.86272430419922,3028873
2021-01-26,77.61500679707503,79.97281468572741,76.79849013132016,78.24803924560547,2013721
2021-01-27,77.9819867247089,78.33978586854667,76.43151910176223,77.39482879638672,2738586
2021-01-28,76.38564664905508,79.57831680475698,75.68839402905586,78.11959838867188,3080959
2021-01-29,75.87188696095696,78.44070827743488,75.08289214230196,76.33060455322266,3536944
2021-02-01,77.18380461412774,77.40399405541456,75.60582228174722,76.2480239868164,1738516
2021-02-02,78.53244468795398,81.48658688734271,78.11042537368051,81.27557373046875,3010345
2021-02-03,82.44071097630317,83.47741002304583,81.31226282851667,82.39483642578125,1742351
2021-02-04,82.71595352300122,85.43156062986142,82.22970703134723,85.4132080078125,1992215
2021-02-05,85.4774207207216,86.76183117246603,84.32145761367808,85.70677947998047,2275049
2021-02-08,86.2572462029487,86.9728514703026,84.87192422260749,86.11963653564453,1368441
2021-02-09,86.2113729142418,87.05541148179574,84.3214589478767,84.83522033691406,1325928
2021-02-10,85.32146668095635,85.90862460138347,83.65173503234027,84.11962890625,1157173
2021-02-11,84.26641237824616,84.77100448209661,83.32145534692106,83.68843078613281,1142713
2021-02-12,83.12879259867928,84.59668731689453,82.14713734967214,84.59668731689453,1389406
2021-02-15,85.20220567022069,86.48660929224712,84.67926790997427,85.93614959716797,1195215
2021-02-16,85.85357545733655,86.7159596627595,85.68843686489826,86.05541229248047,1136036
2021-02-17,86.0554060319714,86.85357000446182,85.7067762513677,86.14714813232422,1441968
2021-02-18,83.48659039277968,84.45906931576499,82.18383428850238,83.75264739990234,2466402
2021-02-19,83.5875049514116,84.93613554619775,82.39483662962795,84.19300842285156,2259103
2021-02-22,83.1471370904595,87.8902816772461,82.75263973409947,87.8902816772461,2318571
2021-02-23,87.7067984379409,93.009572454664,87.45909402862802,90.78020477294922,4339464
2021-02-24,90.87195214126434,94.25728300070334,90.05543543808336,94.23893737792969,2957767
2021-02-25,95.26645884768065,95.39490620311624,90.69763590112099,90.76185607910156,2564953
2021-02-26,88.75266911724171,90.03707964994547,87.27559805455354,87.99120330810547,2253924
2021-03-01,89.67928535276742,92.91783029213812,89.54166868123141,92.36737060546875,2102766
2021-03-02,91.90865545328212,91.90865545328212,90.2847982849302,90.9178237915039,1532642
2021-03-03,91.33066506025186,92.33066593821297,90.67011068239995,92.16552734375,1522786
2021-03-04,91.34901470436441,92.89948229845496,90.74351116432146,92.01874542236328,2008727
2021-03-05,90.82606795134522,91.02790477781957,87.36734096872408,87.5416488647461,2464071
2021-03-08,88.87193354832083,92.36735875990477,88.32146693277086,92.22056579589844,2654406
2021-03-09,92.22057612869332,92.71599193851259,90.94534185876905,91.98204803466797,1739101
2021-03-10,91.62424956005813,92.66094874401696,90.49580126291167,90.81690216064453,1691917
2021-03-11,91.3857072987384,91.74350641379426,89.46826437496358,90.9453353881836,1743287
2021-03-12,90.82606475830077,91.89029271521605,89.72514556101989,91.74349975585938,1932352
2021-03-15,92.20221725463867,92.95451367265777,91.42239890660858,91.74349975585938,1437703
2021-03-16,92.03709428343645,94.58756288926106,91.42241441070384,93.37654876708984,1957658
2021-03-17,93.30314382690001,94.12883678986287,92.6242438348968,92.66094207763672,1423575
2021-03-18,93.43158554884823,93.96369957718026,92.3123206264772,92.752685546875,1347315
2021-03-19,91.79855574654718,91.81690836862873,89.30313110351562,89.30313110351562,3764747
2021-03-22,89.31230061566598,89.91781110772234,88.32146908292313,89.055419921875,1103498
2021-03-23,88.16551573979928,89.0187307017753,87.3489990234375,87.3489990234375,1482214
2021-03-24,86.69761864634494,88.78019328432435,85.44990632597397,88.04624938964844,1803009
2021-03-25,87.18385344021108,88.62422621778656,86.41321134241359,88.52330780029297,1733605
2021-03-26,89.54166241264825,90.54167028962557,88.70680012953247,89.61505889892578,1937074
2021-03-29,90.50496329482948,90.64257994342402,88.44991087409764,89.35816955566406,1014054
2021-03-30,89.34900494804339,90.17469794827917,88.84441283693417,89.63340759277344,1639176
2021-03-31,89.05542282147024,89.91781403539657,88.37652282299322,88.56918334960938,1827776
2021-04-01,88.71597030511258,93.06461766652554,88.57836064134415,92.12882995605469,1883358
2021-04-06,93.13800817112626,93.67012220842247,91.22057217395539,92.38571166992188,1516580
2021-04-07,92.34901684656522,93.24809928904017,91.96368880031619,92.23892211914062,1071145
2021-04-08,92.38571365710133,93.06462068458889,91.48663116044405,92.47746276855469,1227715
2021-04-09,93.02791887172928,95.50499079752099,92.62424519513613,92.752685546875,1976032
2021-04-12,92.93616666390734,93.13799648079689,91.00954759824124,91.6517562866211,1461248
2021-04-13,91.50497923919482,92.33067226811666,89.66093964065651,90.27561950683594,1667017
2021-04-14,90.48661762952511,92.3306640636774,89.83523957555519,91.94534301757812,1184415
2021-04-15,91.85359690248686,95.50498436954797,91.28478466915995,94.34901428222656,1929003
2021-04-16,94.49581093406732,95.90866176272716,94.34901796510184,95.11966705322266,1730699
2021-04-19,95.35820560725494,95.57838806926266,93.96370034909945,94.2205810546875,1106840
2021-04-20,94.23893038108137,94.44076721397869,89.85359191894531,89.85359191894531,2030955
2021-04-21,90.00038095196489,91.68846515772026,88.02789410806903,89.66093444824219,1730581
2021-04-22,90.36735194509774,91.51414575150761,89.21138182838389,91.47744750976562,1588552
2021-04-23,90.36735620245528,91.2756149800688,89.60588339925113,90.33065795898438,1526193
2021-04-26,90.74350796711377,93.72517200486466,90.7343316563756,92.8811264038086,1297965
2021-04-27,92.40407254217992,92.64260764907212,90.97287589977668,91.55085754394531,933554
2021-04-28,91.44074958881077,92.20222235881202,90.64258557641274,91.10130310058594,1394580
2021-04-29,92.05542429528198,94.27562230897368,91.30312787726288,91.74349975585938,1725985
2021-04-30,92.6976538873892,93.19306973767482,91.11048790409586,91.6884765625,1707401
2021-05-03,91.89030084732416,92.56920084574622,90.67011051271317,91.66094207763672,1004726
2021-05-04,91.65176732506244,92.71598839477718,88.46826642776585,88.74349975585938,2254082
2021-05-05,89.52331393684332,90.04625163581981,87.9636701508006,88.5967025756836,2282437
2021-05-06,89.08294934394543,90.82607748342114,87.91780981357337,88.76184844970703,1838181
2021-05-07,89.75266927351525,90.36734905421336,89.00037284055557,90.24808502197266,1139121
2021-05-10,90.82607237748097,91.37653202229815,89.44991976570095,90.2389144897461,1031069
2021-05-11,88.44075035343879,89.30313463960852,86.83523883197923,87.9820327758789,2063036
2021-05-12,87.8168899102681,89.26643906495137,87.33065042154541,88.58753204345703,1448836
2021-05-13,87.22055370227886,89.07376950379935,85.48660194261477,88.07376861572266,1211617
2021-05-14,88.9911988800107,91.34900665283203,88.17468225436852,91.34900665283203,1525622
2021-05-17,91.37653173242352,91.65176505369605,88.67010107096478,88.89945983886719,1087269
2021-05-18,89.61505995403402,89.97285907950689,88.81688890518532,89.11964416503906,1469378
2021-05-19,87.8902870312611,88.39487214605772,85.8352273290247,87.21138000488281,1947475
2021-05-20,88.10129219247052,88.54166412353516,87.0370711082321,88.54166412353516,1291926
2021-05-21,88.71597007849688,89.89029286895706,88.60588234776334,89.8260726928711,1454579
2021-05-24,90.10129646768509,90.51414644466745,89.66093155827275,90.14717102050781,661841
2021-05-25,90.45909855774056,90.75267750683302,89.11964416503906,89.11964416503906,1314019
2021-05-26,89.86275378322918,90.17468531716901,89.53247662939803,89.60587310791016,995643
2021-05-27,92.6609470046724,98.91785423530595,92.23892768993458,97.87197875976562,5430363
2021-05-28,99.00959606453803,100.64262945152586,98.78941359649374,99.08299255371094,2237227
2021-05-31,99.00960095929848,99.46831854009524,97.78024120251106,97.8536376953125,916534
2021-06-01,98.03711483904016,100.33070257718076,97.1196797437839,99.78024291992188,1489206
2021-06-02,100.66098371428231,101.79860131710728,100.22061177154143,101.56006622314453,1660110
2021-06-03,101.52336600048265,101.65180634753453,100.66097481358528,100.71601867675781,1084375
2021-06-04,100.73437942785557,101.22978823534127,100.25730924360892,100.84446716308594,1244330
2021-06-07,101.0095962372683,102.75272420855825,99.85362613006934,102.12886810302734,1094346
2021-06-08,102.49584352106648,103.1013470061589,101.3398734138324,101.37657165527344,1171363
2021-06-09,101.57841748798882,102.0921789147585,101.10134730643884,101.46832275390625,1035299
2021-06-10,101.83529226028551,102.18391506532988,100.53253614727996,101.3949203491211,1046648
2021-06-11,101.57841481697406,103.87200255399217,101.4866727073882,103.0830078125,1806452
2021-06-14,103.5417245003664,103.94539817856231,102.82612625227307,103.11970520019531,1015695
2021-06-15,104.40410886738265,104.75273165781537,103.11969842974949,103.83529663085938,1405518
2021-06-16,104.587606621255,105.3766014066014,103.4866872460843,104.66100311279297,1660779
2021-06-17,104.5692562385944,106.45917031309126,104.22062641939445,105.1380615234375,1441039
2021-06-18,105.04631763946861,105.56007904922727,102.936214136004,103.41328430175781,2224730
2021-06-21,102.2940225936023,103.761917482046,100.62429084559605,103.5967788696289,1176178
2021-06-22,103.98208362239487,104.99126776159241,103.32153627602081,103.33988189697266,1121429
2021-06-23,103.21144633300325,103.81695684457114,102.03713055241917,102.11052703857422,1089417
2021-06-24,102.53254295046607,103.33988327310122,102.34905174113494,102.67932891845703,1232312
2021-06-25,102.93621652676956,103.08300950409526,100.45914452993088,101.21144104003906,1443544
2021-06-28,101.468316416893,102.49584620573442,98.25729370117188,98.25729370117188,1510341
2021-06-29,98.62427253675281,99.39491465543188,97.68849182128906,97.68849182128906,1505310
2021-06-30,97.59673528089763,100.11051228492877,96.2389353658121,99.48665618896484,1986579
2021-07-01,100.73436873706339,101.41326869700656,99.43160567947672,100.82611083984375,1245443
2021-07-02,101.43162886242588,103.11971319343492,100.36740771851838,102.95457458496094,1648830
2021-07-05,102.6976853571046,104.40411517021715,101.79859589664159,103.74356079101562,919942
2021-07-06,103.85364589562036,104.07383534943688,101.15639158137131,101.7251968383789,1090015
2021-07-07,102.55089567296645,103.1931044508853,99.96372893777341,100.75272369384766,1549039
2021-07-08,100.38574373865787,101.32153143031458,98.3673893832586,100.01876831054688,2112437
2021-07-09,101.17473960889157,104.60594485184745,101.17473960889157,103.44998168945312,1837644
2021-07-12,103.22978957068996,104.367414081397,100.95455454822391,102.93621063232422,1521422
2021-07-13,103.02797464757056,103.32155362842227,101.63346923891862,102.05548858642578,1387125
2021-07-14,101.52336899231672,102.7343830141179,100.82611637386326,101.81694793701172,1057178
2021-07-15,102.75273056648462,103.00961127298494,100.47748845274376,101.28483581542969,1673725
2021-07-16,101.90869383035498,102.9178710527641,100.84446574163212,101.50502014160156,1556374
2021-07-19,99.54171031459062,99.76189278308341,94.6059118989867,95.0279312133789,3974206
2021-07-20,95.41324543503096,97.6334365816262,95.00957177220492,97.24811553955078,1915970
2021-07-21,98.16555689684444,102.03713418596298,98.16555689684444,101.50502014160156,2105827
2021-07-22,102.16556982308252,104.00043996071048,100.4591400351306,100.47748565673828,1324149
2021-07-23,102.16556600278302,104.47749920997501,101.74354672684613,102.29400634765625,2048605
2021-07-26,101.94539095408462,103.92704713273477,101.76189973417993,102.75273132324219,1176450
2021-07-27,102.8444735823545,103.72521044074905,101.70685601519581,103.04631042480469,1244190
2021-07-28,101.92703433491776,105.81695705117309,101.92703433491776,105.78026580810547,1651513
2021-07-29,110.0922104408001,111.00964552780677,106.09219290149309,106.42247009277344,2705991
2021-07-30,106.44081864099276,106.8077940857791,103.81696065953545,106.1472396850586,2047519
2021-08-02,107.15641414371541,108.1655912753131,106.18392825372597,107.1380615234375,1114904
2021-08-03,107.15642259170761,107.5417436542362,104.7894383513616,105.3031997680664,1446369
2021-08-04,106.64265090403683,106.78944387543464,104.0187860358311,104.99127197265625,1536356
2021-08-05,104.75273134682917,107.670175003867,104.67933486501688,107.0096206665039,1227423
2021-08-06,106.88119349051452,107.59679177765953,106.05550046708773,107.2481689453125,1045415
2021-08-09,106.95459037966117,107.35825708191501,105.22980783553008,105.28485870361328,753338
2021-08-10,105.32155537490252,105.81696418392382,104.33072375791085,105.6518325805664,916010
2021-08-11,106.1472433857107,107.04633290680877,105.59678369907753,106.16559600830078,712806
2021-08-12,105.7619131870976,106.40412193236591,105.10135882029547,105.78026580810547,817945
2021-08-13,105.46833475190162,106.73439262802637,105.46833475190162,105.90870666503906,681571
2021-08-16,104.97292661972764,105.41329856493792,104.27568095573378,105.15641784667969,611241
2021-08-17,104.53256384094307,104.55090946428128,103.30319709304094,104.16558837890625,924576
2021-08-18,104.42245973973176,104.42245973973176,102.95456502267406,104.23897552490234,904719
2021-08-19,102.20227162314617,102.66098917351984,100.75272248409156,100.95455932617188,1616551
2021-08-20,100.587581484862,101.39492183443694,99.26647273149013,101.35823059082031,989618
2021-08-23,102.75273031524723,103.24814610491838,102.00043381970386,102.495849609375,795534
2021-08-24,102.45914510056076,104.09217834472656,102.20226441039632,104.09217834472656,847802
2021-08-25,104.8628349321779,107.04632795458134,104.84448231043686,106.34907531738281,1279245
2021-08-26,105.32154356596646,106.03714176484525,104.16557347575333,105.5050277709961,686226
2021-08-27,105.44999460446729,105.52338409423828,104.09218755132406,105.52338409423828,669090
2021-08-30,105.70687173439234,106.0187963039011,105.08301559590058,105.37659454345703,505387
2021-08-31,105.02797472769822,106.1472396850586,104.29402383812558,106.1472396850586,1518227
2021-09-01,106.88119438947257,108.34908922153605,106.44082244011618,108.2573471069336,1478587
2021-09-02,107.81696148477067,108.1655912753131,106.78943873236885,107.1380615234375,938576
2021-09-03,107.15641843197072,107.2481605386103,105.02796936035156,105.02796936035156,896433
2021-09-06,105.2481568427882,106.93623408389549,105.21145859848487,106.3123779296875,641283
2021-09-07,106.25732593481492,106.25732593481492,104.45915409834878,104.67933654785156,892841
2021-09-08,104.55089380920897,105.7619077529653,103.19309390230195,104.3307113647461,1134101
2021-09-09,103.35825076989298,106.22064405269708,103.17475953415237,105.68852996826172,1168922
2021-09-10,106.05550245836643,107.06467972840304,104.7527462188742,104.91788482666016,1161466
2021-09-13,105.1564108809587,105.89035474172542,104.29401967009679,105.57843017578125,1047597
2021-09-14,105.17475712185639,105.35824133825969,102.89952204076903,103.44998168945312,1132942
2021-09-15,103.48668149404696,104.6426446738826,102.88117097172652,103.0830078125,1054477
2021-09-16,103.79860810090595,106.220636238709,103.74356423397047,105.39494323730469,1445194
2021-09-17,105.70687217930225,106.55091078214528,102.62428971724799,103.70686340332031,3390435
2021-09-20,101.65180980896349,104.51420278298794,99.7435431599644,102.69768524169922,2416938
2021-09-21,102.89952489002323,104.14723019516777,102.532549447581,103.92704772949219,1539371
2021-09-22,104.47750855348117,106.27568054199219,104.47750855348117,106.27568054199219,1225883
2021-09-23,107.33991228027158,108.25734742796621,106.55091749329623,107.04633331298828,1211204
2021-09-24,106.38577068059149,107.32155837876321,105.52337946844779,105.87200927734375,974686
2021-09-27,106.88118151627516,109.06467437851381,106.73438855101182,107.5600814819336,1577958
2021-09-28,107.15641359772482,107.61513110970229,103.76189980940735,104.00043487548828,1789397
2021-09-29,105.68851596988632,107.6151351928711,105.10135809223493,107.6151351928711,1856224
2021-09-30,108.40413504217106,108.56926664108154,105.37659640494059,105.5967788696289,1891572
2021-10-01,103.68851599967255,107.0646775804155,102.64264050450255,106.95458984375,1638193
2021-10-04,106.93623682723135,107.30321228020473,103.78026473039932,104.27568054199219,1545522
2021-10-05,104.91787580145929,106.0004494706038,104.23897580539467,105.57843017578125,1344477
2021-10-06,104.58760263056038,104.6609991192978,101.94539203128333,104.05548858642578,1592220
2021-10-07,105.56008240770149,105.78027187558148,104.29402446502667,104.77108764648438,1465696
2021-10-08,104.73440056211456,105.02797953147648,103.32154958472451,103.87200927734375,1301126
2021-10-11,103.52336542482138,104.82612848701353,103.39492508058007,104.42245483398438,785366
2021-10-12,102.2940152034082,104.18392929827611,102.07383273591738,103.89035034179688,1212402
2021-10-13,103.7619040961218,103.83530058094412,102.09217256352117,103.06465148925781,1246440
2021-10-14,103.67015770690661,104.78942955604741,102.75272268295168,104.00043487548828,1286858
2021-10-15,104.14722704301946,105.87200947045285,103.96374282708892,105.41329193115234,1541664
2021-10-18,104.82613325223444,104.89952273837007,103.39492978074087,103.94539642333984,893006
2021-10-19,104.11053850336958,104.22062623599744,102.91787007042262,103.04631042480469,954227
2021-10-20,102.84447001014729,103.35823840930462,101.87199107518289,102.89952087402344,892310
2021-10-21,101.94539372082674,102.71603586691818,101.3215375551684,102.18392181396484,1074900
2021-10-22,102.42244842984574,102.66098350271663,100.71601867675781,100.71601867675781,1301101
2021-10-25,100.75272244391248,100.80776631010357,98.38573820505448,99.15638732910156,1766120
2021-10-26,99.08299704040012,101.7619060212481,98.31235486761156,100.86282348632812,1296882
2021-10-27,100.12886718518143,101.2664847599078,99.63345138663743,100.91786193847656,1231120
2021-10-28,103.43163133820364,104.18392784112697,101.17474182943364,102.75273132324219,1848341
2021-10-29,101.83529820137366,103.57842632723802,100.8077683483598,101.46832275390625,1643244
2021-11-01,101.90868254744558,102.40409829257227,100.128856388969,100.60592651367188,1260620
2021-11-02,100.36740693962376,101.96374214283416,99.65180864161478,101.19309997558594,1105037
2021-11-03,101.04630314250244,101.04630314250244,98.86281008566665,99.08299255371094,1603078
2021-11-04,99.35821788684025,100.73437045037281,98.78940564076952,100.00041961669922,1135155
2021-11-05,99.30317856521687,104.71604734406517,98.64262413803881,104.49586486816406,2457661
2021-11-08,104.58759308963167,106.0921859741211,104.29401416093796,106.0921859741211,1761599
2021-11-09,105.72521006051032,107.50503624445425,105.35823465152025,106.7160415649414,1403630
2021-11-10,106.93623423095988,107.90872020764984,105.85366052068291,106.60595703125,871005
2021-11-11,106.60594993734058,107.13806394585062,104.5325517653791,105.22979736328125,1022281
2021-11-12,104.78943887966331,105.72521960758976,102.88117218017578,102.88117218017578,1431439
2021-11-15,104.93623031748021,106.16559706266231,104.25733026387279,104.62430572509766,1330937
2021-11-16,105.32154356596646,106.09218562645938,104.49585064438565,105.5050277709961,1150422
2021-11-17,105.1747561874294,105.63347372383635,104.64264216532352,104.99127197265625,1300356
2021-11-18,104.82613411489397,105.22980079012129,103.3031885235923,103.90869903564453,1391601
2021-11-19,104.18391957156794,104.18391957156794,99.85362511817375,100.36739349365234,2700171
2021-11-22,100.89951796164712,101.74355659538779,99.5600565218082,99.79859161376953,1783388
2021-11-23,99.81694809573133,102.58759919605198,99.3765761396568,101.15640258789062,1287924
2021-11-24,101.670158678519,102.71603414466362,100.16556565706622,102.25731658935547,1194993
2021-11-25,102.73438364002283,103.46832750649479,101.56006085461412,102.99126434326172,935805
2021-11-26,91.28478189192091,94.3306657916523,87.82605504472905,91.15634155273438,6274958
2021-11-29,92.8077371487579,94.1838897850125,90.5416713544761,91.4591064453125,3238653
2021-11-30,90.09212841342914,93.19306368230556,88.81689412220204,90.56919860839844,3828819
2021-12-01,92.62424515474318,93.76186269799464,91.00038813733886,93.5049819946289,2056790
2021-12-02,91.74350835486631,93.78021536026021,91.4774513407003,92.752685546875,2133720
2021-12-03,94.45912397292803,95.15637665983787,89.92699200722629,90.41323852539062,1937280
2021-12-06,91.28478466915995,94.71598969084155,90.91780926054496,94.34901428222656,2135411
2021-12-07,95.41324795251847,97.63343915769366,94.69764971279045,97.13802337646484,2179779
2021-12-08,96.56922067956704,99.15638738409874,95.06462767406487,98.40409088134766,2635743
2021-12-09,98.47748309536506,99.0279497707139,96.27564439186781,96.7894058227539,1783616
2021-12-10,95.79857251074769,98.23895326320805,95.57839004419037,96.86280059814453,1154919
2021-12-13,96.88114729025177,97.00958764711787,93.89030683863871,94.5692138671875,1667243
2021-12-14,95.15636601487584,96.18388880750665,93.81691166057206,94.03709411621094,1534251
2021-12-15,94.330679955448,94.42242206871728,91.53250000415018,91.73433685302734,1768576
2021-12-16,94.95452780344296,95.65178040223883,93.87195416299963,93.94535064697266,1699196
2021-12-17,95.02792561567433,96.29398348427267,93.70681688358975,95.54168701171875,2458965
2021-12-20,93.17470530751295,94.84443688787435,91.98204389266867,93.6334228515625,2048042
2021-12-21,95.00957617612595,97.98207092285156,94.33067616583769,97.98207092285156,1813712
2021-12-22,98.440787888376,101.90869140625,98.25729667081896,101.90869140625,1960686
2021-12-23,101.74355750828144,103.13805582873577,101.50502241417986,102.60594177246094,1141431
2021-12-24,101.89033994001493,102.51419608783377,101.138043438187,102.45915222167969,175333
2021-12-27,101.68849889647244,103.65181636836235,101.28483222889776,103.06465148925781,749947
2021-12-28,102.97291487570942,104.42246403063842,102.97291487570942,104.05548858642578,688913
2021-12-29,103.57842940987031,104.53256280189207,102.40411354260496,102.86283111572266,788574
2021-12-30,102.6059377935706,103.48668164541115,102.09217637955886,103.3765869140625,714942
2021-12-31,103.54172535990362,103.72520957907535,102.84447272799731,103.0830078125,360150
2022-01-03,104.22062497773508,106.66100568048006,103.87200216283192,106.55091094970703,1320377
2022-01-04,106.95458547964228,109.96377148327451,106.42247144255566,109.06468200683594,1588549
2022-01-05,109.46835119354922,111.10138448213891,107.52338634450727,110.45918273925781,1806200
2022-01-06,108.44083160543568,110.18395978511003,107.68853506466775,108.8445053100586,1441589
2022-01-07,108.2573424011423,108.82615468611162,106.73439676693785,107.98210906982422,1244642
2022-01-10,108.25733355503782,109.3766054117091,106.95457749213057,108.1839370727539,1099153
2022-01-11,108.80780064508184,109.26651819164583,107.46834624905193,108.64266204833984,1060555
2022-01-12,108.91789331132573,109.83532838706199,107.87201788494431,108.88119506835938,1288629
2022-01-13,108.25733693421667,108.67935622131148,106.60595102865086,107.6151351928711,1278350
2022-01-14,106.67935360259753,108.31238698049788,106.58761149137914,107.6518325805664,1051871
2022-01-17,108.51421095333295,108.69770215347914,107.11971282958984,107.11971282958984,958258
2022-01-18,106.60595688463982,106.86284459476322,104.6976971771869,106.3123779296875,1131796
2022-01-19,106.01879423381344,107.76192226316418,104.84447846651689,105.61512756347656,1479906
2022-01-20,105.57843807596213,106.16559600830078,104.55090819463214,106.16559600830078,1161977
2022-01-21,104.58759954290912,105.0096188414787,102.91786797053638,104.03713989257812,2241374
2022-01-24,103.2298000144646,104.42246850944204,97.90868034331265,98.47748565673828,2524642
2022-01-25,99.83528463573431,101.02795303367162,97.43160221811836,99.39491271972656,2101749
2022-01-26,101.83529425202411,104.89952407067072,101.76189776548217,104.78943634033203,1868916
2022-01-27,101.9453916249392,105.5600811874187,101.63346004878574,104.9729232788086,1523610
2022-01-28,104.12888680089368,104.44081138398559,100.78942350221506,102.18392181396484,1530319
2022-01-31,103.44998904935532,104.34907157296018,101.78025736318591,102.86283111572266,1636479
2022-02-01,104.20227687577686,105.90870666503906,103.89034531241407,105.90870666503906,1601492
2022-02-02,105.85365605287441,106.05549288856416,103.57842099476522,103.94539642333984,1412361
2022-02-03,103.54171907220137,104.12887693726415,101.90868582252837,102.42244720458984,1258207
2022-02-04,102.69768843782691,102.89952528191255,99.6885023973942,101.21144104003906,1209672
2022-02-07,102.64264154968943,103.65182580923029,100.95456424186594,103.61512756347656,1173544
2022-02-08,103.67015806252964,106.0921859741211,102.89951599951134,106.0921859741211,1514367
2022-02-09,106.18393442722959,108.05550283438308,106.18393442722959,107.79862213134766,1416605
2022-02-10,107.59678220876764,108.7343997179426,106.56925942608339,108.5325698852539,1075687
2022-02-11,106.97293628140781,109.13808377899764,106.38577834980461,108.716064453125,1324106
2022-02-14,105.5050396643224,107.35825554213561,103.21145184553278,106.69770812988281,1886460
2022-02-15,105.96375025976349,108.71605546131578,105.63347307561928,108.62431335449219,1658714
2022-02-16,108.34908415682862,109.63349469964824,107.064673614009,108.14724731445312,1488356
2022-02-17,109.90871852383917,110.42247989674102,106.12888371034678,106.7160415649414,1614702
2022-02-18,107.94540829483783,108.07384863825332,104.75273133121664,105.5050277709961,2060276
2022-02-21,106.45917049184631,107.46834770809329,102.47749849388724,102.88117218017578,1724281
2022-02-22,100.44080284200568,105.67018037327855,99.81694666288237,104.66100311279297,2156241
2022-02-23,105.10135989298107,107.61513703668683,103.706861659535,104.53255462646484,2002740
2022-02-24,99.30316114010245,101.81693804681386,96.9912280501379,99.92701721191406,3814789
2022-02-25,100.91786119477426,106.34907531738281,99.54170854211824,106.34907531738281,3050795
2022-02-28,105.92705333533718,106.53256384696145,101.74355161674825,105.41329193115234,3777634
2022-03-01,105.02797665824849,105.72522231673692,95.5783920288086,95.5783920288086,3583957
2022-03-02,95.41324391378757,101.94538390154207,93.74351242527524,100.62427520751953,3419858
2022-03-03,100.05546812412496,100.89951372187355,95.65178391607988,96.34902954101562,2420701
2022-03-04,94.49580717227526,94.99122292360074,88.83523477202336,89.08293914794922,3941176
2022-03-07,83.94530968369791,90.2939587471158,82.78933952492208,86.22972106933594,4384096
2022-03-08,83.78017158038487,89.75267593632798,83.00952946966922,86.35816192626953,3235886
2022-03-09,89.5600138255763,94.91783126101079,88.32147088464502,94.62425231933594,3709463
2022-03-10,94.67930787115559,94.99123947239536,89.44993013970148,91.55085754394531,2779312
2022-03-11,91.64259717674332,97.57840375622939,91.47745856867738,95.00958251953125,2624329
2022-03-14,96.33068325695183,98.69766743971073,95.72517274530338,95.92700958251953,2020164
2022-03-15,94.14718610655075,95.35820007656689,92.84442303316801,94.60590362548828,2299853
2022-03-16,97.15638098291514,100.47749165047084,96.0554546349809,98.00041961669922,2548452
2022-03-17,97.85362753920879,98.67931349936622,96.29398372668838,98.38573455810547,1456505
2022-03-18,97.98206689389208,98.64261425541775,95.32150382852072,97.37655639648438,2900224
2022-03-21,96.89948561456583,98.00040479653849,96.14718920700737,96.62425231933594,1480861
2022-03-22,96.67930058793789,99.52335477011343,96.53251462340121,99.32151794433594,1552901
2022-03-23,99.43160997381402,99.94537837062587,97.74353281143323,98.38573455810547,1286213
2022-03-24,98.3857387616421,99.26647562305388,97.41325978956803,98.53253173828125,1058102
2022-03-25,98.88115506181977,100.25730772718072,97.85363221801387,98.66097259521484,1226858
2022-03-28,98.27564749410806,100.3123474756676,98.27564749410806,98.80775451660156,1155300
2022-03-29,100.55088722706668,104.38576628862138,100.00042755783586,104.18392944335938,1811661
2022-03-30,103.21144857235915,103.5967696338221,101.21143977782245,102.16557312011719,1706221
2022-03-31,102.44079914098818,103.06464824391175,101.06464659153572,101.24813079833984,1603935
2022-04-01,100.99126105984779,102.51419973998617,100.67932947508838,101.85364532470703,1099406
2022-04-04,102.53254332367942,102.67932929220467,99.08298556991127,101.00959777832031,1150678
2022-04-05,100.53253703197609,100.99125456871684,94.9545301053348,96.55086517333984,2140458
2022-04-06,96.29398021476295,97.72517662627786,94.56920487269439,95.2297592163086,1781786
2022-04-07,95.54169190572716,96.62426561675576,93.32150061683822,93.5600357055664,1505381
2022-04-08,95.13801165400223,96.49581860447097,94.07379063831499,94.86278533935547,964702
2022-04-11,94.11048769216373,96.66095597285394,93.17470003554538,95.8169174194336,1223534
2022-04-12,94.01874441778897,96.66095476930452,93.33983745984102,96.01875305175781,1638653
2022-04-13,95.24810687572926,96.45912086511589,94.99122618093119,95.74352264404297,979693
2022-04-14,95.81692408404878,98.00041710224296,95.65178548606944,97.35821533203125,1240440
2022-04-19,96.94875276453465,97.73044403969993,95.19924817261953,96.98597717285156,1231107
2022-04-20,97.60016629722729,99.275229243335,97.09764741339497,98.47492218017578,1114419
2022-04-21,98.45631467717152,102.10422169156743,98.25158397027057,100.98751068115234,1614181
2022-04-22,98.67964156334875,100.26163975330502,97.35820711293074,97.39543151855469,1516294
2022-04-25,95.38536775459364,97.8048976142563,95.10618822855052,95.85066223144531,1384818
2022-04-26,97.39543608333472,98.32602496806065,94.82700877353881,94.95729064941406,1313876
2022-04-27,95.01312252788254,95.81342952677146,93.58001481126354,95.03173828125,1369774
2022-04-28,95.96232962914225,97.89794913932532,94.71533681506149,96.16705322265625,1203679
2022-04-29,96.8743051520048,99.29383492403807,96.5020681640389,98.21435546875,1917299
2022-05-02,97.69323085444758,98.08407650852624,95.98094349875075,96.76264190673828,1380079
2022-05-03,97.52572052326283,99.14494323730469,97.00458590623091,99.14494323730469,1486415
2022-05-04,99.29382996461953,100.0755283102875,95.45980834960938,95.45980834960938,1827042
2022-05-05,101.43419591028889,103.53732893271157,100.68972190771247,101.45280456542969,2870875
2022-05-06,100.95028743987719,103.70482974401133,99.34967338886534,100.0383071899414,2715029
2022-05-09,98.19573907374645,100.6897176470664,96.52068328857422,96.52068328857422,1720618
2022-05-10,99.57300663283233,100.0755254622112,97.33959197998047,97.33959197998047,1717561
2022-05-11,98.9960380652622,100.46637013377754,97.78627683533504,100.01969146728516,1807467
2022-05-12,97.17210444517904,98.49353915887696,95.51565711394774,97.15349578857422,1945246
2022-05-13,98.13990841733299,98.9774398803711,96.66957619331389,98.9774398803711,1192102
2022-05-16,98.36324838946445,99.12633103837668,96.78125002703159,98.4935302734375,1154177
2022-05-17,99.70329697783998,100.83861660369433,99.34967574184849,100.76416778564453,1093280
2022-05-18,100.72694157799572,102.16004935062905,100.26164712323802,100.44776916503906,1172470
2022-05-19,99.07048912651689,100.0010779859805,98.028227047979,99.01465606689453,1368380
2022-05-20,100.2058152413458,101.58308996758232,99.33105938414842,99.49856567382812,1418219
2022-05-23,100.85722048113121,101.19223304665721,97.76766567670336,99.74051666259766,1387159
2022-05-24,97.89794369148207,98.25157199660806,95.60869598388672,95.60869598388672,1366749
2022-05-25,96.87430279288569,97.84211609809645,95.70175879428787,97.48849487304688,987607
2022-05-26,97.67461511509967,101.49002838134766,97.48850016546034,101.49002838134766,1407493
2022-05-27,102.32755231677001,104.48651823277226,101.50863665891733,104.09567260742188,1697506
2022-05-30,104.7470861324256,105.30544516199306,104.43068930884536,104.72847747802734,844162
2022-05-31,103.25814580128454,103.38842768221178,101.22946166992188,101.22946166992188,1823644
2022-06-01,101.99253772860185,102.55088962514269,100.54082137762974,100.74555206298828,976484
2022-06-02,101.24807449574372,101.86225947380314,100.70833123332527,101.39696502685547,1057606
2022-06-03,102.53227388076337,102.53227388076337,100.72692934363624,101.13639068603516,821951
2022-06-06,101.89949036410317,104.18873833674175,101.78781713379266,103.61177062988281,1105553
2022-06-07,102.84868323427344,103.630381610775,102.30894706221301,102.60673522949219,846279
2022-06-08,103.31397884740413,103.77927330773258,100.4663790221396,100.8013916015625,1083842
2022-06-09,100.31749080897788,100.59666323173944,97.78628775022392,98.08407592773438,1332156
2022-06-10,97.33959652889375,97.76766656655543,94.78978495680904,94.9200668334961,1822090
2022-06-13,93.15194329727669,94.77116592279097,90.35086884579894,90.75102233886719,1652277
2022-06-14,91.7653719601957,92.32372388000587,88.7781824443729,89.67154693603516,1375979
2022-06-15,91.3838331105987,91.82121105814741,89.6250205426737,89.75530242919922,1656474
2022-06-16,89.84836278262459,89.96933678590433,86.54476928710938,86.54476928710938,1555136
2022-06-17,87.3636896688474,90.25782192429746,86.9356195959932,87.5870361328125,3428873
2022-06-20,88.31288570310693,90.66727442210096,87.18687401575457,90.2485122680664,1307746
2022-06-21,91.19770914887309,92.12829801773913,89.12249284737675,89.41098022460938,1209724
2022-06-22,87.7917478869492,87.88481245094975,85.73514739950053,86.50753784179688,1731169
2022-06-23,86.17252807680785,86.36795088783394,84.06939523936626,84.60913848876953,1426504
2022-06-24,85.31639276974067,86.74950056356201,84.45094478710277,86.07947540283203,1559937
2022-06-27,86.74949647537932,88.13607191776079,86.35865084998261,86.74018859863281,1306107
2022-06-28,87.57772241990897,89.85766239728876,87.57772241990897,88.35011291503906,1499340
2022-06-29,86.7494975984109,87.54980461305783,85.80960083007812,85.80960083007812,1035853
2022-06-30,84.40441309833167,86.1725334850309,83.90190132405799,86.03294372558594,1882753
2022-07-01,85.69792379272444,90.2019775188535,85.19541206155009,88.62928009033203,1766197
2022-07-04,89.51335141190295,89.9135049356319,86.90769956904046,86.91700744628906,1083441
2022-07-05,87.28924071783737,87.6800863476599,82.73866161393721,83.2132568359375,1843101
2022-07-06,84.28343617845118,86.75880605418558,84.15315430076303,86.2283706665039,1456486
2022-07-07,87.89411573333271,88.48969204080308,87.20548195903814,88.108154296875,1241485
2022-07-08,88.20121243821664,89.66223668800143,87.84759122164854,89.3737564086914,1123979
2022-07-11,88.12676770462501,90.84409274136283,87.4753583018834,89.99725341796875,1476126
2022-07-12,88.88054908450296,93.9894802298357,88.5362286306925,93.4869613647461,1877061
2022-07-13,94.75256465098369,94.82701346940763,92.1841372139983,94.25004577636719,1815221
2022-07-14,93.44972802999322,94.84561126640955,92.20274241337935,92.70526123046875,1366669
2022-07-15,92.89138510428943,97.00458639989154,92.47262293295385,96.52068328857422,1592970
2022-07-18,97.26514727474259,98.45630701309533,96.11121904365218,97.09764099121094,1223847
2022-07-19,95.85066108446397,99.55440819980835,95.53426425190948,98.4935302734375,1459081
2022-07-20,98.97742970851097,99.40549972344232,96.42761827182012,97.39543151855469,1268358
2022-07-21,97.32098391702058,98.90298212664132,96.68818321320639,97.3023681640625,1062087
2022-07-22,96.89291279775382,99.8894029055322,96.8742970450069,98.25157165527344,1246439
2022-07-25,98.177133440883,98.84715861550451,96.98598073036929,98.4935302734375,1094476
2022-07-26,98.08407476097234,99.18216998369788,97.54433147695825,97.71183776855469,1044986
2022-07-27,97.61877680157224,99.08910896409134,97.22793116844585,98.79132080078125,1240273
2022-07-28,95.29230210666326,96.40900591540363,92.28649692006212,95.88787841796875,2494314
2022-07-29,96.59512810189224,97.80488937995733,95.75759669410584,97.60015869140625,1996514
2022-08-01,97.11626495210827,98.21436021476441,95.36676025390625,95.36676025390625,1329492
2022-08-02,94.93867087925794,96.61373364082989,94.80838900889451,95.60869598388672,1133135
2022-08-03,95.59009556383967,97.22793406068077,95.162025510087,96.87430572509766,1087103
2022-08-04,97.06042424496901,97.48849428317465,95.94371331502278,96.6323471069336,979524
2022-08-05,96.87430981564636,98.77271215581666,96.66957910741763,97.50711059570312,1260729
2022-08-08,99.16355190092905,99.6474621096594,98.19573858329828,98.69825744628906,917877
2022-08-09,98.6424261129999,99.75912998378108,98.30741353179954,99.05188751220703,974371
2022-08-10,98.64242328083701,100.3547034468502,98.32602646313757,100.05691528320312,811908
2022-08-11,100.14997459799878,100.91305717104414,99.64745576699384,100.35469818115234,931447
2022-08-12,100.78278120200605,101.22945990028225,100.24303793341157,100.89444732666016,882675
2022-08-15,101.2480697631836,101.34112722825745,100.42914703094289,101.2480697631836,484039
2022-08-16,101.43419412605645,103.33259640938611,101.39696971659939,102.86730194091797,987145
2022-08-17,102.62534024451166,102.77423787278607,100.5035987404091,100.63388061523438,904393
2022-08-18,100.67111203545105,101.65753404208318,100.29887503866321,101.1177978515625,552084
2022-08-19,100.13136225031293,100.67110550565461,98.80992774226652,98.86576080322266,1151233
2022-08-22,98.40046196851559,98.40046196851559,95.53425373675286,96.07398986816406,1072688
2022-08-23,95.38536192942409,97.54432788617494,95.10618242043043,95.73898315429688,844716
2022-08-24,95.38536251328146,96.26011835364152,95.0689656943265,96.14844512939453,651827
2022-08-25,96.96735905132375,97.60015977760152,96.33455832504598,96.68818664550781,907831
2022-08-26,97.24654027312815,97.43265521362322,94.60367119898252,94.84561920166016,965662
2022-08-29,93.5800200233986,93.8405837864184,92.40748308980952,93.41251373291016,1033331
2022-08-30,93.56141543661857,94.88285006357421,93.24501149645954,93.6358642578125,856660
2022-08-31,92.8727727053119,93.26361832944356,91.04881225970483,91.09534454345703,2184403
2022-09-01,90.22989100133432,90.30433981078286,87.69868827871753,88.37802124023438,1509421
2022-09-02,89.17833152725179,92.14690514177933,88.75956228331484,92.09107208251953,1401394
2022-09-05,89.89487811106034,90.51837091316537,89.066654633678,90.13683319091797,851977
2022-09-06,89.65293415661591,91.18840731190974,89.65293415661591,90.35087585449219,674006
2022-09-07,89.52264810632924,89.96002601927438,88.15468840603859,89.3086166381836,1348443
2022-09-08,90.11822682293183,90.51838033905292,87.70800494896356,89.59709930419922,1109561
2022-09-09,89.01084310748654,90.61145739246665,88.65721472834898,89.3365478515625,1386848
2022-09-12,90.17407219356171,93.00306350118358,90.09031549473946,92.77041625976562,1294764
2022-09-13,93.28223358897063,93.7289194052036,90.6486722781108,90.732421875,1163781
2022-09-14,89.94141791593412,90.36018007779408,87.866201560907,88.85263061523438,1212846
2022-09-15,89.2993110731176,89.88557953127648,87.81037023505779,88.3128890991211,1286355
2022-09-16,86.21906990447008,86.46102502578441,84.85110297602856,85.37223052978516,2682261
2022-09-19,85.13957113175806,87.49395976508109,84.59983499948947,86.9542236328125,1079949
2022-09-20,87.3450702985112,87.45674351679442,84.97206588375691,85.58625793457031,1153704
2022-09-21,84.68359315791147,86.94492455590165,84.5253947427845,86.88909149169922,1271847
2022-09-22,85.13958095250916,87.54981002223045,84.92554947015302,85.93058013916016,1251884
2022-09-23,86.33073243660836,89.38307010940768,85.22333643106573,85.59557342529297,2307800
2022-09-26,84.77665119915213,86.5913038960127,84.51608743135598,85.13027954101562,1317176
2022-09-27,85.74446154187586,86.10739064854593,83.39007273712853,83.56688690185547,1421194
2022-09-28,82.91547099027584,83.32493238523496,80.77512074351213,83.09228515625,1647149
2022-09-29,83.7995389226653,83.93912158719203,81.08221375598268,81.97557830810547,1370472
2022-09-30,82.01279744303129,83.19464932542293,81.4172211132605,82.72004699707031,1461667
2022-10-03,81.79876078171029,83.53895737554939,80.51454363350537,83.01782989501953,1057580
2022-10-04,84.34858118472484,88.55484718095471,84.08801741678373,88.12677001953125,1891490
2022-10-05,87.75453951827751,88.36872452422064,86.34934823674817,86.87047576904297,1183229
2022-10-06,87.6893944122607,88.3594124506068,86.21906225902244,86.675048828125,1088406
2022-10-07,86.46101552769005,87.71730908524745,85.59556759251414,85.92127227783203,783785
2022-10-10,85.42805788083197,87.06588911832286,85.22332720118827,86.55406951904297,1000887
2022-10-11,86.27489767008818,87.66147316889968,85.94919296900225,87.41021728515625,1092000
2022-10-12,87.4753540693595,87.86619969209326,86.06086210620555,86.77741241455078,1189418
2022-10-13,87.01936887497911,90.6672756107285,86.5819909617964,90.17406463623047,1620868
2022-10-14,91.86773315124826,92.44469369902542,89.57848541370616,89.88557434082031,1271176
2022-10-17,89.978643679234,92.94721746433186,89.88557910868096,92.22135925292969,1039975
2022-10-18,94.45477052943843,94.88284055867604,92.61220143853518,93.2822265625,1190832
2022-10-19,93.98948084343533,94.62228159251305,92.96583445223521,93.8778076171875,1034654
2022-10-20,93.58001186381114,94.82700460645746,93.07749303616227,94.3244857788086,927613
2022-10-21,93.52418579345024,94.65950540373159,92.48192365453967,93.91503143310547,1158010
2022-10-24,94.90145703323824,96.5765127560504,94.287264964993,95.4225845336914,1208860
2022-10-25,95.99954998755041,97.32098446179099,95.12479418919109,96.83707427978516,1100441
2022-10-26,97.1162619975793,98.82854223311092,97.0604289333255,98.54936981201172,1206089
2022-10-27,98.82853106611903,99.79634430286589,97.39543051344795,98.75408935546875,1535970
2022-10-28,95.85066160722212,102.36478424072266,95.49704036305668,102.36478424072266,2575110
2022-10-31,102.34616732787593,102.34616732787593,100.95028401903863,101.97393035888672,1298518
2022-11-01,102.83006777563205,105.0262580264283,102.79284336970659,104.70985412597656,1441027
2022-11-02,104.61680010788906,104.78430639015775,103.22091678892649,104.09567260742188,1212618
2022-11-03,103.48148811906431,104.61680777095418,103.2953731695018,103.66761016845703,1295005
2022-11-04,104.18874058703659,107.63192404775978,103.51871539036266,106.08714294433594,2022807
2022-11-07,105.863788910576,106.85021081354252,105.21237245969877,106.06851959228516,836984
2022-11-08,105.77073725775274,105.78934591173538,104.50513579203826,105.3054428100586,992993
2022-11-09,105.0821016385774,106.03130633542976,104.89598669008839,105.43572998046875,1066122
2022-11-10,105.06348774039542,107.42718438736074,103.94677680570109,105.28682708740234,2151583
2022-11-11,105.86378943004988,106.99910896158657,104.63541243359677,105.15653991699219,1715017
2022-11-14,105.11932547911177,106.10574748045717,104.07706331365785,105.0262680053711,1523951
2022-11-15,105.3612782998497,107.01772543584035,104.85875943278006,106.44075775146484,1514922
2022-11-16,106.83160514563019,107.35273264102958,105.51016355399231,106.32908630371094,1374042
2022-11-17,106.58964643130336,106.7571527062541,104.37484755124763,105.21237182617188,1177321
2022-11-18,106.1057410781277,106.90604808370192,105.24960101164403,106.68270874023438,1429101
2022-11-21,106.08714000673936,106.68271636510657,105.28683294396527,106.25464630126953,988802
2022-11-22,106.5896529869059,106.96188996522676,105.82657037627153,106.16158294677734,1149230
2022-11-23,106.40353623941382,106.75716458132845,105.65906934557863,105.86380004882812,1510222
2022-11-24,105.71490299873048,106.16158881738266,105.02626916564566,105.39850616455078,961969
2022-11-25,105.69628498896914,106.5152006342174,105.24959920985125,105.91962432861328,1413037
2022-11-28,102.73701099010894,104.50513123419869,99.77773814784534,99.90802001953125,2304090
2022-11-29,100.59666207908337,101.60169982910156,100.29887390498504,101.60169982910156,1317135
2022-11-30,102.36478190341101,102.94174959371452,100.80139222307481,101.62030792236328,1927508
2022-12-01,102.36477428033696,102.56950496487036,100.9130579352158,102.49505615234375,1173964
2022-12-02,102.58811540847599,104.02122312539113,102.45783353419549,103.2767562866211,1378531
2022-12-05,103.4070410984201,103.57454738437195,101.88087587078311,102.66256713867188,883616
2022-12-06,102.10421410374126,103.94677612926003,101.89948341205478,103.14646911621094,893253
2022-12-07,101.28529352579001,101.84365255148477,99.61023774819554,100.87583923339844,2225764
2022-12-08,100.65249419120222,103.12785685916083,100.65249419120222,102.49505615234375,1067593
2022-12-09,103.25813710830415,104.17011729784805,102.02976012023916,103.89093780517578,1079199
2022-12-12,103.57454863402911,106.36631536702365,103.42565100035102,104.31901550292969,1086336
2022-12-13,104.69124551206662,106.08712878556084,103.6862078511917,105.60322570800781,1378940
2022-12-14,105.1379312639407,106.27324369564792,103.89093851460663,105.15653991699219,1001632
2022-12-15,104.26317525223145,105.67766717550732,102.99757385253906,102.99757385253906,1344832
2022-12-16,103.01618655024309,103.6862116822495,101.73197644711729,102.3461685180664,1790376
2022-12-19,102.58811599574194,103.92816625296066,102.49505852784168,103.23953247070312,857890
2022-12-20,102.38339055131505,103.61176765008241,101.32251974328096,103.36981964111328,663979
2022-12-21,103.4442702123497,105.43572998046875,103.09064187045836,105.43572998046875,821009
2022-12-22,105.88240934484003,106.19881327900413,103.89094956453202,104.07706451416016,802227
2022-12-23,103.8537192823289,104.46791136106724,103.23953430342038,103.98400115966797,467239
2022-12-27,105.1007097809617,105.78934356029,104.50513346913782,104.9890365600586,487884
2022-12-28,105.15654748922046,105.24960496083784,103.7234397068568,103.8723373413086,533122
2022-12-29,103.57454981141578,104.24456787109375,102.90452465190776,104.24456787109375,484868
2022-12-30,103.9281645308021,104.00261334382053,103.12785754042807,103.31397247314453,544003
2023-01-02,104.4306829824497,106.16157882965943,103.92816414617948,105.95684814453125,667019
2023-01-03,105.62184727129919,108.22749920691095,105.37989215303358,106.58966064453125,1101680
2023-01-04,106.94327547483374,107.53885180725135,104.70986067835277,107.37134552001953,1314343
2023-01-05,107.0177272165544,108.1344310954038,106.738547696927,107.20384216308594,938465
2023-01-06,107.61329714317564,108.4508285522461,106.94327201591928,108.4508285522461,866818
2023-01-09,108.58110991352278,109.77226253419897,107.3341171326195,109.34419250488281,1182539
2023-01-10,108.9905723245652,109.02779673179363,106.1615812736732,107.11077880859375,1162770
2023-01-11,106.18018689144013,107.22244896454593,104.74707920335572,105.99407196044922,1595438
2023-01-12,106.49659044524165,108.33915239543926,106.19880229673348,108.17164611816406,1576701
2023-01-13,108.19026719234883,109.32558678307271,107.74358139770194,108.7300033569336,1117245
2023-01-16,107.7063592519711,108.13442930175721,107.25968054777252,107.31551361083984,778426
2023-01-17,107.01771676331856,108.69277951780661,106.94326795204589,108.24609375,1076127
2023-01-18,108.4694350264225,111.37287481958582,108.43221062011956,110.31200408935547,1307400
2023-01-19,110.01422709629973,110.40507275237546,108.48806178224474,108.80445861816406,1426480
2023-01-20,109.13946134969328,110.7214666858669,108.80444878908378,110.6656265258789,1172376
2023-01-23,110.64702079819271,111.22398136796437,109.6978161514235,110.94480895996094,774252
2023-01-24,111.0192625069271,112.39653015136719,109.80949405452989,112.39653015136719,1197587
2023-01-25,112.60125611307303,113.55045366051431,111.7265002812408,111.80094909667969,1083764
2023-01-26,111.05647747431063,112.78737342055197,110.81452946879772,112.54542541503906,1267450
2023-01-27,109.102236737511,111.22397821748893,108.24609668415668,108.52527618408203,1727332
2023-01-30,107.65053033077807,108.89751611945958,106.8688319186096,107.50163269042969,1080203
2023-01-31,104.98904133141886,107.1293986804401,104.69125316197356,106.86882781982422,1357678
2023-02-01,106.86882375020133,107.98553466796875,106.27324743399059,107.98553466796875,1102143
2023-02-02,107.91108825897116,109.77226606357534,107.78080638063525,109.58615112304688,1394176
2023-02-03,109.19529365413311,109.54892196556774,107.7063528949676,108.99057006835938,1587465
2023-02-06,108.54389131319464,108.86029523864194,106.36631664324986,107.70635986328125,1402253
2023-02-07,106.08713284643802,106.58965169611125,104.207346423435,104.50513458251953,1645024
2023-02-08,105.17515911282189,106.38492757749093,104.31901899004421,105.43572998046875,1278365
2023-02-09,105.91961958475923,106.49658721114784,105.24959449600583,105.7707290649414,877598
2023-02-10,105.54738854065172,106.55242623001183,104.69124847926926,105.84517669677734,1306910
2023-02-13,106.36631895703484,108.33916297104604,106.27325438293,107.57608032226562,1240331
2023-02-14,107.09217133648323,108.8602916502778,106.90604929828761,107.92970275878906,1245678
2023-02-15,108.1158201831155,111.11231761858197,108.02276271179288,110.79591369628906,1547125
2023-02-16,111.67066516790041,116.26777648925781,111.67066516790041,116.26777648925781,2621505
2023-02-17,116.32361309074376,117.19836893313173,114.90912107948547,116.93780517578125,1980783
2023-02-20,117.08668784195072,117.29141852320802,114.31352996826172,114.31352996826172,884292
2023-02-21,114.0901988084686,115.4302491091984,113.14100124533827,114.29492950439453,858815
2023-02-22,113.9226931115571,114.48104503981287,112.80598925504553,114.25770568847656,876700
2023-02-23,114.46243234461025,115.80248260498047,114.3135347157559,115.80248260498047,1256064
2023-02-24,116.17471532432832,116.93780504116184,113.47601318359375,113.47601318359375,2137602
2023-02-27,114.10881633811553,116.00721859374576,114.07159192920159,115.05801391601562,1228665
2023-02-28,114.20187499947629,116.11888592960706,113.64352305961424,115.41163635253906,1621475
2023-03-01,115.46747409589851,115.72803785571668,113.345732509002,113.82963562011719,1090839
2023-03-02,113.25266619724779,114.36937713623047,112.80598750151862,114.36937713623047,874221
2023-03-03,114.53687822403111,115.65358201250429,114.51826247098649,115.54191589355469,998552
2023-03-06,115.96999004163823,116.04443175697651,115.00217674394266,115.29996490478516,634841
2023-03-07,115.18829699656027,115.83971350959109,114.59272064739672,115.41163635253906,827515
2023-03-08,115.85831563059085,116.7702958574716,115.3744125366211,115.3744125366211,1041034
2023-03-09,114.92773321067473,116.39806542858429,114.5741119721192,115.85832214355469,878387
2023-03-10,113.9785373480196,114.46244047651534,112.52681376287192,113.17823028564453,1305161
2023-03-13,113.40155754941159,113.81101891434757,108.89750383460435,109.95838165283203,1872767
2023-03-14,109.95838431527416,114.33214916546225,109.95838431527416,113.69934844970703,1175948
2023-03-15,113.38294960983836,113.4573984267442,108.00414683541527,108.22749328613281,1695773
2023-03-16,109.84672019182976,111.46594297218752,108.5997273105297,111.00064849853516,1588878
2023-03-17,112.50819301358071,112.93626303118812,108.26470304370426,108.6369400024414,2171272
2023-03-20,108.04137134614436,111.00064437256849,106.161584866387,110.36784362792969,1290939
2023-03-21,111.67066613838128,113.40156203151257,111.01925675917262,113.15960693359375,1002062
2023-03-22,112.73153920272318,113.88546745511817,111.46593772596871,112.60125732421875,769867
2023-03-23,112.43375334241811,113.10377850265029,110.94481248625222,111.61483764648438,736195
2023-03-24,111.03786573929155,111.03786573929155,108.35777230003197,109.25113677978516,1101650
2023-03-27,110.55395804792889,111.07508553117268,109.846708535077,110.81452178955078,778768
2023-03-28,111.37287956553456,111.8567826684343,109.71643246352986,110.4795150756836,564373
2023-03-29,110.64702376323764,113.40156610836556,110.53535053714583,112.5082015991211,1148665
2023-03-30,113.30850928103332,114.35076433116518,113.12238723648832,113.75518798828125,875001
2023-03-31,113.94130829706317,115.09523655634327,113.90408388872123,114.7229995727539,1147318
2023-04-03,114.92772918744386,117.55198960230567,114.81605596346873,116.50972747802734,1158727
2023-04-04,117.1611480600401,117.98006376496913,116.15611030865212,116.73307800292969,793626
2023-04-05,116.58417448363954,117.47753896207846,115.74664306640625,115.74664306640625,1145917
2023-04-06,115.78386870879787,117.42170715332031,115.65358683137526,117.42170715332031,1113228
2023-04-11,117.92422895405316,118.27785018734156,116.71446051939654,117.25420379638672,1117439
2023-04-12,117.2542073325469,118.5756419334465,117.03086797319928,117.47754669189453,786909
2023-04-13,117.51476874677371,118.55703090255952,116.8261349276844,117.17975616455078,858239
2023-04-14,117.32864794195709,117.793942382939,116.2305527772466,117.51476287841797,950961
2023-04-17,117.60782158937909,119.58067259592767,117.58921293546825,119.18982696533203,990593
2023-04-18,119.22704072828674,119.84123278652993,116.62139616862395,119.41316986083984,1388056
2023-04-19,119.20844330790347,119.95290306529073,118.79898192154467,119.59928894042969,691472
2023-04-20,119.17121420103155,120.67876369966905,119.17121420103155,120.30653381347656,797800
2023-04-21,120.2320789798717,120.60432304709698,118.31506818255406,118.48257446289062,1176469
2023-04-24,118.18479446980767,119.54346055959455,118.11034565122179,119.33872985839844,752850
2023-04-25,118.22499321336177,119.41422233262638,117.48880170117809,118.82904815673828,983955
2023-04-26,119.28208732065382,119.28208732065382,115.71438551448955,117.11126708984375,1661986
2023-04-27,117.01688996341308,119.39535553774378,116.77149037846597,118.48927307128906,911922
2023-04-28,118.86680367731594,119.99940490722656,117.58318510960231,119.99940490722656,986108
2023-05-02,119.77289124862176,120.15042740845078,117.84746331430675,118.31938171386719,1376322
2023-05-03,116.84699891976115,119.2443380590573,116.09192659811129,117.41329956054688,1103039
2023-05-04,116.0919166470204,117.79082562465496,113.65681617937844,115.24246215820312,1824927
2023-05-05,115.46898960206592,115.92203443032996,113.63795112338596,115.33685302734375,1284525
2023-05-08,115.62000925392815,115.67663715825323,114.16649970205607,114.44965362548828,551348
2023-05-09,114.1853737639386,114.7894287109375,113.35479281113787,114.7894287109375,850192
2023-05-10,114.82718969303062,115.99754532048456,114.77055458784984,114.86493682861328,891397
2023-05-11,115.18583495747785,116.3184361488313,113.33591583778575,114.50627136230469,712305
2023-05-12,114.80829841069699,115.90315246582031,114.77054407766832,115.90315246582031,672173
2023-05-15,116.26181494693907,116.4883337580781,115.52562341005984,116.14855194091797,463381
2023-05-16,116.26181744255838,119.64075491856858,116.14855443410603,119.14995574951172,1114225
2023-05-17,118.92343979770797,122.45339470333808,118.79130321844946,120.9998779296875,1100971
2023-05-18,122.26460735225801,123.85026059538588,121.03763108772344,121.56617736816406,720100
2023-05-19,122.03809610206595,122.73652608818975,121.58505848920105,121.9814682006836,847495
2023-05-22,121.60393292084167,122.1136128707009,120.32032146531668,120.9998779296875,932453
2023-05-23,120.3203144365806,120.84885352183552,118.84792418086417,119.18770599365234,822742
2023-05-24,117.67756624008285,117.71532057417903,116.29956544963564,116.84699249267578,856506
2023-05-25,117.52655227639221,118.33825248049627,116.71485927319131,117.5454330444336,766545
2023-05-26,118.31937146426232,118.71578115733666,116.46945236234596,118.62139892578125,811069
2023-05-29,118.92343724688959,119.28209263991215,117.90409177084231,118.2438735961914,376194
2023-05-30,117.9418340947528,118.33824378365142,116.63934203084192,117.45104217529297,716239
2023-05-31,116.28068148391903,117.94183613394722,115.58224432460712,115.65775299072266,1592919
2023-06-01,117.22452485322034,119.13107917575698,116.9602517077368,118.86680603027344,843556
2023-06-02,120.11266951111114,121.16976928710938,118.75354225638527,121.16976928710938,797789
2023-06-05,122.15135322863792,122.75540818627287,118.98006110060282,119.60299682617188,829586
2023-06-06,119.77288952754942,120.45245316529603,118.92343498036617,120.28256225585938,492369
2023-06-07,120.28255898892732,120.45244989374964,118.73466727872518,119.3387222290039,667437
2023-06-08,119.47085980357267,119.86726951785592,118.31937779464246,119.43310546875,563351
2023-06-09,119.01781845406293,121.73606583235964,119.01781845406293,121.20751953125,851317
2023-06-12,122.05698649787178,123.0951983759918,121.45291709732707,122.17024230957031,695111
2023-06-13,123.43497087946997,123.43497087946997,121.79268972498487,122.73652648925781,976831
2023-06-14,122.26460916399972,122.66103328201048,121.92482734985208,122.24574279785156,719672
2023-06-15,122.3967477598583,123.09519216765649,122.20798328261205,122.6043930053711,803285
2023-06-16,122.84978929830483,124.90734640768233,122.37787094457913,123.81249237060547,3299568
2023-06-19,124.90734988632435,126.45524155358085,124.05790258668328,124.09564971923828,951791
2023-06-20,124.0767851466576,125.20938636314594,123.37834076895031,124.60533142089844,966241
2023-06-21,124.85072656441497,125.71905466307481,122.15135283087855,122.49113464355469,928969
2023-06-22,122.038093553241,122.2268580211751,119.77288393351742,120.47132110595703,894149
2023-06-23,120.05603600462983,120.47132649374116,118.79129817092274,119.62187194824219,869812
2023-06-26,119.8295138069671,120.99986936941727,117.97959462731909,120.49020385742188,780915
2023-06-27,121.01875286553303,121.67943572998047,119.9805338495857,121.67943572998047,750877
2023-06-28,122.98192487129721,123.39721532352165,122.47224498836535,123.13294219970703,792919
2023-06-29,123.22732687050086,123.8691433655588,122.6421526793824,123.32171630859375,502642
2023-06-30,123.79363017752874,125.32264108654907,123.09518580582767,124.92623138427734,1180364
2023-07-03,125.34152897102766,126.28536576387906,124.28442196980563,125.171630859375,618059
2023-07-04,125.15276633253451,125.51141452586165,123.60487454557683,123.94465637207031,381847
2023-07-05,123.83137266643043,125.90781053456742,123.62372743943621,125.45477294921875,1082290
2023-07-06,125.13387695520414,125.17162408808136,121.90595702648693,122.20797729492188,1279842
2023-07-07,122.6987884917776,124.45432558011686,122.0569863571496,123.73701477050781,762810
2023-07-10,123.41608901815377,124.8318441520189,123.11406874520164,124.62419891357422,537935
2023-07-11,124.96398359089551,125.49254428385771,123.64261786300575,124.81298065185547,478959
2023-07-12,125.22824876158822,125.9644546508789,124.41656301029371,125.9644546508789,884804
2023-07-13,126.47412036939419,127.81436678240544,125.87006544519467,127.0404281616211,994209
2023-07-14,126.60626402384797,127.13481031189501,125.5491714477539,125.5491714477539,578126
2023-07-17,125.26601536160564,126.56851469297631,124.75633544854495,126.02108764648438,439349
2023-07-18,126.41750392789761,126.88942233025541,125.94558552553981,126.51187896728516,421988
2023-07-19,126.53076513352781,127.79550304936522,126.3986285513031,126.81391906738281,582038
2023-07-20,126.5685098020338,127.0404281616211,125.43589421757997,127.0404281616211,936229
2023-07-21,127.39909019329599,127.81438069923982,125.90782628640996,126.94605255126953,1173382
2023-07-24,126.4930092541314,128.77709253290115,125.64354751127576,128.7015838623047,697345
2023-07-25,128.60719337197068,130.96678530204224,124.0201460838393,125.5491714477539,1613325
2023-07-26,125.54917710875038,125.71906082250858,122.30237616228506,125.70018005371094,1217713
2023-07-27,124.11454231320447,124.49207128195148,121.66056081092782,123.64262390136719,1830283
2023-07-28,123.5104844976749,127.0781864574336,123.17070267284994,125.92670440673828,1153596
2023-07-31,126.07770941909985,126.85164803217133,125.56802953081387,126.45523834228516,905692
2023-08-01,126.66289231850372,127.02155490156434,124.35992828332625,124.39768981933594,1087533
2023-08-02,123.73701060135829,125.66243134217508,123.24621143142198,124.35993194580078,1075303
2023-08-03,123.34058433538307,123.8125027285888,121.79269258174052,123.0951919555664,1153460
2023-08-04,123.79363924897896,124.30330478873152,122.73653223031845,123.453857421875,882424
2023-08-07,123.47273511974981,124.1145372206473,122.67990127502073,123.75587463378906,594254
2023-08-08,123.18957321082733,123.81249450310222,121.79268449044008,123.17069244384766,823897
2023-08-09,124.26554983305019,125.30376161589405,123.90688725984286,124.28441619873047,648110
2023-08-10,124.77521625095326,125.32264329759784,123.60486789078057,124.62419891357422,1078710
2023-08-11,124.5487064371778,124.68084300883254,123.2273263188242,123.39722442626953,747868
2023-08-14,123.2273325129529,123.7181316902579,122.35900436960216,123.30284118652344,442983
2023-08-15,123.37834682205198,123.39722759043143,121.30190875631631,121.69831848144531,585685
2023-08-16,121.11314395786039,122.26461159344538,120.94324584650752,121.45291137695312,445722
2023-08-17,120.81109779678063,121.60391716963876,119.82950676307348,120.41468811035156,489903
2023-08-18,119.86726798179689,120.05603245258813,118.22499404302353,119.58411407470703,717897
2023-08-21,119.77288737370127,121.30190553113515,119.67850513702332,120.92436218261719,723824
2023-08-22,121.22640008460509,122.58552737179397,121.0942635095621,121.69831848144531,569900
2023-08-23,121.92482517649927,122.92530423496014,121.77382224097461,122.71765899658203,544424
2023-08-24,123.20844391214591,124.5109432452798,122.03809555071521,122.05697631835938,566409
2023-08-25,121.35853481915764,123.58599019453476,120.98099146632725,122.58552551269531,657395
2023-08-28,123.64261786300575,124.81298065185547,123.09519080379248,124.81298065185547,657688
2023-08-29,125.05836996279231,125.26601520091275,123.96351587121293,125.11499786376953,727895
2023-08-30,125.43589602529946,126.68176742543137,124.20891979413426,126.32310485839844,590311
2023-08-31,126.71951204454886,128.5316768073203,126.6062562474398,127.77661895751953,1310388
2023-09-01,127.41796092605551,127.9842687353381,126.22873180872911,126.34198760986328,704339
2023-09-04,126.49300951147804,127.92763105031085,126.30424503550597,126.64401245117188,356266
2023-09-05,126.03995129361239,127.24807556444269,125.07724819291835,126.56851196289062,536320
2023-09-06,125.75682047697798,127.28583148513334,125.26602130823667,126.4175033569336,627236
2023-09-07,126.28536152286809,129.49440075007186,126.02108838188923,128.75820922851562,869871
2023-09-08,128.8148512140432,128.94698779897993,126.19098588329354,127.83326721191406,839474
2023-09-11,128.34292262279192,128.36180339109055,125.02062749255848,126.15322875976562,1391017
2023-09-12,126.20985363141128,126.32310943486975,122.69877970613732,123.15181732177734,1333446
2023-09-13,123.11406652798284,123.75586859757632,121.62280275228504,123.1895751953125,842987
2023-09-14,122.69878025634299,123.3405823478938,121.8304521550533,123.07630920410156,1174269
2023-09-15,123.92577560342991,124.8696124101555,123.1895840463285,123.94465637207031,1987024
2023-09-18,124.02014506474124,124.11453450189097,122.4533869814208,122.73652648925781,537506
2023-09-19,122.17023578689758,123.0008167664946,121.81157319992496,122.01921844482422,553728
2023-09-20,122.20798381648865,123.07631193705991,121.60392884557794,122.35900115966797,637125
2023-09-21,121.07537407069108,121.33964720185188,118.47038269042969,118.47038269042969,1341077
2023-09-22,117.67757293341666,118.16836490277663,116.67710822612325,116.92250061035156,1211999
2023-09-25,116.8469953346691,117.67756910227767,115.2991036035922,116.05416870117188,1130558
2023-09-26,115.86539744150537,117.94183533937462,114.26087070142214,116.63934326171875,1064435
2023-09-27,116.58271415613643,117.18677631114618,115.97865920202975,117.03575897216797,828813
2023-09-28,117.22452565356872,119.6973806191539,116.9791332744604,119.62187194824219,1028866
2023-09-29,119.30096924609526,121.07537978252901,118.82905086078706,119.84839630126953,1177842
2023-10-02,120.79223098202522,121.2452757924802,118.43263909630815,118.50814056396484,769422
2023-10-03,117.60205694984901,118.64027592884204,116.99800200931114,117.33778381347656,834710
2023-10-04,116.97912915794804,117.88521157429403,116.33731987959008,116.60159301757812,647672
2023-10-05,117.18677240096724,117.28115463422783,116.05416399913173,116.58271026611328,589204
2023-10-06,116.65821668487426,117.35665383862587,115.48786117301157,117.3000259399414,766260
2023-10-09,117.01688156460283,117.30002826453912,115.65775436201955,116.16742706298828,830382
2023-10-10,116.94137878766975,118.67803501097293,116.6959792079758,118.5458984375,1003082
2023-10-11,118.84792770833926,119.33872687511297,117.67757209672267,119.2254638671875,932524
2023-10-12,120.66008968939647,120.90549646770637,118.65916033779644,118.69691467285156,899820
2023-10-13,118.79130129714265,119.01782011493592,114.97819972658958,115.11033630371094,1005491
2023-10-16,114.99707494350595,116.639356198543,114.22312903745188,116.0353012084961,758317
2023-10-17,117.33779191027585,120.24481101277517,117.28116400597503,120.15042877197266,1027384
2023-10-18,119.2443276490092,119.65961810975203,117.58318020784326,117.71531677246094,815763
2023-10-19,116.58271315587744,117.16789453804263,115.52562059571194,116.94137573242188,959153
2023-10-20,115.82765450432466,115.88428240864972,114.44965362548828,114.44965362548828,851264
2023-10-23,114.92157314587669,115.63888394396696,113.5246914847735,115.62001037597656,669839
2023-10-24,115.99754208822318,120.13154460605611,115.52562369665263,118.130615234375,1206138
2023-10-25,117.30003128986642,118.4892676227988,116.62046767104792,118.01734924316406,793698
2023-10-26,117.69644108208702,119.73513193995501,117.18677556852303,119.3387222290039,868191
2023-10-27,120.6600884125649,120.6978427472205,117.24340393661707,117.94184112548828,837215
2023-10-30,118.35713277809474,119.54636912836493,118.22499620594283,119.11219787597656,644996
2023-10-31,119.84839605225292,119.84839605225292,117.79083160854816,119.18770599365234,728586
2023-11-01,119.58411567711194,121.15088816910506,118.88567848474183,120.75447845458984,696140
2023-11-02,121.5661768423828,122.56664149771919,121.09425846520105,121.81156921386719,759922
2023-11-03,121.62280474335567,122.60438863109911,120.64121365470925,121.81156921386719,834704
2023-11-06,121.67943792892741,122.35900157372741,121.05650218755964,121.20751953125,723961
2023-11-07,121.0942629772924,122.11360843820353,120.56570947854038,121.94371032714844,681792
2023-11-08,121.83045103973382,123.34058121874955,121.20751532000936,123.05744171142578,986440
2023-11-09,121.86819178132124,122.07583701033818,118.98005374365617,120.67896270751953,1292803
2023-11-10,121.05649965468292,121.58506034654002,119.6407516921758,121.26414489746094,969359
2023-11-13,121.6794292047357,123.52935552778972,121.58505417305066,122.92530059814453,943879
2023-11-14,122.24574421186263,124.88849008560099,121.83045372290007,124.24667358398438,1071612
2023-11-15,124.11453666604523,124.68084449520599,123.47273456801561,123.83138275146484,850250
2023-11-16,124.54870824755585,124.86960929740951,123.6426185988913,124.07678985595703,762024
2023-11-17,124.39768368507826,124.86960204928431,123.45384695666614,124.83184051513672,1069193
2023-11-20,125.24714550139137,126.43638913423004,125.02063387746568,125.56804656982422,821385
2023-11-21,125.49253887266138,126.41749484230041,124.96397820249054,126.24759674072266,703963
2023-11-22,126.36086529537812,126.56851052693021,125.2093833392458,126.47412109375,743890
2023-11-23,126.43638645048198,128.02202539153367,126.13435175591579,127.02156066894531,695308
2023-11-24,127.13480829071287,127.92762771017922,127.05929962193426,127.09706115722656,713509
2023-11-27,127.19143545055404,127.3424527872311,126.09659576416014,126.09659576416016,725870
2023-11-28,126.15323055543567,127.34245974265974,125.92670453804726,127.00267791748047,895788
2023-11-29,126.927164874503,129.09799232718817,126.7761619365836,127.9465103149414,914186
2023-11-30,128.1730386725294,128.75821287242812,127.32357692236637,128.55056762695312,1604084
2023-12-01,129.41889206208208,130.53262692902138,129.23012759023987,130.32498168945312,1030736
2023-12-04,130.15507516976783,130.83463874591482,129.3245086669922,129.3245086669922,816260
2023-12-05,128.83370718633554,129.30562552767745,127.64447815080375,128.8903350830078,1169855
2023-12-06,129.06024028915397,131.4575792585277,128.38067668801696,130.53262329101562,1020974
2023-12-07,130.24948208233724,130.83465630630283,129.85307234334698,130.58926391601562,745169
2023-12-08,131.8351252517801,134.04371444218015,131.45759626976357,133.85494995117188,1014223
2023-12-11,134.06256137528698,134.94977019639754,133.94930557746193,134.30796813964844,1087430
2023-12-12,133.9493152024522,134.77989618433205,132.32591477521785,134.6666259765625,1127503
2023-12-13,134.96865096330353,135.38394142440256,134.30796813964844,134.30796813964844,801877
2023-12-14,134.77988921185883,135.89360965103108,131.72185299279664,132.1937713623047,1920121
2023-12-15,132.64680033188273,133.68502643795503,131.00453373002895,131.68409729003906,2828355
2023-12-18,131.49535593987025,131.70298679576265,130.81579226045432,131.3632049560547,950588
2023-12-19,131.4576026202712,132.2315557931433,131.17444866917631,132.02391052246094,908313
2023-12-20,132.21265317180345,132.28816183973663,129.9285699735961,130.13621520996094,948657
2023-12-21,129.30562906316746,131.0422851503563,129.11686460183043,130.74026489257812,914681
2023-12-22,130.92903319954036,132.28816040397527,130.57037063120183,131.6085968017578,550002
2023-12-27,131.91062272733294,132.15602950643168,131.21219272972888,131.5897216796875,489581
2023-12-28,131.98613086548764,132.30703191183915,131.627482685015,131.83511352539062,502781
2023-12-29,131.62748411286722,132.53355935966567,131.62748411286722,131.92950439453125,437768
2024-01-02,132.49582843090963,134.40236859673462,132.2504216201222,133.34527587890625,832401
2024-01-03,132.59019587364506,133.00548638948538,128.9469850780558,129.4566650390625,873134
2024-01-04,129.8530623972825,131.87287247560627,129.77755372871457,131.55197143554688,815848
2024-01-05,130.49486144839707,132.2881598811974,130.38160564907696,131.85398864746094,585324
2024-01-08,133.55290527030274,135.51608751415364,132.76008582619173,135.1574249267578,747456
2024-01-09,136.6298162858054,136.6486970551822,134.44012229773872,135.08192443847656,673117
2024-01-10,134.94977642376432,136.51654890773594,134.81763985293574,135.9502410888672,468643
2024-01-11,136.59205954872027,137.06397793732094,135.59159486917588,135.7992401123047,651259
2024-01-12,137.6114104208419,140.82044982910156,137.44151230530915,140.82044982910156,1485150
2024-01-15,140.2352723737897,140.48066475521725,139.6689645375028,139.70672607421875,642180
2024-01-16,139.31031545647065,140.23527147479027,138.46085370748588,139.366943359375,701781
2024-01-17,138.17771377039284,139.1026842840968,137.7435568696654,138.78176879882812,737603
2024-01-18,138.98938588448348,141.8020295920013,138.7439935295572,141.61325073242188,829239
2024-01-19,141.5755058907908,142.02854347713586,139.838849808297,140.48065185546875,763117
2024-01-22,141.55662283527005,142.1606777412313,140.9525679293088,141.61325073242188,671727
2024-01-23,142.04744302904282,142.36834409506676,138.9327786071808,139.68785095214844,1031495
2024-01-24,139.72558771766427,139.95211372488313,136.59205716106976,138.4986114501953,1061225
2024-01-25,139.72559390203472,140.65056433776388,138.85726577197184,140.14088439941406,605445
2024-01-26,140.2163866983435,141.00920611995403,139.91436642421826,140.8959503173828,796083
2024-01-29,141.19796766635898,141.7076331171924,140.480642599951,140.70716857910156,621659
2024-01-30,141.5755112015049,142.8968768786633,141.02808416330907,141.44337463378906,504504
2024-01-31,141.57552259028571,141.70765916863104,139.1593026423673,139.49908447265625,966380
2024-02-01,138.95165254656393,139.63121618345224,138.6496178626996,139.1215362548828,620148
2024-02-02,140.08424451572466,141.2546072353597,139.6878348208012,140.91482543945312,690848
2024-02-05,140.7638173867555,141.50000892611564,140.10313451833053,140.6883087158203,590174
2024-02-06,141.42449029197851,143.65194552132257,141.42449029197851,143.21778869628906,595116
2024-02-07,143.74634101384703,144.23714016013744,142.21731567382812,142.21731567382812,539351
2024-02-08,142.9535106739644,143.4442953809578,141.5755027768093,142.84024047851562,599243
2024-02-09,143.1611544054348,143.63307279058213,138.64961579557055,142.06631469726562,1188882
2024-02-12,142.04744632535997,142.33060026151952,140.15977262003958,141.53778076171875,603914
2024-02-13,140.78269926339192,141.0280916445086,138.93277281543027,140.53729248046875,762626
2024-02-14,140.55615465721525,143.59530987571128,140.3485094384257,141.82089233398438,737958
2024-02-15,138.6496188976455,142.5759834063514,138.19658127027373,140.53729248046875,1571189
2024-02-16,140.32965322090192,140.74494373112904,136.83745982405765,138.12107849121094,1571303
2024-02-19,137.347130199848,138.00781305558587,135.79923847991665,136.19564819335938,745823
2024-02-20,135.7992276440428,137.32823847414642,135.61044878449002,136.81857299804688,958711
2024-02-21,137.6869258136608,137.6869258136608,136.6109523687995,137.6680450439453,773132
2024-02-22,138.3853345752014,139.57457805351874,137.6302767244794,139.00827026367188,1003076
2024-02-23,139.17818230313077,139.97100176689057,138.27209262897188,139.6501007080078,770288
2024-02-26,139.14041956101525,139.87661111410475,138.87614640871678,139.06491088867188,637444
2024-02-27,139.48020569723715,140.4995512026724,139.04604882010057,139.68785095214844,694053
2024-02-28,140.15976439405475,145.12434076302543,139.83886333941777,145.0865936279297,1324901
2024-02-29,144.78455969602933,145.42637621046157,143.5953305099137,144.35040283203125,1661200
2024-03-01,145.3508640799167,145.46411988490746,143.68971653222508,144.06724548339844,726414
2024-03-04,143.9539828373641,147.10639407545096,143.74633760354465,146.6344757080078,762008
2024-03-05,147.2385335643487,149.06957917065583,147.21965279677067,148.72979736328125,783685
2024-03-06,149.9756587569145,150.37208287856834,147.86147358439462,149.3527374267578,721324
2024-03-07,148.82417730275657,149.74914772108883,147.93698282263134,149.44711303710938,866530
2024-03-08,149.0695750118503,149.371595275643,147.61605838681868,149.18283081054688,642004
2024-03-11,148.91856255792104,149.44710883822856,147.72933342722905,147.9936065673828,590487
2024-03-12,148.4089098894568,149.23947651533388,146.65337279118316,149.126220703125,741099
2024-03-13,149.48487273328544,150.90062789294615,148.89968414073078,150.33432006835938,794822
2024-03-14,151.01388639243538,152.80717053262296,151.01388639243538,151.35366821289062,785867
2024-03-15,151.73119244564367,154.27956322064531,151.4291721711983,153.61886596679688,1954259
2024-03-18,153.18471144609305,154.94024842347315,153.14694991008568,154.05303955078125,717220
2024-03-19,155.73305088013961,157.9982531322198,155.657542218163,156.84677124023438,1160132
2024-03-20,156.80903574503967,159.0931189325392,156.50701547652858,158.62120056152344,778673
2024-03-21,160.45224778722778,160.75428246063527,158.65896371973994,159.79156494140625,860478
2024-03-22,160.32011724519074,161.28283480061248,159.82931808335525,160.3578643798828,820072
2024-03-25,160.39563751912135,161.03743966795838,159.96146622881997,160.56552124023438,794259
2024-03-26,160.5654905692642,161.49046088021822,160.0935722316853,161.05628967285156,742568
2024-03-27,161.49046872445908,163.07610750287873,161.20731482779686,161.96238708496094,842082
2024-03-28,161.60372377825064,162.67969705916803,160.8675322914022,161.13180541992188,969451
2024-04-02,160.94305117865767,161.49047823730353,157.09219540190526,157.77175903320312,1383719
2024-04-03,157.2054454484762,158.62120056152344,156.77128861215294,158.62120056152344,879615
2024-04-04,158.5645873463435,159.56505208126345,158.1115497007171,158.52684020996094,556088
2024-04-05,157.16769523211133,158.60231668255315,155.9595853781574,158.5834503173828,992965
2024-04-08,158.9232376145192,161.60373054564292,158.9232376145192,160.9619140625,704242
2024-04-09,160.45224873495107,160.5466381713999,155.129010000052,155.4310302734375,968152
2024-04-10,155.44990955489212,155.86520002840697,153.5622360584106,154.9968719482422,860292
2024-04-11,155.18563292542922,156.33711488451593,152.41075064375488,153.14694213867188,1329030
2024-04-12,154.5060793912107,155.99734324520074,153.31685022239628,153.75100708007812,869468
2024-04-15,154.95911002672017,156.14835354369242,153.73213377851283,154.4116973876953,747423
2024-04-16,152.85605416659547,153.2593812065158,150.6474408053635,152.68321228027344,962480
2024-04-17,152.54876345038903,155.1414941201089,152.20306505092083,153.5474395751953,686238
2024-04-18,154.81500199564556,155.17990992422472,152.587164656548,154.27725219726562,779681
2024-04-19,151.95340733383716,154.50771905857025,151.31962446080345,153.681884765625,1027924
2024-04-22,153.72030545206366,155.14150355740324,153.14413653370704,155.02627563476562,663910
2024-04-23,154.9878511549618,156.54350131925102,154.25804991606196,156.2554168701172,777110
2024-04-24,156.02494919251458,158.1951727162001,155.7560742758324,155.77528381347656,882510
2024-04-25,155.56403180473677,155.62164576839902,150.74346325966872,152.2222900390625,1103569
2024-04-26,151.72293979141722,152.0878477531603,147.61297778446408,150.82028198242188,1451375
2024-04-29,151.24280052328155,151.6269033619896,147.977882436511,149.70635986328125,931973
2024-04-30,149.87920973754828,150.78186748624458,148.515625672367,148.53482055664062,980418
2024-05-02,148.38118863501288,148.41959305625107,147.05600898725166,147.47853088378906,1064174
2024-05-03,147.9970825413438,149.3414718294053,147.36331430038155,148.20834350585938,698663
2024-05-06,148.47720995400007,150.6858378598014,148.26594900154876,150.43617248535156,644331
2024-05-07,151.64612449083143,152.68321981771481,150.83949967633941,152.5487823486328,1009859
2024-05-08,153.41300081696568,156.351444513726,153.2017398717231,155.10308837890625,996224
2024-05-09,154.891847716584,155.98655700683594,154.1620317546926,155.98655700683594,534533
2024-05-10,156.409072060239,156.8699984114586,153.432223684155,153.48983764648438,1091006
2024-05-13,153.20174093143035,153.5474393303473,150.49378235040035,151.6845245361328,800257
2024-05-14,151.4540641147609,152.39512634277344,150.80107169449812,152.39512634277344,660035
2024-05-15,153.18255206109754,153.9123533085367,152.60638315608813,153.6434783935547,596561
2024-05-16,153.3553976352371,153.52825417193742,151.72293856849797,152.64480590820312,486353
2024-05-17,151.838166491242,153.02890875240612,151.56929156978305,152.64480590820312,650935
2024-05-20,152.99050698374953,155.00706892968356,152.62559901861573,154.546142578125,423939
2024-05-21,154.83423368465156,155.44880706395514,152.85606142532632,154.9302520751953,586277
2024-05-22,155.56402860204943,156.00576006867394,154.008393004856,154.027587890625,484633
2024-05-23,154.12360887015515,155.4295789769028,153.5858590590091,154.87261962890625,659453
2024-05-24,153.93155964541978,154.0467875629922,152.1262441230059,152.79843139648438,880872
2024-05-27,152.68320751483367,153.12493896484375,151.9534062632779,153.12493896484375,449470
2024-05-28,153.35540048224797,154.12362083750008,151.47327599709405,152.1646728515625,541144
2024-05-29,151.5692906295793,151.8381655493704,150.09047857072835,150.51300048828125,699281
2024-05-30,149.93682511403145,153.70108848153495,149.80238765992715,152.77923583984375,720517
2024-05-31,153.00969702547306,153.39381451676516,148.28516177696062,149.70635986328125,1980687
2024-06-03,150.93550414355232,151.47326862285777,148.55403434553497,149.1302032470703,824743
2024-06-04,148.4964235178228,149.61034226957332,146.23018159128185,146.5374755859375,1307181
2024-06-05,147.38250584567265,148.18914526126045,146.61428550599032,147.09442138671875,1013855
2024-06-06,147.67057906032687,148.2467479343626,146.5566603852355,147.42091369628906,759232
2024-06-07,146.92158691406252,147.0560243813445,142.83083427883685,144.040771484375,1351369
2024-06-10,142.0049857307061,143.522216796875,140.77583910920433,143.522216796875,1097412
2024-06-11,144.04076470269098,144.63612850796846,141.27517733157234,142.60035705566406,975649
2024-06-12,143.36857927508274,143.96394308815545,142.2546604968436,143.4261932373047,768246
2024-06-13,143.08048058695894,143.36856502201303,140.0076141357422,140.0076141357422,1381745
2024-06-14,139.81557529966057,140.02683626085425,136.1089256886046,138.10629272460938,1550146
2024-06-17,139.0665519903096,140.0076141357422,137.1652035105023,140.0076141357422,1150087
2024-06-18,141.81293642558836,142.50433331346662,140.44935218910217,142.23545837402344,1115394
2024-06-19,142.60035665381795,142.86923157496523,141.75531281444987,142.06260681152344,563567
2024-06-20,142.42751409720046,143.04208743586065,141.87055471957333,142.8500213623047,825723
2024-06-21,142.96526952760905,143.17653049471463,141.678494186352,142.67718505859375,1930361
2024-06-24,142.65797121700103,143.46459598384598,142.12022137243773,142.86923217773438,901064
2024-06-25,129.63669126322804,131.40358783493616,124.79692790320476,129.42543029785156,8026551
2024-06-26,129.7711319555545,131.9221460871768,123.97109666411255,125.77639770507812,3087889
2024-06-27,126.7558756090989,127.21680196313555,124.72010411390104,125.44990539550781,1535124
2024-06-28,125.43069355605529,125.43069355605529,122.47306208074966,123.1644515991211,2179598
2024-07-01,126.12209466772978,127.42806490154686,125.21943683151409,126.4101791381836,1469971
2024-07-02,124.83533224079729,126.85190885341325,124.68168523834214,126.6406478881836,1263918
2024-07-03,127.29362336817444,130.69299363625416,126.89031098346037,130.4433135986328,1542202
2024-07-04,131.46119885450366,131.82610681427224,129.96317724452535,130.6929931640625,747860
2024-07-05,131.55722628175283,132.65193546178963,130.7506015496381,130.86582946777344,932154
2024-07-08,130.0976214190418,131.80690407787085,129.63669505047503,130.2896728515625,780603
2024-07-09,130.15522102155464,130.2128496322784,126.60221862792969,126.60221862792969,1305788
2024-07-10,126.64064256342986,128.9260793553715,125.81480827568745,128.0042266845703,781693
2024-07-11,128.1386740828505,128.33072551644986,126.71747589111328,126.71747589111328,1040015
2024-07-12,127.58169278534493,128.25388001393927,126.54459763869254,128.06182861328125,1256030
2024-07-15,127.71614074707031,128.8492543610597,127.17839091991712,127.71614074707031,816752
2024-07-16,127.58170329028202,128.0234347354915,126.71746458986921,127.71614074707031,724663
2024-07-17,127.81218398729216,128.13867288662163,126.10290133482023,126.83270263671875,1252265
2024-07-18,127.71615336528103,128.10025623617256,125.68038177490234,125.68038177490234,1113222
2024-07-19,126.19891193054839,127.48567256202644,125.60354813294178,126.5638198852539,1217957
2024-07-22,127.10156583446386,128.06183755740403,126.35255506277721,127.29361724853516,668506
2024-07-23,127.06317196240221,127.69694021619924,125.3922937508276,126.94792938232422,866254
2024-07-24,126.21812379361985,126.9671346020155,125.1618189855827,125.4114990234375,1169633
2024-07-25,124.41280893705611,124.41280893705611,121.62802664807244,123.83665466308594,1769178
2024-07-26,123.68300776273898,125.75719831691826,123.24127629834388,125.69956970214844,1307519
2024-07-29,126.5446143489649,127.27441562886895,124.47042378176234,125.04659271240234,980772
2024-07-30,125.56512844508548,128.27310180664062,124.95055511270604,128.27310180664062,1000725
2024-07-31,134.43804736787536,137.53012362954325,132.44068033438538,134.39964294433594,2747098
2024-08-01,133.36254855870072,133.842684445329,128.59959411621094,128.59959411621094,1328651
2024-08-02,127.44726567031283,129.90555896419923,126.58302697100659,126.65983581542969,1337471
2024-08-05,123.91345703840555,126.04526144168715,123.29888372005487,125.31546020507812,1661849
2024-08-06,126.98634902504887,128.7340360943406,126.04527210438374,127.75455474853516,1599840
2024-08-07,127.63932934608927,130.75061533707665,127.46648745066037,130.5777587890625,1331096
2024-08-08,128.73403130367726,129.67509353673708,127.8505830324764,129.11814880371094,897446
2024-08-09,129.29100018762486,130.50093743330385,128.54198932326375,129.02212524414062,568947
2024-08-12,129.38701493202365,129.88634566924753,128.0618352890127,128.44593811035156,521011
2024-08-13,129.42543637931743,129.54066431036088,128.29232265049578,129.00291442871094,451388
2024-08-14,129.92476924986263,129.92476924986263,128.8300600532309,129.31019592285156,545779
2024-08-15,129.61747815469906,131.48040771484375,128.54197847155746,131.48040771484375,679925
2024-08-16,131.96055171597493,132.15260314941406,130.8850519666476,132.15260314941406,787722
2024-08-19,131.46119551851424,133.05525012563876,130.63536123492068,133.016845703125,521201
2024-08-20,133.47778478693837,133.9195162772557,132.9784393310547,132.9784393310547,838481
2024-08-21,132.82479596722916,133.5738067626953,132.5559063958923,133.5738067626953,582196
2024-08-22,133.765845910463,134.39962872619822,133.11285355869813,133.36253356933594,479863
2024-08-23,133.82347461565578,135.49435277241324,133.74665111565247,135.20626831054688,1044758
2024-08-26,135.26387046108698,135.89765329133385,134.5724736740146,135.53274536132812,366350
2024-08-27,135.7632309336842,136.3778042957822,135.20627153481655,135.26388549804688,676234
2024-08-28,135.7056169704539,136.8579401928145,135.18706199621153,135.26388549804688,696436
2024-08-29,135.37911195135513,136.39699769757377,134.78374813434075,134.97579956054688,759692
2024-08-30,134.57248273387128,135.35991260372063,133.304931640625,133.304931640625,1306668
2024-09-02,133.32412773705113,133.59300265783654,130.73139691371526,131.48040771484375,841412
2024-09-03,131.36516967878504,132.21019879937413,128.73401998214274,129.1949462890625,1125541
2024-09-04,126.83269418519657,128.9837081748166,126.77508022475226,128.27310180664062,1069060
2024-09-05,127.54329792210805,127.90819121492218,125.73798238498227,126.5062026977539,1107690
2024-09-06,126.00685928115833,127.02474498426425,123.24127197265625,123.24127197265625,1524619
2024-09-09,124.08631049713104,125.44989455557845,123.45252765722942,124.60485076904297,1029445
2024-09-10,124.54724427004989,126.10289448411493,124.18235096521644,125.25785064697266,948445
2024-09-11,125.37308160189222,126.02607403345654,123.70221807768841,125.04659271240234,1099145
2024-09-12,125.71877452742181,126.33334785533366,123.79823104612436,125.35386657714844,1143348
2024-09-13,125.50751161970327,125.73798210880365,124.4320119757355,125.31546020507812,1022194
2024-09-16,124.54724100225167,125.71877369024848,124.23996166663392,124.27836608886719,737384
2024-09-17,124.83532694296069,125.85321264900523,123.72140820131104,124.56645202636719,986925
2024-09-18,124.35518906104156,125.18102333511786,123.4717408275666,123.6061782836914,970965
2024-09-19,125.06579013973001,128.19627057317882,124.50883080140173,128.13865661621094,1214582
2024-09-20,128.29231192781359,128.58038173134537,125.5651290161786,125.64195251464844,2148326
2024-09-23,126.27574504531266,127.81218582705017,125.71878562824743,127.65853881835938,981964
2024-09-24,129.15654786065375,129.57906976684177,128.34992312297683,129.5598602294922,831978
2024-09-25,128.54198750674948,128.8684764117114,127.77376711368561,128.1962890625,1063446
2024-09-26,129.31020844827395,130.02080022648911,128.23469403238872,129.00291442871094,1010118
2024-09-27,128.56119978193314,129.2717915722564,127.21681040231525,128.5035858154297,1622578
2024-09-30,128.13867101798735,128.21549452010663,126.00686645507812,126.00686645507812,1416305
2024-10-01,126.41017908571531,127.63932581672888,123.18366525365848,123.62539672851562,1423798
2024-10-02,123.58697607600574,124.12472593239758,122.14656839527704,122.281005859375,1861096
2024-10-03,122.22338688185877,122.70352275573552,120.72536529977675,121.53199005126953,1739994
2024-10-04,121.26312293381748,122.47306746517297,120.5717260587572,121.80087280273438,1519047
2024-10-07,122.51147225581907,122.91478463459123,120.6677522446103,122.338623046875,859831
2024-10-08,121.35913623491116,121.87768383816082,119.76508900384742,121.32072448730469,1118793
2024-10-09,121.41676527571016,122.37703704833984,120.18761857895093,122.37703704833984,1308104
2024-10-10,121.05185230530283,123.79823004750796,120.97503613465247,122.81875610351562,892814
2024-10-11,122.66510503969342,128.15786766814975,121.24390702487517,127.63931274414062,2374608
2024-10-14,128.1770774211315,129.94398869197695,126.85191228372868,129.75192260742188,1002500
2024-10-15,130.59697137302246,131.6916806940164,129.9439935493984,130.3665008544922,1876035
2024-10-16,129.82873209730232,131.36517269239272,129.36780577980858,130.5585479736328,1367862
2024-10-17,132.15259370363324,136.80032011513492,131.90292832326602,135.6864013671875,1678933
2024-10-18,135.12945228001067,135.6287977313421,134.01553344726562,134.01553344726562,1361131
2024-10-21,133.47777419497356,134.3804319907775,132.6903443211585,133.32412719726562,901298
2024-10-22,132.7095499202158,136.6466698672696,132.09497660020867,135.6287841796875,1597799
2024-10-23,134.8029612668809,136.03210801047345,134.47645771578215,135.5711669921875,953149
2024-10-24,135.97449081200938,136.41620762829538,135.24467487670873,135.5135498046875,871044
2024-10-25,134.86056713469145,135.6671918893888,134.39964079666214,134.8989715576172,715481
2024-10-28,135.32150647061434,136.07051733657497,133.01685990651782,134.3228302001953,974153
2024-10-29,135.72481343118247,136.4738242670363,133.45857138479315,134.76454162597656,1120187
2024-10-30,134.47643953272308,134.84134745971264,131.96053242158368,134.18836975097656,1013455
2024-10-31,139.2394017501012,139.2394017501012,134.59169006347656,134.59169006347656,1995324
2024-11-01,133.82345826634935,137.35725091927006,133.5929877944961,135.97447204589844,1058909
2024-11-04,135.3214824645937,136.012879241686,134.32280637133974,134.7069091796875,752966
2024-11-05,134.93740416529982,136.64668688230012,134.34202565586276,136.18576049804688,817551
2024-11-06,137.08838750061847,140.04602620028948,135.55196151743579,136.70428466796875,1363721
2024-11-07,137.04998897574202,139.48907283844915,135.74401877491886,138.66323852539062,1091627
2024-11-08,138.8168762735843,139.14336513888264,135.6479766950364,136.64666748046875,1541520
2024-11-11,137.97184052948046,139.87318917910585,137.7605942209953,139.70033264160156,1013673
2024-11-12,138.221529103269,139.50828983464677,134.55328369140625,134.55328369140625,1451643
2024-11-13,133.57381715833418,134.687721343037,132.13340941609155,132.95924377441406,1381466
2024-11-14,133.5546022030909,134.63010191819072,132.7287678782579,133.4009552001953,1072031
2024-11-15,132.42147074191573,133.4585660080662,131.30756662871795,132.555908203125,1155402
2024-11-18,131.67245713859106,133.1704787181185,131.36517779917764,133.03604125976562,795303
2024-11-19,132.8247850487545,132.86318946859762,129.73270908468874,131.806884765625,954743
2024-11-20,132.88241606021194,134.1691767525644,131.9029347237925,132.36386108398438,919355
2024-11-21,132.0949715745425,134.47644126739212,131.13469988277924,133.95790100097656,1050455
2024-11-22,134.3420245025617,134.45726708707488,131.90294047705075,132.45989990234375,855963
2024-11-25,133.93870270394027,134.86057005252852,132.74797508388664,132.82479858398438,1574297
2024-11-26,131.82610917261619,132.17180760053293,130.73139992631064,131.26914978027344,1007090
2024-11-27,130.92344754446663,135.01421459793264,129.90556182870148,133.84268188476562,1653296
2024-11-28,135.20626447987158,139.73874828356236,135.11023144444215,139.37384033203125,1312109
2024-11-29,139.25860914577603,141.87054940029623,139.1625761125987,141.69769287109375,1656440
2024-12-02,140.69902815863182,144.59772931999893,140.62220465636537,144.5401153564453,1799001
2024-12-03,144.73216152795084,146.46065363469077,144.54011010555402,146.0381317138672,1313090
2024-12-04,146.44144056344527,148.09310913085938,146.24938914568213,148.09310913085938,1357767
2024-12-05,146.92158419112266,148.3427823407052,146.13415428836095,147.44012451171875,1090596
2024-12-06,149.95604509809795,150.53219937614818,148.36199042224834,148.9957733154297,1232135
2024-12-09,150.01365206189925,151.281203136541,148.80371494711616,150.72425842285156,1091176
2024-12-10,150.83948963739016,151.06996013444282,149.64874738149436,149.99444580078125,1411830
2024-12-11,149.99444835518545,150.64744078166302,149.2262280045113,150.03286743164062,931725
2024-12-12,150.1480841909108,153.5474395751953,150.1480841909108,153.5474395751953,1077016
2024-12-13,152.7984315738728,154.45010010638518,152.5103617796073,153.854736328125,1388272
2024-12-16,153.24016957985748,153.77791942230994,151.31962605533627,151.5885009765625,1254312
2024-12-17,153.3746139455289,154.56535625927063,152.10704812903754,152.24148559570312,1519491
2024-12-18,151.91499942899543,153.62428210128883,151.91499942899543,152.5487823486328,1005190
2024-12-19,151.70373114189027,152.7792454952791,150.30174255371094,150.30174255371094,1388581
2024-12-20,149.418289238378,150.14809048894122,146.78713938469505,148.630859375,2249485
2024-12-23,148.18913939605233,148.55403268720647,147.0752206802302,147.7858123779297,968295
2024-12-24,147.6129747965405,148.55403701018338,147.5553608358703,147.59376525878906,187550
2024-12-27,147.88184706213295,149.1302032470703,147.3056781605976,149.1302032470703,773490
2024-12-30,148.13150731006178,149.5527199772937,147.90105147949265,148.2467498779297,753659
2024-12-31,147.13283779866373,148.82291079329727,147.07522383843295,148.630859375,278864
2025-01-02,149.51431449974825,154.12362201385716,149.43749099837822,153.77792358398438,1636969
2025-01-03,152.97128878224785,153.12493577492742,151.76133703062578,152.27989196777344,1040083
2025-01-06,152.31830918247692,153.29779052734375,149.59114076999313,153.29779052734375,1345018
2025-01-07,153.2785731206929,153.8163229600492,151.01233118870263,152.10704040527344,1585470
2025-01-08,151.79975610508754,153.41300557047202,151.3388297796325,152.27989196777344,1077965
2025-01-09,151.74215347338395,153.14414209163704,150.35935974121094,150.35935974121094,874104
2025-01-10,152.10703979485993,153.20174900703762,150.6858417033239,151.3004150390625,1064221
2025-01-13,150.83949357703133,151.1467729285429,148.1507296515283,149.2646484375,1118878
2025-01-14,150.01365836791751,151.33883811070743,149.1302100902524,149.78318786621094,960941
2025-01-15,149.8023853446047,151.0507414863264,148.2467498779297,148.2467498779297,1796913
2025-01-16,149.84079319884376,151.85736967802998,148.89973101309587,150.9547119140625,1009475
2025-01-17,151.68452793063506,155.0454789637589,151.55009047541344,154.39248657226562,1666035
2025-01-20,154.3540909712114,157.84947965930527,154.25805793231504,156.9276123046875,1146737
2025-01-21,156.5242934774331,156.9852198094898,155.21832332611928,156.8123779296875,974763
2025-01-22,156.8892115727457,158.57928466796875,156.14020073999805,158.57928466796875,1057154
2025-01-23,159.40511177662435,160.1541225754162,157.73423364331256,160.0388946533203,870632
2025-01-24,160.3653736553671,160.82629996794066,159.6355724394104,160.40377807617188,716160
2025-01-27,159.55875883957674,160.78790551771536,157.04283686964385,159.25146484375,989379
2025-01-28,158.59849467123408,160.78791321222974,158.40644324094382,160.17333984375,794920
2025-01-29,159.86603556463453,161.3640571382958,159.50114226629648,160.00047302246094,717277
2025-01-30,160.40379983891083,160.6918843180738,159.34750961876028,159.71241760253906,1001567
2025-01-31,160.36537816086664,162.34353557101244,159.80841880175836,160.48060607910156,1321658
2025-02-03,157.04283238376033,160.15411806600434,156.35145021806767,159.96206665039062,1487261
2025-02-04,160.9991768637941,161.4408936955628,158.52167380979196,159.42433166503906,717977
2025-02-05,158.44483769273936,160.26934814453125,158.21436719934695,160.26934814453125,815149
2025-02-06,160.71107398151756,161.42168032189102,159.5971552812295,161.2296142578125,806730
2025-02-07,161.49849609160282,161.63294820325822,159.75080912367568,160.28855895996094,887988
2025-02-10,159.8276310899886,161.21042474294345,159.6547745570773,160.78790283203125,785898
2025-02-11,161.19121823782666,161.34486523606415,159.50114521496698,160.57664489746094,699736
2025-02-12,161.6329446320882,163.15016107126374,161.01835665838783,163.13096618652344,775257
2025-02-13,163.24619928402723,164.12964754537185,161.92101956571815,163.22698974609375,1234015
2025-02-14,161.5369124971127,163.09254801959455,161.13360012656494,161.8249969482422,1054827
2025-02-17,161.9978415350801,164.82104282868653,161.6713526562154,163.72633361816406,1214483
2025-02-18,165.16674240200504,167.08728591830743,164.76343002189165,166.12701416015625,1260936
2025-02-19,165.64688115750002,166.5687485084702,162.11308805938054,162.2091064453125,1349752
2025-02-20,160.59585804554956,161.70976217635112,156.73556138041326,158.52166748046875,1911043
2025-02-21,156.52429361343385,157.63821234840725,153.39381301609538,153.6434783935547,1839648
2025-02-24,154.85341176912098,158.27199138894204,154.37327591074305,157.81105041503906,1166045
2025-02-25,158.15675117089867,159.82762925782922,156.94681406472512,157.58059692382812,1111791
2025-02-26,158.4448418745174,161.55612768080195,158.21437137504228,160.86473083496094,1066473
2025-02-27,160.80712228004833,161.07599721218415,156.63953152677323,158.57928466796875,1237293
2025-02-28,158.21437707239062,159.71241339404713,158.07993960600174,159.11703491210938,2890885
2025-03-03,161.32565569564605,170.25618599502903,160.40378835881958,167.4521942138672,3087355
2025-03-04,167.54822094134846,167.7018679472344,161.2296306869929,162.03627014160156,1762947
2025-03-05,166.12701718843695,167.35616388906948,164.95548444993022,165.91575622558594,1467081
2025-03-06,168.04756093905124,168.04756093905124,161.67135692723863,166.18463134765625,1459640
2025-03-07,167.81707941441013,167.81707941441013,161.84418818287813,162.82366943359375,1382893
2025-03-10,163.80316021548862,164.82104594684373,156.6011219435409,156.6395263671875,1971321
2025-03-11,158.52165894892548,158.8289382831862,155.10309393449108,156.5242919921875,1320618
2025-03-12,158.31039816448433,161.22961777969297,157.0428324462783,157.58059692382812,1606967
2025-03-13,158.42562855759394,158.4832425179424,155.77528381347656,155.77528381347656,1199586
2025-03-14,155.60243213465756,162.65083810640536,155.25673370919696,162.4779815673828,1467306
2025-03-17,163.15016017764725,165.01308966811737,162.65082943062632,164.4369354248047,1081848
2025-03-18,165.16673580407638,165.3587872175179,163.11175490982666,164.95547485351562,1300826
2025-03-19,164.7826523514192,165.5316632087141,163.24621155807375,164.49456787109375,1076817
2025-03-20,163.80315092400454,164.24486770751437,158.77132186182956,160.71107482910156,1092316
2025-03-21,159.50115874935796,160.8263239269959,158.3296259304097,160.0196990966797,2190245
2025-03-24,161.61374015668764,162.55480237886988,159.5779540615015,160.57664489746094,728663
2025-03-25,160.71109019039852,165.4740447998047,160.57665272353466,165.4740447998047,960604
2025-03-26,164.70581686769341,164.84025432838982,162.59322191992823,163.76473999023438,819111
2025-03-27,161.3640656108899,162.9005063403649,159.63558810596143,161.9978485107422,967418
2025-03-28,160.53821811604615,161.3064384177761,158.75212679445553,159.65476989746094,996791
2025-03-31,158.13754451883855,158.42562897392193,155.17992042756234,156.3130340576172,1228522
2025-04-01,157.0620473270041,161.38327026367188,156.67794448255626,161.38327026367188,1195927
2025-04-02,160.36539566665033,161.0567925567014,154.37329417040286,156.27464294433594,1375077
2025-04-03,149.78317920387983,152.894464860355,147.5937608483326,151.7421417236328,1962518
2025-04-04,150.89709107819334,151.03152852717338,138.98972811755618,141.06390380859375,2910456
2025-04-07,126.96712713361912,144.04075702777087,121.37834605399328,131.36517333984375,3896651
2025-04-08,133.8618786450397,137.26124891039726,132.51750403040268,134.66851806640625,2026118
2025-04-09,130.57775779362774,132.53672050906627,126.29495368801696,128.1770782470703,2103551
2025-04-10,144.23281950438786,144.30964300567268,133.66982984537353,133.9195098876953,2556537
2025-04-11,135.97447962459455,136.05128846691073,128.06183548093753,129.5022430419922,1972263
2025-04-14,133.76586658776378,134.28440692005861,131.864532499236,133.72744750976562,1621814
2025-04-15,133.47776876536543,135.89765759678465,132.97842336941906,135.3406982421875,1815889
2025-04-16,134.6108883763945,134.9373919109837,133.05525281294862,134.91818237304688,1490715
2025-04-17,135.05262538024834,135.26388634847757,130.0016009866421,131.0386962890625,1563744
2025-04-22,131.39215622427517,131.39215622427517,129.50697695030928,130.64593505859375,1951154
2025-04-23,133.04167537639776,138.93281967350762,132.74711516515134,136.32107543945312,1840997
2025-04-24,136.32106596922662,136.77272692602153,134.33772498065642,134.7697296142578,1392522
2025-04-25,136.96909948838564,139.01136456174586,136.37997908920232,138.0491485595703,1438906
2025-04-28,140.07177335713203,143.33153197341375,139.83612219927443,141.70166015625,1559982
2025-04-29,142.44786215797282,143.46898718139803,140.89652579045946,141.36781311035156,1152085
2025-04-30,141.36781668839714,144.8632264481445,141.24999860093055,144.47048950195312,1978356
2025-05-02,150.10635553228647,152.63954927742734,148.53537778923732,152.14862060546875,2677637
2025-05-05,152.77701562101234,155.97786531354993,152.58063215777725,155.40838623046875,1002487
2025-05-06,156.11532552684173,156.31169400910088,150.69546852115118,153.7981414794922,1209920
2025-05-07,154.03378762251072,154.2497974405356,150.97038246777353,151.7755126953125,1225512
2025-05-08,153.01265040460373,155.7422127206826,152.65918114875407,155.50657653808594,1162025
2025-05-09,156.23313124706485,156.68479220425138,155.15309718919445,155.5654754638672,954528
2025-05-12,155.93859305435598,156.6455165699214,151.6576943669103,155.70294189453125,1268535
2025-05-13,155.52620390790813,158.17723083496094,155.2709263811203,158.17723083496094,850760
2025-05-14,158.64851202916347,158.96269858979144,155.34947074182202,156.6062469482422,936741
2025-05-15,156.15458723109188,156.8026166814093,155.50657276272872,156.33132934570312,900253
2025-05-16,156.56697718451574,158.58960089690052,155.84039736332878,157.33282470703125,1191755
2025-05-19,156.21351877727267,159.21800003270883,155.58513063876285,158.96270751953125,950735
2025-05-20,159.68928222819133,159.76783261570984,158.49141503695475,158.90379333496094,664330
2025-05-21,157.92193824095432,159.96420340001853,157.8630291949547,159.15908813476562,723400
2025-05-22,157.74519941128221,159.04124327307892,157.07752864821134,158.3343048095703,613492
2025-05-23,158.3146874194556,159.7481907869283,151.2845850684788,154.4461669921875,1355434
2025-05-26,157.41137837380754,158.51105381738384,157.19536855711158,157.3131866455078,556583
2025-05-27,157.54884094002756,160.29802960368684,157.54884094002756,159.25726318359375,723948
2025-05-28,159.551815122951,162.75266460514501,158.9234270349757,159.39471435546875,1337656
2025-05-29,161.9279170444799,162.39920439115465,159.53218264412166,159.61073303222656,611176
2025-05-30,159.59109608985457,160.98534678971464,159.1394500732422,159.1394500732422,1136818
2025-06-02,159.00198298378112,160.04274938635885,156.97935922300485,159.63037109375,707780
2025-06-03,160.74968076765776,163.4203338623047,158.29503748080978,163.4203338623047,1192092
2025-06-04,166.8372059924868,170.64681746177382,165.79643955569102,167.0924835205078,1551623
2025-06-05,166.4248201306853,166.81755707626513,162.4973907470703,162.4973907470703,1228318
2025-06-06,162.00645836059655,162.8704975994116,160.82823256891024,162.3402862548828,869676
2025-06-09,162.45812304529397,163.16504655094687,161.59408378667337,162.4973907470703,811278
2025-06-10,162.47775529872004,163.67562250272888,160.94606018066406,160.94606018066406,818443
2025-06-11,160.90678174843575,162.79194599741658,160.25875232417414,160.6514892578125,904579
2025-06-12,159.276895468928,160.74968144726333,157.94156891595912,159.84637451171875,927131
2025-06-13,157.19536909822384,159.3750936327832,157.09717736958612,158.6485137939453,1067485
2025-06-16,159.53218189069878,160.12130230772595,158.62887490469043,159.08053588867188,766106
2025-06-17,157.82376098632812,158.66815893418058,156.2331418396567,157.82376098632812,979019
2025-06-18,158.29503831707368,163.93090472695397,158.29503831707368,160.02310180664062,1249445
2025-06-19,159.6500126571826,160.4158601990828,158.41286279568666,158.8252410888672,592042
2025-06-20,160.04274729258978,165.61968982285862,159.49290957630458,164.4611053466797,2619645
2025-06-23,163.49889697335536,165.26624327386077,162.3206711003367,163.97018432617188,1282919
2025-06-24,167.0924742883746,168.93837087471329,165.7571626937769,167.50486755371094,1501152
2025-06-25,168.87947166196187,168.87947166196187,166.93539821800988,168.4278106689453,1423956
2025-06-26,169.66495798686393,172.90509033203125,168.36889905601515,172.90509033203125,2026487
2025-06-27,174.88842959319453,175.4186409618068,172.68907867733472,174.96697998046875,1780555
2025-06-30,175.18299504185885,175.3008131353183,173.69056760290107,174.04403686523438,1137708
2025-07-01,174.318946098258,174.593879937718,168.7812712825683,169.19366455078125,916384
2025-07-02,169.99878754029226,172.76763256548517,169.9005958087212,172.00177001953125,810499
2025-07-03,172.80689439002953,173.90656983283162,171.19664892794606,173.5531005859375,813313
2025-07-04,171.82504003931194,172.76762970815903,171.17701057835174,172.19815063476562,527620
2025-07-07,172.8854490685099,174.6331540043345,172.8068986803661,174.0636749267578,651978
2025-07-08,175.06517289966578,176.027388931893,173.65129588303137,175.67391967773438,858176
2025-07-09,176.57722886197405,179.60135141141862,176.28266864951718,179.051513671875,1350405
2025-07-10,179.48352810792028,180.9759554876023,178.28566093214258,179.97445678710938,969240
2025-07-11,178.30530043111048,180.40647455704172,177.95183118647,179.89590454101562,818084
2025-07-14,177.6179946255743,180.0530117228831,177.16634861920335,179.67990112304688,504474
2025-07-15,180.24937203777458,180.46538185084657,176.6754119241571,176.8717803955078,982521
2025-07-16,175.8702898470901,178.9533214339091,175.7132040519185,177.7161865234375,967359
2025-07-17,179.54244027443596,181.9185333251953,178.1874723020867,181.9185333251953,1122641
2025-07-18,181.80071004924685,183.60732397288322,181.76142736545458,182.8414764404297,1020058
2025-07-21,182.8218382182028,182.95929764991303,179.69953899137545,182.64511108398438,678003
2025-07-22,181.85961788587437,182.37018789810583,176.34158442406508,178.03038024902344,863156
2025-07-23,181.38833565366687,181.5061537436637,179.26752014199718,180.05300903320312,874034
2025-07-24,183.11639276054882,183.50912970130193,178.38383322011794,179.2871551513672,760056
2025-07-25,177.5198149932033,178.14820310895809,176.2433974194017,176.93069458007812,897971
2025-07-28,179.73880998910022,179.77809267428302,174.29932668375167,174.41714477539062,1098907
2025-07-29,174.77061696732423,179.05151582490316,174.61351618786418,176.1844940185547,1099699
2025-07-30,177.71617961418622,177.71617961418622,174.986617391044,175.61500549316406,742709
2025-07-31,175.00625903907053,177.44126106630137,172.4730652842928,172.84616088867188,1648859
2025-08-01,171.84468313505795,171.84468313505795,164.3236519957867,166.03208923339844,1374585
2025-08-04,167.34776795156665,169.23293225244464,166.91574832349906,169.19366455078125,871117
2025-08-05,170.4111625949047,173.10145717991634,169.8809662076164,172.0214080810547,1191315
2025-08-06,173.86730904432724,174.90807548435745,172.15887178607932,174.67242431640625,1145613
2025-08-07,175.59536501935756,175.98811694884552,174.06366994924008,174.18148803710938,765854
2025-08-08,175.26153700217355,175.45790547581316,173.0229034423828,173.0229034423828,588200
2025-08-11,173.43527596019308,173.59237672665859,171.58937940910758,172.6105194091797,462907
2025-08-12,173.10145299474985,177.57872009277344,172.8265341365873,177.57872009277344,941436
2025-08-13,178.5998497812372,179.54243944939975,176.30230712890625,176.30230712890625,885098
2025-08-14,177.44125869946586,180.58319917365338,177.06814811810943,180.44573974609375,784744
2025-08-15,181.36868653241743,183.489501953125,180.15117805416963,183.489501953125,1439959
2025-08-18,183.11639539562606,183.4895059820784,180.1511820098221,180.8777618408203,659544
2025-08-19,181.52579397758302,181.8399805429743,178.69803997928975,180.50465393066406,610186
2025-08-20,179.85662015289938,180.30828112086454,175.65427194085774,175.88992309570312,847025
2025-08-21,176.06667146837208,177.73582600750962,175.94883839578216,177.63763427734375,565015
2025-08-22,176.73433040073908,178.37403044606694,176.59687096526116,177.44126892089844,568267
2025-08-25,176.34159300663407,178.79623647843044,176.20413357149167,177.2645263671875,432626
2025-08-26,175.65426988659226,176.89141970761963,172.80688962979198,176.6165008544922,1077085
2025-08-27,176.8128818186042,177.4412699532959,174.86880836783234,175.02589416503906,619765
2025-08-28,176.0470348363642,177.10744262631908,174.5546073932475,175.37936401367188,730732
2025-08-29,174.55459466764628,177.4216162691217,174.1618577290155,175.81137084960938,773553
2025-09-01,176.24340036413173,179.42462368064258,176.10594092969973,178.6980438232422,532866
2025-09-02,178.40347215953147,178.8747594784801,175.61500096465102,175.90956115722656,837110
2025-09-03,177.20560569274843,181.7025140358269,176.8128687558143,181.3490447998047,998568
2025-09-04,183.31276312089904,184.0786106506313,182.01671921748826,183.46986389160156,842386
2025-09-05,183.7055185209417,184.00006374413528,179.34606943422435,180.50465393066406,705348
2025-09-08,181.91853419172642,184.53027841853842,181.82034246093167,184.41246032714844,903598
2025-09-09,183.62697241241983,184.5891884551643,180.99558682893186,184.1375274658203,1029624
2025-09-10,186.08161249205148,187.24019699441627,184.86410396279223,185.13902282714844,982728
2025-09-11,185.80669569294088,191.6978399636903,185.6692362592349,190.48033142089844,1313007
2025-09-12,189.79302792455482,190.77488527027734,188.63442846598608,189.7144775390625,1025028
2025-09-15,189.9893980955819,194.74158409568867,189.61628750664687,192.7386016845703,1245367
2025-09-16,192.67969553219868,193.3866340366043,189.24319473987583,189.419921875,1422665
2025-09-17,189.65556418265393,190.20540188664253,187.37764800103963,188.2220458984375,925207
2025-09-18,189.616281499824,190.65704786551012,187.5543901098667,188.2220458984375,1230868
2025-09-19,190.65705154917518,191.48182310304722,189.77338593382794,190.34286499023438,1688340
2025-09-22,190.1268538890023,192.36548741588123,189.83229369189635,191.59963989257812,959442
2025-09-23,192.46368955471772,192.85642651747048,190.73561096191406,190.73561096191406,857491
2025-09-24,191.54073902830226,192.36549562985272,189.91085218574685,190.30360412597656,1080557
2025-09-25,189.49846707652196,190.5588748041111,188.43805934893285,190.34286499023438,721934
2025-09-26,191.58000799471657,192.34585555577158,189.5770255231776,192.16912841796875,869404
2025-09-29,193.4258944878657,194.05428258133998,191.61928059187133,192.22802734375,705270
2025-09-30,191.75674259656725,193.81863403320312,190.83379429456895,193.81863403320312,770902
2025-10-01,193.58300578308413,196.09655829365946,191.815659492225,195.46817016601562,961217
2025-10-02,196.37146681253077,199.21884708853088,196.01799757299005,198.38427734375,926298
2025-10-03,199.07158202942716,200.93710504209992,198.87521355155968,199.85707092285156,809976
2025-10-06,196.9114982780032,199.16977322227595,196.46966545850415,197.45152282714844,1016212
2025-10-07,197.3042372474241,200.00434503876767,196.4205715994026,198.7770233154297,576393
2025-10-08,200.1516272186563,201.86987758483377,198.77701793654177,201.5753173828125,740972
2025-10-09,202.1644249747843,202.94991386128714,200.93710327148438,200.93710327148438,659422
2025-10-10,201.08439346668794,201.7716906330373,197.50060505751236,198.33518981933594,841713
2025-10-13,199.80797826895133,199.80797826895133,197.64789501378604,198.67884826660156,513624
2025-10-14,197.3533278757957,199.61160278320312,194.56485659003556,199.61160278320312,792922
2025-10-15,201.13348925561905,203.1953807538857,199.31704711914062,199.31704711914062,878248
2025-10-16,200.54436935821212,202.16442803833627,197.7951657047686,201.72259521484375,631894
2025-10-17,197.30423046872343,200.8389229032787,195.5663387732376,196.7642059326172,1084645
2025-10-20,199.80796502808346,200.54435801958743,197.99152298959208,200.00433349609375,957314
2025-10-21,200.69164349440948,204.81545649683338,199.56251349447967,203.588134765625,793810
2025-10-22,204.520897134725,206.38642018113097,202.0171577962661,202.06625366210938,760823
2025-10-23,202.65535968216528,204.52089771582658,201.96806250427107,203.4899444580078,631819
2025-10-24,204.9136314583579,204.9136314583579,202.01715519436786,204.6681671142578,543861
2025-10-27,205.55183794348528,205.55183794348528,203.19537136328506,204.81544494628906,527816
2025-10-28,204.27542568137363,205.06091456167695,202.99900812362506,203.98086547851562,607962
2025-10-29,203.29356590690094,204.91362453040688,201.9680525007931,204.6190643310547,783459
2025-10-30,207.9083029263517,213.0139583725441,207.07371814968593,208.841064453125,1347037
2025-10-31,209.2828864945312,210.70659162626666,207.7610195997035,209.52835083007812,836050
2025-11-03,209.52834699706483,210.6574919090971,208.69377726064494,210.26473999023438,661908
2025-11-04,207.46646040103613,209.87200790460452,205.99367438065295,208.98834228515625,621290
2025-11-05,207.5646447652713,208.98834995612918,206.14095455636811,208.49742126464844,620877
2025-11-06,207.95739214839708,208.0064880128597,203.58812988640065,204.86453247070312,731286
2025-11-07,204.37359788671324,205.15908674956376,202.36080233947328,204.27542114257812,804316
2025-11-10,207.56464104924675,208.4974175319244,206.48460693649778,207.2700958251953,587605
2025-11-11,207.5646424736448,208.595595710763,205.45365511636598,207.17190551757812,545152
2025-11-12,208.20285868236272,209.52835714509314,207.61373826651285,208.1537628173828,778836
2025-11-13,208.251958522671,209.4792802608245,204.91363440572053,206.43551635742188,874682
2025-11-14,203.8335891022701,204.07905343645783,198.82611069205888,202.7535400390625,971118
2025-11-17,203.93176893027893,206.53369990118316,202.94991157868205,203.53903198242188,695011
2025-11-18,200.10252591746197,203.04809789372896,198.72791667269843,200.4461669921875,914627
2025-11-19,200.29890830402445,200.6425643845829,198.28609765065676,199.56251525878906,1108938
2025-11-20,200.69163513183594,203.68630302759115,200.593458386603,200.69163513183594,879198
2025-11-21,197.25513687764976,201.6244140985214,196.66603145307292,199.0715789794922,1274171
2025-11-24,199.5625032178463,200.44616882602935,196.07690668431724,196.42056274414062,1504691
2025-11-25,196.8133041198092,199.61160357869804,196.13582014669163,198.0897216796875,667083
2025-11-26,200.15162653795653,201.13348388671875,198.67884051481323,201.13348388671875,680047
2025-11-27,200.78982304886685,201.4771201802717,199.51340552942705,200.4461669921875,594470
2025-11-28,200.88802551089665,201.62441854432083,199.75888053714016,200.74073791503906,792558
2025-12-01,197.50059977907827,197.9424475717375,179.07114812344142,189.08609008789062,3877479
2025-12-02,188.5166092519685,189.69483506340248,184.8248310476209,187.0438232421875,2063938
2025-12-03,187.84895572426996,195.91980937209047,187.8293143822882,194.52557373046875,2159616
2025-12-04,194.87904473842843,194.97723646727093,192.62076981264033,193.44554138183594,786700
2025-12-05,195.35033953542893,195.7823441726177,193.13133239746094,193.13133239746094,567740
2025-12-08,193.62227357208553,194.7415903931322,192.89570869471166,194.48631286621094,476146
2025-12-09,195.1932522471145,195.42888843240672,190.51960147942071,191.8942108154297,791687
2025-12-10,191.2069145683091,192.34585776065526,189.43956826024794,190.460693359375,926845
2025-12-11,189.79303306602648,190.30360309458064,187.77040927615812,189.7733917236328,1034043
2025-12-12,190.4803281402437,192.77787077059614,189.9304904148897,190.49996948242188,799504
2025-12-15,191.5407340765696,193.4258983950729,190.51959404032564,192.56185913085938,823701
2025-12-16,190.81415093293563,191.40327132685525,187.8489525675478,189.45919799804688,1412704
2025-12-17,190.46068403576572,191.85491967110792,186.80817350522543,186.9456329345703,799671
2025-12-18,187.35802542340542,190.73560209921962,187.04382388223902,190.51959228515625,776933
2025-12-19,190.5981456728335,192.79751154978138,189.91084851814801,192.2869415283203,1530055
2025-12-22,192.7189661559616,193.0135263675877,191.34437181097945,192.16912841796875,530974
2025-12-23,192.14948699146376,193.74010614076846,191.71746734552804,193.15098571777344,489426
2025-12-24,192.77786549691356,193.9364649424611,192.40476989746094,192.40476989746094,108258
2025-12-29,193.13134318847582,193.22953491902325,190.81415917793032,192.4440460205078,585469
2025-12-30,191.36399164883267,196.21436935815456,191.36399164883267,195.33070373535156,608927
2025-12-31,194.30956266031177,195.09505153301626,194.1524768713342,194.8004913330078,199465
2026-01-02,193.54371051946427,200.54435801958743,193.07242319984877,200.00433349609375,1003279
2026-01-05,201.77169018525342,206.7300729161238,201.6734984551552,204.22633361816406,1111755
2026-01-06,205.1590888229014,205.60092163085938,202.60626872028078,205.60092163085938,1208272
2026-01-07,205.69911552563048,210.7065940204681,204.66816230822812,209.87200927734375,834981
2026-01-08,209.33198536069912,211.93391634399126,208.74287993610878,211.2957000732422,773028
2026-01-09,210.51021288393588,211.54116611269876,208.15376120272452,211.19752502441406,1021737
2026-01-12,210.85387548898365,213.40671070770907,210.1665783091591,212.2284698486328,700889
2026-01-13,212.47392562691522,216.40135504687265,211.7375326106732,216.20498657226562,891147
2026-01-14,216.0086222605799,217.28503984305604,211.54116821289062,211.54116821289062,931122
2026-01-15,211.3938896942924,211.63935403091327,208.93924632808358,210.95205688476562,868452
2026-01-16,211.83572140875546,213.84853195503248,211.6393529368647,213.45578002929688,831682
2026-01-19,209.23380574176585,211.88481757091355,204.6681601086104,206.58277893066406,1088437
2026-01-20,205.20818403824245,205.6991127081904,201.37894640543007,204.17723083496094,1473747
2026-01-21,204.71725610178686,204.96272043764034,201.52621973569188,203.63720703125,852125
2026-01-22,203.68630533093,206.43550892176046,202.06624668770266,202.99900817871094,1201938
2026-01-23,201.62442074481368,204.22633683186075,201.47713314734858,203.04811096191406,1485509
2026-01-26,202.9499101099293,202.9499101099293,198.04062338747357,198.72792053222656,1083437
2026-01-27,199.26794520453362,200.0043382134062,195.58598016017064,195.7823486328125,2107630
2026-01-28,194.40775058255,195.09504771448138,187.94712757848737,191.52108764648438,1766584
2026-01-29,192.14948596788653,193.77937281179632,189.34137326621777,190.48033142089844,1008039
2026-01-30,189.30209941521446,191.48182392315766,188.5166105415671,189.89120483398438,987531
2026-02-02,185.9637845391632,190.87307151202342,183.8429839531733,190.28396606445312,1034903
2026-02-03,191.462179194677,192.0709259445579,186.3172413961474,186.78854370117188,1160594
2026-02-04,186.78855558560838,189.10573962923775,184.78555811669824,184.84446716308594,1199040
2026-02-05,184.13751571784013,187.53474864663997,183.60731935561085,186.08160400390625,1107504
2026-02-06,186.6707157149348,188.18278443295935,185.31576275148214,187.82931518554688,830960
2026-02-09,188.9289868124283,190.0286622346228,186.25833365970965,189.63592529296875,781749
2026-02-10,190.3036071619706,190.32323352282924,187.57402982518056,188.1435089111328,684467
2026-02-11,187.53474996783055,187.61330035203898,183.62696199067312,183.8429718017578,1214543
2026-02-12,186.10123175139768,190.02866107171965,185.53176768407042,186.96527099609375,881584
2026-02-13,186.5528926555043,191.0498010236662,186.4547009297462,188.92898559570312,1255279
2026-02-16,189.45920305276363,194.62376738035925,189.3610113238393,193.6222686767578,1033410
2026-02-17,193.34734532540622,193.7597236097968,190.32322292458787,192.93496704101562,868554
2026-02-18,192.93497200489315,197.54969861879744,192.93497200489315,197.00967407226562,1043680
2026-02-19,189.63593257554643,191.0890772938162,181.1526854652332,183.7055206298828,3076080
2026-02-20,184.1178981218384,188.24169607730835,183.8233379146003,186.29762268066406,1763474
2026-02-23,183.03784316523624,184.6284472586849,179.81735229492188,179.81735229492188,1598697
2026-02-24,179.1300596784945,181.07413306202312,176.91105244996518,179.52279663085938,1321372
2026-02-25,180.72066308891672,181.3490511993585,178.2463783494471,181.13304138183594,987350
2026-02-26,182.13454224818975,184.8248368371653,181.30978565254628,183.35205078125,992335
2026-02-27,183.46986131314003,183.68587112433173,180.3671885541627,180.89739990234375,1582757
2026-03-02,176.69506025597224,178.8355021476932,174.4760529942581,177.00924682617188,1477077
2026-03-03,177.6179854871044,177.63762682870487,170.31297951688572,172.23741149902344,1702729
2026-03-04,172.35523585348307,175.1240808236547,171.27520173743702,173.98512268066406,1340936
2026-03-05,175.20262401802142,178.63912466626834,172.57123858817636,172.68907165527344,1650722
2026-03-06,173.94585053062602,175.08480864449635,169.46858344239547,172.3159637451172,1686006
2026-03-09,166.03208094716916,172.90508227585465,163.5774376154958,172.23741149902344,1407571
2026-03-10,176.73433083560357,176.93069931791882,172.9443606972952,174.67242431640625,1230389
2026-03-11,172.33561074518704,174.06367433258828,170.88245104241884,173.710205078125,1049393
2026-03-12,173.51383187228902,174.5742396067896,166.48372965946336,168.91873168945312,1525688
2026-03-13,168.6438172746874,168.74200900493324,164.99130664246968,165.3251495361328,1548285
2026-03-16,166.44446047581587,167.76014571577906,164.50037215556142,166.87648010253906,855483
2026-03-17,165.87498202279573,169.4685834959952,165.24659392217785,167.22994995117188,1044716
2026-03-18,168.85982506789736,170.94137286486713,167.0728524581277,167.21031188964844,1707247
2026-03-19,164.77530624116287,164.9913010728942,158.86452085041103,160.98533630371094,1962764
2026-03-20,162.2028366821125,163.007966927545,156.7829797327745,158.00048828125,3167914
2026-03-23,155.3691131156065,167.2299517516804,155.01564386883112,163.3810577392578,2108959
2026-03-24,162.98832465243973,163.40070295312339,158.62887549956292,161.57444763183594,1186305
2026-03-25,164.75567231201444,166.11062531651146,163.47925471425097,165.40370178222656,1202507
2026-03-26,163.7541684944992,163.81307753869592,160.39621813769736,160.43548583984375,1311132
2026-03-27,160.96569401871332,161.35843096022867,157.05790601740588,157.50955200195312,1717713
2026-03-30,156.44915400180474,158.15759126564618,154.9371002028764,156.29205322265625,1497455
2026-03-31,155.60475554507826,159.13944815487238,154.56398910495966,157.90231323242188,1597791
2026-04-01,164.77531591055066,165.79644101356843,161.4959008112261,164.85385131835938,2248144
2026-04-02,161.16206355619627,164.16654462634176,159.7874692698402,162.1439208984375,1217733
2026-04-07,164.87347872999095,164.95202911311733,157.90230077450164,159.6696319580078,1190807
2026-04-08,171.62867625221494,173.16037139674452,169.44895162901366,172.080322265625,2385184
2026-04-09,170.6468048641451,171.19664256511044,165.874977699405,167.70123291015625,1551743
2026-04-10,167.544136720101,169.56676045330903,166.18916879002978,166.42481994628906,1278545
2026-04-13,164.63783906907247,167.4066840851624,162.1831956074132,167.36741638183594,966994
2026-04-14,168.52599594249858,171.13774010447574,167.93687553626393,169.62567138671875,907089
2026-04-15,169.1151145390006,169.4293010988638,166.99429907759617,168.5652618408203,926859
2026-04-16,169.5078500575213,172.86580035216977,166.01244033497335,168.6634521484375,1240790
2026-04-17,167.87796731784172,178.65877192406995,167.6619574999567,176.2237548828125,1859573
2026-04-20,173.33709372768422,174.5938849462771,172.06069113062821,173.1800079345703,1273934
2026-04-21,173.82000732421875,175.52000427246094,168.63999938964844,170.52000427246094,1746623
2026-04-22,171.0,171.6999969482422,166.24000549316406,166.24000549316406,1162398
2026-04-23,165.3000030517578,169.27999877929688,163.86000061035156,168.16000366210938,1024839
2026-04-24,165.1199951171875,167.9600067138672,162.22999572753906,165.9199981689453,1424533
2026-04-27,165.97999572753906,167.44000244140625,164.9199981689453,165.55999755859375,1049454
2026-04-28,165.27999877929688,167.33999633789062,164.3800048828125,166.10000610351562,961853
2026-04-29,166.10000610351562,176.52000427246094,166.10000610351562,174.6199951171875,2334773
2026-04-30,172.4199981689453,177.72000122070312,171.82000732421875,174.8800048828125,1997905
2026-05-04,174.74000549316406,179.6199951171875,174.1999969482422,176.17999267578125,1934397
2026-05-05,176.1999969482422,180.86000061035156,174.66000366210938,177.86000061035156,1401883
2026-05-06,179.8000030517578,191.9199981689453,179.3000030517578,188.5,2670945
2026-05-07,188.86000061035156,190.8000030517578,183.44000244140625,183.44000244140625,1289497
2026-05-08,181.74000549316406,183.0399932861328,178.33999633789062,179.8800048828125,1218981
2026-05-11,178.97999572753906,179.3800048828125,174.24000549316406,175.47999572753906,1581999
2026-05-12,173.3800048828125,174.60000610351562,171.67999267578125,172.52000427246094,1358080
2026-05-13,173.94000244140625,174.47999572753906,170.89999389648438,173.44000244140625,906709
2026-05-14,174.1999969482422,174.82000732421875,171.82000732421875,172.74000549316406,930425
2026-05-15,170.66000366210938,171.82000732421875,167.47999572753906,167.67999267578125,1020719
2026-05-18,165.5,172.13999938964844,164.74000549316406,170.3800048828125,1305197
2026-05-19,170.94000244140625,174.67999267578125,169.10000610351562,169.10000610351562,1174887
2026-05-20,169.44000244140625,175.6999969482422,166.74000549316406,173.36000061035156,1337913
2026-05-21,172.89999389648438,172.94000244140625,165.9600067138672,165.9600067138672,1778622
2026-05-22,168.52000427246094,170.4199981689453,166.4600067138672,169.52000427246094,1172701
2026-05-25,172.39999389648438,175.39999389648438,172.32000732421875,174.25999450683594,1099915
2026-05-26,174.8800048828125,175.22000122070312,172.16000366210938,172.27999877929688,908246
2026-05-27,172.27999877929688,177.83999633789062,171.66000366210938,173.6999969482422,1152408
2026-05-28,173.0399932861328,178.9600067138672,172.27999877929688,177.6999969482422,1108113
2026-05-29,180.44000244140625,183.02000427246094,179.02000427246094,179.6999969482422,3476455
2026-06-01,177.3000030517578,178.60000610351562,171.5800018310547,173.17999267578125,1263110
2026-06-02,174.97999572753906,176.3000030517578,172.0,172.67999267578125,1020007
2026-06-03,170.6999969482422,170.94000244140625,167.89999389648438,169.3000030517578,1155116
2026-06-04,169.67999267578125,177.10000610351562,169.67999267578125,177.0,1398201
2026-06-05,177.97999572753906,179.63999938964844,176.83999633789062,178.9600067138672,1239190
2026-06-08,173.10000610351562,179.25999450683594,172.47999572753906,176.9600067138672,997134
2026-06-09,176.13999938964844,179.0800018310547,173.72000122070312,175.74000549316406,1157413
2026-06-10,176.25999450683594,176.6199951171875,171.74000549316406,174.9600067138672,1227027
2026-06-11,175.5800018310547,176.94000244140625,174.3800048828125,175.25999450683594,916852
2026-06-12,180.6199951171875,183.72000122070312,177.77999877929688,179.27999877929688,1384413
2026-06-15,183.0800018310547,187.24000549316406,182.8000030517578,183.67999267578125,1443230
2026-06-16,184.5,186.94000244140625,184.24000549316406,185.3000030517578,818482
2026-06-17,185.27999877929688,188.5800018310547,185.0,187.02000427246094,1157152
2026-06-18,189.24000549316406,193.77999877929688,188.24000549316406,191.94000244140625,2184091
2026-06-19,191.25999450683594,193.24000549316406,189.4199981689453,189.4199981689453,1937010
2026-06-22,190.24000549316406,191.0,187.1199951171875,189.52000427246094,1000961
2026-06-23,188.47999572753906,194.86000061035156,187.5,193.25999450683594,1225955
2026-06-24,192.8000030517578,195.10000610351562,191.5399932861328,195.10000610351562,1232859
2026-06-25,195.02000427246094,196.89999389648438,193.24000549316406,195.0800018310547,1052320
2026-06-26,193.97999572753906,194.5,190.33999633789062,191.89999389648438,855338
2026-06-29,192.16000366210938,192.16000366210938,189.22000122070312,191.5800018310547,776438
2026-06-30,192.4199981689453,195.1999969482422,191.75999450683594,194.5399932861328,1361858
2026-07-01,195.1999969482422,199.75999450683594,194.9199981689453,198.22000122070312,1648432
2026-07-02,197.39999389648438,204.85000610351562,197.27999877929688,203.89999389648438,1545828
2026-07-03,208.0,209.1999969482422,204.9499969482422,206.14999389648438,794284
2026-07-06,206.0,210.25,206.0,209.39999389648438,1118223
2026-07-07,209.10000610351562,210.9499969482422,203.5,203.9499969482422,1192922
2026-07-08,201.9499969482422,202.10000610351562,197.36000061035156,197.36000061035156,1337317
2026-07-09,200.0,200.0500030517578,194.0399932861328,196.52000427246094,1060745
2026-07-10,196.94000244140625,197.33999633789062,194.72000122070312,197.25999450683594,692005
2026-07-13,195.5800018310547,196.66000366210938,193.94000244140625,195.27999877929688,648382
2026-07-14,193.39999389648438,195.94000244140625,191.6199951171875,195.94000244140625,700561
2026-07-15,193.52000427246094,196.6999969482422,192.52000427246094,195.3800048828125,886781
2026-07-16,196.27999877929688,196.47999572753906,193.94000244140625,195.6199951171875,744940
2026-07-17,193.1999969482422,194.6199951171875,191.83999633789062,194.32000732421875,976991
2026-07-20,192.8800048828125,194.24000549316406,191.33999633789062,191.77999877929688,817166
2026-07-21,191.0,196.39999389648438,190.89999389648438,194.60000610351562,870715
2026-07-22,202.5,209.0500030517578,202.5,208.3000030517578,2342279
2026-07-23,206.85000610351562,208.75,202.8000030517578,204.5,1203472
2026-07-24,203.85000610351562,206.0500030517578,202.60000610351562,206.0500030517578,920671
2026-07-27,209.35000610351562,211.9499969482422,208.39999389648438,208.89999389648438,1158225
2026-07-28,210.60000610351562,213.35000610351562,209.35000610351562,212.0,1277149
2026-07-29,211.4499969482422,211.89999389648438,208.39999389648438,209.89999389648438,853081
2026-07-30,206.5500030517578,207.89999389648438,203.0500030517578,204.0,1508027
2026-07-31,205.39999389648438,208.64999389648438,201.64999389648438,202.1999969482422,1470403
2026-08-03,206.35000610351562,209.85000610351562,206.3000030517578,208.0,1121553
2026-08-04,210.6999969482422,214.10000610351562,209.25,214.10000610351562,1371879
2026-08-05,215.0,216.39999389648438,214.25,214.9499969482422,883678
2026-08-06,215.39999389648438,217.0500030517578,212.4499969482422,212.4499969482422,822706
2026-08-07,213.5,216.1999969482422,212.85000610351562,213.60000610351562,694849
2026-08-10,212.10000610351562,214.9499969482422,212.0,214.64999389648438,429892
2026-08-11,214.10000610351562,214.3000030517578,210.89999389648438,212.5,628949
2026-08-12,212.3000030517578,214.89999389648438,211.75,213.64999389648438,766729
2026-08-13,214.64999389648438,215.9499969482422,212.89999389648438,212.89999389648438,617161
2026-08-14,212.9499969482422,216.5500030517578,212.9499969482422,215.39999389648438,589374
2026-08-17,215.75,216.35000610351562,213.85000610351562,214.25,567135
2026-08-18,213.5,214.3000030517578,209.25,209.8000030517578,771894
2026-08-19,210.39999389648438,211.75,208.0500030517578,208.0500030517578,600124
2026-08-20,207.5,208.35000610351562,204.8000030517578,204.8000030517578,548650
2026-08-21,204.35000610351562,204.5500030517578,202.85000610351562,203.6999969482422,767813
2026-08-24,203.0,205.0500030517578,202.10000610351562,202.6999969482422,513347
2026-08-25,204.5500030517578,207.64999389648438,204.5,204.5500030517578,833198
2026-08-26,205.0500030517578,209.5500030517578,204.85000610351562,205.85000610351562,816992
2026-08-27,206.1999969482422,206.85000610351562,202.39999389648438,203.39999389648438,781659
2026-08-28,204.5,205.1999969482422,202.1999969482422,203.0500030517578,754873
2026-08-31,202.75,203.10000610351562,197.24000549316406,197.24000549316406,1312370
2026-09-01,195.86000061035156,197.36000061035156,194.22000122070312,196.17999267578125,812660
2026-09-02,195.25999450683594,198.36000061035156,193.6999969482422,196.89999389648438,740124
2026-09-03,195.82000732421875,197.86000061035156,193.17999267578125,197.0,804461
2026-09-04,196.47999572753906,202.14999389648438,196.47999572753906,198.9600067138672,686153
2026-09-07,198.60000610351562,199.47999572753906,197.32000732421875,198.66000366210938,532628
2026-09-08,197.39999389648438,200.6999969482422,195.6999969482422,200.6999969482422,495626
2026-09-09,197.32000732421875,198.22000122070312,194.55999755859375,196.33999633789062,959150
2026-09-10,196.6999969482422,198.72000122070312,195.16000366210938,195.77999877929688,775400
2026-09-11,197.86000061035156,199.52000427246094,197.4199981689453,199.39999389648438,966055
2026-09-14,198.1199951171875,199.3800048828125,193.60000610351562,195.0,1261720
2026-09-15,195.0,196.86000061035156,194.4199981689453,194.8000030517578,1154317
2026-09-16,195.83999633789062,197.6199951171875,194.77999877929688,196.27999877929688,951096
2026-09-17,198.36000061035156,199.24000549316406,195.5,195.5,975693
2026-09-18,195.82000732421875,197.60000610351562,192.89999389648438,193.3800048828125,2621206
2026-09-21,195.05999755859375,196.0,192.9600067138672,194.77999877929688,927996
2026-09-22,194.72000122070312,197.44000244140625,192.8800048828125,194.60000610351562,1065052
2026-09-23,195.5,197.60000610351562,192.63999938964844,195.02000427246094,1024476
2026-09-24,194.32000732421875,195.5,190.9199981689453,194.3800048828125,921803
2026-09-25,194.52000427246094,195.36000061035156,188.1199951171875,192.39999389648438,1728900
2026-09-28,192.6199951171875,195.6999969482422,191.55999755859375,193.10000610351562,912625
2026-09-29,193.16000366210938,193.75999450683594,189.9499969482422,190.47999572753906,1083115
2026-09-30,190.5399932861328,193.8800048828125,189.67999267578125,190.6199951171875,1072637
2026-10-01,189.4600067138672,190.86000061035156,185.60000610351562,185.60000610351562,1231483
2026-10-02,185.60000610351562,191.97999572753906,185.5800018310547,189.3000030517578,1310941
2026-10-05,189.1999969482422,190.22000122070312,188.10000610351562,189.0800018310547,1319005
2026-10-06,190.17999267578125,191.5,187.05999755859375,188.0,807739
2026-10-07,186.05999755859375,188.75999450683594,185.86000061035156,187.44000244140625,991928
2026-10-08,186.0,186.36000061035156,183.83999633789062,185.6999969482422,164740
