Date,Close,High,Low,Open,Volume
2019-01-02,127.55549621582031,128.31640476878323,123.37973814121166,125.82951564527531,1081432
2019-01-03,122.24761962890625,124.25197236703977,120.74433737613951,123.86223671908789,1767143
2019-01-04,124.06639862060547,124.67884648375704,121.6908587191706,122.63736776591986,1469304
2019-01-07,127.1657485961914,127.42558657426466,125.16139544583909,126.20069072078742,1166373
2019-01-08,126.31200408935547,128.91025570271586,125.51396996866617,127.11003821004475,1209734
2019-01-09,130.84042358398438,131.2672850967068,127.7596351825467,128.1122592948245,1655082
2019-01-10,130.04234313964844,130.46920450108553,128.7432244906335,129.91243127474695,917269
2019-01-11,130.63626098632812,131.30438336304235,129.67120319737143,131.30438336304235,1024943
2019-01-14,128.89169311523438,130.67336188686227,128.05654738299123,129.5041408705232,1193495
2019-01-15,129.46705627441406,131.15591097580747,128.5205471968702,130.35787668676758,1098455
2019-01-16,129.07733154296875,130.71051187729316,128.6133584089672,130.45068805499918,1136189
2019-01-17,127.59259033203125,128.22358689137482,126.46049494324761,128.22358689137482,1176437
2019-01-18,132.58494567871094,132.7334062962819,128.42773688137422,129.09585921811282,1961371
2019-01-21,133.19741821289062,133.62427978118933,131.991099236781,132.69633339381997,982472
2019-01-22,131.1744842529297,132.60351526728476,129.9867141694995,131.87971831517376,1331203
2019-01-23,132.3436737060547,133.95830508396796,124.80875559446156,126.47906147517625,2957520
2019-01-24,138.07843017578125,138.37536566742816,132.28803941561003,132.6963381060459,2676605
2019-01-25,143.31198120117188,143.55324206161646,137.55871888540034,139.41461086850936,2185527
2019-01-28,142.19845581054688,143.47901171329033,139.09910528580184,143.3119882231062,1848966
2019-01-29,140.73233032226562,142.05001228549605,140.175556913876,141.3076524607552,1304032
2019-01-30,141.51181030273438,143.31202838453845,141.23342358174688,142.06858374470937,1141320
2019-01-31,142.179931640625,143.73887461083987,140.3426019516327,143.46050205139915,1330148
2019-02-01,144.29563903808594,144.29563903808594,141.93866183953298,142.7181332759676,1351265
2019-02-04,145.22357177734375,145.37204655887078,144.20282535351362,145.14933438658025,1344089
2019-02-05,147.17227172851562,147.7104680597103,144.66680568241625,144.66680568241625,1565640
2019-02-06,152.18319702148438,152.18319702148438,146.89390581053192,147.09805513440529,1786487
2019-02-07,148.47137451171875,153.40805451071355,148.47137451171875,151.60783682926558,1939385
2019-02-08,146.3185577392578,148.63842336165348,145.37206276004235,146.8010937533302,1318772
2019-02-11,147.2650604248047,148.99104093860979,146.7639757024321,148.48995621623723,1088515
2019-02-12,149.0095977783203,149.73339465866218,147.7290275318686,148.21156350520815,1078930
2019-02-13,149.69630432128906,150.79127416179765,148.76835801875492,150.1231516912261,1258735
2019-02-14,150.80984497070312,151.90481486870286,149.93757313502866,151.47796747635428,1233319
2019-02-15,151.3294219970703,152.62854061845644,149.7333538854639,150.03028921635317,1450759
2019-02-18,150.3273162841797,151.47797491359321,150.12316694413312,151.47797491359321,681289
2019-02-19,149.5292510986328,150.8098213941585,148.34148108746004,150.60567209605048,821767
2019-02-20,150.17886352539062,150.5129248436952,148.2858588278916,149.36228020457753,872858
2019-02-21,148.8054656982422,150.69846987514967,148.13734324537214,149.84476099855715,1076553
2019-02-22,151.12535095214844,151.5336496327828,149.86334328443232,149.86334328443232,856132
2019-02-25,153.0740203857422,153.79781733156824,151.88623615328962,152.12751124145572,894955
2019-02-26,151.84910583496094,152.66570296942615,151.19954636860652,152.6471400820062,927975
2019-02-27,150.03033447265625,151.01396933622382,148.63841517587431,151.01396933622382,853146
2019-02-28,149.5106964111328,149.75197149995103,145.74323687284678,148.23014020469913,1069362
2019-03-01,149.82620239257812,151.2923449548867,149.5106899177754,149.5106899177754,1041872
2019-03-04,152.0718536376953,153.11114902737793,149.97468580722295,151.9048159304462,964106
2019-03-05,152.10891723632812,152.35017811580573,150.6984352532797,151.81198185845824,842799
2019-03-06,149.34364318847656,152.25739329004261,149.10236814762922,152.09035563412266,895839
2019-03-07,147.91461181640625,149.3065310524176,146.94955404287896,148.74977185361388,1616478
2019-03-08,146.89389038085938,146.96812777804612,144.03581430618067,144.2956381166664,1201512
2019-03-11,149.56634521484375,149.78905737562815,146.54124603402474,148.24866345537043,971666
2019-03-12,150.3273162841797,150.6984891791707,148.69413572314545,150.6984891791707,1000431
2019-03-13,150.2530517578125,150.88406255662755,149.3807800367264,149.54781772086466,1033215
2019-03-14,150.4757843017578,151.3294932491052,149.0653018777615,149.52927505518971,1140068
2019-03-15,157.4724578857422,157.84364483913333,150.8098113648837,151.34802182780004,3620393
2019-03-18,155.3381805419922,157.732283318835,154.98557063176042,157.65804592738235,827030
2019-03-19,155.87643432617188,157.3982658755079,155.24543756248215,156.08058366956294,958642
2019-03-20,154.2061004638672,156.08055584661767,154.2061004638672,156.00631844776916,966751
2019-03-21,157.36109924316406,157.73227201449146,153.8534641645858,155.8949427255537,1244379
2019-03-22,155.2454071044922,159.5881886642327,154.707196591994,158.2148322085031,1264398
2019-03-25,153.2039031982422,153.98337450581067,151.40368554076247,153.40805246822444,1008890
2019-03-26,154.0390625,154.3174491797585,151.8862206131579,152.9069670524942,1174308
2019-03-27,151.5150604248047,154.9299099393729,151.12532470443594,154.4102481528787,1696944
2019-03-28,151.58929443359375,152.88841347244343,150.80982301028394,151.27379611834962,733944
2019-03-29,155.15257263183594,155.15257263183594,152.22025979301418,152.64712119485083,1209698
2019-04-01,158.21485900878906,158.49324575680117,156.37752912685008,156.82293942806658,1072075
2019-04-02,160.07073974609375,160.9058857679907,158.6045828655308,158.8458438106853,921803
2019-04-03,163.52268981933594,163.52268981933594,161.81527211223485,161.9080582419235,1461872
2019-04-04,164.09800720214844,164.6918922203953,162.39058954460575,162.94736294392152,1080706
2019-04-05,166.39932250976562,166.5477831434627,164.13513147369187,164.22791759983562,1064136
2019-04-08,166.7890625,166.7890625,165.84255336930886,166.10237718411256,1031252
2019-04-09,166.28793334960938,168.42221214809098,162.76173544246586,166.1023469669878,1197765
2019-04-10,164.98883056640625,166.91896028401823,164.33927108435768,166.4735359311837,1027921
2019-04-11,163.59689331054688,164.02374056918296,161.22135366097822,161.8337872998619,1206458
2019-04-12,165.842529296875,165.842529296875,162.66895531156513,162.92877908865478,876901
2019-04-15,164.30210876464844,166.88179739053624,163.63398654333474,166.38071280421676,946092
2019-04-16,167.2158966064453,167.36437139153435,163.04013885132653,164.3021462059136,1253125
2019-04-17,167.0117645263672,172.0597944648854,165.39714708998534,168.88621994309705,1971373
2019-04-18,170.018310546875,170.9833684025149,165.17443006066372,165.17443006066372,1859025
2019-04-23,169.75848388671875,170.25956861580786,168.40367617433824,168.904775062763,923948
2019-04-24,172.04122924804688,172.20826693605872,169.03469245719472,169.22027887550203,1076770
2019-04-25,172.00408935546875,172.61653717861606,169.9254849978174,172.04120096929566,1154911
2019-04-26,173.3931884765625,174.08772816674644,170.72761171237363,171.196901479941,1577963
2019-04-29,173.71234130859375,173.93760560366604,172.2669204779963,173.6372532102363,849951
2019-04-30,174.14404296875,174.3693072159565,172.473372519667,173.16792654069653,1009778
2019-05-02,172.7549591064453,174.18160411032247,172.30444490791132,173.16793642242988,994941
2019-05-03,174.01266479492188,174.44441774389057,172.98023575262235,173.52461367889194,835140
2019-05-06,171.0092010498047,171.21568970849063,168.06206166498248,170.82148799325063,1019111
2019-05-07,168.45628356933594,172.86760537419053,167.5177038524907,171.14062213237688,1056058
2019-05-08,170.22076416015625,170.5586533241722,167.12344921027417,167.61151451864956,1152377
2019-05-09,163.36920166015625,168.28736508725197,162.8248236443578,168.28736508725197,1007910
2019-05-10,164.55181884765625,167.48018326632513,163.68831282111364,166.879492761942,1069035
2019-05-13,160.49710083007812,165.6592882836771,159.8964104992501,165.6592882836771,1274673
2019-05-14,165.47158813476562,165.47158813476562,160.75991448173934,161.24797988906502,1203414
2019-05-15,168.2310333251953,168.2310333251953,163.3128704612787,166.65421195627346,1039398
2019-05-16,170.46482849121094,171.02798200007143,166.0722826798182,167.81804137137937,1106771
2019-05-17,171.59115600585938,171.94780657059096,169.00066674156804,169.69522090925014,1307978
2019-05-20,160.7974853515625,169.18837606241541,160.17801929591863,168.9443504897027,1966580
2019-05-21,163.06881713867188,164.34528590709624,161.51077163926217,162.14899886268063,1254844
2019-05-22,162.2428741455078,162.5807633825282,159.87764948636513,162.48689969162703,988981
2019-05-23,159.8964385986328,160.9664188860027,157.68138992914552,159.55854933306392,1284646
2019-05-24,159.9339599609375,162.18655961994082,159.23942021472183,160.91009077631543,746350
2019-05-27,162.2428741455078,162.74970084024415,160.81622910902303,161.2479820369446,373716
2019-05-28,161.58590698242188,163.16271422257927,160.3657503390096,162.20537310745155,3139168
2019-05-29,158.43226623535156,160.02784896185545,158.03806445503346,159.55855908220192,1199543
2019-05-30,160.47836303710938,161.3043178071835,158.657516014859,159.08926900510426,468679
2019-05-31,158.9015350341797,159.44591294094823,157.6813786446356,158.41346961404432,1054462
2019-06-03,158.99539184570312,158.99539184570312,156.1233403202892,157.17455929913086,1153255
2019-06-04,158.1694793701172,158.69508179146595,154.90321120043524,155.99196725699588,1347582
2019-06-05,158.657470703125,160.25306729354523,157.5124169010761,159.52097643700284,868513
2019-06-06,159.4646453857422,160.94760265913368,157.94415123524604,158.4697534442281,784641
2019-06-07,163.1251678466797,164.32654881359582,160.21556481398514,160.23434041954062,1091591
2019-06-10,164.25149536132812,165.152538437383,162.3367985169031,164.232719751812,615326
2019-06-11,166.4852752685547,167.98699422716814,165.26511876858814,165.28389437302792,819605
2019-06-12,164.25149536132812,166.18496781526932,163.70711725811074,165.19007533482142,798669
2019-06-13,164.25149536132812,165.03989910187997,162.3367985169031,163.5006285182147,694552
2019-06-14,160.53465270996094,161.49200793721624,157.5499763777259,161.43569545118743,1191522
2019-06-17,159.9339599609375,161.7923579019726,159.915198680264,161.7923579019726,620157
2019-06-18,162.97500610351562,163.68832164040572,156.1046089845658,158.46981991711345,1580000
2019-06-19,164.23265075683594,164.72071614805995,163.4630229491248,163.951074018761,850495
2019-06-20,167.42379760742188,169.15078026265715,165.5466388113179,165.71557622860644,1175333
2019-06-21,167.72418212890625,167.9494464027442,165.95966210940404,167.1985798115401,1941551
2019-06-24,166.7667999267578,168.53133398279763,166.57908688967814,167.53644199684726,756462
2019-06-25,166.44772338867188,168.17470662883085,166.24123470543657,166.52281148453835,673322
2019-06-26,168.00575256347656,169.41362199836604,165.95965585913302,166.0347296259959,1044453
2019-06-27,168.66278076171875,170.16451411306875,167.63035161405745,169.3197837323379,889217
2019-06-28,172.45465087890625,172.92394076059543,168.53138002075772,168.68155622008,1071376
2019-07-01,177.72943115234375,179.2687011020317,177.0724283058162,177.4854056155158,1388671
2019-07-02,178.0485382080078,179.00589336140374,177.46662346848646,178.46151550247615,825679
2019-07-03,178.0485382080078,179.23115760972848,177.26013482125228,177.86082516186423,718808
2019-07-04,177.4853973388672,179.11851657813756,177.29766997296676,178.66800240746855,447156
2019-07-05,174.31301879882812,176.99735724853787,173.37443912160919,176.9222691557696,1024894
2019-07-08,174.40689086914062,175.42054436620793,172.88638198035966,173.59971173511295,641033
2019-07-09,172.62356567382812,174.85738979998334,171.5160485729675,174.40687558281874,821185
2019-07-10,173.149169921875,174.6696786944329,172.09796529617682,172.5484795183919,719126
2019-07-11,173.69351196289062,174.98875619602507,172.98019673158007,174.35051471825375,919678
2019-07-12,173.2617950439453,174.70720128603054,172.92390582452973,173.9751103642281,676451
2019-07-15,172.5672607421875,174.50073259382472,172.19183459837828,173.35566423714045,739541
2019-07-16,173.13043212890625,173.13043212890625,170.9529201698653,172.4546535431067,789321
2019-07-17,182.0844268798828,183.4735205594376,173.63721119988824,173.63721119988824,2057235
2019-07-18,187.24664306640625,188.2790864259845,181.29605143070035,181.3899008041962,1563460
2019-07-19,187.24664306640625,190.25009512846688,186.25175091349766,189.59309222763943,1286483
2019-07-22,189.7808074951172,190.01545241395922,186.4582417458133,187.80979876979768,1028201
2019-07-23,193.25357055664062,195.08381258096668,191.61105594518247,191.8457008896765,1192470
2019-07-24,196.5855255126953,197.00788353531757,192.92507022118178,193.81671811818222,974367
2019-07-25,194.94297790527344,198.50958321024797,193.3473954671919,197.00785013817827,1175874
2019-07-26,195.59999084472656,196.2570080486451,194.47369814336275,195.22456471813487,668132
2019-07-29,193.39437866210938,195.5531151558134,193.39437866210938,194.37989035723425,559960
2019-07-30,192.4088134765625,194.80219426461292,191.0478759528751,194.52061752691503,744680
2019-07-31,190.34396362304688,193.4881969854272,190.34396362304688,191.6110376091084,955308
2019-08-01,194.80218505859375,194.80218505859375,187.71590671575652,188.6544862493353,813091
2019-08-02,185.42579650878906,189.45231129569942,184.46844123950007,186.3080636862133,1815727
2019-08-05,179.11856079101562,182.55376620406832,178.76191021526267,182.10325192219625,1425420
2019-08-06,178.3489227294922,181.80288923102398,178.3489227294922,179.09978937117867,1035423
2019-08-07,178.89328002929688,182.98548771627836,177.46663500699083,180.95815231430478,1211026
2019-08-08,183.736328125,183.736328125,181.0144531501499,182.59125992470342,1075461
2019-08-09,179.7943572998047,184.2620066392215,178.59297621397636,183.0230743385654,990767
2019-08-12,180.20729064941406,182.85409210518992,179.19362292092046,180.6765804688136,741395
2019-08-13,183.49232482910156,185.2943960704693,176.77209097874183,179.64414246722131,1337295
2019-08-14,175.7959747314453,185.0503708334593,174.2567046483447,184.35581672316678,1333007
2019-08-15,176.50929260253906,178.5554037553324,173.63724106874812,177.6543609596385,1113231
2019-08-16,179.66290283203125,180.31990567863957,177.14751641313433,177.82329486152798,1111876
2019-08-19,183.09814453125,183.8114600056681,181.31483436281852,182.06570104839014,800191
2019-08-20,182.32850646972656,184.14935356996045,181.37116538696554,182.9291969678004,654051
2019-08-21,183.96163940429688,185.519685297658,181.91554233018422,182.06570421263567,689067
2019-08-22,181.78408813476562,184.58106562478483,180.97692343601048,183.45477298099132,721570
2019-08-23,178.48031616210938,184.22441924577922,178.48031616210938,183.41724014460559,895203
2019-08-26,180.6015167236328,181.44624710537215,177.29771193967292,177.50420063376984,638185
2019-08-27,181.57760620117188,182.36600958667117,178.98711747512078,180.301137439207,897930
2019-08-28,182.17832946777344,182.17832946777344,179.34381470197246,180.7329086781917,784643
2019-08-29,187.17153930664062,187.99749392516307,182.06566406775272,182.15952775498042,871644
2019-08-30,189.82774353027344,190.43781460408346,188.1382972130285,188.18522906214994,898272
2019-09-02,188.3729248046875,191.23559547862382,187.76285378701064,190.06237096648502,520072
2019-09-03,188.88914489746094,189.96850571109687,187.05891753792739,187.58451982357926,902126
2019-09-04,192.1272735595703,192.64349529068443,190.34397774836586,190.9540488623067,814316
2019-09-05,201.8885040283203,201.93542155717097,194.89607363877195,195.03686919009394,1523920
2019-09-06,203.953369140625,203.953369140625,200.99683452939993,201.09069822686976,954763
2019-09-09,205.68971252441406,205.68971252441406,202.35776641929198,203.906417022473,772800
2019-09-10,203.7187042236328,205.87744015925392,202.45161604010207,205.3612185170159,1229612
2019-09-11,207.4261474609375,207.4261474609375,204.56347604568762,204.9389165797486,813947
2019-09-12,210.0541229248047,211.08655191928025,207.8015232320072,208.8339665480713,1202812
2019-09-13,212.68218994140625,212.9168348930973,209.25636505376212,209.72565495714423,1125119
2019-09-16,210.10105895996094,211.55584595034927,208.50546210848282,210.2418401778731,826925
2019-09-17,209.5848388671875,210.33570545207087,208.3177506100975,210.10106053939413,728302
2019-09-18,212.1659393310547,213.3860957782381,209.490981516906,209.77255828496206,919399
2019-09-19,213.99615478515625,213.99615478515625,210.94577099984153,211.50892450422737,938421
2019-09-20,212.1659393310547,214.60623790383218,211.41507272343492,213.66765822470484,2358083
2019-09-23,211.4619903564453,212.0251295331118,208.36467475922032,210.14797030104677,831618
2019-09-24,211.3212127685547,213.2453040091517,211.3212127685547,212.11901123857453,738318
2019-09-25,210.10105895996094,210.10105895996094,205.07965213779138,208.83397071239625,1007372
2019-09-26,212.4944305419922,214.32467234700079,211.0396435177287,211.180424738919,965027
2019-09-27,211.602783203125,213.01065270457173,208.9278397433297,209.3032658817465,819090
2019-09-30,213.29225158691406,213.29225158691406,209.67871376318598,210.57037599716946,902456
2019-10-01,211.1334991455078,217.6566251496864,211.08656729652446,215.35710776539764,1177986
2019-10-02,205.50204467773438,211.74360895077427,205.50204467773438,211.13352348683378,1164467
2019-10-03,207.05068969726562,208.2708318626557,203.67179701356594,206.2059593655458,848277
2019-10-04,209.6787109375,209.9602877275112,207.09761661864647,208.17699192675767,846338
2019-10-07,212.1659393310547,212.44751609911074,208.4585524628195,209.35020029367263,819582
2019-10-08,207.47305297851562,213.94924741177942,206.53447324490696,213.4799575449751,912379
2019-10-09,210.85189819335938,210.99269372416344,206.5813725358063,207.89537822711682,672520
2019-10-10,216.38955688476562,216.57726996407848,209.06863221884498,211.6027945935433,921951
2019-10-11,221.7864227294922,221.7864227294922,216.34265670301548,217.3751002727513,1119025
2019-10-14,221.5987091064453,222.34956153185806,218.8768189387521,221.69255849882592,982241
2019-10-15,228.2625732421875,228.40336878586461,224.1797602641571,225.4468342277158,1560445
2019-10-16,217.93820190429688,228.87266392341064,217.93820190429688,224.3205466825966,1859685
2019-10-17,214.93475341796875,220.70701290121278,213.4799520043152,217.46891576862248,1685033
2019-10-18,213.99615478515625,215.63866913109496,212.16592737828515,213.05757515890556,1321248
2019-10-21,218.6421356201172,219.11142546447098,213.80845595190885,214.8878168652868,880953
2019-10-22,217.56275939941406,221.3640097355486,216.71802914605723,219.76841291973741,919362
2019-10-23,215.92027282714844,216.6242076346778,212.9168205126747,213.29224668138755,1029415
2019-10-24,222.7249298095703,222.86571101326484,217.51581044906172,217.51581044906172,1026540
2019-10-25,223.24114990234375,225.77531180266374,221.36399081742712,223.8981527177471,783448
2019-10-28,225.9630584716797,227.13628307433638,221.83331359896385,223.00653820162057,769720
2019-10-29,224.83677673339844,227.88716084976042,223.7104839239828,226.19771447484192,834906
2019-10-30,222.91268920898438,225.72842844109786,220.4723761458499,223.3819790810033,701170
2019-10-31,220.56619262695312,224.97751361517473,220.51926078548098,223.5696443005346,1031054
2019-11-01,225.0244598388672,225.963039441949,221.1293602147129,221.50478632731034,718188
2019-11-04,230.8221435546875,232.28332997877683,227.85260364326226,228.135419023101,911531
2019-11-05,232.37759399414062,232.51899448411567,229.17239155495278,231.19920862905877,837228
2019-11-06,229.12525939941406,233.0846314552038,227.8054591244259,232.2833236316543,1335850
2019-11-07,229.5023193359375,232.42472064885948,228.65388766939176,230.3507653870695,890231
2019-11-08,228.18255615234375,228.37109494307788,225.87292360052842,228.32395664924744,926469
2019-11-11,227.99398803710938,229.5494508413375,226.57992571159804,227.8054348860392,702071
2019-11-12,229.64370727539062,230.4450005588161,228.1353685066369,228.1353685066369,645807
2019-11-13,230.3979034423828,230.3979034423828,228.04113268546567,229.07811757234407,737990
2019-11-14,229.9265899658203,232.04768402227472,229.8794660500153,230.44508250098266,755750
2019-11-15,234.73435974121094,235.01717509974418,230.8221261660254,231.34060420798525,898651
2019-11-18,234.074462890625,235.017171146822,231.5291534758105,234.35727824440139,609638
2019-11-19,230.9163818359375,235.25284551865192,230.06795016890422,233.79164486135122,863762
2019-11-20,230.63357543945312,232.28331493296733,228.2768047344328,229.78514373948053,645869
2019-11-21,228.8896026611328,230.68074286936493,226.72137046171224,227.19272466225632,925331
2019-11-22,229.17237854003906,230.6807030909325,228.323932494612,228.60674784308767,790013
2019-11-25,231.6234588623047,231.9534125673358,229.0781489728574,229.1252872713746,780134
2019-11-26,232.37759399414062,234.40441106824662,231.38774741055448,231.7177010666122,863138
2019-11-27,232.0947723388672,234.68722007178113,231.34060284873857,233.88592667599605,522616
2019-11-28,231.85910034179688,231.85910034179688,230.02082205881797,230.96353034594426,325522
2019-11-29,232.84896850585938,235.30001603344056,230.1151199735935,230.86927516553703,849408
2019-12-02,224.977294921875,234.5929295885298,224.5059408454541,233.13172907470798,1325848
2019-12-03,223.04476928710938,229.40804973448726,222.10206107268303,227.0041409107829,1243529
2019-12-04,228.84242248535156,229.73799242557578,224.0817430541562,224.36455839964435,885303
2019-12-05,230.35081481933594,232.5661710394271,229.21955317506286,229.97372280971513,723725
2019-12-06,238.12815856933594,240.15497596891797,232.5190318231363,232.7547089339988,1176142
2019-12-09,237.51539611816406,241.19196778158633,237.51539611816406,238.1281652543626,841116
2019-12-10,237.3268585205078,237.84535105854306,232.8489932654039,236.76122768181668,814684
2019-12-11,239.58932495117188,240.24923231362692,236.1013068813709,236.94975303970395,781585
2019-12-12,240.81488037109375,243.1716659755703,237.93961660591413,241.71045055773266,1164605
2019-12-13,244.9627685546875,247.22526282287296,242.51172111033011,246.51823156599153,1146454
2019-12-16,247.93231201171875,248.59221940687343,245.66981757989598,246.18829569810498,1064185
2019-12-17,247.93231201171875,251.37319195690517,247.696634909046,248.73361991464157,1213993
2019-12-18,248.49790954589844,250.5718505102764,247.50804858567773,248.3565090570594,972427
2019-12-19,246.14117431640625,249.53493038362848,245.1513132134951,249.06357617343588,976098
2019-12-20,249.44065856933594,250.3833670077921,245.95262583937676,246.98961087551422,1762439
2019-12-23,251.13748168945312,252.4572675362963,249.4877421886057,249.91197242506456,645712
2019-12-24,249.7234649658203,251.46748136832113,248.92215702205732,251.46748136832113,205969
2019-12-27,251.6088409423828,251.93879460308796,249.8648248236622,251.13748678971098,495721
2019-12-30,247.83804321289062,251.60887697427103,247.08388796828595,250.94899832753654,469265
2019-12-31,248.59219360351562,249.6291497322997,246.6125003927172,247.46093212043806,200017
2020-01-02,253.9656524658203,255.85106937910655,249.62918781142616,249.81774101042637,775137
2020-01-03,252.5987091064453,253.58854134752954,249.91198460599145,252.41015593234584,823902
2020-01-06,248.02655029296875,248.87498197769446,244.30284113828475,248.87498197769446,1111607
2020-01-07,253.0229034423828,253.72993467150786,250.33617901787275,250.47760827903724,1125028
2020-01-08,255.19110107421875,256.32233356328953,252.26870013140712,253.16425558910868,1148323
2020-01-09,256.7937316894531,259.05622582498654,255.47394584115645,255.94529998477483,999941
2020-01-10,253.21142578125,256.98225854413033,253.02287263543764,256.79370539831797,738176
2020-01-13,253.63565063476562,255.42681937792688,252.17446431184305,252.6458184507437,901659
2020-01-14,254.05995178222656,255.09693693109236,252.17453470035474,254.5313060526945,974145
2020-01-15,255.898193359375,257.0294261189491,254.34270156505,256.7937490312242,943936
2020-01-16,254.71981811523438,258.3492223961146,254.29558783268055,258.01929747543596,947863
2020-01-17,255.379638671875,256.60517656000485,253.87129983911464,255.7567161877725,951840
2020-01-20,255.09690856933594,257.1708498673045,255.09690856933594,256.65237173510695,525815
2020-01-21,255.70960998535156,255.9452870452459,251.32602242515145,254.5312246858799,796365
2020-01-22,254.71981811523438,258.06642138719667,247.5080759268808,250.7604313753217,1625431
2020-01-23,249.34629821777344,254.29551585725665,248.9220680552931,253.5884847659019,1363769
2020-01-24,255.1439971923828,255.52107476084052,251.7973942147059,252.1744717831636,1110922
2020-01-27,244.25570678710938,251.8444964886952,243.83147657830216,249.53487859955564,1538335
2020-01-28,246.75389099121094,248.30935389118906,243.36013544723926,246.61249050378993,1359303
2020-01-29,253.4942626953125,254.05989344382763,246.89530442404427,247.74373616222948,1304251
2020-01-30,249.81776428222656,252.22165956293006,248.26230093770187,250.43051908229003,1109626
2020-01-31,239.68360900878906,251.65601711198246,239.44793191045198,249.8177242372826,1554825
2020-02-03,245.1041259765625,245.38692692194422,239.8720927182227,240.67340042236478,1182289
2020-02-04,254.48406982421875,254.48406982421875,247.3194823211507,247.5551593523755,1302073
2020-02-05,260.51751708984375,263.9583975903096,253.6357273197299,253.87140446043554,1558323
2020-02-06,264.5711669921875,264.99539737652486,260.7060559176356,263.9584121463987,1185742
2020-02-07,262.5914306640625,264.33544707314053,260.61176590859037,263.9583694420591,1029523
2020-02-10,264.90106201171875,264.90106201171875,260.6588741859083,261.177352301392,752140
2020-02-11,271.9242858886719,272.9612422521417,267.4935443078821,268.6719299656261,1077284
2020-02-12,274.09246826171875,274.09246826171875,269.56747943351263,271.0286659509687,1110296
2020-02-13,275.5536193847656,275.78929645532025,269.37889164390464,272.86692379578216,1125398
2020-02-14,276.1663818359375,277.2504905244228,274.3280893173793,275.2707975280919,942165
2020-02-17,271.9242858886719,277.53338435802453,268.86048317853755,276.59067583182934,1013259
2020-02-18,269.7559509277344,269.9916279823225,263.95830113870085,263.95830113870085,1276183
2020-02-19,276.1192321777344,276.1192321777344,271.0757374415378,271.8299212798427,1149699
2020-02-20,271.2171630859375,277.1562132916617,271.2171630859375,276.4963060380606,1042158
2020-02-21,268.6718444824219,274.42237041640635,264.5239340407382,271.4528452575403,1488253
2020-02-24,255.1439971923828,258.9148304153086,250.80753323218323,257.45364404909463,2110959
2020-02-25,251.0903778076172,258.86772178900895,250.00626894586446,257.35938265696444,1555531
2020-02-26,252.2687225341797,253.9184619002694,239.35360856055175,247.3195044359106,2084013
2020-02-27,241.1919403076172,248.02657593597334,236.38412190486937,246.04688262082115,2151552
2020-02-28,233.8859405517578,235.1585881563024,228.0882757379855,230.96353899835185,3267092
2020-03-02,235.91275024414062,243.45441658561165,228.70103755894374,241.4275995101761,2620489
2020-03-03,244.44422912597656,250.38330815374243,240.3905953011166,242.88876632198014,2608499
2020-03-04,248.6392822265625,250.85465220118303,242.98303315221415,244.91557341161496,1595852
2020-03-05,247.83804321289062,253.49429385496123,244.2086099637263,253.49429385496123,1741151
2020-03-06,236.902587890625,241.66326746598725,234.97003308661618,239.4478973079258,1920181
2020-03-09,222.66769409179688,228.0411284406275,212.1093641742621,219.65103045601364,3541445
2020-03-10,221.253662109375,233.2731943998532,220.78230790190528,227.19272800041142,3002071
2020-03-11,224.36456298828125,229.59659664076557,222.76196184385364,225.4015478147507,2184807
2020-03-12,205.8874969482422,213.2406249216625,199.90130758376503,209.28125274661704,4158487
2020-03-13,203.71926879882812,222.0549423042574,198.44009658015312,212.10936689090002,3780161
2020-03-16,206.2174530029297,209.75260934012277,180.69833088557635,192.17110424365103,3075133
2020-03-17,199.80703735351562,215.0789101630005,193.25521701929145,214.93750966048023,2620398
2020-03-18,175.24945068359375,196.88461563525897,173.96736694115867,193.25518326881522,3758609
2020-03-19,189.53152465820312,189.53152465820312,167.3495973955723,175.24948392107612,2694325
2020-03-20,202.68228149414062,208.71560877082914,196.88463128895694,202.68228149414062,3393134
2020-03-23,201.26820373535156,203.8606513244486,184.16747730483675,189.2958122917115,2853264
2020-03-24,226.25003051757812,226.532845932643,208.1971692530322,215.88023745218914,2297810
2020-03-25,230.86924743652344,239.44789836811327,218.37836297440728,236.00701896823287,2202960
2020-03-26,234.73435974121094,234.73435974121094,218.75545740682898,224.64738410716058,1910264
2020-03-27,216.35157775878906,232.09480515887253,215.267468852831,228.32397155959083,1980238
2020-03-30,230.7278594970703,230.7278594970703,216.44583431574438,217.8598967845722,1273225
2020-03-31,228.55963134765625,235.6770821041181,224.22318166769298,232.99035761429616,1642173
2020-04-01,221.0651092529297,222.47917178546442,215.73881280088403,221.11224754759843,1525048
2020-04-02,216.39871215820312,220.2166839856292,209.84689177437178,219.17969901066812,1420543
2020-04-03,215.0789031982422,218.23698190841944,209.65833021347584,214.5604251160652,1301604
2020-04-06,231.34059143066406,232.80179204855912,221.72497046372678,222.47913991663253,1252365
2020-04-07,237.609619140625,244.1614386522527,234.3572785297034,239.30649688076258,1614106
2020-04-08,243.21875,243.21875,236.00703700383505,238.50520833333334,1127787
2020-04-09,241.0033721923828,245.9997434656807,236.90259970024817,241.6161268362207,1406604
2020-04-14,248.16796875,253.4471411705017,241.75756359100342,245.10416666666669,1636230
2020-04-15,240.24925231933594,252.2216322772985,238.4580976478743,250.76044569912912,1573094
2020-04-16,252.2216339111328,254.20132740699617,248.21512300464835,250.7604473234982,1848533
2020-04-17,255.9924774169922,263.72269849631664,255.33259873945656,260.89457304327306,1753652
2020-04-20,257.406494140625,257.406494140625,248.68644221882778,256.6994629037225,1024080
2020-04-21,243.78440856933594,254.86123274985462,241.75759117524694,253.40001740495995,1259010
2020-04-22,252.83438110351562,254.20129089612712,246.09399364891308,246.98957805410737,1036747
2020-04-23,254.2012939453125,258.53775799180863,251.93879972036777,257.83072674844,904543
2020-04-24,252.6853790283203,256.1909329570976,247.8059796600807,249.51141006218123,957104
2020-04-27,255.52777099609375,259.222827363025,254.01184228008893,259.1280763969118,799569
2020-04-28,258.1332702636719,261.63882478972005,254.6750478510106,255.14877377998488,1169970
2020-04-29,261.9704284667969,262.44415437722506,255.52776765054728,257.5647832826016,1052979
2020-04-30,256.42779541015625,267.1813779287263,254.39078004915962,265.61808841512106,1884935
2020-05-04,244.25306701660156,244.9636558798158,238.6157460501295,243.9688430368898,1964529
2020-05-05,253.63282775878906,255.00661535432357,244.25303294175404,248.70606742891067,1336552
2020-05-06,257.6120910644531,259.45963329884455,253.30119773611176,255.29085193147276,1113122
2020-05-07,262.0651550292969,262.44412993956394,257.04364349797834,257.80162223244474,910018
2020-05-08,263.77056884765625,264.9548835685185,261.6861922872988,264.05482172902333,768553
2020-05-11,264.4337463378906,265.66542184763875,259.8859613268161,265.66542184763875,958469
2020-05-12,264.718017578125,267.84462575358236,262.6336410417534,263.86531677170325,988386
2020-05-13,259.6017761230469,262.8704961835998,256.9015328878856,259.2228012107632,1145562
2020-05-14,253.49070739746094,258.0384932041373,248.5639755826447,254.86452401815063,1507056
2020-05-15,254.864501953125,264.67063262518565,253.96441129143577,264.3390187543564,1888434
2020-05-18,262.1125183105469,264.14953377048823,256.38044684425773,259.6017769802037,1325265
2020-05-19,269.2183837890625,269.2183837890625,258.03846575073584,266.37602880502044,1391017
2020-05-20,280.3983459472656,280.3983459472656,267.2287440092085,267.32349496326765,1404267
2020-05-21,274.80841064453125,279.7825330944642,274.4768256123522,277.60340530102087,894501
2020-05-22,276.41900634765625,276.65586924941084,269.17100733675016,270.1184589437687,804110
2020-05-25,280.0666809082031,281.96158398753613,276.60848857120567,279.0244784317847,459543
2020-05-26,278.361328125,284.6619057453998,277.79288017441047,284.23554086852323,844887
2020-05-27,272.439697265625,280.01931010043484,268.12880403139826,278.6928836371288,1222535
2020-05-28,279.403564453125,280.25626539537075,273.1503760200932,277.31918758473967,1082638
2020-05-29,277.5559387207031,279.8771776329041,274.57144325456073,274.808306138291,1300860
2020-06-01,277.508544921875,282.34055346530806,274.57143942183325,282.34055346530806,642918
2020-06-02,281.1089172363281,285.4198106953667,275.70843124432105,280.3509385649618,1151499
2020-06-03,291.8624572753906,293.2362736772529,283.1932808153755,283.998620467711,1165660
2020-06-04,293.9942626953125,295.4154403021167,289.96759280936743,290.58345957012847,1167708
2020-06-05,303.6582946777344,304.88997042286627,296.97877121217516,297.9735840129406,1494097
2020-06-08,289.25701904296875,299.252652745473,287.45686643022253,297.73672410329,1444709
2020-06-09,293.1416015625,294.75228130030143,289.4465450678257,290.86772286684936,1248671
2020-06-10,291.8150939941406,296.22073816938337,289.967551801009,294.4679469194251,935088
2020-06-11,284.614501953125,288.451698916433,282.48273550037595,286.319932463684,1363524
2020-06-12,289.92022705078125,292.004632405608,280.4457098268995,281.2510495737158,1369570
2020-06-15,287.6936950683594,289.1622625116272,277.9823154084738,282.3405988922817,881683
2020-06-16,296.1260681152344,297.92624978547644,291.8151737056123,295.557620128775,1296418
2020-06-17,304.93731689453125,308.63237251716964,295.17854762928374,295.604912433943,1302287
2020-06-18,304.0372314453125,308.3007639087791,301.1475154523127,304.795210120509,802136
2020-06-19,310.0061950683594,310.66939388275176,304.5109580857832,305.0794348652125,2345932
2020-06-22,305.6005859375,310.3378452384312,303.80043318593334,306.0269508401583,716743
2020-06-23,310.66943359375,312.99070202566236,307.2112403715829,308.3955550993068,750908
2020-06-24,304.8426208496094,311.09580859854213,304.0372810257279,309.05879298326647,714787
2020-06-25,305.07952880859375,307.542909668718,300.34226904448514,303.27937588102026,761892
2020-06-26,306.974365234375,312.0905988721614,305.50582659589475,307.54284206389184,631864
2020-06-29,305.2690124511719,309.7220190139278,301.5265658964657,306.169074403993,915218
2020-06-30,309.7218933105469,310.2903700002026,305.3636105750872,309.0586946008865,989573
2020-07-01,309.9587707519531,312.1379266790343,305.9321016390916,309.24818208497754,690502
2020-07-02,315.26458740234375,315.9751762544903,309.2482626713829,313.417044821189,827104
2020-07-03,316.401611328125,321.0441204093479,315.1225453277011,317.3016733921708,390428
2020-07-06,325.49700927734375,326.207598029002,318.8648475952002,322.4177913534914,820104
2020-07-07,324.2179870605469,326.0655005485853,320.33342926277106,323.3178963695498,589358
2020-07-08,325.8286437988281,327.581435280149,321.65986197428947,322.1335878387582,623838
2020-07-09,326.2550964355469,330.6607423778506,324.12332947179283,325.92348245839713,623430
2020-07-10,330.37646484375,334.5452471149462,327.81833333595887,328.7657851664096,773504
2020-07-13,334.9241943359375,336.8190978399598,330.9448854119176,336.3453719639542,905887
2020-07-14,325.26019287109375,327.6762123205715,320.80718673896405,326.3497855772549,1026716
2020-07-15,313.322265625,329.7131672593924,312.327424065084,329.7131672593924,1547753
2020-07-16,314.26983642578125,317.6806404562111,309.67468849475085,317.6806404562111,1232068
2020-07-17,315.5961608886719,320.9966181248333,315.5961608886719,319.85969345539803,982638
2020-07-20,321.09136962890625,322.3230741653296,313.27489324310966,316.0224973413914,718457
2020-07-21,319.670166015625,328.14986945314587,318.7227144098206,324.54953600273205,718697
2020-07-22,320.80712890625,323.41262089854035,315.9751197923074,319.6228143642998,770491
2020-07-23,321.3282165527344,324.1705714606116,318.1068867732594,322.70203299044675,759888
2020-07-24,305.6005859375,311.6169110324699,299.6316507839011,310.7642101410895,1438081
2020-07-27,306.927001953125,309.2956312970635,298.30518535840235,299.86847494261525,777126
2020-07-28,306.0269470214844,309.62725247969223,304.0372923571334,307.2586228587829,717419
2020-07-29,292.5731201171875,300.67385079420063,291.81517020171844,298.4473331608484,1479947
2020-07-30,287.1726379394531,294.5153891740759,285.41984637807906,292.7625976127018,1411208
2020-07-31,283.9512634277344,294.6100942033411,283.9512634277344,289.49383229990667,1303599
2020-08-03,293.80474853515625,295.4153989155288,283.7617557379393,283.9512576245377,1073460
2020-08-04,298.6367492675781,299.86842475471207,291.67297437911446,299.1578360704592,1084226
2020-08-05,296.03131103515625,301.38440764316226,293.9942666402571,300.2948439127787,703344
2020-08-06,291.7203674316406,297.8314423529552,291.6256164805484,295.41542321279167,644162
2020-08-07,297.12078857421875,299.34730532498793,291.8624155355182,291.8624155355182,536035
2020-08-10,292.2887878417969,296.0785938429871,289.541184273719,296.0785938429871,547401
2020-08-11,295.9839782714844,297.40515617187305,292.573145527764,294.32593738769765,671629
2020-08-12,299.8210754394531,300.72113712626793,293.6152500064888,294.6100915516151,682104
2020-08-13,302.047607421875,304.7478507018831,299.8211189325053,301.2896575847193,619972
2020-08-14,297.4998474121094,301.5738783429442,296.36289375451554,300.3895636637559,650973
2020-08-17,302.142333984375,303.1845366117641,297.7840504877948,298.352527276728,436206
2020-08-18,300.76849365234375,304.93727451684737,299.53678934001675,302.1422809945722,643543
2020-08-19,300.76849365234375,302.1422809945722,297.8787491962088,298.5893378292693,467420
2020-08-20,295.60504150390625,299.06323572589105,295.0365644874565,297.1683316136865,581045
2020-08-21,297.12078857421875,300.2000058703672,292.3835311955288,297.26290051279454,677495
2020-08-24,301.8107604980469,305.9321816268603,300.24747080475476,301.28967357159434,590432
2020-08-25,302.3319396972656,305.4111587045425,301.5739607471101,303.18464071649265,574971
2020-08-26,308.4902648925781,308.4902648925781,302.1423272335307,302.9950279409131,542647
2020-08-27,302.9002685546875,312.80111978792775,302.42654278523315,309.24817651702006,605829
2020-08-28,300.05792236328125,303.6108657339519,297.5471525835322,302.8528871331859,613353
2020-08-31,297.78411865234375,304.03730693413934,296.5050817268782,302.3792661200084,709611
2020-09-01,306.1690368652344,306.6427627551431,298.21044769755423,298.7315346108804,985235
2020-09-02,315.6435546875,317.7753211922521,307.21123962926754,307.8744674407639,911249
2020-09-03,301.19488525390625,321.9914613311344,298.0683062550838,321.1861216150951,1048079
2020-09-04,288.78326416015625,298.35253203227927,283.3354169310784,296.74188150421486,1456722
2020-09-07,288.0253601074219,289.63603980517576,286.36731938311925,288.07272113397056,667025
2020-09-08,281.7720642089844,289.8727917067326,274.002979425757,289.1148131748089,1505992
2020-09-09,288.83062744140625,289.35171425835824,281.3931265626056,281.3931265626056,890221
2020-09-10,289.0675964355469,292.1468152805861,285.51465161434777,290.1097993658864,727836
2020-09-11,291.3414001464844,293.9468923429163,288.07268018902437,288.97277087700076,663685
2020-09-14,293.9469299316406,295.6049706323026,291.6730513249484,292.66786417977147,554009
2020-09-15,295.9839782714844,299.3000600390579,292.09941956096776,294.4206883638446,625257
2020-09-16,295.9839782714844,299.82117595089676,294.6101903161384,296.55245521442754,872127
2020-09-17,290.82025146484375,292.0992878673865,284.2828129393233,288.9727094617314,857811
2020-09-18,292.24151611328125,298.4473137705557,291.8151512423211,294.42064366412757,2310588
2020-09-21,287.0304870605469,292.28883211817066,284.33024409287674,290.96240559960995,996831
2020-09-22,290.48870849609375,295.4154401826632,289.2096428677007,289.92023167081544,1073542
2020-09-23,295.60504150390625,298.3052856465861,292.999548349625,295.6524025411345,920160
2020-09-24,291.9572448730469,293.6626753357353,287.31473717793756,289.92022943594026,981308
2020-09-25,291.0571594238281,293.99423641755595,283.7617701287361,292.7625608339882,939943
2020-09-28,298.2577819824219,300.20007530528306,289.54124373789125,290.53605645194204,950132
2020-09-29,301.5265808105469,302.9003976932482,297.642022062093,300.57912886770146,658109
2020-09-30,298.1629943847656,301.62118652791037,294.7521632503788,298.73144214555947,981996
2020-10-01,304.5109558105469,306.3584981014051,301.28962596975686,301.28962596975686,927381
2020-10-02,303.08984375,304.88999649835466,300.38960017049993,304.36890954175647,696089
2020-10-05,303.4214172363281,305.7426855457855,300.5317010186979,303.1845543032787,526694
2020-10-06,300.5317077636719,305.9795553460775,298.9210282172136,305.8374144519119,620876
2020-10-07,301.905517578125,304.2267861097566,299.3000250652033,301.1949287109645,595704
2020-10-08,305.2690124511719,306.5006883503744,301.6213168688514,304.41628261363775,654041
2020-10-09,310.8588562011719,312.043170626722,305.60048280337367,306.5479343438137,642817
2020-10-12,318.2490234375,320.14392685649545,311.9958363720287,312.6590641342497,924205
2020-10-13,326.1603088378906,327.1551217437169,318.67544478823254,319.6702576940588,1092014
2020-10-14,322.9862976074219,327.06035750367806,318.0121758919669,322.0862357882231,1110810
2020-10-15,311.8064270019531,319.38604222453995,308.5850963151412,318.1543374025071,1084218
2020-10-16,313.2276306152344,317.11218951905386,312.46965168227894,314.74355956720535,942442
2020-10-19,312.2801818847656,317.6806408828253,312.2801818847656,315.50151287001984,354190
2020-10-20,309.0113220214844,316.11720875621387,307.7322566264476,313.8906917965465,676054
2020-10-21,307.44805908203125,311.5694795243144,306.6427194002631,311.5694795243144,601381
2020-10-22,303.279296875,307.5428295520227,301.1948915562163,305.31631226012456,733742
2020-10-23,299.963134765625,303.98980342695495,297.9734809384184,300.8158352875925,644361
2020-10-26,293.0468444824219,300.7686001605836,293.0468444824219,298.2104686101093,912974
2020-10-27,293.18896484375,296.5524070966853,291.5782852524118,296.0786812067544,951955
2020-10-28,292.8099365234375,295.60493060595735,288.49904285100644,291.0571740083613,1221217
2020-10-29,298.447265625,301.2896205357143,293.1415306755475,293.8047583869525,965479
2020-10-30,295.60504150390625,296.9788585508314,292.6679343472008,295.3208174526524,1049652
2020-11-02,298.4107360839844,301.02628835244957,296.1280780911653,296.74629373132467,862246
2020-11-03,302.83331298828125,305.2586600610414,297.2217717428883,299.9324401062961,781561
2020-11-04,306.8756103515625,308.54005271410455,299.8374027379276,301.359184417366,1610708
2020-11-05,318.8595275878906,321.4750792683282,315.7208771815914,316.7195307584417,1450271
2020-11-06,322.6639709472656,323.8053142159639,315.3404145285092,319.09730951453975,794627
2020-11-09,337.3586730957031,337.7866551099317,326.37333698806617,330.0351156906118,1767913
2020-11-10,324.0431823730469,332.6031722082842,322.09338949523226,331.03381751803215,1593787
2020-11-11,333.601806640625,334.1724784015037,318.3840478202401,319.8582565957363,907399
2020-11-12,335.6466369628906,339.5937367613114,332.03243139397773,333.7919902994618,1059294
2020-11-13,335.5514831542969,341.35325800154,335.5514831542969,337.1683812188866,820795
2020-11-16,340.5924377441406,342.3995406256623,334.8857787337129,339.3084336616806,879322
2020-11-17,341.4960021972656,342.3520243382815,338.2622343024899,340.4973484001751,682172
2020-11-18,340.1643981933594,342.2568512653408,337.50130248862513,341.11550794870254,820402
2020-11-19,338.0720520019531,340.9729258135688,334.5529334865351,339.59380474049533,941483
2020-11-20,343.4932556152344,343.4932556152344,335.5039400969887,336.21727235800284,1100252
2020-11-23,339.7840576171875,345.7760391853713,339.7840576171875,344.5396077587856,665918
2020-11-24,341.35321044921875,343.8736449424461,339.21321396949673,343.7309843155766,764799
2020-11-25,337.6439514160156,340.35461992967976,335.8843926246501,339.40351020738115,896869
2020-11-26,339.9742736816406,342.68491390195294,338.1195976119366,338.97559078811804,549360
2020-11-27,348.43914794921875,348.43914794921875,340.735151284633,340.735151284633,951869
2020-11-30,346.0613098144531,352.2435235730369,344.9675393392019,345.9661930284382,1347554
2020-12-01,354.6212463378906,355.66747278021955,345.7283651164403,351.72034442845296,870447
2020-12-02,352.9569091796875,356.7613489897072,349.48536365815903,354.2409134206836,785343
2020-12-03,354.9066162109375,360.6608479186461,353.9555064105461,354.7164116661998,795453
2020-12-04,359.8048095703125,359.8048095703125,354.00306327133313,355.04926078389246,628886
2020-12-07,367.8893127441406,367.8893127441406,360.8035611149128,363.2288798487989,699427
2020-12-08,365.93951416015625,370.40974205772045,364.3226158077005,368.84038758745555,757681
2020-12-09,364.5604248046875,369.2684305715919,359.6622144669977,369.07819697523496,788784
2020-12-10,358.52081298828125,361.8972408127075,352.5763773638938,361.04124788790864,961679
2020-12-11,355.57244873046875,358.6635559646734,353.8604334623358,357.37955176996644,705882
2020-12-14,357.61737060546875,358.90137494866184,353.7653866014642,357.61737060546875,621667
2020-12-15,363.6568908691406,364.03732903950845,354.66889033814545,357.950231236908,760521
2020-12-16,366.462646484375,370.3146591379302,364.32264912981265,366.1773251139954,775773
2020-12-17,371.40838623046875,373.5959272151968,368.22216251531137,368.5075128778205,753195
2020-12-18,370.5048522949219,373.69107628533254,367.7942122831114,369.0306435507593,1486084
2020-12-21,361.99237060546875,368.507478089201,357.5221432449491,366.5576857189464,881774
2020-12-22,372.264404296875,373.7386420383748,364.65552519412614,365.22619693194633,753492
2020-12-23,371.1706237792969,375.11772390290577,370.26705779984337,374.49950829749685,378620
2020-12-24,374.2616882324219,374.7372431094644,371.55101962816656,372.644790040251,140639
2020-12-28,377.447998046875,379.92088977823016,375.97376017550323,378.5417687091361,427785
2020-12-29,376.9248352050781,381.8230743253547,375.40308261199783,377.5906237337284,401358
2020-12-30,379.017333984375,381.34756508836034,376.4017814913837,377.01999718461235,401888
2020-12-31,378.1138000488281,382.1560178819334,377.5907011159508,378.35157756842256,163028
2021-01-04,386.388427734375,390.9062001201923,382.5839878305288,384.2484302884615,789502
2021-01-05,387.00665283203125,391.904863522324,381.5377703371588,386.6737585272286,798787
2021-01-06,383.15460205078125,387.2919356296784,379.68305696524914,386.911468476002,875711
2021-01-07,384.1533203125,387.8626434795534,380.77689144806357,385.00931350096255,874780
2021-01-08,395.7093200683594,398.61022310230715,393.188884270426,393.99733360859426,975243
2021-01-11,394.6155090332031,398.75284308499545,390.85864217857437,396.6128457160241,717929
2021-01-12,398.4674987792969,400.084368171897,394.2350481718081,397.4688159825786,787472
2021-01-13,401.7963562011719,403.0803312413345,397.04080708777445,400.2270017732961,669646
2021-01-14,425.4790344238281,426.0021332768615,409.97592509726337,416.5861507432584,1272594
2021-01-15,414.54119873046875,425.4789610767842,414.16076062788414,423.0060698716343,1291058
2021-01-18,416.20562744140625,420.3905044863838,410.73674644412864,411.3549619691425,424496
2021-01-19,418.39324951171875,423.1012552429255,416.01547470314387,421.0088018011511,844072
2021-01-20,430.9953918457031,438.74693076276594,423.57674715740546,426.0971822742266,1282302
2021-01-21,447.5447692871094,451.9198808028342,434.0865694824111,436.17902295423613,1178635
2021-01-22,440.2687683105469,446.023000639261,438.55678209530925,441.4576556893427,1095124
2021-01-25,438.7945251464844,449.5420545973982,434.7998522568948,447.1642800263492,1080715
2021-01-26,436.13140869140625,443.3123054509355,435.6083098858321,436.5594197327444,960018
2021-01-27,419.10650634765625,431.51850602464043,416.49095453006834,430.472279492492,1238859
2021-01-28,427.04840087890625,427.3337222759452,406.0764364548824,412.1159618882782,1143829
2021-01-29,417.96527099609375,427.6190309954317,417.96527099609375,422.00748820485455,1248335
2021-02-01,432.6598815917969,433.7061082721288,421.81723469010774,422.7683445766694,948688
2021-02-02,435.1327819824219,442.4087669579974,432.5647736260678,439.9358753973547,1074658
2021-02-03,434.7998962402344,441.3625489150783,431.61367218760415,440.83945006675947,768951
2021-02-04,437.08251953125,438.6518740026757,427.61899394831556,431.80387147912273,693477
2021-02-05,437.5105285644531,444.64385239974314,435.89363021822646,443.2171876326851,881503
2021-02-08,444.2633972167969,445.214507025,438.5091654618272,443.6927255267614,731078
2021-02-09,446.78387451171875,449.5896603205837,440.50654338084126,443.9780887028539,615547
2021-02-10,441.41009521484375,449.3994122949738,438.6043094961076,446.21318843443515,688301
2021-02-11,456.9607238769531,456.9607238769531,442.1234049042655,443.31229217730834,848642
2021-02-12,470.5616455078125,472.36874859903935,461.2883235397455,462.28697737223155,1146427
2021-02-15,473.6527099609375,477.1718280507947,469.5629491759202,470.51405903527956,686679
2021-02-16,475.4122009277344,478.02775266643044,473.50998148141,475.5548615810957,700129
2021-02-17,460.6701354980469,476.3158776232182,460.6701354980469,473.3674598360421,894997
2021-02-18,457.8167419433594,469.70561532391,454.0598463448774,463.85629542579306,903937
2021-02-19,469.8482666015625,470.75183257063935,460.52740166787254,461.5735992839794,1001947
2021-02-22,460.0518798828125,466.9474268023416,454.6305417289542,461.7638661284671,829498
2021-02-23,449.7798156738281,455.77182478998765,439.41272472673086,454.6304814272237,1003719
2021-02-24,450.3030090332031,456.96077855894146,443.7403272802323,447.49722312284183,840967
2021-02-25,451.7296142578125,463.047815151312,450.3504934280065,462.6673770337831,770099
2021-02-26,442.5989990234375,449.7798671785435,434.22921446439403,438.1763437810278,1705206
2021-03-01,457.4363098144531,458.4825074652407,448.781204074505,455.914528196621,920322
2021-03-02,448.4007873535156,459.52875610043054,447.68745490721705,459.0056572500402,801057
2021-03-03,441.3149719238281,450.82607045666924,437.60564930113395,448.92385075010105,1002557
2021-03-04,414.3034362792969,435.41805650520246,413.6852207120316,430.32964227607704,1365394
2021-03-05,407.5030517578125,421.86478815044603,401.60615871704374,405.8386094185471,1262700
2021-03-08,417.3945617675781,423.43411509544836,407.265247711691,412.63901253706126,1205457
2021-03-09,427.6665344238281,430.2345426060965,413.352342919532,414.68389089251343,1336935
2021-03-10,422.7683410644531,432.9927722600502,420.9136651908378,431.47099064907985,817321
2021-03-11,434.5621032714844,437.03499479250814,427.9994508305303,428.9030168369562,888249
2021-03-12,425.00341796875,430.42472638832663,421.2940955710254,429.71139404162705,755591
2021-03-15,431.75628662109375,432.85005703860963,424.62296343003413,426.09717194595993,632242
2021-03-16,440.74432373046875,443.9305477141418,434.1341273126815,437.4154390663027,830018
2021-03-17,438.55670166015625,443.35979417933356,433.89626979515504,440.1260269072245,866164
2021-03-18,438.461669921875,442.50388705239124,435.0376684297353,441.3149996610629,759541
2021-03-19,441.9331970214844,442.83676301175166,431.8514265548791,432.75499254514637,1855305
2021-03-22,454.6304931640625,455.43894231476077,440.4589626759867,441.98074419043616,826895
2021-03-23,449.3994445800781,458.91054393627024,449.3994445800781,457.34121834761294,743641
2021-03-24,468.13629150390625,475.554936909466,463.2856253423157,464.42693977555655,1289582
2021-03-25,467.3278503417969,469.46784759468693,457.9118682341946,466.3767404516235,817991
2021-03-26,491.6287841796875,495.8136333656764,470.41901367981853,472.7016718838006,1134610
2021-03-29,491.2481994628906,500.56906366047866,488.58510369945606,497.33532525171296,927861
2021-03-30,491.05804443359375,494.1966955871548,484.6856253285152,491.43851162541944,809553
2021-03-31,491.7237548828125,495.0526391034892,485.63665811297426,488.2046370964418,1149487
2021-04-01,503.42242431640625,510.0801931648598,497.52553172612,504.08821281147914,1336363
2021-04-06,507.2269592285156,516.6429715944907,505.13450558594906,513.5994079372257,947731
2021-04-07,499.2376708984375,504.75409738409707,496.76475002476354,504.0883087622945,861199
2021-04-08,505.990478515625,511.98245941413415,500.56914034987193,502.66159378854854,775805
2021-04-09,509.3194580078125,510.55588952626556,502.4714536848717,506.1808062913844,539892
2021-04-12,498.76202392578125,512.2677372293707,495.71846082383547,507.70242160202093,589915
2021-04-13,499.9985046386719,509.8900131359215,499.52294967098265,500.85446874982637,739050
2021-04-14,504.37359619140625,509.89002230557765,497.71582652402657,501.7104999346833,682242
2021-04-15,503.9931945800781,508.36827720648586,498.57185615960213,505.229625926572,670827
2021-04-16,510.1753845214844,510.460705887375,501.80557078107546,507.8926974920742,818952
2021-04-19,496.66961669921875,513.3140404622546,496.28914950703495,511.6971419721882,695381
2021-04-20,486.9681701660156,501.8054583803096,486.30238176064086,496.4792672395706,875834
2021-04-21,506.8465881347656,515.311433070892,502.9470019508208,508.84389609523913,904827
2021-04-22,517.1183471679688,526.2489769203966,513.7894632716066,516.4525587784707,896243
2021-04-23,527.0098876953125,527.8659096882327,512.8383872929203,514.9308403469558,773332
2021-04-26,529.7682495117188,530.4340380961995,523.1104797692017,527.7709418094217,556857
2021-04-27,525.6784057617188,532.0508531251846,520.7326231191272,527.8659467234988,698811
2021-04-28,522.920166015625,527.8659486765151,521.3032677157579,525.6784077066415,508201
2021-04-29,516.2625122070312,529.8633740135052,514.9309929969246,522.9202824110122,699373
2021-04-30,514.7406005859375,520.7325803107943,512.5530598039905,516.0721193852771,729987
2021-05-03,513.9297485351562,523.468162792371,512.4036255411461,516.982052741037,508494
2021-05-04,490.2746276855469,517.4591157965159,489.5115659786388,513.3576081812432,1069887
2021-05-05,514.59765625,514.59765625,499.7177473082379,500.86231090538587,824503
2021-05-06,505.3453369140625,515.5514550687118,498.4776648144373,514.0253315878524,746548
2021-05-07,518.7945556640625,518.7945556640625,502.10232489260466,510.0191998434914,674120
2021-05-10,501.43463134765625,516.0283988204437,499.622308693112,515.9330379303652,599064
2021-05-11,490.9423522949219,492.08697401967436,482.3577766860971,484.7423810218818,1265129
2021-05-12,480.4500732421875,493.3269361200538,479.9731523948591,489.9884901887551,868493
2021-05-13,489.03472900390625,495.7116219657208,469.4332614863563,477.39784676973795,902412
2021-05-14,503.6283874511719,503.6283874511719,490.5607452998679,499.90838175671263,749708
2021-05-17,494.85302734375,507.9206693537979,491.9915024459821,507.44374853750327,633384
2021-05-18,498.76373291015625,504.77292258734263,496.7606308725183,501.5298382699462,554325
2021-05-19,485.5054016113281,491.03767155782344,471.5793076490193,489.3207682251696,990779
2021-05-20,500.67156982421875,500.6715698242188,486.5546941215737,491.41929298458695,804251
2021-05-21,501.1483154296875,507.443645641098,498.859072688523,505.535962762748,816532
2021-05-24,511.6407470703125,513.1668706102537,499.24080410017626,501.14848763404336,447144
2021-05-25,522.0376586914062,528.7145519717733,515.1699853880223,516.4100264286876,927045
2021-05-26,516.8867797851562,524.3267325274181,513.9298359318583,524.3267325274181,538666
2021-05-27,518.8898315429688,522.037497186328,512.976001966368,517.2682891758227,1123807
2021-05-28,526.8068237304688,527.474524645749,517.0776255563554,519.6530101050744,562085
2021-05-31,521.9421997070312,530.431356066079,521.7514197198651,529.382153463483,453114
2021-06-01,525.6619873046875,536.4404420076054,522.6097413115765,522.6097413115765,650457
2021-06-02,529.4775390625,530.5267999319507,518.508358794042,524.3268284758658,628522
2021-06-03,524.0406494140625,530.0498404363036,518.7945201026355,528.6190778968235,584706
2021-06-04,532.3389282226562,534.3420303423575,522.3235922777486,523.0867120668917,470099
2021-06-07,532.1482543945312,534.6282192788816,528.714389687887,533.2928177455414,521985
2021-06-08,531.0989990234375,542.1635966763901,530.7174973085665,531.8620606710514,571049
2021-06-09,536.4405517578125,537.9666750665972,528.9051796532414,529.4774613395674,458782
2021-06-10,544.8342895507812,546.0742718870388,536.3450767094082,536.3450767094082,657714
2021-06-11,547.1235961914062,550.7482413605817,543.880569221459,548.4589979082476,603068
2021-06-14,551.034423828125,555.7082137540751,547.3144174917768,552.2744065342798,568692
2021-06-15,551.7974243164062,559.0465979606377,551.7974243164062,557.0435536746435,510166
2021-06-16,557.2344360351562,558.6651988502664,549.4129210023096,553.2282885092701,618653
2021-06-17,562.48046875,562.9573896056099,547.4097813562998,549.4128256627106,648654
2021-06-18,537.77587890625,565.4372851246694,537.77587890625,560.5727162837509,1730017
2021-06-21,542.4496459960938,546.7419325348424,534.6281344374682,537.9665795231616,747952
2021-06-22,548.9358520507812,550.1758345126212,538.5389551105419,541.4958990618691,633263
2021-06-23,544.0714111328125,558.9513206128255,542.6406483667388,555.8990150682909,574843
2021-06-24,555.231201171875,555.231201171875,544.7389430219879,547.314327120535,598583
2021-06-25,554.658935546875,558.6650822365325,550.7482079557069,556.1850589439465,507111
2021-06-28,559.3328857421875,562.957473139076,548.4590653336356,549.6036872005179,495023
2021-06-29,562.6712036132812,563.1481244306453,556.7573738343921,558.5696380096516,522060
2021-06-30,552.6557006835938,566.677121934176,552.0833609437021,564.2925185626,850151
2021-07-01,544.9297485351562,564.5789223765805,542.8312851632539,563.5296615816909,777706
2021-07-02,552.2742919921875,556.7573592011561,545.5974007245791,546.2651014949142,496576
2021-07-05,554.5634765625,556.9480803347539,549.6988499363829,552.2742336539901,321842
2021-07-06,553.2281494140625,559.1419792065461,550.0804836557985,554.2773519275261,587153
2021-07-07,556.7573852539062,562.0988752307926,551.7020361297327,553.2281594894504,582604
2021-07-08,541.1143798828125,557.6158295003098,533.8652063153879,556.1850669632225,1073888
2021-07-09,556.1851196289062,556.1851196289062,543.2128946847807,543.6898155756365,696718
2021-07-12,564.387939453125,565.6279215667829,553.5141247564356,555.3264466118359,559378
2021-07-13,571.9234619140625,572.9727227182401,565.5327690773436,567.5358133667812,700732
2021-07-14,580.9849853515625,583.5603697144368,569.6343034824208,571.8281278589876,641585
2021-07-15,571.8280639648438,582.415682896226,569.1573190127529,576.692633048371,661878
2021-07-16,562.0989379882812,571.160434715759,561.0497353385678,570.3973729507055,758703
2021-07-19,550.65283203125,556.4713016517694,539.874431872426,554.9451199171615,1035537
2021-07-20,554.086669921875,557.7112567586092,545.5974554571563,554.6589516579309,684744
2021-07-21,571.4464721679688,579.3634039238332,566.8680441884673,569.7295689528895,879663
2021-07-22,592.1448364257812,597.0094633751139,580.126455902243,581.8433590887671,788099
2021-07-23,609.3140258789062,609.5048058498205,588.9972106608202,594.1479787861371,833737
2021-07-26,608.551025390625,617.1356009839096,602.3510541288083,605.8802801829568,640691
2021-07-27,594.243408203125,611.5079205315052,593.5757073368488,604.9264474099033,705560
2021-07-28,612.8433227539062,613.0341027469776,596.914153927466,598.3449165486813,593853
2021-07-29,613.033935546875,616.3723807525099,607.2154675434786,612.8431556058373,620808
2021-07-30,609.5048217773438,617.1355550703308,604.8309743482392,608.5509801157203,840869
2021-08-02,622.572509765625,622.8586506414863,613.1294533370481,619.8063454572477,623732
2021-08-03,620.9508666992188,623.335470641996,610.0770494330062,619.8062451631117,766813
2021-08-04,639.1693725585938,641.4586161860394,625.434085447571,626.6740681549858,677473
2021-08-05,641.553955078125,651.9508537208851,637.8340070834533,639.0739897483438,673853
2021-08-06,635.2584838867188,642.0307357280932,632.0153992704197,637.8338677622658,692887
2021-08-09,640.0277709960938,643.5569968761602,633.7324391586926,633.7324391586926,516827
2021-08-10,643.1753540039062,650.5199456793436,638.1200053658077,641.9353716161264,602779
2021-08-11,637.8340454101562,646.0370618873098,636.7847844630601,641.2678527220146,559363
2021-08-12,638.4061889648438,644.7015786303882,633.8277608012759,635.2585232410079,625853
2021-08-13,634.8770141601562,637.1662575342566,629.5355239110919,634.3047324255699,524214
2021-08-16,633.923095703125,640.5999868149696,631.7292716956645,632.0154125283123,453075
2021-08-17,634.0184936523438,639.3599830765686,629.2492858743328,630.8708281624303,534314
2021-08-18,635.830810546875,637.8339129109195,631.0616023723023,634.1139072476035,566839
2021-08-19,633.7325439453125,635.7355885289921,619.7110572058971,628.2956337951857,847367
2021-08-20,641.553955078125,646.0370230676972,630.5847746570713,634.3047808696249,548107
2021-08-23,654.6215209960938,655.3845826821293,643.5569810038904,644.892324399984,566575
2021-08-24,651.85546875,661.2031061633979,650.8062079047139,659.1046426907054,515605
2021-08-25,656.6245727539062,660.5352999792707,652.0460865552049,652.0460865552049,460215
2021-08-26,656.529296875,659.1046813690781,647.3724389159258,651.4739469972219,538870
2021-08-27,671.027587890625,671.6952886763794,658.6276466787158,659.1045674945585,533443
2021-08-30,676.845947265625,681.7105741493044,672.5536602483089,673.9844225874143,437199
2021-08-31,671.9813842773438,684.5721046114228,667.5937363541638,680.8520992111713,978555
2021-09-01,681.2337036132812,682.4736860883858,673.7937505447811,679.5168003233001,674506
2021-09-02,688.8643798828125,690.009001387764,675.7013781205408,680.947506651856,533840
2021-09-03,688.4829711914062,692.2029773450818,679.135333580642,691.8214173536707,617257
2021-09-06,706.7013549804688,709.1813201700384,692.2983100503232,692.489090038262,449496
2021-09-07,696.4951782226562,707.6551370710725,690.4859875251625,706.2243746089133,759491
2021-09-08,689.05517578125,696.5904892789661,686.7659327183743,691.5351405844741,790097
2021-09-09,688.101318359375,695.0643500399312,682.6644098736726,688.3874591811766,669779
2021-09-10,698.307373046875,708.0365684667182,692.4889628991942,696.2089682184444,724452
2021-09-13,701.07373046875,705.0798777150054,696.3045214179422,698.3075659321279,611567
2021-09-14,718.624267578125,718.624267578125,699.2612369859014,701.55048005842,743031
2021-09-15,710.7074584960938,729.1166506863104,709.7536167543366,719.1966732848842,787789
2021-09-16,713.5689697265625,721.104342625809,707.4644176297695,715.3812922875089,879011
2021-09-17,697.1629638671875,721.6766504614517,693.2521777305784,721.1043686940849,1758794
2021-09-20,684.3814697265625,692.0122038837925,676.2738146845057,688.3876168026845,946104
2021-09-21,697.9259033203125,701.073568924973,684.0952002598879,684.858261888613,712479
2021-09-22,704.6026611328125,704.6026611328125,691.153462322581,702.9811190924195,530393
2021-09-23,719.0057373046875,722.5349626270996,711.4704241103199,711.5657849766552,637108
2021-09-24,705.2705688476562,715.4766283559861,704.3167271576907,715.4766283559861,575754
2021-09-27,683.8091430664062,712.9013151312232,682.0921814194264,710.6120717471686,751672
2021-09-28,634.4955444335938,677.990704993743,634.4955444335938,675.7015197219815,1853556
2021-09-29,617.8033447265625,649.3754849797008,617.8033447265625,626.3879209157657,1618592
2021-09-30,616.0862426757812,641.0768431799573,616.0862426757812,625.433877649345,1461584
2021-10-01,603.3048706054688,614.4648300531294,599.5848647169563,607.406378240318,915642
2021-10-04,583.3695678710938,604.1633637705264,581.8434444187858,601.3971995181056,976827
2021-10-05,607.501708984375,609.8863128691969,583.7510310044015,586.9941155749067,1064300
2021-10-06,600.2525024414062,606.5478918818392,584.5141161671297,598.8217400528356,909098
2021-10-07,621.4278564453125,621.4278564453125,604.9264069737628,615.3232463872488,972750
2021-10-08,605.3078002929688,622.3815866467461,604.3539587808665,619.5200621104392,717128
2021-10-11,601.206298828125,605.9755064314227,588.7109981946318,602.1601403487846,644019
2021-10-12,597.486328125,608.7416459786921,589.3786755210381,591.5724992879491,659081
2021-10-13,611.889404296875,618.3755157230102,593.5756333976497,596.1510174365501,846464
2021-10-14,635.4492797851562,636.593901338322,621.6185767109249,629.535450275359,856760
2021-10-15,645.0831909179688,651.6647225559642,637.9293774931401,650.520100764415,940002
2021-10-18,643.747802734375,648.9939322157201,631.7293620827484,648.8985131126047,676915
2021-10-19,651.473876953125,654.4307629171524,642.9846625900111,651.473876953125,653925
2021-10-20,626.769287109375,645.3691981620796,620.8555158105039,638.1200253466353,922464
2021-10-21,635.544677734375,638.787762621232,619.6155105863552,623.7170762426372,715812
2021-10-22,658.6276245117188,662.6337708735394,644.7969213177724,652.4276541144325,794146
2021-10-25,653.9537963867188,659.7722652439455,651.1876905982851,658.4368636785827,665994
2021-10-26,648.5169677734375,657.0061236147791,646.3230853816374,650.2338711174715,625180
2021-10-27,662.7291870117188,663.4922487114427,652.1415676605938,653.7631101586795,686671
2021-10-28,666.1631469726562,673.7938814936815,658.150852438426,661.1077387781696,829218
2021-10-29,668.1660766601562,670.7414607619501,652.809249363111,659.4861409214567,906056
2021-11-01,664.446044921875,675.4152234811684,657.1015110695153,674.7475809257697,609679
2021-11-02,674.0092163085938,674.6786469091036,663.2028938787573,665.3067936080605,700431
2021-11-03,676.4957275390625,677.0694918965781,669.2277149212103,670.3753020049453,698784
2021-11-04,693.3265991210938,698.8732002403253,680.0338313215046,691.5095819276469,730954
2021-11-05,704.8981323242188,714.2700443367515,698.4908833428796,702.6986245866918,934295
2021-11-08,702.698486328125,709.4883408047184,698.2994717185938,699.0645101243355,475001
2021-11-09,699.7339477539062,704.993667103969,693.9960720992923,698.1082046446944,552539
2021-11-10,688.25830078125,705.9500867316307,678.7907811684319,699.8296617580737,765459
2021-11-11,698.299560546875,699.4471474858125,680.1296188479026,683.6679875893366,469250
2021-11-12,706.6195678710938,706.6195678710938,693.6136784642705,699.8297118103301,490571
2021-11-15,719.720947265625,720.1991036372787,709.0102912355409,712.4529937639683,582736
2021-11-16,721.5379028320312,725.3631534766014,714.0786757488581,722.972371823745,556944
2021-11-17,732.0574340820312,732.8224726333281,721.7292677177753,725.1719703829606,655223
2021-11-18,736.839111328125,742.9595374173348,730.8143515529802,731.9619387407956,688313
2021-11-19,726.7021484375,743.533231027095,722.4943486057495,736.8390411657577,1172383
2021-11-22,714.6524658203125,734.5437582170623,714.3655836853425,727.7539614250945,692935
2021-11-23,675.25244140625,703.8462173328786,673.435482116421,703.4636688672825,1128884
2021-11-24,678.025634765625,686.1542918819971,659.8556953290285,683.7635103771818,1030315
2021-11-25,679.9382934570312,687.5887946492342,674.2960254803048,686.2499335931218,499843
2021-11-26,655.6480102539062,678.3126345244268,640.7295544237581,653.0660124758147,1204331
2021-11-29,674.0092163085938,679.8427591202386,669.1320446181759,669.1320446181759,1023473
2021-11-30,669.0364990234375,690.5535398372537,659.8559182903596,671.3316733910615,2243637
2021-12-01,700.8816528320312,701.1685349894353,668.5582344948589,677.5475978848475,796964
2021-12-02,660.5252685546875,684.9112451732833,657.7519380623469,679.9384068949666,1334584
2021-12-03,651.4402465820312,671.4271477169833,643.8853526300669,667.5062888520077,977632
2021-12-06,633.4615478515625,661.0033415910448,627.3411233011468,657.1780908392085,1044631
2021-12-07,686.058837890625,686.058837890625,649.6232845614949,654.7873971179706,874048
2021-12-08,674.6787109375,691.0316372101903,672.4792030716854,688.3539729227333,571229
2021-12-09,660.8121337890625,682.2335634996034,660.1427031664768,679.8427815394404,556092
2021-12-10,655.07421875,663.1072690135371,649.0494602366956,653.926631802538,500334
2021-12-13,649.5277099609375,669.8015543845145,648.6670050344529,662.151051460048,618339
2021-12-14,632.1226806640625,657.3693587309518,631.7401322450787,652.3008548385392,746348
2021-12-15,649.1452026367188,653.161728600537,642.1641299491371,645.6068331360048,649456
2021-12-16,646.2761840820312,680.7034451758575,646.2761840820312,678.9820937949065,1060317
2021-12-17,633.0791015625,642.4509557427057,628.584419530234,642.1640735637745,1956173
2021-12-20,631.357666015625,640.5382447306763,612.9964502168265,624.2809285782799,690190
2021-12-21,654.1178588867188,659.1863043066932,640.2513253284477,649.4319035092053,735987
2021-12-22,666.9325561523438,666.9325561523438,654.0223336217076,661.7684437926093,441386
2021-12-23,676.3043823242188,676.8781466215223,662.150965426653,668.2713319497826,476343
2021-12-24,672.1922607421875,678.9820579744526,670.8533995339134,678.9820579744526,84141
2021-12-27,681.9465942382812,684.3373760977181,665.0199053684267,669.4189206423114,347324
2021-12-28,684.050537109375,692.8486265809689,679.9384037254229,685.4850063155468,331884
2021-12-29,672.7660522460938,685.1981185989,668.9408010606148,684.7199622007151,313441
2021-12-30,679.36474609375,686.919583411622,675.3482200118797,678.025884610223,454118
2021-12-31,675.8262329101562,681.8509915686501,675.8262329101562,681.6597173446809,105156
2022-01-03,671.0447998046875,685.5807681259859,663.298629991014,678.0258725735221,547270
2022-01-04,651.5358276367188,681.6596775387875,645.2241871951918,677.73881883552,618866
2022-01-05,641.59033203125,662.533549000151,640.0601964080083,657.0825539317199,655169
2022-01-06,629.7320556640625,631.8359557546013,608.8844457531776,622.2728265873415,975136
2022-01-07,635.8523559570312,648.8581857054917,626.8629929697123,645.5110911587426,964639
2022-01-10,595.1134643554688,640.5383239270378,593.9658772820253,638.3388160846814,1321972
2022-01-11,599.6080932617188,617.0129969567714,591.5750428274797,615.3872536107114,1384772
2022-01-12,618.0648193359375,627.3410631941002,605.4414813906111,612.9007663369554,805667
2022-01-13,633.8440551757812,648.5712943190994,627.5324146107569,628.9668836817802,819569
2022-01-14,614.1439819335938,622.3682471943933,609.458026704658,615.8653329918203,973942
2022-01-17,627.5325317382812,632.6965863366069,608.6931560821085,620.4557929862304,446598
2022-01-18,613.3790283203125,624.6635072276133,609.8406594304838,619.6906691961269,882238
2022-01-19,598.843017578125,623.9940296272947,593.2007493650518,612.040121013745,957106
2022-01-20,612.0401611328125,613.9527866363525,590.7143984420807,599.1299389839172,834230
2022-01-21,601.8076782226562,607.7368296983324,590.5231980152954,595.7829188073345,1166208
2022-01-24,559.4429931640625,601.0426003480569,552.4619213333624,592.9139414730236,1773437
2022-01-25,550.3580322265625,570.7274837785835,544.2376067830779,570.6318758433146,1283438
2022-01-26,564.3202514648438,570.6319519898176,554.7571219137113,555.4265526560326,966271
2022-01-27,557.1478271484375,572.3532243766001,543.5682317612814,545.5764653414375,985572
2022-01-28,541.36865234375,553.6095028699204,531.9967985842204,549.2104289718588,1277813
2022-01-31,568.2410278320312,568.623517897423,553.2269065088723,562.2162693916721,1133780
2022-02-01,574.1701049804688,585.6458561123741,565.9457816480568,578.5691195668903,837222
2022-02-02,572.3531494140625,588.5148573481698,571.9706009876111,588.1323089217184,660480
2022-02-03,548.7322387695312,575.3177212789966,548.7322387695312,575.3177212789966,807646
2022-02-04,539.5515747070312,553.8005972703558,535.248168053983,547.6802317183447,881725
2022-02-07,547.5845947265625,552.9399805357875,536.8739398454953,549.7841604951626,592597
2022-02-08,541.7512817382812,547.9673158623744,532.5707008409505,544.9071027736943,663374
2022-02-09,563.076904296875,565.1808039039281,550.166682887902,551.5055440111253,812010
2022-02-10,558.582275390625,574.3614363719274,546.0546012317377,571.875046473869,829813
2022-02-11,544.6200561523438,554.5657310959302,543.1855871721357,545.0982124790798,722999
2022-02-14,535.2481079101562,536.4913024631617,517.0781707500848,527.1194518122296,1002425
2022-02-15,547.8716430664062,551.6012280781812,526.5458202853346,529.6060330117904,780307
2022-02-16,548.8279418945312,559.0604422085497,542.1337522624884,554.8527008896294,580041
2022-02-17,552.9400024414062,561.1642681299058,549.3060259364574,558.6778785130182,666455
2022-02-18,545.480712890625,558.4865404859742,541.2729142381188,552.3661166948175,725735
2022-02-21,526.7369995117188,553.7050280980025,521.0947898597421,551.3142464568193,684419
2022-02-22,539.8386840820312,549.7843625481224,500.15169490682433,507.419650299859,1152820
2022-02-23,539.6473999023438,556.0003867895128,537.5434996844451,543.1857695821672,859472
2022-02-24,533.8136596679688,537.6389097431693,502.06407237006766,504.0723053120743,1780520
2022-02-25,563.3637084960938,564.224413151766,543.5680851024981,553.6093670314702,1240807
2022-02-28,572.7357177734375,572.7357177734375,542.0380440962278,546.0545692389755,1451883
2022-03-01,551.9837646484375,571.4925109173824,551.9837646484375,570.7274723444497,1086434
2022-03-02,557.7216186523438,566.8065899594369,545.0982784255903,549.4016858868449,944662
2022-03-03,548.2539672851562,566.7107876259084,546.0544601177884,556.5738980535076,800591
2022-03-04,510.2884216308594,549.8797898473457,510.2884216308594,540.6035451970517,1370878
2022-03-07,516.9825439453125,543.2811392108538,491.9272016963639,495.36990354728755,1399868
2022-03-08,494.4136657714844,530.8491562845354,491.2578455360437,501.1078546697443,1523567
2022-03-09,532.7618408203125,532.7618408203125,503.59430024031303,516.6957973549055,1425054
2022-03-10,521.5729370117188,536.395782926269,514.2093180126877,533.4311787221442,991442
2022-03-11,519.08642578125,537.8301862521985,510.0971230867699,519.468974137902,983094
2022-03-14,511.14923095703125,535.8220914230308,508.56717452448004,526.9283933719817,1069393
2022-03-15,516.7913818359375,520.4253582492756,495.36995502779905,505.9850021452035,1049666
2022-03-16,553.6094970703125,556.9565918328448,531.6143029165293,532.379341474225,1204194
2022-03-17,559.1560668945312,565.3720996616514,551.792447173588,564.6070611486683,988610
2022-03-18,583.2551879882812,583.2551879882812,559.0604279543932,566.5197143348724,1840461
2022-03-21,585.9329223632812,591.7664076745323,577.7085964461372,581.4382400836301,856735
2022-03-22,599.7994384765625,605.0591592154265,585.3590792450037,588.1324098911595,989112
2022-03-23,587.080322265625,604.8677130896394,578.3778426766402,602.4769316149768,856499
2022-03-24,588.8016967773438,591.2880862628533,577.3259452404861,585.3589362950721,746591
2022-03-25,593.1052856445312,603.3378455792976,583.4464901152361,593.8703243080623,815854
2022-03-28,595.4959106445312,601.3293945778021,589.6623683425673,592.053150015005,673169
2022-03-29,605.3460083007812,613.9528235846786,598.2692701643183,604.3896954914593,911069
2022-03-30,595.017822265625,606.9717319930415,591.7663354722878,606.9717319930415,726653
2022-03-31,583.3509521484375,598.9388429665297,583.3509521484375,593.1053567925316,847822
2022-04-01,580.195068359375,586.984866838936,575.9872681049903,579.5256376322626,506031
2022-04-04,590.427490234375,592.1488414378571,575.2220948047755,580.8643631387013,561907
2022-04-05,573.0226440429688,599.6081283302841,569.4842749931167,592.3401743646704,707436
2022-04-06,546.819580078125,571.0142792671392,541.0817039841914,566.4239900657312,856559
2022-04-07,542.61181640625,558.5821908323428,540.6991911222924,552.4618249448934,770305
2022-04-08,544.4288330078125,558.9647983775991,540.3166998859598,556.5740165196967,639392
2022-04-11,528.17138671875,540.6991156000751,526.5456437807236,534.9612405496407,666548
2022-04-12,535.9176635742188,546.9152596887932,518.8952507193125,523.8680884622504,837550
2022-04-13,541.36865234375,542.5162393766661,526.5458039543946,528.9365859526778,559514
2022-04-14,534.2919311523438,549.1147783904293,532.9530699898122,548.9235041716823,838438
2022-04-19,537.065185546875,540.5079462661325,522.3380050820288,538.8822030127633,695287
2022-04-20,565.5633544921875,580.099260846605,536.2045429095161,545.0982393515123,1035414
2022-04-21,558.4867553710938,573.2139979526784,557.4348344875704,559.6343425695708,715869
2022-04-22,546.245849609375,555.4264285801419,540.3166989384349,549.8798263532744,749038
2022-04-25,523.7724609375,545.0982218008836,521.3816792629347,535.7263693103264,818988
2022-04-26,506.2719421386719,536.3957907256055,503.49861209589,534.9613217452753,759155
2022-04-27,505.6025695800781,513.7312280673183,493.1705036584167,508.1846257144707,751086
2022-04-28,524.728759765625,529.2234408689822,514.2093206750277,516.4088280838688,752040
2022-04-29,524.0593872070312,537.8303141599507,520.9035668045242,535.6307481391233,757261
2022-05-02,512.392333984375,519.9472276765696,499.96026886015795,519.9472276765696,665067
2022-05-03,522.2147216796875,526.0665729312797,512.2962164617549,519.0369561520412,706815
2022-05-04,515.5703125,528.8591875363871,515.5703125,527.414743319941,514898
2022-05-05,517.303466796875,539.5478770388527,515.281210281971,539.5478770388527,644643
2022-05-06,504.97760009765625,514.0294130783855,496.4072096320083,512.3923649386518,887384
2022-05-09,468.7220764160156,498.23690555943824,468.7220764160156,486.29614502329304,1131951
2022-05-10,470.6479797363281,483.7924135998444,468.2887095663668,479.79612461099845,936325
2022-05-11,495.0589904785156,495.63680323478013,471.5627410879049,481.5775450635484,988198
2022-05-12,482.5405578613281,489.2812959652736,471.12944533647743,474.1146352313962,955355
2022-05-13,505.7478942871094,509.5997441159913,487.54788033581667,493.9997405541067,699716
2022-05-16,493.6146240234375,506.90355542850347,487.64427330874355,503.62945895415316,613806
2022-05-17,509.0220031738281,514.799778732099,497.9479333538091,499.87385853989935,594819
2022-05-18,495.8294677734375,512.9701903511938,493.71093829201305,511.3331421712488,593971
2022-05-19,484.0812683105469,492.07384543451093,474.7405201550174,487.25903285687383,887597
2022-05-20,482.15533447265625,496.31089494726365,477.1479177284634,477.1479177284634,1003408
2022-05-23,501.7033996582031,501.7033996582031,487.6441430417649,493.7108236642415,799694
2022-05-24,490.3406066894531,505.17019664464357,489.3776440128338,493.42209900955027,772338
2022-05-25,488.4145812988281,496.11828113390567,480.99975845265294,493.51827068465394,641963
2022-05-26,497.8515625,500.2589685082205,482.15528708131444,487.2589760638298,631778
2022-05-27,521.2516479492188,521.2516479492188,501.60724601099884,504.59240658593365,626482
2022-05-30,535.5033569335938,544.3626225998156,530.1107911060984,531.6515074069373,690752
2022-05-31,516.1480712890625,531.7480807209998,515.3777127883244,526.7406623043231,1840018
2022-06-01,510.75543212890625,520.8665403312069,508.540570931597,517.1109623462355,563225
2022-06-02,515.2811889648438,517.8811993624058,506.03677285636104,509.8886226973229,385611
2022-06-03,506.03680419921875,519.0367982176573,503.82200215839833,518.3627126988247,455288
2022-06-06,518.5552978515625,524.4293454966007,512.1997689643223,512.7775229451383,460430
2022-06-07,512.3922729492188,516.7256037781337,508.0589421203037,512.2960002184005,503262
2022-06-08,516.051513671875,519.9996355430284,512.39220995767,518.4589193919817,540951
2022-06-09,501.4146728515625,515.1850272454508,500.83685998616727,511.3331765744568,689113
2022-06-10,476.7628173828125,496.79245828182115,475.8961568689253,495.05907847947054,839438
2022-06-13,455.5776062011719,469.9257428830538,451.6294537134267,467.0368551194285,929728
2022-06-14,453.74798583984375,465.6887161225162,450.3294510003381,465.6887161225162,817608
2022-06-15,464.48504638671875,464.48504638671875,450.2813471071259,457.59986922356023,905668
2022-06-16,432.22576904296875,460.7294678906814,428.99983845435077,460.34425934071373,941646
2022-06-17,432.5146789550781,442.67395279358124,425.8221060061619,431.4554141366969,1570564
2022-06-20,440.3145751953125,440.3145751953125,429.91459260990933,434.2960599520742,402601
2022-06-21,452.3515930175781,454.22938147580976,442.4330919293162,445.0330728092362,676963
2022-06-22,447.9701843261719,451.8701708492323,436.5109066168646,443.5886871469413,661466
2022-06-23,443.3479309082031,450.04053206507206,434.29608924920194,438.72572264449974,849478
2022-06-24,466.89239501953125,470.2145981617096,446.2368367098118,449.12572433985457,747785
2022-06-27,465.78497314453125,479.07384389360124,460.4405136355593,467.9997751402818,702264
2022-06-28,455.3368225097656,471.9479255803109,453.8442130072887,470.84052458639786,630171
2022-06-29,447.9701843261719,453.3627510278642,442.7220267404039,443.7331256501501,658041
2022-06-30,438.96649169921875,440.4590719219809,428.56647835142576,438.6775852969747,946001
2022-07-01,415.277587890625,430.2035069916214,412.2923981929689,421.00722665527593,1089511
2022-07-04,412.6295166015625,414.7480462946893,407.14061746128175,411.7146902824192,391635
2022-07-05,393.8517150878906,419.99614457629195,388.5072842542046,418.11838508293965,1150310
2022-07-06,405.8887023925781,413.44796405599396,399.14796474904773,399.62944600929995,935460
2022-07-07,424.473876953125,425.6294437589682,413.83315261406466,418.8887059618804,745847
2022-07-08,429.625732421875,429.625732421875,417.49239850996423,424.6664812058845,592485
2022-07-11,421.777587890625,431.5035153153314,417.54055863858696,420.7183232307944,558487
2022-07-12,418.5998229980469,425.53313557260196,408.15167368376467,415.9998124155361,849275
2022-07-13,425.38873291015625,430.1072438210628,410.07763329067757,419.65909362651394,760420
2022-07-14,426.5924072265625,430.92573867694523,419.8998057871687,427.84424677953695,668027
2022-07-15,448.1627197265625,448.6923667080554,433.04422684757986,436.173854819675,861370
2022-07-18,458.562744140625,461.0664230755759,452.3516243977072,460.82568245588584,781236
2022-07-19,466.8442687988281,469.29984112470714,444.2628128771879,446.04429961071884,793818
2022-07-20,482.6368408203125,487.25904929587324,444.4072159091809,452.5923975673131,1467182
2022-07-21,507.4812316894531,507.4812316894531,479.12197463424695,481.43310811761165,1201119
2022-07-22,503.14788818359375,514.4145607839574,501.41456750074497,510.17750242626977,833344
2022-07-25,508.7330627441406,508.7330627441406,498.5256840399027,504.59233586504655,806642
2022-07-26,495.8294677734375,510.7553881193026,495.5405319728915,506.51832915645366,770415
2022-07-27,509.3109130859375,513.4516402706668,499.77756038948945,499.77756038948945,621143
2022-07-28,525.1997680664062,525.1997680664062,511.3330846342938,514.2219721181034,805394
2022-07-29,534.8294067382812,538.7775295576523,525.4886585459964,527.4145835846297,1003328
2022-08-01,544.0737915039062,546.4811976610032,529.6293545613246,537.5256585115154,635582
2022-08-02,532.2293701171875,541.6663905894326,524.5256703399156,539.6441929077247,642321
2022-08-03,549.46630859375,550.814479430852,533.866365112034,536.3700437814415,633662
2022-08-04,556.1945190429688,556.5805958122376,546.0590759221296,551.8507577054662,661631
2022-08-05,539.9778442382812,560.345235788378,538.6264281996812,556.0014742706386,688872
2022-08-08,541.13623046875,556.4842141478322,538.4334568233141,548.2793298108737,628100
2022-08-09,511.9846496582031,545.8659616419837,508.89574118666076,542.6805487153423,972120
2022-08-10,525.208984375,528.1048252568678,501.1735404051179,502.04225732005807,724630
2022-08-11,529.7457275390625,535.5374083625567,520.672129598536,532.8346357614643,696934
2022-08-12,533.9929809570312,537.8541014861262,522.4096193697466,528.7804446763437,643053
2022-08-15,540.7500610351562,542.2944860206928,531.7729656101467,533.9930986203693,467857
2022-08-16,538.1435546875,546.2519295711688,529.7456076114166,543.3560898150029,572054
2022-08-17,525.0158081054688,540.4602878859891,524.0505281191863,537.6609523593639,461253
2022-08-18,537.8540649414062,538.6262772115522,523.664436177898,526.1741407848773,491566
2022-08-19,526.1742553710938,540.1708193861256,525.1124706329182,531.8694325712094,757298
2022-08-22,507.35113525390625,523.7608949569985,506.48241861923367,519.6102028153017,617234
2022-08-23,508.1235046386719,512.7568376676758,502.4283280739212,503.8762483277365,585899
2022-08-24,512.3707885742188,513.2395644396566,502.62148078492476,505.7103896313267,432770
2022-08-25,513.7222900390625,517.1007717637816,503.00764121961174,513.529222157298,443804
2022-08-26,503.297119140625,529.5526934109839,500.8839186440091,520.2860270703899,741948
2022-08-29,485.82550048828125,495.47830224213556,485.2463559494605,488.9144088327199,520516
2022-08-30,473.3734436035156,496.636704252118,470.4776027623954,489.5901699885987,603294
2022-08-31,467.8230285644531,489.3970462585789,467.8230285644531,482.640085067632,867958
2022-09-01,450.78582763671875,465.36156371529006,449.53097523164155,463.33446951953965,851029
2022-09-02,467.3403625488281,469.2709227819808,451.89588068360683,461.21082791696614,801512
2022-09-05,460.63177490234375,463.0449756730852,449.6758375115739,455.61230551599454,463183
2022-09-06,461.98309326171875,468.2574143396664,451.5580497958595,461.0660653209674,582449
2022-09-07,458.4598083496094,459.5215929234738,451.9441674888383,452.08895361636417,582881
2022-09-08,463.33447265625,467.3403793928213,446.2007499694824,464.63760675219817,661692
2022-09-09,480.6130065917969,483.3158088316856,463.6240691482603,463.6240691482603,692072
2022-09-12,482.4470520019531,487.3699871158537,476.1727304441229,479.4547068254,738599
2022-09-13,462.80364990234375,489.1075379798211,462.07968968002785,483.6054285070135,724045
2022-09-14,462.1278991699219,465.1685259308209,455.0330837558148,457.54281818599054,677907
2022-09-15,451.2201843261719,465.1202115602918,447.40731623417605,460.24552949070124,750516
2022-09-16,448.8553161621094,455.80534574395466,442.3879267051696,446.82822174590325,2035795
2022-09-19,450.8823547363281,455.75700761093947,440.5055933360267,445.95942018039676,533518
2022-09-20,449.4344482421875,454.2608490406259,440.93996516212826,453.63342282843143,666496
2022-09-21,455.3709716796875,457.39806615746426,440.74698134246773,442.1466200723968,480488
2022-09-22,431.7215270996094,449.77227685209874,431.67327487754835,441.7121820811634,750762
2022-09-23,426.7986145019531,432.1076553527154,420.8138952177195,429.7909888730762,746201
2022-09-26,431.67333984375,442.53274266280437,430.0806038638763,433.2660463656082,844351
2022-09-27,434.1830139160156,444.8976298237618,434.1830139160156,438.14066855232,916165
2022-09-28,434.0864562988281,435.34130859805765,419.22111975590127,423.7579478371337,954333
2022-09-29,416.904541015625,431.5768128427996,415.360086698341,430.8528526432617,845041
2022-09-30,418.54547119140625,423.3235901707367,407.8308558329501,420.28296364606973,1190043
2022-10-03,425.9781494140625,427.233031375199,405.1763724508347,411.9333339925997,792264
2022-10-04,452.57159423828125,452.57159423828125,431.8180714709706,434.13473788827736,1130382
2022-10-05,450.30322265625,454.98483761512585,444.27022128089834,448.32440998834045,611411
2022-10-06,459.9560241699219,465.216813144578,450.9789299200106,459.2320640059608,717362
2022-10-07,431.7215270996094,453.2472616648036,430.2253547195843,449.8205290741598,843508
2022-10-10,417.62847900390625,432.63860401749946,414.10521211180725,424.24065436629206,742388
2022-10-11,400.4947204589844,416.277056492385,399.7225081373916,414.3464962303913,978239
2022-10-12,399.67425537109375,410.67847322698447,396.53709471839124,399.67425537109375,917176
2022-10-13,397.0196838378906,399.91552406853316,362.70398888798036,391.90371121362614,1566729
2022-10-14,383.6506042480469,406.7690459757631,383.26446862481004,405.7072319278861,1047085
2022-10-17,386.6429443359375,394.0273608977568,377.18321084397655,380.9960791411511,847559
2022-10-18,389.5870361328125,400.1085828418776,388.8630760914822,395.0408625525655,753705
2022-10-19,421.3448486328125,422.0205566223033,405.07986977565844,415.118778948846,1325162
2022-10-20,436.59625244140625,440.79522748927087,416.0357945629185,422.0687962242137,1222707
2022-10-21,443.594482421875,444.6562964815236,426.21943967202964,432.44550844059586,1031066
2022-10-24,461.3556823730469,465.9890155397968,446.3455576207785,452.8611989566534,1171863
2022-10-25,478.77899169921875,479.88905806659585,456.2396925491949,467.38869682506413,882478
2022-10-26,473.80780029296875,476.31753474817265,456.77061035858793,463.33450404941556,979867
2022-10-27,466.5680847167969,470.5739907464214,456.19132492085015,468.06425690417234,874251
2022-10-28,463.7206115722656,465.74770592488875,449.53101001993264,456.57754383932104,948810
2022-10-31,461.4039306640625,477.2345198831096,461.2108628429223,476.9931998356912,752090
2022-11-01,464.9272155761719,471.6841771671081,457.63936164343943,466.42341760325945,616502
2022-11-02,455.9983215332031,468.54696305844124,454.9365075125423,464.8306287151338,643956
2022-11-03,439.2213134765625,445.7074820433107,434.23563918359224,437.47873823880934,736374
2022-11-04,449.57989501953125,455.92088680061227,436.8979410010595,438.25328733476186,818680
2022-11-07,461.5841979980469,461.5841979980469,449.4347093264614,453.6942892465576,639632
2022-11-08,485.59283447265625,485.59283447265625,463.7140448208063,464.68213259705016,758092
2022-11-09,480.0746765136719,486.36724645871254,472.9108335619024,483.0757542423527,1025621
2022-11-10,526.8333129882812,530.9960780819305,471.5555020504124,472.9108188569244,1518859
2022-11-11,533.900390625,549.1961651572507,525.4780154377357,547.1632045305327,1283583
2022-11-14,547.2599487304688,549.5833827763806,532.0609604746362,535.9333111595677,904651
2022-11-15,560.8131103515625,565.6535481400058,544.5492511998682,547.9375576517784,935915
2022-11-16,540.8706665039062,561.3941397127433,534.6748809394833,559.0707053542371,915735
2022-11-17,546.9695434570312,547.3568021669984,533.4163158315473,543.0004075730928,695188
2022-11-18,553.1654663085938,561.2005843024393,545.8079625951826,549.8739437147785,936266
2022-11-21,545.6141967773438,551.2291526320469,540.0961442311572,549.1961330368458,553555
2022-11-22,552.2938842773438,552.9715573025196,538.3534015125214,544.6459698697566,580170
2022-11-23,565.0728149414062,569.525994826017,551.6163719755928,557.9089421662824,703373
2022-11-24,559.0706176757812,568.6547090423185,557.037657246458,561.2972074525117,391813
2022-11-25,555.7791137695312,561.8781134269105,553.4557387886379,557.6185039975318,432244
2022-11-28,548.7120361328125,556.3599517557792,548.0343629999433,550.4545819834925,635863
2022-11-29,541.9354858398438,556.7472159197534,540.2897249226572,552.5844506026707,577427
2022-11-30,543.194091796875,551.3260537131154,543.194091796875,547.8409609418098,1082019
2022-12-01,563.6206665039062,566.3313002259727,555.3919211160074,566.3313002259727,842105
2022-12-02,556.3600463867188,566.8153823565177,546.1951249268666,559.7483535400028,735212
2022-12-05,554.1334838867188,557.9089908783478,549.9706590502749,552.7781373231244,432291
2022-12-06,549.6802978515625,558.6835035048865,545.3239023011738,552.5845615518216,499271
2022-12-07,547.1632080078125,552.3908464043325,539.6121353768033,543.6780566560788,599129
2022-12-08,552.58447265625,555.1983213834665,538.3535709968598,543.2908539454658,632059
2022-12-09,558.8770141601562,560.7164044144714,551.6163564521496,554.7142488917092,618610
2022-12-12,550.9387817382812,553.3590014069389,543.097293646788,549.1962353943265,695155
2022-12-13,574.2695922851562,585.9834289395823,555.1014690836503,556.0695567108716,1058644
2022-12-14,566.9121704101562,572.2366531069598,565.2664684828728,568.364302054739,834016
2022-12-15,533.900390625,562.2653496965752,533.2227173869651,556.6504526008613,1073672
2022-12-16,523.2514038085938,534.384412400266,519.1854236358975,532.4482369930187,1421906
2022-12-19,520.1535034179688,530.996097350906,518.8950012399009,526.7364878848789,628963
2022-12-20,513.0863647460938,519.7661919975478,509.2140148234817,515.1193248205168,599192
2022-12-21,527.8014526367188,527.8014526367188,511.8280047762685,516.6684435218594,564099
2022-12-22,506.1161804199219,528.1885656625318,504.66404903438996,527.60773674327,625030
2022-12-23,500.404541015625,508.53644200350834,495.46725843872,507.27793984807926,485477
2022-12-27,494.01513671875,504.6641013158468,489.7555567886496,502.24388208923386,421786
2022-12-28,485.7864074707031,494.01515311428534,484.4310905675576,493.2406947535429,445212
2022-12-29,500.2109375,502.147112942936,484.3342752329704,486.4640800376771,457294
2022-12-30,487.7225646972656,499.5332462913994,486.46406252214763,499.5332462913994,479838
2023-01-02,500.404541015625,500.7917406317819,492.95025412786185,498.565150804887,399536
2023-01-03,503.69598388671875,519.2822302383155,501.08213545882313,505.3417446811256,711724
2023-01-04,519.8630981445312,525.187580527762,503.1151926474822,509.2141333780697,846525
2023-01-05,522.6705322265625,526.8332971954246,516.2811184509183,519.9598396074156,533572
2023-01-06,533.900390625,536.3206099841342,515.4099383561695,520.8312060856754,555958
2023-01-09,567.8803100585938,569.526071223633,541.8387823055123,546.2919627874836,964539
2023-01-10,564.104736328125,566.7185850362471,553.165356714385,556.6504489336236,666613
2023-01-11,573.7855224609375,575.4312831700847,568.4610407525875,570.2035865851176,807789
2023-01-12,580.2717895507812,591.8888419214685,570.1068687264299,573.8823752944729,984655
2023-01-13,585.4026489257812,589.4686291174187,579.4972784537364,580.3685810260104,741185
2023-01-16,587.8228149414062,588.8876876889254,582.3047036874904,584.8217078656517,404240
2023-01-17,587.04833984375,592.1791922675453,576.6897907844635,584.7249059863367,722760
2023-01-18,594.0186157226562,603.7963373835496,590.3398941151679,590.5335234813276,775869
2023-01-19,571.7526245117188,594.212273032554,571.7526245117188,587.4356585099893,866610
2023-01-20,571.5588989257812,573.7854884178745,565.1694858024231,571.7524691610623,816998
2023-01-23,595.3740234375,597.0197845880579,579.8846179496951,580.852705792683,575200
2023-01-24,596.0515747070312,604.9579928564611,589.1781169766821,600.2143397620987,590295
2023-01-25,597.4069213867188,598.2782239886471,578.916469167008,590.5335220599915,722617
2023-01-26,599.3430786132812,609.2175850890235,594.0185961995109,606.9909951698328,876948
2023-01-27,600.3110961914062,603.9898763355872,586.6610846875868,596.4387457974287,782455
2023-01-30,584.1441040039062,593.4377216873863,573.398295777041,593.4377216873863,861372
2023-01-31,583.3697509765625,585.1123564846159,574.3665452303394,582.2080927543893,768243
2023-02-01,588.0166015625,592.0825233859256,583.6602061053483,588.0166015625,567061
2023-02-02,614.735595703125,618.5111607919997,600.6015410746646,601.9568281954433,1037702
2023-02-03,619.0919189453125,619.0919189453125,601.859974301134,612.7025654652653,956640
2023-02-06,602.0851440429688,610.7196472529753,594.9059494052395,608.1972387180903,633847
2023-02-07,602.8612670898438,604.4135092384671,597.4283011411773,601.0179277258915,585159
2023-02-08,600.9209594726562,618.4809437587761,599.6596960590857,616.0555282930554,724736
2023-02-09,608.4880981445312,614.4060867777807,603.2491783076447,604.9954651818633,597339
2023-02-10,593.4508056640625,603.5405008135205,586.5625886149409,602.4733414467418,713424
2023-02-13,602.0851440429688,602.3762412859729,593.2566549566233,594.2268211953095,515276
2023-02-14,602.570068359375,612.2717281894356,595.1968305742218,602.9581584382704,763586
2023-02-15,606.7418823242188,607.518003335402,597.6222976036627,598.301425693787,632268
2023-02-16,604.41357421875,613.6301536008979,597.6224104634831,613.1450704755217,649654
2023-02-17,592.09228515625,597.8162881181917,587.3385073875656,594.1296692407423,932231
2023-02-20,585.5922241210938,590.1520165548823,582.390687889451,589.6669335132929,333893
2023-02-21,579.0921630859375,585.689280658271,571.91291033078,582.0996542806922,488917
2023-02-22,575.3084716796875,579.4801738810604,569.4874753389149,578.4130149042802,539562
2023-02-23,576.9578857421875,588.5028286891754,576.3757504585689,580.9355437161269,541617
2023-02-24,561.7261352539062,585.6892482034399,561.7261352539062,585.0101201348972,1022097
2023-02-27,577.73388671875,579.5772259120276,568.1292190724917,568.8083471549749,574015
2023-02-28,566.5770263671875,578.219020059664,548.2408626158403,575.3085216365448,1117686
2023-03-01,557.4573974609375,572.2039334970129,556.4872313955935,571.8159025994179,634647
2023-03-02,560.2708740234375,560.2708740234375,544.2631347656251,550.084130859375,655646
2023-03-03,571.81591796875,573.1741149681949,567.0620804350955,569.2934506025141,659208
2023-03-06,572.592041015625,577.5398644135978,568.61432449825,577.2488264279946,638699
2023-03-07,556.9722900390625,570.3606285259383,556.1961690636203,563.6664592825005,624748
2023-03-08,564.6365356445312,566.2858294643449,556.5841707762945,559.785706300506,536052
2023-03-09,567.8381958007812,572.1069502461417,556.9723238424225,567.5471578191064,539205
2023-03-10,560.367919921875,565.7038335123211,552.0245150843281,554.5469232777521,689644
2023-03-13,548.1438598632812,563.2784277065533,535.0466171939815,559.9798984146817,946929
2023-03-14,558.9126586914062,560.5619528811401,540.3825101267934,550.5692540340309,726322
2023-03-15,551.0543212890625,562.2112309630488,537.9570794978612,558.6216047033537,958792
2023-03-16,569.487548828125,570.3607220776138,546.0095153811183,560.465015178467,962262
2023-03-17,578.31591796875,586.4653359002026,572.0098390881027,577.1517661621701,1467498
2023-03-20,582.2936401367188,588.7937641247985,566.7709842675052,574.4352600743896,910289
2023-03-21,577.4428100585938,592.6744279699673,572.300942145823,588.0175838387765,631007
2023-03-22,582.8757934570312,587.338593140668,573.174132250309,574.726433571929,482332
2023-03-23,598.8834228515625,599.8535887914529,581.5174880560603,582.1965568425999,723209
2023-03-24,580.83837890625,598.7864493767242,577.5397909178755,598.3013663910358,646747
2023-03-27,587.1444702148438,591.4131650512029,581.6145122174692,586.6593872188325,550331
2023-03-28,570.1666870117188,587.3386405773668,567.2561884146342,583.8460067323181,523505
2023-03-29,587.7265014648438,587.7265014648438,575.8904654187069,580.5473091979419,605576
2023-03-30,605.0927124023438,605.3837504395128,593.1596791644148,593.6447622977798,577844
2023-03-31,606.5477294921875,607.7119404092159,597.0401155625384,602.4730208897016,683418
2023-04-03,599.2716064453125,605.5776860388304,597.4282671861271,605.3836409777206,399312
2023-04-04,599.7567138671875,604.7045374482722,595.0028761408581,601.9880841250445,431098
2023-04-05,588.11474609375,593.9357431335147,583.0698701497718,591.8983586410508,625683
2023-04-06,588.8908081054688,590.5401022774421,583.5548946877092,588.2116800094518,400108
2023-04-11,592.3833618164062,599.8536521858931,587.4355386857549,588.599749779507,640992
2023-04-12,585.3981323242188,599.465537984243,581.8085066232981,587.7264949738931,572845
2023-04-13,585.2040405273438,585.6891234423673,576.4725480569185,579.6740834532299,507745
2023-04-14,588.4056396484375,591.5101824836577,581.0324022272404,584.3309308781004,521052
2023-04-17,564.9276733398438,578.6070500345812,561.5320921992986,576.5696658217126,824156
2023-04-18,571.0396728515625,575.3084268545573,566.5769330237125,567.4501060924898,594527
2023-04-19,549.9871215820312,561.8230992491623,543.2929525876688,555.4200274222148,1055682
2023-04-20,556.2933349609375,565.2188168252083,551.4425038545961,561.7262421143412,710967
2023-04-21,562.890380859375,569.1964604846894,556.4872490958968,562.5022907351985,776388
2023-04-24,556.1962280273438,565.5098583627152,555.2260619016326,558.2336124198818,485845
2023-04-25,546.9796142578125,553.6737837755304,546.7855692024426,548.046832455228,644436
2023-04-26,539.9945068359375,540.5766421099283,529.4197303222912,538.054174351131,754517
2023-04-27,547.3677978515625,549.5021753966791,532.1361762243515,539.5094158737575,674062
2023-04-28,558.0618286132812,560.591814890244,549.9852699991364,557.5752882221624,774707
2023-05-02,557.4779663085938,566.3329770729846,557.4779663085938,566.3329770729846,652765
2023-05-03,559.8134155273438,562.8300018752282,556.1157200806517,561.9542053308423,459309
2023-05-04,561.7595825195312,562.830007127341,553.1964826177729,560.6892173038653,554027
2023-05-05,569.8361206054688,570.2253767013707,560.0080278014315,562.4407299204646,568087
2023-05-08,575.3826293945312,576.3557101340424,570.3225976706461,575.0907170511049,412495
2023-05-09,568.7656860351562,576.3557038420574,566.9168088934149,576.3557038420574,546735
2023-05-10,583.459228515625,584.9188497271139,566.8195704615076,572.6580553074631,764543
2023-05-11,577.328857421875,588.2273748390921,575.2854113902089,584.6269638094568,437911
2023-05-12,580.5401000976562,584.432424092658,578.1073976007801,580.9293562540167,417417
2023-05-15,579.56689453125,582.7781086506534,577.036908235135,580.4426909987487,360219
2023-05-16,587.9354858398438,589.1031947867162,582.0970004976251,585.2108712252372,609896
2023-05-17,592.0223999023438,593.0927650569932,584.6269499693841,586.7677396708235,484312
2023-05-18,623.3556518554688,624.9126170583198,598.7367149468367,600.3909644908005,899214
2023-05-19,626.080322265625,639.4114840922383,626.080322265625,628.6103090405072,876709
2023-05-22,625.8856201171875,626.5667885966221,619.4632508152731,625.9829044461886,493906
2023-05-23,617.9063720703125,628.8048900388005,617.9063720703125,625.399106885657,467447
2023-05-24,604.9642333984375,614.2084992894462,600.5853706079597,614.2084992894462,596488
2023-05-25,635.0325317382812,641.9414413300714,628.0263972115941,636.3948686696599,1063563
2023-05-26,663.7384033203125,669.4796039130507,643.4983341502063,646.8068326938419,1160754
2023-05-29,657.997314453125,669.2850291018668,657.3161459467719,667.3388673077978,331007
2023-05-30,664.7116088867188,679.3078239206137,656.0512236018983,659.6516351886893,748984
2023-05-31,653.4239501953125,667.047085419042,651.7697004682856,661.1113145427081,1149623
2023-06-01,658.9703369140625,663.9330252919997,651.8668588740613,658.7757088734859,528990
2023-06-02,656.4403686523438,664.6142721842353,651.964220151446,656.7323404437406,594719
2023-06-05,657.024169921875,662.1814862982314,651.9641378689421,655.4672050021286,444146
2023-06-06,651.1856689453125,655.6618167702085,640.1898680250912,650.9910409111567,459865
2023-06-07,649.9208374023438,655.7593235258247,643.1092702582828,655.3700673607318,401147
2023-06-08,644.860595703125,647.7798378209371,636.0055256438152,636.7840377222714,477042
2023-06-09,648.6557006835938,655.4672669468448,645.639173666726,650.3099500830979,421985
2023-06-12,653.4239501953125,659.9436053593857,646.6123825834477,649.5316258456755,431180
2023-06-13,662.27880859375,669.5769150331116,653.1318841583687,666.1711320280762,673774
2023-06-14,663.3492431640625,667.2415666570104,657.3161298715647,661.5003657480551,635320
2023-06-15,655.6617431640625,662.4733078498705,644.8605714905622,660.235234188674,554127
2023-06-16,642.038818359375,655.5646677305202,642.038818359375,655.1754115818824,1758226
2023-06-19,643.4009399414062,648.6555398347734,640.8708946071512,643.2063119322897,323186
2023-06-20,638.7302856445312,646.1256762544426,634.2540781556768,637.7572048067987,416739
2023-06-21,628.610107421875,642.7197770157097,626.7612304078998,637.4651176859812,456469
2023-06-22,634.3513793945312,635.0324884216199,616.9332098086928,622.1878697374198,487601
2023-06-23,623.55029296875,633.0864748910413,622.2852995470845,633.0864748910413,489221
2023-06-26,629.8751220703125,636.6866869361262,618.6846940764758,624.3285502297235,444225
2023-06-27,632.1133422851562,633.2810512683429,623.939498187142,628.6102747277424,409369
2023-06-28,646.8068237304688,648.7529853427812,636.0055911468513,639.6060020080571,559624
2023-06-29,650.4072875976562,654.7861515822218,643.6930057311315,648.1691540473854,435340
2023-06-30,645.152587890625,648.0718303697681,625.5936870372224,635.4217796268147,1112112
2023-07-03,648.1691284179688,656.7322873851251,647.585303666636,650.2126338319163,495373
2023-07-04,651.0883178710938,657.02414618898,648.3637036001289,651.9641143188244,261653
2023-07-05,641.5521850585938,648.7530070216294,640.48181989291,642.9145219895921,507486
2023-07-06,622.5771484375,637.0760776159074,621.1175270863373,635.4218282061606,625654
2023-07-07,623.160888671875,627.1504956866522,611.4839205597884,619.3658502785944,558228
2023-07-10,627.8318481445312,631.1402877778484,614.0140866148637,614.9871675762184,350380
2023-07-11,618.0035400390625,631.7240137935719,617.1278030284345,631.5293857716099,358847
2023-07-12,636.3948364257812,642.2333211636325,624.8151512721878,627.3451969605395,777827
2023-07-13,645.152587890625,649.5314516093397,637.659853649063,640.8710084976924,544104
2023-07-14,666.463134765625,668.7984932994445,647.5853414751562,649.4342189492235,749145
2023-07-17,646.8068237304688,658.6784214440024,638.6329212019009,653.9103017369814,513490
2023-07-18,646.3203125,654.980696430406,643.692982326362,654.883412102255,498747
2023-07-19,634.3513793945312,657.8026022565873,630.2644282713144,650.9910368486048,875404
2023-07-20,603.4073486328125,620.7282334768485,600.9746467605755,618.7820719790589,989215
2023-07-21,608.6620483398438,609.829757193504,586.7677300542379,588.713891679625,668180
2023-07-24,599.1257934570312,607.3969793323247,597.8608004368834,604.0884812253545,453487
2023-07-25,611.4840087890625,612.1651178468379,596.2066280929935,599.4177829087195,430293
2023-07-26,600.780029296875,609.3431273127673,595.6226542331832,605.7427169560482,575595
2023-07-27,635.2272338867188,635.7137743629481,602.1424815031173,604.7698119531858,938047
2023-07-28,635.4218139648438,636.686807229071,625.9829175604442,630.2644971847523,648898
2023-07-31,634.6433715820312,640.6764850093138,629.8752514397892,635.0325683047352,577453
2023-08-01,628.6455688476562,634.5946242880839,626.8901323088927,631.5713162537567,419394
2023-08-02,613.3341064453125,623.4766601079688,611.9687340654964,620.1608492954455,601500
2023-08-03,603.9717407226562,609.5306723594705,597.730182352383,606.2148016920431,528043
2023-08-04,605.7271118164062,611.7736673388865,601.826115934093,609.9207300094716,484781
2023-08-07,609.7257080078125,612.2613316866134,603.5816509980433,605.2395267363869,288878
2023-08-08,599.5831298828125,611.4811807106267,597.9251945214442,609.5306825265418,446088
2023-08-09,598.900390625,613.0415012084627,595.779641426161,606.6048815802629,405449
2023-08-10,608.7504272460938,614.7969828471042,601.7286226618387,603.1914961367054,567448
2023-08-11,590.7083740234375,605.4346111811049,589.440562136433,602.8989874070957,543687
2023-08-14,590.220703125,593.2439511968729,581.443462178237,587.1973955286524,516196
2023-08-15,585.6370849609375,597.8276987194915,580.8583405577918,596.462326168741,455588
2023-08-16,587.0999755859375,591.3910955628039,580.8583573513104,582.9064162366489,384495
2023-08-17,578.0300903320312,589.3429548464438,577.6399669248551,581.2484001055732,456891
2023-08-18,583.39404296875,586.8074149325138,576.5672990412224,580.9559201374901,571883
2023-08-21,584.8568115234375,591.4884925273409,583.3939380876733,585.7344998702125,354746
2023-08-22,603.9717407226562,611.7737333288575,593.4390626091805,595.8771852986184,581626
2023-08-23,609.9207763671875,611.2860893150853,598.4127900201072,605.2395333330297,366714
2023-08-24,588.6603393554688,627.6703037799393,587.0024634870142,627.5728026786709,619253
2023-08-25,579.4929809570312,588.1726615408375,575.8845476696167,578.7127936440845,590998
2023-08-28,591.488525390625,595.2920203447244,586.4172186266511,590.025651873583,463751
2023-08-29,597.82763671875,599.0954485132585,587.8800850185348,595.7796376295036,432969
2023-08-30,595.5846557617188,597.7302157532126,590.2207855452253,596.4623442642733,349503
2023-08-31,592.85400390625,605.4346826894102,592.6589421641767,598.8030001303234,876628
2023-09-01,596.5598754882812,606.1173045889716,591.781131175696,594.2192538812027,452949
2023-09-04,601.5336303710938,611.6762447769794,600.2658184514784,601.3385686470419,245010
2023-09-05,604.0693359375,607.3851472703307,596.3648439878797,599.1930902793816,403346
2023-09-06,601.5336303710938,608.1653123174893,598.9004459075965,602.8990029149757,452420
2023-09-07,578.8102416992188,600.1682171403684,573.6414342595369,598.7053437409601,632656
2023-09-08,572.1787109375,584.6618886484495,563.5965299815026,584.1742640540805,656598
2023-09-11,563.1087036132812,575.9819406722787,561.8408325026378,571.7883825682437,641758
2023-09-12,562.913818359375,568.9603749628473,554.2340771596909,567.5950023501496,652972
2023-09-13,560.4757080078125,563.1088926628015,554.2340895311336,559.5004588411117,652184
2023-09-14,567.5948486328125,571.300782475006,558.4274853433889,566.3270369926499,775704
2023-09-15,547.8948974609375,570.9108104647547,545.2617131543194,569.4479369082421,1807254
2023-09-18,543.7012939453125,547.1146652974355,537.0696129375108,546.139416339686,597938
2023-09-19,539.702880859375,551.990995825919,537.3622591874229,544.481565779928,535912
2023-09-20,542.8236694335938,545.7494169717363,538.1424852774628,541.9459808868426,468144
2023-09-21,538.3375244140625,542.823646641053,532.8761530486408,539.3127735524938,584661
2023-09-22,541.4583129882812,546.6271213206724,532.9736339014228,535.4117566548601,400841
2023-09-25,540.9705200195312,543.5061430839088,533.7536551063599,543.5061430839088,407569
2023-09-26,529.1701049804688,534.4364736031374,523.2211096497869,531.218163677941,724283
2023-09-27,534.82666015625,539.3127824573127,530.1454165948991,532.388537269915,465517
2023-09-28,537.167236328125,537.167236328125,521.1731854941211,532.9736767598886,639072
2023-09-29,545.26171875,554.4290836080152,541.0681597498569,541.9459077025632,739218
2023-10-02,542.628662109375,548.6751593450299,537.4597938877238,546.1395353123028,528210
2023-10-03,533.5587768554688,542.6286414119717,531.9009009489523,539.3127705499724,438929
2023-10-04,543.7012939453125,545.5542907748254,525.2690648340591,528.1948117073074,577291
2023-10-05,534.82666015625,548.9677728969932,529.5602909119725,546.1395265390508,479265
2023-10-06,547.3097534179688,549.650315314886,535.0215802423699,536.6795154554834,561190
2023-10-09,541.3607788085938,549.455394365008,538.6300930962478,547.7974589067852,451824
2023-10-10,557.9398803710938,557.9398803710938,545.8468295417398,547.11464122614,620070
2023-10-11,553.063720703125,559.9880247762002,551.1132225740016,557.9399660259332,590606
2023-10-12,574.1290893554688,576.6647129065955,558.7201672978715,560.7681663565144,721349
2023-10-13,559.4027709960938,577.1523136985248,557.842396494011,567.7899476370853,632479
2023-10-16,555.5017700195312,561.3532636343064,549.8453380968095,559.4027657627147,515174
2023-10-17,558.7202758789062,560.7682753355548,542.5311038675709,555.306903768168,593991
2023-10-18,539.5078125,560.3781074663223,530.6330100003955,531.5107579977071,1135072
2023-10-19,548.5775756835938,564.5716834777594,543.4087677642702,543.7013305664062,781442
2023-10-20,533.5587768554688,547.9925116434813,532.6810883504571,541.263268815976,746611
2023-10-23,538.9225463867188,540.5804815079252,527.4146206725056,535.7042367540662,443374
2023-10-24,548.675048828125,551.6007957494079,536.9720611429935,541.2631804373311,629052
2023-10-25,546.8221435546875,554.1365112867608,537.3622160496441,547.3097680701591,454917
2023-10-26,546.7246704101562,553.4539136101,536.5821145802754,540.288049585895,529331
2023-10-27,546.3345336914062,551.8934652217627,542.823601371165,551.8934652217627,511354
2023-10-30,538.3375244140625,553.8440095249132,537.3622752756313,551.6984495154677,452202
2023-10-31,551.3082885742188,555.4043465820906,537.5573004668771,541.1657339386804,667099
2023-11-01,558.592529296875,561.4280483010534,546.8594459872503,554.1926230557657,445529
2023-11-02,581.47216796875,588.8053463280055,567.6857568468146,571.010154907367,813473
2023-11-03,584.4053344726562,587.9252355826205,576.7788422827019,581.8631306243065,528271
2023-11-06,578.538818359375,588.218576677564,576.2899892356069,586.6541893769122,417768
2023-11-07,585.7742309570312,587.0453628774702,578.4410530047521,581.7654508808073,341351
2023-11-08,586.6542358398438,587.9253080819858,579.418809726797,583.525401313187,383482
2023-11-09,590.0763549804688,592.325184165845,579.1254645432496,581.8631722331664,564152
2023-11-10,594.4761962890625,594.4761962890625,584.0141855043873,586.1652626238371,505316
2023-11-13,598.8762817382812,605.8183339494467,593.8897439164652,601.0273595020783,524322
2023-11-14,607.48046875,612.5648175591065,598.1917763847781,600.3428539206567,794139
2023-11-15,613.8358154296875,618.6268484661891,609.4359090532247,611.9781129883773,690093
2023-11-16,611.5870971679688,615.3025624015028,606.3071846883003,611.195970437045,554636
2023-11-17,614.7158813476562,615.4980750675129,604.3516206075,605.3293776767097,806307
2023-11-20,615.693603515625,616.3780453607847,608.7514929112236,610.2181284319004,390260
2023-11-21,611.7826538085938,622.3424189742954,610.4137699429681,620.8757832657934,470788
2023-11-22,619.2135620117188,623.2224019445499,605.7205259123783,608.6537972243026,464199
2023-11-23,615.791259765625,617.9423367975809,610.4135970245069,616.4757015045486,309203
2023-11-24,618.2357177734375,619.3112862427535,614.129126580016,614.129126580016,352307
2023-11-27,614.6180419921875,621.0712741631754,612.6625279423523,617.9424397479285,415192
2023-11-28,605.9160766601562,615.8892108486792,603.3738724361881,613.8358851665254,439705
2023-11-29,615.204833984375,617.5514154265934,601.5162333666317,603.6673111135038,429042
2023-11-30,609.1426391601562,613.5425458635603,603.9605387561023,605.4271743239037,837686
2023-12-01,623.320068359375,626.1555874433237,612.5647416896446,612.6624935156224,626510
2023-12-04,616.5735473632812,624.6889782979088,614.1291548353939,622.8312161056937,420353
2023-12-05,628.9910888671875,630.9466029377695,614.4225448478837,616.5735625834811,502726
2023-12-06,634.5643310546875,636.813160354039,628.4044735207924,630.9466180022238,486686
2023-12-07,632.2175903320312,633.5864738688153,628.0132475798306,628.7954411676163,383876
2023-12-08,635.1510009765625,638.2798356945746,630.8489054571595,633.3910500969176,499127
2023-12-11,644.5375366210938,648.155250075624,633.1955176738519,634.5644015790995,606273
2023-12-12,648.6441040039062,653.0440110895228,645.7108326134953,646.590778224083,508644
2023-12-13,654.2171630859375,659.8882012395004,652.6527758089508,655.0971682277109,506124
2023-12-14,667.0259399414062,674.9457489886578,662.8215961301793,664.8748622750044,846486
2023-12-15,679.2478637695312,681.2033779535935,671.9146855792978,673.9679516015404,1167716
2023-12-18,661.5502319335938,678.0743458476156,659.5947183190368,674.2610704282138,502027
2023-12-19,661.7460327148438,671.3280409294106,659.6927665537083,665.7548728698828,566461
2023-12-20,664.2881469726562,664.2881469726562,657.443847794394,663.1148266065865,452913
2023-12-21,667.4169921875,667.4169921875,653.3373253405887,655.683906642961,469636
2023-12-22,668.3946533203125,669.665785147123,660.4748455862277,664.8747520335083,336136
2023-12-27,669.6658325195312,674.5546178067885,667.3191917106258,671.6213466344342,286536
2023-12-28,670.6436157226562,673.576887009367,669.0791685632096,672.6968817523309,285259
2023-12-29,666.5369873046875,674.2612321280752,665.5592302629254,669.7635736069914,309269
2024-01-02,649.5240478515625,667.9058699127345,644.146383650405,667.6125547100013,525651
2024-01-03,631.0443725585938,643.4618383404653,626.1555877066603,633.4887649845605,518819
2024-01-04,632.022216796875,636.1287488974782,620.9735137638911,633.6843561339964,503762
2024-01-05,629.8710327148438,631.6309832714218,620.8756569308867,625.6666898081442,410860
2024-01-08,638.8665161132812,641.6042240710638,629.8711388140894,635.5421180861155,367262
2024-01-09,639.9420166015625,642.190845977256,631.8266446748997,640.6264585013537,369450
2024-01-10,636.9109497070312,644.2441273916644,633.0976734400009,641.8974866615607,386963
2024-01-11,634.4666137695312,649.3284741280509,633.8799236958688,644.6352519265415,416929
2024-01-12,634.857666015625,644.5374850687149,631.728831395001,641.9952808305268,487801
2024-01-15,633.7821044921875,637.3998173571327,633.7821044921875,636.9109388531551,214493
2024-01-16,637.7908935546875,639.2575290877786,629.8710855470168,631.7287880824006,380117
2024-01-17,635.1510009765625,638.0842723351566,627.4267555387997,631.6310992172729,439569
2024-01-18,660.9637451171875,660.9637451171875,643.7552454466959,646.1996379952062,684534
2024-01-19,671.0347290039062,675.1413210238503,663.114919854955,673.0880548526588,677776
2024-01-22,691.7630615234375,696.651846410529,684.4298841928004,686.2876463209151,770968
2024-01-23,691.3719482421875,695.1852243989405,682.0832567769414,689.5142457556689,602106
2024-01-24,758.5438842773438,761.5749668462622,729.7978636922048,743.0953352948817,1667776
2024-01-25,793.7432250976562,796.285429438666,760.4994827237616,763.9216326740154,1095341
2024-01-26,779.4678955078125,782.7922335148112,761.4771427635727,772.4280331436512,779116
2024-01-29,786.89892578125,789.1477552432885,775.5569669515847,778.5879901816073,457734
2024-01-30,783.476806640625,795.8943346074825,778.5880208015127,792.7654997349384,469156
2024-01-31,780.4457397460938,783.9656414828355,769.8859748583101,775.2636389812845,721653
2024-02-01,794.427490234375,802.347297342924,779.6633847484222,779.6633847484222,495606
2024-02-02,800.58740234375,802.8362314595862,792.2764680235574,797.9474465653552,480183
2024-02-05,810.431396484375,811.8026488927821,801.3220765221382,806.5134299744838,421775
2024-02-06,816.7001342773438,821.3037570367394,809.8436926562857,817.8755362262104,435173
2024-02-07,832.5679321289062,838.1510466892798,818.5612129921291,819.7366149706437,654929
2024-02-08,837.5633544921875,842.362887883033,828.4540933589757,837.6613395352556,463608
2024-02-09,858.132568359375,858.132568359375,835.114515718798,838.4448110780379,575188
2024-02-12,859.601806640625,862.1485206777713,849.8068906133461,858.3284795137635,465049
2024-02-13,833.2534790039062,844.419646877052,801.3220183945342,840.5996656770627,727655
2024-02-14,835.898193359375,845.0074536968635,828.454020990855,831.5884062100516,505322
2024-02-15,843.1463623046875,854.998246604763,835.1145191805501,845.6930763497874,546556
2024-02-16,856.663330078125,859.307969356759,842.8525224213134,858.426462786163,608120
2024-02-19,841.873046875,848.1418171525348,841.873046875,844.4197011720725,242086
2024-02-20,820.5202026367188,838.8367092403146,816.7981461624815,834.7228321757667,509991
2024-02-21,816.8960571289062,826.2991532975946,808.6683031437333,825.9073924975653,437814
2024-02-22,858.8182373046875,863.7156953866981,841.9709695458864,853.2351231345107,940793
2024-02-23,847.2603149414062,863.1280923339889,844.8115857074716,856.2716504789717,405777
2024-02-26,851.9617919921875,854.9982518588403,840.9914739832755,842.4607114009845,286040
2024-02-27,861.1690673828125,867.3398527978114,852.6474781033256,860.0915907018281,371102
2024-02-28,851.570068359375,859.0141810204118,845.6931184322115,853.1372310932481,357552
2024-02-29,852.6475219726562,855.7819073587648,840.5018010202716,853.5290884130529,729779
2024-03-01,875.6654663085938,876.0572868511831,855.4879638170886,862.9320758589163,456792
2024-03-04,894.4716186523438,899.9567469482373,886.8315971747011,891.3372340046554,524208
2024-03-05,881.052734375,897.8020175853791,875.6655303293496,892.3168882886326,480872
2024-03-06,893.4921875,895.8429313068881,880.0731415541215,884.4808534483826,481039
2024-03-07,929.7334594726562,930.1252202513654,889.9660637530985,896.2348340466855,602723
2024-03-08,904.4625854492188,938.744792135113,904.4625854492188,934.9247509053151,576094
2024-03-11,866.3604125976562,892.7087633610867,861.952699927572,881.542534016835,713102
2024-03-12,874.0003051757812,875.9592882916223,853.920728238411,867.241849296182,600454
2024-03-13,860.8751831054688,886.9296355085293,860.189527035194,883.6973252154312,534861
2024-03-14,862.9321899414062,872.1394358586931,859.2101334284243,868.907065413554,587839
2024-03-15,840.1099853515625,864.5972761698812,840.1099853515625,862.1485470880493,2713321
2024-03-18,852.9413452148438,861.9526806510631,843.8320845237397,850.1987804603668,474446
2024-03-19,851.7659301757812,852.8434068801268,837.5633009965118,847.2602924184872,362603
2024-03-20,856.5654907226562,870.6701951007577,850.5906152724965,858.0347282710657,336510
2024-03-21,904.3645629882812,904.8543087778106,887.9091164167781,892.3168285225427,657108
2024-03-22,887.5172119140625,895.5490540592292,872.8248396180561,893.7859813403916,471160
2024-03-25,894.2758178710938,896.8224720809066,882.7178291148768,887.3214515250049,358516
2024-03-26,881.934326171875,895.7451348460706,881.934326171875,888.2030370082318,437821
2024-03-27,876.8409423828125,887.0276197348655,872.8249907232716,882.0322362027789,381771
2024-03-28,873.9024047851562,884.3829767096333,872.041346858815,879.6813692711758,532794
2024-04-02,872.4332275390625,900.0549041184299,872.1393919997618,898.977427429759,590869
2024-04-03,886.43994140625,886.43994140625,871.355746114254,876.3511893889192,389366
2024-04-04,882.8158569335938,897.9000530215025,879.6814715380431,889.3784632779028,413590
2024-04-05,887.1256103515625,892.0230686622332,866.1644648685216,868.809104312969,475214
2024-04-08,894.9614868164062,899.173288739438,880.5629483406915,880.6608735873158,307245
2024-04-09,880.8567504882812,900.5445667710366,874.4900553299444,894.9614529062725,383216
2024-04-10,894.5697631835938,899.5652067545333,869.8865602343151,894.6677482242569,437885
2024-04-11,890.455810546875,899.5651304674217,879.8773129752674,887.9091562404706,366552
2024-04-12,888.888671875,915.2370211585494,881.3465742175572,906.0297757403581,509980
2024-04-15,892.2189331054688,911.7107803103106,888.5948021851099,895.8430042424039,606551
2024-04-16,894.667724609375,895.5492312514996,872.7270870594914,880.1711999156513,527766
2024-04-17,834.918701171875,872.8249799639804,828.1601849156098,840.991501537301,1271289
2024-04-18,823.0668334960938,853.6269853767666,815.1329749291984,852.1577478804211,762238
2024-04-19,804.1625366210938,824.0462024882935,801.4199723262072,813.4677060460638,834780
2024-04-22,796.5226440429688,808.6683049730474,793.3882587185064,804.1626671702393,526653
2024-04-23,817.1897583007812,818.8549058315241,803.4768771026456,806.3174264070551,389817
2024-04-24,817.6796264648438,842.3628282732572,816.0144786848276,842.3628282732572,477145
2024-04-25,816.6021118164062,823.0667320904851,798.481518260685,812.2923251114075,515076
2024-04-26,842.9568481445312,846.5886025372516,826.2704640945217,829.4114424857712,498526
2024-04-29,832.0617065429688,843.9384626951257,827.2520774084214,843.1532330164117,326342
2024-04-30,817.3383178710938,836.5767120597343,817.2401267309332,835.202575280075,510511
2024-05-02,796.431396484375,807.4247320574354,789.1678869936449,792.8977729851607,624535
2024-05-03,820.4793701171875,821.3627310032829,800.7501382658456,801.9280126898212,434464
2024-05-06,830.9818115234375,832.0615545549748,817.2400849739223,825.4851448673007,210766
2024-05-07,838.4417724609375,843.8403087318752,828.0372847932568,835.5952475544062,417265
2024-05-08,829.4114379882812,837.754629968045,824.7000003815447,831.3745419835197,368284
2024-05-09,832.258056640625,836.7731723753984,828.2336570508445,830.4912149182311,331311
2024-05-10,848.5516967773438,854.7354623428731,832.8468649110193,835.2026136546397,433877
2024-05-13,837.263916015625,854.1466236076245,831.1782811975668,853.5576564198991,327567
2024-05-14,825.190673828125,837.6563946305231,821.7552422634027,837.3618811404949,407049
2024-05-15,835.3007202148438,836.9693705331837,824.6999710000631,831.8652883455701,386501
2024-05-16,843.251220703125,850.6128600175249,843.054958248747,848.0608490188692,387981
2024-05-17,837.263916015625,840.8956706577875,826.9576192768629,830.4911827664793,492332
2024-05-20,848.748046875,848.748046875,830.8837880618286,834.0247665195039,209691
2024-05-21,837.950927734375,848.3553546398346,827.7427632953303,848.3553546398346,327438
2024-05-22,838.3435668945312,845.9015295257157,836.2823315901999,841.1900917521142,270000
2024-05-23,860.232177734375,875.7406870094735,851.9871171530931,852.1834395305862,574762
2024-05-24,864.2565307617188,865.6307275170616,844.625490880703,850.0240268479823,393663
2024-05-27,866.3176879882812,867.6918846199009,858.7597862418951,866.0232343984125,168545
2024-05-28,879.4706420898438,881.8263909876862,867.9864710539321,869.8514439238227,399600
2024-05-29,872.1090087890625,888.8935251183468,865.8270516163288,886.4396449585577,469059
2024-05-30,864.7473754882812,873.2868904970738,861.7045880285568,867.1031244249082,277618
2024-05-31,854.7354125976562,885.261713706715,853.9501830318759,867.6919101151475,1325837
2024-06-03,864.2565307617188,879.9613626665313,858.759863558706,868.6735147349473,359176
2024-06-04,856.7967529296875,870.7347432098337,856.6985617855358,868.5753767670024,328135
2024-06-05,926.1923828125,926.6831587804822,862.2933757448766,866.7103594567172,792315
2024-06-06,939.8361206054688,954.068625826126,931.1984742464931,947.2958924815877,610760
2024-06-07,941.2102661132812,952.3999233166987,932.670751465159,945.9217038783614,458224
2024-06-10,945.6272583007812,946.1180343202628,925.014665482555,940.3268533267074,444357
2024-06-11,941.5046997070312,951.7128046626303,933.2596388616956,948.4736950123843,432167
2024-06-12,967.4176025390625,975.2700183385977,940.8666335987198,944.1548686602821,490161
2024-06-13,948.6700439453125,974.4848505416052,947.1977158895256,964.7675213189212,572537
2024-06-14,935.4190673828125,963.1969773389969,933.161509737177,959.66341405967,698205
2024-06-17,951.5164794921875,962.1172285168593,944.0566487643249,946.6087197669527,452520
2024-06-18,965.6507568359375,967.1230847005712,951.1238005533862,959.7614453774025,483986
2024-06-19,948.6700439453125,967.5158550412202,947.5903606680749,963.6877781325018,314222
2024-06-20,970.6567993164062,971.0493841719309,953.2833168888798,954.5593225103996,521044
2024-06-21,945.6272583007812,965.8472063397495,939.3453012877443,965.2582990800445,1168876
2024-06-24,931.0020751953125,949.5534320226549,924.7201184100802,945.2345792441602,504340
2024-06-25,932.6707153320312,933.5540761798463,904.107516402425,912.843353100065,455077
2024-06-26,929.1370849609375,946.3142446970253,925.2108770212603,941.2102223027879,419672
2024-06-27,942.2899169921875,953.4796337201416,932.6707194047282,933.4559490203858,341799
2024-06-28,946.4124755859375,961.8228543781703,943.0751747333893,951.5165581037013,507661
2024-07-01,936.6950073242188,954.8537182716798,929.8241437224768,953.8721663285737,349534
2024-07-02,948.0811157226562,950.6331269992504,931.6891850821856,941.308382852123,355717
2024-07-03,967.6139526367188,975.1719150421324,955.4427437442574,957.0132029854847,494730
2024-07-04,966.04345703125,974.6811023512179,962.4117027747926,970.8530257197021,197960
2024-07-05,974.6812133789062,981.0613018854148,969.871584233403,974.4848909814846,315286
2024-07-08,979.4907836914062,992.1527687905793,974.6811548347929,979.5889149296307,432188
2024-07-09,964.5711059570312,980.9630353799836,964.5711059570312,977.9201884124741,431994
2024-07-10,983.5150756835938,983.5150756835938,959.8596971283282,968.6936648739893,357082
2024-07-11,970.8529663085938,1002.9497256182043,969.6751519486751,991.7600698347593,470171
2024-07-12,983.7113647460938,990.1895835765205,955.0500361600715,963.0005828982476,552726
2024-07-15,970.9512329101562,995.4900324685954,970.9512329101562,980.0796543640599,461973
2024-07-16,959.7615356445312,973.4051324370092,956.8168796383142,968.791826045433,466608
2024-07-17,854.8336181640625,928.5481457269154,849.0424376889872,928.5481457269154,1400700
2024-07-18,823.0313720703125,863.3731362904085,820.1848472372258,857.6801465334161,1069933
2024-07-19,814.1974487304688,841.1901308764457,814.1974487304688,832.356162174126,1044177
2024-07-22,834.8099365234375,843.9383577099361,808.4061650083495,813.2157935445832,685837
2024-07-23,845.01806640625,854.5390720411046,832.159700392215,842.956771442126,561522
2024-07-24,816.2586669921875,844.2329006288421,813.314010819908,840.3066923991363,601576
2024-07-25,784.8489379882812,802.8113871208775,770.2238494551939,790.443796247163,998743
2024-07-26,805.3633422851562,815.2769926140887,780.4318998034573,780.4318998034573,790645
2024-07-29,792.8942260742188,818.560316425822,791.9108523447405,812.6600740489527,492204
2024-07-30,792.30419921875,817.1835417343877,790.6324519307434,816.6918548861721,547232
2024-07-31,836.3593139648438,880.6111295185392,831.4424455699886,880.1194426790537,1105524
2024-08-01,816.1018676757812,852.9783818793435,813.5450600121134,852.5850083863581,648403
2024-08-02,724.8448486328125,777.1111933313273,716.4861708177966,762.1147419573282,1713472
2024-08-05,733.5968017578125,737.4319833086619,646.0765398859019,668.694135650553,1518118
2024-08-06,767.1298217773438,771.1616900773752,745.5939731302878,764.474760726057,1179917
2024-08-07,782.7655029296875,791.6158666562794,764.1797150956962,770.8667045943065,948049
2024-08-08,781.0938110351562,783.9456191133222,758.5745866324264,764.7698296770071,595077
2024-08-09,770.9649658203125,796.2376814233425,764.0813500540597,795.9426813231477,612174
2024-08-12,771.5549926757812,780.5037294932836,768.2115580574575,775.1934874248594,403033
2024-08-13,776.37353515625,781.7820904993272,768.7032323101414,781.7820904993272,455306
2024-08-14,786.010498046875,794.4675469283997,774.8983884901118,781.782003616293,448328
2024-08-15,818.1669311523438,819.150304867671,787.1906591195326,789.2557199135726,500366
2024-08-16,818.6585693359375,827.6072456052175,811.2832669094877,826.0338717623874,443019
2024-08-19,815.6101684570312,822.9854711859517,809.906552997039,812.660047365463,353441
2024-08-20,818.7569580078125,840.4895538357357,814.4301495318408,831.0491298492724,390916
2024-08-21,829.2791137695312,832.6226086986225,818.6586887306142,821.3138099954368,332581
2024-08-22,819.1502685546875,833.9008736307023,818.5602683597932,831.3441260923394,317571
2024-08-23,805.1863403320312,814.3317033605985,797.3193510566418,807.2514610290399,540922
2024-08-26,783.7488403320312,801.0561934755075,778.0452848656835,798.0077590080845,377665
2024-08-27,780.9954223632812,786.2072910881219,771.2599985030107,778.7336748057508,436447
2024-08-28,786.1090087890625,794.1726256154019,782.0771403555217,786.6990090376923,389155
2024-08-29,809.3165283203125,810.2015886291734,780.7986919639467,783.7488129663294,559815
2024-08-30,798.4994506835938,805.2847532751359,792.5008950745365,794.1725823613975,641364
2024-09-02,805.0880126953125,806.0713863372952,789.1573476911199,796.8276500945123,182640
2024-09-03,769.784912109375,805.2847383112929,766.1464174542799,800.564496585566,514171
2024-09-04,724.1563720703125,735.7601690112881,711.3725147579712,720.026190780714,1185615
2024-09-05,708.029052734375,722.9763447406184,701.9321238873113,718.6494765213173,698249
2024-09-06,669.677490234375,711.0774990292635,667.4157427266438,703.5055695495154,1113759
2024-09-09,665.2522583007812,690.0332856916679,657.581956018459,685.1164175593635,767948
2024-09-10,661.31884765625,672.2342722859968,659.8437870295074,672.0376455520608,653475
2024-09-11,686.4932250976562,693.2785283191419,667.8091229160055,670.6609309413543,818521
2024-09-12,710.3892211914062,718.7478980685626,707.8324134285243,714.1260294382961,819829
2024-09-13,721.7963256835938,723.2713862946638,710.3892142994669,712.9459620171737,496764
2024-09-16,707.9307250976562,724.9430774898167,702.7187966593965,721.5012696639891,440629
2024-09-17,713.9293212890625,717.7645028082669,703.5055838569014,706.5540183831838,494319
2024-09-18,703.1122436523438,712.2576076845867,698.2936881842,712.2576076845867,635339
2024-09-19,735.4652099609375,737.5302707107809,707.3406862922795,709.0124335766307,709115
2024-09-20,704.7840576171875,727.4016564020369,696.8186933372534,721.7964133947597,2547445
2024-09-23,706.3572998046875,718.3544706617008,699.1786839705261,708.0290470587605,493855
2024-09-24,715.5026245117188,724.648047227342,706.5539485452476,722.6812999801735,474072
2024-09-25,722.7797241210938,727.8932797516031,713.3393598958241,713.929360152264,441515
2024-09-26,747.1674194335938,760.541339451547,739.6938023797192,759.1645920898661,896153
2024-09-27,744.7088623046875,757.2960331755017,740.6770542982213,757.1977198174378,776015
2024-09-30,733.203369140625,747.0689736123362,733.1050557838098,740.677044889875,776566
2024-10-01,729.466552734375,750.1173991343579,720.7145633675527,741.4637231231998,626233
2024-10-02,744.8073120117188,745.3973122612969,727.0082108914097,732.0234530943087,465920
2024-10-03,742.54541015625,746.7739648165707,732.9083605064874,741.4637231624343,417685
2024-10-04,744.9056396484375,757.7878121807433,734.973588461274,739.6937706094272,495298
2024-10-07,735.170166015625,746.3806503852906,721.1079338820048,744.4139029534452,545578
2024-10-08,739.5953979492188,744.2172667319127,724.5497910782132,727.7949125569991,439895
2024-10-09,754.7393798828125,754.7393798828125,732.4167829623343,738.5137124325631,436981
2024-10-10,749.9207763671875,757.2960792819724,738.3169784519996,757.1977659179228,456604
2024-10-11,757.8861694335938,759.3612300747567,743.1355630219643,755.2310482754262,409738
2024-10-14,778.8319702148438,783.3554652256213,756.7060619701039,759.1644962195194,538932
2024-10-15,656.9918823242188,791.2223795766774,653.9434481530036,782.4703904933128,2204929
2024-10-16,623.360595703125,647.2565639675295,619.0337275311391,630.7358982551243,2201941
2024-10-17,623.6555786132812,632.2109413418891,614.4118423280518,626.2123260860311,1590232
2024-10-18,653.4518432617188,657.6803382945529,629.2608735238344,632.6043081919588,1326510
2024-10-21,646.66650390625,664.6622901537371,644.8964432974187,662.0071692303073,714227
2024-10-22,655.7135620117188,668.0057330902991,649.6166331526696,652.1734407492343,805759
2024-10-23,647.8466186523438,661.3188511178522,644.404810505262,655.7136087028164,614372
2024-10-24,650.3050537109375,658.5654172805649,648.2399928287161,654.3369221281677,543282
2024-10-25,653.0584106445312,656.991905206511,642.6346740634306,648.6332292623041,553318
2024-10-28,644.6015014648438,656.6969867422608,640.0780061644671,656.5986733741371,564123
2024-10-29,645.803955078125,650.4365656026455,643.1426630610714,646.0996408222717,445808
2024-10-30,624.9080200195312,650.0423331275723,624.9080200195312,644.4240628714476,888147
2024-10-31,612.2915649414062,624.3166203499014,605.7861775106454,620.9653546892183,868544
2024-11-01,618.10693359375,619.4868807014244,607.7575107658025,611.1087765073718,619349
2024-11-04,609.3345947265625,619.5854154084209,607.6589618751436,617.9098427168718,435317
2024-11-05,615.0514526367188,616.8256274873498,604.1106575912653,607.3633215107346,439737
2024-11-06,602.0407104492188,626.0908223136604,601.2521950123245,615.0514257175254,791766
2024-11-07,615.7413940429688,619.8811752512615,597.0138668167659,602.4349931190878,720778
2024-11-08,612.5872802734375,628.0621439551189,605.0962933477191,620.9653846697757,636754
2024-11-11,618.30419921875,625.8937894854317,613.3759016637466,624.9081299744311,542999
2024-11-12,621.260986328125,633.7788702927858,614.1642280036048,615.8398606879845,709924
2024-11-13,618.6983642578125,620.472538993413,610.2216580501455,616.4313598645525,717996
2024-11-14,661.96875,662.7573255538196,629.5405957047598,643.6355114111936,1320906
2024-11-15,625.8936767578125,652.3093348630183,625.8936767578125,647.972469891643,1145914
2024-11-18,620.5711059570312,623.5280840225696,604.4063286280119,620.9653937630521,696044
2024-11-19,615.7413940429688,627.175018180281,609.9259799456205,625.7951312174308,626017
2024-11-20,607.6589965820312,624.1195199569416,604.4063327198928,624.1195199569416,548116
2024-11-21,622.4437866210938,623.3309039676345,597.0137912186655,604.6033791128431,745654
2024-11-22,632.891845703125,638.0172863642675,623.5280818613757,632.103330253689,686726
2024-11-25,642.6497802734375,649.7465383452392,635.4544803483606,639.2985150240179,1138869
2024-11-26,630.8219604492188,641.3685271324531,629.6391572414024,640.3828678192513,530129
2024-11-27,618.6983642578125,632.5961365398646,616.3327578370984,626.6821806479496,441708
2024-11-28,633.680419921875,652.9007772390776,630.03346829638,652.5064894352886,581311
2024-11-29,648.9581298828125,653.4921387574525,629.3434850627956,632.3990049357219,852351
2024-12-02,654.5763549804688,654.5763549804688,634.6660840951201,640.087210559123,681019
2024-12-03,668.178466796875,673.5995929733481,652.7036036793324,662.2645109679953,830912
2024-12-04,673.6981811523438,680.9920845733194,664.5315610194074,670.2483733483449,740826
2024-12-05,669.4597778320312,683.1604053766013,661.0816741669834,671.5296382029787,774846
2024-12-06,667.8828125,668.8684719400294,660.6875106197606,665.5172659398561,519724
2024-12-09,665.320068359375,673.7967147960045,658.7161386118332,667.784216760706,588633
2024-12-10,660.6873168945312,672.8109124200647,659.307430179024,662.9543209098977,608574
2024-12-11,668.5726318359375,672.3181248116281,661.1801877418651,662.3629908288895,515977
2024-12-12,673.5010375976562,676.2608718103221,664.5315613665235,669.4598582319534,526406
2024-12-13,677.837890625,681.1890960402272,671.9239350170923,672.2196207655142,761756
2024-12-16,678.133544921875,681.3862083233936,670.4454150201406,673.6980784216593,732844
2024-12-17,693.3128662109375,703.6622902122787,674.1910492302229,674.1910492302229,1079398
2024-12-18,707.0134887695312,711.6461000678764,692.3271995316464,696.0726932895021,844527
2024-12-19,680.8934936523438,690.7500875389146,675.5709690495204,687.891711407734,962825
2024-12-20,676.2608032226562,677.0493787690452,659.6031976028743,673.9937989264573,1459747
2024-12-23,673.9938354492188,679.809249539694,668.5727091533039,670.6426298349395,527957
2024-12-24,678.6264038085938,680.8934080856396,675.8665698991524,680.2034345683124,116531
2024-12-27,675.078125,685.6246321064649,670.2483700343325,671.3325712748505,532668
2024-12-30,662.2644653320312,675.176577271377,658.9131998626505,675.078035411634,433466
2024-12-31,668.967041015625,669.5584125865507,658.8147613155658,658.8147613155658,166093
2025-01-02,680.1049194335938,681.1891206035256,661.0817069074975,665.3200298806895,446335
2025-01-03,678.133544921875,681.4848103415394,667.7841230880382,680.1048633664153,442214
2025-01-06,737.0760498046875,737.273193706637,691.5385758084795,693.7070384101795,1120484
2025-01-07,727.8108520507812,741.1172526166293,719.9255776413899,736.1889561107597,836999
2025-01-08,713.9130249023438,733.724813093226,707.900527186229,728.3036868980876,569713
2025-01-09,723.3753662109375,723.3753662109375,702.8736051566807,707.1119881683903,385785
2025-01-10,714.898681640625,723.7696153825985,707.6048388820352,719.7284362974251,607599
2025-01-13,701.296630859375,705.9292418583757,689.1730328287068,704.450752826346,589104
2025-01-14,702.4793701171875,716.3771416881522,696.959642137898,704.2535447620113,711884
2025-01-15,702.4793701171875,711.1531596162228,695.3826113780251,696.3682706429124,855094
2025-01-16,734.71044921875,736.681767772962,718.644154874028,729.3878650584304,968229
2025-01-17,728.500732421875,738.5544688702404,720.3197726248234,724.0652657675844,942715
2025-01-20,737.2730712890625,737.7659008821702,724.4595018682633,732.0490896340938,434335
2025-01-21,721.8969116210938,739.0473477309254,717.0671568785135,735.9918278961474,612520
2025-01-22,737.3717041015625,742.1029169069005,723.4739319255242,727.7122549170922,712118
2025-01-23,705.0421142578125,723.8682437580903,697.1568395334755,717.559999914672,976826
2025-01-24,690.6514892578125,713.0259675849578,688.5815686147602,702.0851131684896,815267
2025-01-27,642.2556762695312,648.3667769173259,609.6303724006432,637.7216668443268,2074064
2025-01-28,637.3272094726562,650.3379228388125,629.3433940815341,650.2393809835592,1246359
2025-01-29,672.7124633789062,711.7445470802404,671.1354325836504,704.7463902064732,1619804
2025-01-30,696.5654296875,706.2248786616451,678.2321308656799,685.3288897592919,1215506
2025-01-31,712.3359985351562,719.3341556033135,702.0851176016453,702.775091153686,938233
2025-02-03,699.7196044921875,701.4937793101507,681.6819900565882,685.0332559481977,1009983
2025-02-04,702.1837158203125,706.81626644488,692.6228084907013,702.5779434480044,673080
2025-02-05,695.9739990234375,698.9309768867176,683.6532579264366,692.3271077866201,589980
2025-02-06,705.0421142578125,705.0421142578125,695.2841228823685,699.8181317849136,730446
2025-02-07,692.9185180664062,706.0277752951476,691.0457412509265,704.0564566093257,676631
2025-02-10,708.2490844726562,710.5210011374658,697.67966487785,699.7540707554632,705973
2025-02-11,714.7685546875,717.8307558620415,706.8661933961391,707.4589066671303,560372
2025-02-12,709.6320190429688,716.9416665582236,698.9637838046475,715.2624028418043,699310
2025-02-13,728.89404296875,729.4866959244994,710.1259356937798,719.114847167279,775991
2025-02-14,723.2635498046875,735.8085590347926,720.3989200351348,731.1659102280324,759158
2025-02-17,718.9171752929688,721.3866627460844,709.8294494074592,717.1391563847698,445320
2025-02-18,707.4588623046875,721.7818912471286,706.0759250493261,719.0160770266339,678430
2025-02-19,708.742919921875,712.2002024580793,701.2357019593492,704.7917398804988,683919
2025-02-20,701.2357177734375,714.3733796492463,698.8649855790585,700.939331031472,665740
2025-02-21,701.4332275390625,709.4344034659173,694.2223358693469,702.025940731917,748403
2025-02-24,704.7918090820312,706.9649703762094,693.8273075067275,701.038199732212,569212
2025-02-25,689.2833251953125,696.4942164934585,679.7017018283581,687.5053062888167,896194
2025-02-26,705.7796020507812,707.1625393129483,689.876124987002,693.3334078521913,667549
2025-02-27,690.5675048828125,706.3722259012397,688.7894858262847,700.4454555193295,768323
2025-02-28,670.3177490234375,678.1213546423328,661.8227350478703,666.7617106825559,1972948
2025-03-03,681.8749389648438,689.7772996894317,668.1446233800086,670.7128664994087,882978
2025-03-04,652.4386596679688,671.7006640033592,649.6728454624711,664.786098344501,1074324
2025-03-05,664.48974609375,675.2566760278191,664.48974609375,665.4775411495485,915005
2025-03-06,661.8226928710938,672.490867504105,650.0679074935615,669.6262979926792,755847
2025-03-07,657.8714599609375,668.9347758501567,654.710503951129,662.6128638305396,746863
2025-03-10,631.2009887695312,664.7860179059383,620.9278969176008,661.9213883635093,1198808
2025-03-11,624.2865600585938,641.572975883001,616.5817696349047,633.8681854593119,1041466
2025-03-12,637.6217041015625,646.1167174065002,626.2620610385602,631.9912602644641,806867
2025-03-13,634.5596923828125,643.8449315537932,630.410940276944,631.695062043222,763405
2025-03-14,647.6973266601562,652.3399761722674,636.3376818257437,637.0291505258854,630478
2025-03-17,653.2288818359375,657.6739597469052,642.0668093619976,644.5362970903129,616812
2025-03-18,657.772705078125,666.6628599492142,651.7471194913651,656.8836654749275,631607
2025-03-19,664.8848266601562,667.2555589055928,653.2288570822487,657.9702612828962,642781
2025-03-20,664.2921752929688,678.4176325385511,661.0324636655614,667.7494579896608,749026
2025-03-21,652.6361694335938,662.711690505155,648.0922762533646,658.464123767279,1709687
2025-03-24,666.3665161132812,668.7372483475903,657.6739317378568,659.7483375154335,646957
2025-03-25,666.4652709960938,672.6883671806905,659.9457880915764,664.7860075074959,542626
2025-03-26,649.178955078125,666.4653694159999,648.2899153675143,666.4653694159999,576726
2025-03-27,634.6583251953125,645.5240708406797,632.8803061477521,642.0667881353356,770223
2025-03-28,617.964599609375,632.0901179810631,615.6926829037243,627.2498978031831,848638
2025-03-31,598.603759765625,610.062157453631,595.2452327069572,609.0743624705194,957426
2025-04-01,612.1366577148438,613.0256371629278,599.8879739148008,604.8269495938132,678551
2025-04-02,608.778076171875,612.8280720437915,603.5427744742515,607.4939546672089,678930
2025-04-03,571.6370239257812,592.2819048901204,568.7723940823422,591.5904965674248,1145270
2025-04-04,557.2152099609375,579.2430896413007,538.1507759674206,563.043225357041,1994082
2025-04-07,543.2872924804688,588.9234371068735,502.1950112383779,509.70225985440345,2619138
2025-04-08,566.7968139648438,577.0699070782129,555.8323125165326,561.6602674081591,1369655
2025-04-09,547.5348510742188,559.3883931229058,535.7801247167438,538.3483680445329,1414276
2025-04-10,570.5503540039062,621.8169373728126,569.7601300811748,615.3962700290107,1491684
2025-04-11,570.2540893554688,587.8368297747497,564.9200320814274,583.6881386583489,1068286
2025-04-14,582.7991333007812,593.3685533695365,582.7991333007812,590.7014944302833,856536
2025-04-15,598.01123046875,601.7648401222,588.9235026881323,589.3185845888866,933990
2025-04-16,566.994384765625,575.7857852308696,552.473784805045,559.092024002341,1525857
2025-04-17,557.31396484375,573.9089091961978,553.8566822582308,563.53706143964,867525
2025-04-22,554.2517700195312,556.0298493147014,542.2007188247733,548.1274890347426,842884
2025-04-23,573.8101806640625,579.6381354068367,556.7212777094163,560.9688447454472,1142744
2025-04-24,584.4783325195312,589.7136341313291,564.2285343625929,572.8223631994359,782453
2025-04-25,583.5271606445312,593.2377376764679,574.1138344494124,590.7605465724893,850860
2025-04-28,579.1672973632812,591.5532532521453,578.2754843479629,588.7788112286997,589427
2025-04-29,579.6627197265625,587.0942930563903,575.9964647881877,579.6627197265625,627763
2025-04-30,577.1854858398438,586.0043097289719,567.6730968739726,579.662676766195,1065018
2025-05-02,603.3447265625,603.741040876518,583.6262599714642,589.5715189864536,903094
2025-05-05,601.2637329101562,604.9299873534108,597.2011642298115,603.0472981727884,344613
2025-05-06,596.0121459960938,601.2637787446231,589.6705129363219,600.3720262844738,446975
2025-05-07,599.1829833984375,603.5428033603963,595.3185411682881,595.5167285479902,553348
2025-05-08,624.7474975585938,631.2872568468765,610.4788548663365,616.5232364905143,868808
2025-05-09,621.0813598632812,631.8819375873908,619.3968577670944,627.4229934683493,728278
2025-05-12,660.8154907226562,662.1036179379745,633.4672659872385,634.1608915580392,931633
2025-05-13,677.4622802734375,677.4622802734375,655.8611845055972,667.6525786578661,718446
2025-05-14,680.335693359375,682.7138208453645,665.5716716919308,680.5338807295899,679128
2025-05-15,675.9758911132812,679.245771132483,672.0123855195104,676.7685801363763,582910
2025-05-16,662.3017578125,671.8141463123317,659.2300049273421,665.8688883803641,689718
2025-05-19,656.3565063476562,658.4373224530309,649.2221846633421,653.978378960121,531935
2025-05-20,653.978515625,663.1936553404187,652.6903882201874,661.7073405321801,411683
2025-05-21,658.6355590820312,659.6264354879081,649.9158588059738,649.9158588059738,412545
2025-05-22,650.8076171875,655.1674976042235,642.880605868582,648.2313627001704,502578
2025-05-23,636.7371826171875,655.7620225539978,626.8284181165883,650.1140146929964,689460
2025-05-26,648.033203125,655.9602147840214,647.1413901220403,652.7893980247529,328640
2025-05-27,660.0228271484375,664.4817714976778,648.3304962838682,649.3213728059216,501399
2025-05-28,654.7711181640625,663.2926915579313,653.0866161751806,656.7528709796186,642977
2025-05-29,659.4282836914062,681.822067481192,651.0058337870081,669.2379848302015,570462
2025-05-30,647.9341430664062,657.4465329157666,647.1413935137098,651.005835909056,1073415
2025-06-02,640.3043823242188,641.9888844065524,630.6928685398912,632.08011977906,455237
2025-06-03,647.141357421875,649.3212976136131,629.3055820903216,637.8271554801528,652773
2025-06-04,646.44775390625,658.7345843397911,645.1595662706584,652.9875136145628,491742
2025-06-05,652.9876098632812,658.8338053720425,645.2587853019862,652.0957968269273,506472
2025-06-06,661.509033203125,661.509033203125,651.005767987041,651.8975809016284,375875
2025-06-09,673.8949584960938,679.245714795206,651.2039271407484,651.9966160980971,629370
2025-06-10,678.2548828125,681.3265754023637,664.4816769249167,668.3461190022371,565806
2025-06-11,683.9028930664062,689.4517766314432,679.741200153481,682.6147658614829,699041
2025-06-12,670.4269409179688,679.0475776019381,667.6524991231371,674.2913830281846,597943
2025-06-13,658.5364379882812,666.7607605750874,654.275681520335,658.6355619162732,795606
2025-06-16,663.9862060546875,665.9679587192032,652.5911282337219,659.7254499216369,559446
2025-06-17,659.9236450195312,664.8780267388971,651.2039452891058,653.5820122274259,671356
2025-06-18,658.9328002929688,664.3826204457678,654.870231279473,660.815489627981,577865
2025-06-19,647.141357421875,655.7619942611184,647.141357421875,652.9875524163137,404576
2025-06-20,644.4660034179688,662.3017777508097,634.6563033435891,654.7710811899677,1504077
2025-06-23,662.5990600585938,665.2744384313576,646.9432250511957,651.0057940954808,507238
2025-06-24,685.092041015625,690.9381761189579,668.2471403994648,686.6774192352368,746884
2025-06-25,688.1636962890625,702.4323413969588,687.8664454489602,693.6135167780327,724321
2025-06-26,671.2196655273438,686.5782489945838,665.670721665107,685.1909979094513,635770
2025-06-27,676.273193359375,681.524826574784,673.1023765475977,680.7321374914148,569491
2025-06-30,671.4178466796875,678.8494199257509,668.2470904773388,678.7503564737892,621961
2025-07-01,662.1036376953125,671.7151510904581,657.4465064133041,669.4360869357772,472955
2025-07-02,671.4178466796875,672.6069104947172,648.2313744389485,660.0227677023903,545479
2025-07-03,670.9224243164062,674.6878032326882,657.2483413162064,672.8051137745472,537338
2025-07-04,653.3839111328125,665.3734911756349,647.6367797288532,663.9862400481353,517279
2025-07-07,665.4725952148438,669.8324757572459,651.6003250068535,653.7802652780546,615991
2025-07-08,672.7059936523438,675.0840606599709,659.4282260661553,665.6707351188312,645323
2025-07-09,673.5977172851562,677.065784441427,666.0670813657136,668.8415229950718,479499
2025-07-10,683.7047119140625,687.2718427414263,673.2014463281503,674.7868243673573,632659
2025-07-11,677.6603393554688,681.524720716016,670.8232685569983,678.9484664756511,449981
2025-07-14,681.0294189453125,681.0294189453125,670.1297772437982,674.985096374885,605828
2025-07-15,699.6577758789062,702.085435064456,690.2444504283085,693.6134542545767,656049
2025-07-16,620.0904541015625,666.3643952023518,620.0904541015625,663.3917659300737,2374677
2025-07-17,644.267822265625,646.9432005370126,626.5311112055865,636.0435605618209,1172305
2025-07-18,627.7202758789062,645.8533041125021,625.8375862982085,639.5117306668478,721304
2025-07-21,618.4059448242188,628.6120202551817,616.9196302055306,627.1257056364935,536600
2025-07-22,596.9039306640625,611.8661391881149,596.2103051312678,610.3798246799656,932310
2025-07-23,601.065673828125,609.8844990619341,597.4985425415862,598.489419063214,914129
2025-07-24,610.2808837890625,615.6315808059081,603.3447480248408,603.4438114872936,804124
2025-07-25,599.3811645507812,608.5963030673604,597.3002878029753,605.623673837606,932117
2025-07-28,624.2188110351562,630.7759765491642,613.1909362979435,615.9727365287208,854784
2025-07-29,618.9532470703125,628.7889649790756,616.5688122322194,628.7889649790756,629988
2025-07-30,623.4238891601562,624.3180672008797,615.17781637948,618.9531202339081,386563
2025-07-31,609.1174926757812,634.6505665962671,607.0311577964426,632.1668057214863,908134
2025-08-01,591.135009765625,604.6466428762224,586.7635669505396,602.8583474113912,928237
2025-08-04,598.4869384765625,601.4674509975839,594.2148220188193,596.3012171667436,462036
2025-08-05,593.2213134765625,603.3550681011449,588.4525056057831,601.7654856904458,534786
2025-08-06,589.0487670898438,595.903910881289,583.9818584036159,593.4201499484404,468137
2025-08-07,606.733154296875,611.4026371437808,596.1026449999696,600.3747018280633,686487
2025-08-08,612.892822265625,613.9856527318401,604.4480357798311,609.8129225758275,409452
2025-08-11,622.9271240234375,625.7089236138279,614.184299322775,617.8602769351795,413446
2025-08-12,629.7823486328125,630.4777530751127,616.1713287057861,620.6420976909541,382600
2025-08-13,636.4389038085938,642.3999302968616,630.5772641450152,631.7694815704083,448361
2025-08-14,638.7239379882812,642.3005292086772,634.9485731416866,642.1018162211685,400595
2025-08-15,632.5641479492188,635.6439867706201,624.715440368804,630.7758524839313,565821
2025-08-18,634.5512084960938,635.1472868205785,625.708995971198,630.0804391463872,284389
2025-08-19,638.1278076171875,643.2940421685184,636.5382249730969,637.8297684512569,393250
2025-08-20,634.054443359375,647.9635032735757,629.1862481339292,634.4518086879959,488569
2025-08-21,630.3784790039062,636.4388309847167,628.490796576472,635.8427526595744,284632
2025-08-22,642.0025024414062,646.671984863905,624.4174638844635,625.9077203615147,427800
2025-08-25,642.499267578125,644.6849892496873,636.9356069015398,643.2940589208679,270960
2025-08-26,646.3739013671875,651.2420969038682,643.095349162687,644.7843186737002,695402
2025-08-27,655.9114990234375,656.8056164393873,645.8770700051966,648.261504391767,547870
2025-08-28,650.0498046875,659.0907295515592,647.7647570893087,655.8121170860175,496045
2025-08-29,632.4647827148438,653.2290458419486,632.4647827148438,651.2420373374864,575674
2025-09-01,631.9680786132812,634.6505524258894,621.9337091586897,622.5297874998506,258864
2025-09-02,613.1908569335938,628.1927473841589,607.8259095382093,625.9076996560098,660378
2025-09-03,621.2381591796875,629.6829448123648,621.2381591796875,626.4043931062386,539238
2025-09-04,643.3933715820312,646.0758453662878,624.0200373960655,624.8148893608018,570773
2025-09-05,655.9114990234375,661.9718505178328,648.8575826690668,655.7127860514424,897446
2025-09-08,672.2049560546875,672.9004211623499,659.7861528417449,662.8660524217671,514335
2025-09-09,678.76220703125,679.2589592230705,669.621954574014,675.5829808758599,498214
2025-09-10,675.7816772460938,687.6043427371915,674.7881728869077,686.7102251971403,548022
2025-09-11,681.5440063476562,684.7232324991745,669.7212799412495,675.7816930572956,502503
2025-09-12,685.3192138671875,687.6042614955944,677.0731407879694,683.5309183596814,440502
2025-09-15,724.6620483398438,727.2451352203968,690.6841897304972,693.4659895954057,872481
2025-09-16,728.1392822265625,751.1885320986522,728.1392822265625,741.1541635235797,966169
2025-09-17,732.212646484375,736.7827418677438,724.7613644645204,727.7418772724623,659534
2025-09-18,788.8424072265625,792.5183852318045,742.2470317129937,746.221048877863,1556266
2025-09-19,788.5443115234375,789.339102771682,778.311230185412,781.5897819835989,1502030
2025-09-22,805.533203125,818.0513925819462,801.6585730806263,807.5202115494025,908050
2025-09-23,814.474853515625,823.7144318373659,790.8294621274914,798.3800709275027,715673
2025-09-24,802.7514038085938,821.6279838486473,802.3539778680661,814.6734543602066,770642
2025-09-25,806.4275512695312,811.0970341795381,796.1944678531529,802.5528597691921,537450
2025-09-26,807.520263671875,809.7059852075349,796.4923904601068,801.3605250309021,488597
2025-09-29,820.1378173828125,822.9196173552218,811.792356826893,815.5677217594751,531762
2025-09-30,822.7208862304688,825.1053208049476,815.965069121032,819.6410471572327,571504
2025-10-01,835.9345092773438,839.1136744008955,806.8247859254847,812.6864853195727,788894
2025-10-02,871.8993530273438,882.6292480226334,854.0162755534482,854.3143753556321,965416
2025-10-03,874.3831787109375,878.0591570368082,858.7852084892804,863.554017375334,656013
2025-10-06,891.4713745117188,899.2206957349091,880.6422142891479,883.3246273227489,801624
2025-10-07,869.1175537109375,890.1798571004267,869.1175537109375,884.1195050966255,622890
2025-10-08,846.2669677734375,858.2884064304305,807.3215862959386,844.4786721249113,1055860
2025-10-09,844.2799682617188,858.9838202311372,830.5696206231892,845.2734725926077,728171
2025-10-10,808.6130981445312,842.0941414016894,808.5137113406437,839.6103808847677,944511
2025-10-13,838.517578125,838.9150040762685,817.6539890958235,817.8527020714578,777896
2025-10-14,841.1006469726562,842.392250967418,820.3364451930184,829.2779831578816,706297
2025-10-15,867.3292846679688,887.6961235404697,849.3468804555301,869.912371684126,1192298
2025-10-16,871.7007446289062,894.6506709554053,868.3228055691552,877.9598099326157,703225
2025-10-17,870.01171875,880.1454746342151,849.4461678223525,854.01626330019,859995
2025-10-20,893.1603393554688,895.6441000322081,871.5019583820393,878.2577752950327,530812
2025-10-21,884.0201416015625,888.5902979074061,878.1585024318413,884.2188545955022,450669
2025-10-22,864.4481201171875,886.6033158750229,864.4481201171875,871.0052852819917,537993
2025-10-23,881.9337768554688,885.411041896076,848.5519960824251,866.3357472598639,746164
2025-10-24,888.5902709960938,896.736957752665,883.8214018407375,894.1538708257557,500510
2025-10-27,902.2012329101562,908.2616455390596,892.6636158609411,894.1538723147992,523496
2025-10-28,903.0969848632812,909.8647260002762,895.8315540624704,899.8125854072578,409524
2025-10-29,915.0401000976562,923.9974208309543,898.0211542569583,899.7131047668362,694357
2025-10-30,933.0542602539062,934.1490196209828,919.2201514569202,920.6135367838541,626353
2025-10-31,913.7462158203125,930.0684690021042,909.8647466186179,925.5898086377281,560900
2025-11-03,922.1063842773438,926.4855430503424,911.0590466053355,912.6514348433072,424633
2025-11-04,913.646728515625,921.7082929983573,899.1159878505925,904.8884713718087,512236
2025-11-05,902.30078125,908.9690212804297,874.2345572716134,878.7132177888948,663558
2025-11-06,891.0543212890625,908.272269564895,886.9737884924128,896.8268045425121,481131
2025-11-07,866.6705322265625,896.6278302561124,866.6705322265625,894.7368160240698,767828
2025-11-10,882.4951782226562,895.0354032674675,879.708468295556,886.7747749763159,451225
2025-11-11,882.6942749023438,903.1965637875518,877.5189215612485,885.7795501607945,416396
2025-11-12,887.5709838867188,895.7321108233648,880.8032423096421,883.8885175041895,559670
2025-11-13,877.31982421875,907.4761259366826,870.5520827607613,895.931158787509,581571
2025-11-14,869.9548950195312,872.6421034644745,837.3104484641512,862.7890868273098,667623
2025-11-17,872.2440185546875,879.708452553915,860.2013619218354,875.1302299202905,471563
2025-11-18,861.4951782226562,873.3387710398893,853.0354864234095,867.8648528168472,593874
2025-11-19,882.3956298828125,890.954884270644,853.2345855605985,857.0165534316303,569198
2025-11-20,885.5804443359375,910.3623897024189,885.5804443359375,904.4903439462056,673609
2025-11-21,830.0451049804688,855.2251181982377,818.3010736778513,835.2204583117457,976903
2025-11-24,854.7274780273438,859.5047038298146,833.1303693052723,839.997673159008,1336682
2025-11-25,856.2202758789062,870.5520125421859,837.608942811334,863.8837731121083,511733
2025-11-26,904.9879760742188,904.9879760742188,870.2535125887405,870.8506430170927,684564
2025-11-27,892.9453735351562,900.3102453292051,891.9501156646859,896.9264050170377,243660
2025-11-28,899.115966796875,901.4050477047899,887.3718755597387,891.7510344019643,477234
2025-12-01,922.3054809570312,926.8836428641133,897.0259067421357,905.6846623666531,646367
2025-12-02,934.6466674804688,950.3717908615249,920.8126191491509,925.5898449092155,584118
2025-12-03,958.8314819335938,963.4096439599081,938.4286950522114,957.4380965799913,590665
2025-12-04,952.7603149414062,972.4664079592876,951.2674281863286,970.376390800466,471505
2025-12-05,947.0873413085938,964.205788397248,947.0873413085938,956.0446619164773,359247
2025-12-08,958.6323852539062,970.3764158815857,944.8978389013415,945.6940330421518,407357
2025-12-09,948.3812255859375,961.2200153496628,943.9025652797203,959.4285633763195,333490
2025-12-10,941.5139770507812,961.2200713980486,939.8220264650763,959.5281208123437,380308
2025-12-11,936.4381103515625,949.1773983421598,926.5850336014452,940.6181446133414,465132
2025-12-12,920.912109375,949.2769591139366,917.4287067754814,947.4855070690427,564160
2025-12-15,926.5850830078125,927.5803408842978,914.1443595517462,919.0211474448122,526973
2025-12-16,904.291259765625,917.7272407637131,903.9926945592556,909.6656764631476,641634
2025-12-17,869.8553466796875,920.0163657979473,868.0638947281176,919.1206094493036,761812
2025-12-18,888.4666748046875,892.5472075993633,862.291406089217,863.8837943150132,747507
2025-12-19,897.3244018554688,900.1111722723939,881.798404583215,883.888421650194,1248215
2025-12-22,891.7510375976562,911.3576294796949,888.9643277543073,902.6988739967346,375622
2025-12-23,898.9169311523438,899.1159948778835,890.6563028810642,890.755804370974,258272
2025-12-24,894.7367553710938,896.6277694749471,892.4476745977078,892.746239786286,59585
2025-12-29,902.4998168945312,907.1775409939456,895.2344466528294,903.7936399656751,380628
2025-12-30,914.0447998046875,919.3196540647166,902.5993349545964,904.0922216741735,402093
2025-12-31,917.0306396484375,917.0306396484375,904.7889190648773,905.5851739695502,156048
2026-01-02,981.6228637695312,993.9640861428394,914.841082355417,915.0401460864166,798878
2026-01-05,1048.20556640625,1050.7933341263763,1002.6228277106013,1002.6228277106013,958224
2026-01-06,1055.968505859375,1059.1532821626622,1032.0823191104353,1040.0443813600818,619124
2026-01-07,1046.812255859375,1052.1865510594744,1033.0776489244977,1048.0065166835222,583922
2026-01-08,1008.1962890625,1053.5800266410615,1004.8123877821646,1037.8550241487753,685827
2026-01-09,1076.4708251953125,1079.6557230886735,1016.1582260844716,1020.7363877215315,757403
2026-01-12,1081.2481689453125,1089.21023186613,1067.3145588338818,1084.8310729613927,612483
2026-01-13,1097.371337890625,1102.3476273981025,1084.8311126300707,1094.7836916450253,614398
2026-01-14,1079.0584716796875,1095.3807241024258,1073.485052228161,1092.7930780882991,613298
2026-01-15,1143.949462890625,1165.6460123737932,1121.8546644548244,1144.5465933366859,1388174
2026-01-16,1161.6649169921875,1178.1862945389812,1144.5465305235407,1144.5465305235407,785053
2026-01-19,1115.0869140625,1146.9351651089607,1114.0916562172981,1117.4755571892717,523734
2026-01-20,1134.593994140625,1138.774028680356,1102.3476142193927,1114.6888363486842,840465
2026-01-21,1149.32373046875,1153.7027674981896,1120.0631275013943,1138.574897871296,692161
2026-01-22,1170.8212890625,1190.9254478343719,1161.8639689478468,1169.4279038574903,836141
2026-01-23,1172.6129150390625,1179.977848462208,1144.3476853206212,1168.4328800782941,640326
2026-01-26,1172.413818359375,1180.5748846274382,1152.9067876153517,1171.418560449053,573863
2026-01-27,1211.825927734375,1222.5747610566004,1174.603260034296,1189.9302551450858,824986
2026-01-28,1188.736083984375,1302.7926173217402,1179.778762704088,1293.8352960414531,1266005
2026-01-29,1186.3472900390625,1247.0580154521354,1167.6363949217402,1219.1907972297413,981839
2026-01-30,1209.8355712890625,1224.9635654186557,1177.7883130594564,1186.3475073544955,952826
2026-02-02,1218.9918212890625,1221.977594736219,1159.674358279071,1173.0108373079904,636167
2026-02-03,1184.7550048828125,1241.4847040539464,1169.8261366798824,1229.9397369419687,654207
2026-02-04,1135.1910400390625,1192.3188629459444,1133.9967792570585,1185.551061204102,665068
2026-02-05,1144.1484375,1165.845107936523,1112.3001852578764,1136.783504870721,724517
2026-02-06,1188.1390380859375,1188.1390380859375,1131.608335608475,1136.982753057413,545398
2026-02-09,1200.696044921875,1200.8953149845559,1173.3893553373853,1195.9123468725866,456425
2026-02-10,1188.9361572265625,1208.270097274305,1181.7607320140662,1191.9259380075177,459476
2026-02-11,1203.685791015625,1219.8305585701987,1172.5919979025134,1181.3620701880172,530632
2026-02-12,1175.7811279296875,1220.8271080718498,1172.5919555526443,1220.8271080718498,558696
2026-02-13,1186.344970703125,1206.4761114874998,1169.801542320834,1186.544240748719,708101
2026-02-16,1190.9293212890625,1193.9191020119638,1180.1660620248217,1191.925914863363,195717
2026-02-17,1195.114990234375,1203.287130704512,1160.8322678965037,1181.9600034446794,414808
2026-02-18,1240.5596923828125,1240.5596923828125,1195.114929447336,1195.114929447336,523222
2026-02-19,1233.9820556640625,1242.1541955728178,1211.2597962559855,1240.3602785635956,517781
2026-02-20,1251.3228759765625,1257.7010992258802,1224.4148492894794,1237.7692276058187,565504
2026-02-23,1244.944580078125,1260.89007644367,1218.6346083985622,1228.4011519297687,479494
2026-02-24,1259.096435546875,1280.4235638828575,1247.137311805707,1260.6909610481312,690480
2026-02-25,1284.01123046875,1308.3281388649727,1259.8935921325767,1259.8935921325767,514749
2026-02-26,1228.201904296875,1299.8570042278643,1206.6755081415133,1280.622700224182,676958
2026-02-27,1229.198486328125,1235.5767092618937,1197.5067633583114,1230.5937416034,1010698
2026-03-02,1206.2769775390625,1227.2054441760183,1175.9805062670457,1188.7369536408944,871267
2026-03-03,1157.8424072265625,1183.3551771625432,1140.102993801081,1182.55785367991,941945
2026-03-04,1195.7130126953125,1206.6755419538295,1163.6226267822333,1167.0110692475816,714587
2026-03-05,1181.9600830078125,1215.8442675122524,1178.9703020221266,1194.5171388167932,778081
2026-03-06,1143.0927734375,1188.5374138570394,1109.0093235364664,1181.9599209214255,857271
2026-03-09,1143.6907958984375,1143.6907958984375,1056.5884905566954,1068.3483437485606,689086
2026-03-10,1195.912353515625,1204.2837643211335,1168.2070019973814,1184.3518917625397,800815
2026-03-11,1194.7164306640625,1206.6755536070282,1170.0008612534712,1184.3518331159278,562904
2026-03-12,1176.379150390625,1198.104818628105,1154.6533604986485,1190.7301230570547,619989
2026-03-13,1175.5816650390625,1203.287012924731,1156.2477268612886,1163.423273034261,478619
2026-03-16,1193.3211669921875,1205.2802898516627,1170.5987848973894,1189.334792705696,549339
2026-03-17,1189.7335205078125,1202.2905758764107,1175.1831562308305,1185.7471460000356,571376
2026-03-18,1186.94287109375,1227.6039349869657,1172.9905619457127,1221.4249822287175,910032
2026-03-19,1164.6192626953125,1173.7879968557654,1137.5119652959143,1170.9974860994334,1057331
2026-03-20,1124.3568115234375,1185.9463425105716,1124.3568115234375,1175.9804068592223,2685518
2026-03-23,1171.3961181640625,1200.4966020358113,1094.0604806934855,1104.4249566010192,1225355
2026-03-24,1197.5068359375,1215.6449123064306,1157.8424839645804,1185.9463746000283,885694
2026-03-25,1207.4727783203125,1233.5836035657821,1177.97363216716,1202.0911485632698,812993
2026-03-26,1161.828857421875,1192.1252052743898,1154.0553787477877,1189.9327480352838,677339
2026-03-27,1142.494873046875,1159.0383016893597,1125.9514444043903,1153.0587403736795,641843
2026-03-30,1108.2120361328125,1151.464220866735,1092.465809259778,1132.5289432709408,735589
2026-03-31,1115.387451171875,1122.9616594664571,1076.5203027680927,1097.2494972452378,874917
2026-04-01,1183.5545654296875,1185.9464144620226,1139.505175840039,1155.0520120684741,741501
2026-04-02,1157.0450439453125,1170.0007593383264,1122.7622034975186,1133.1268001428255,647486
2026-04-07,1110.005859375,1135.9172896843406,1096.4520908126867,1119.573132389092,747131
2026-04-08,1208.4693603515625,1216.2428389989461,1178.3722826589053,1190.9293375354944,1502989
2026-04-09,1230.5938720703125,1230.5938720703125,1189.9328030043453,1202.8885202899871,844542
2026-04-10,1265.673828125,1275.839033830823,1234.380765838886,1240.1610571803071,707430
2026-04-13,1255.5086669921875,1261.288836884328,1242.3535584684862,1252.718156248056,483128
2026-04-14,1279.825439453125,1294.3758031888638,1264.2786037820042,1275.6397950374546,821987
2026-04-15,1225.81005859375,1302.747031495726,1214.8475296144563,1285.6056712080792,1032893
2026-04-16,1218.435302734375,1263.680676197257,1195.314380033572,1258.498438174333,733046
2026-04-17,1239.7623291015625,1243.7487031501207,1196.9088080795632,1196.9088080795632,915611
2026-04-20,1240.7589111328125,1244.5460151056927,1216.8406670627824,1223.816821583208,501921
2026-04-21,1232.7862548828125,1264.278587588533,1226.8066934201634,1260.4916049882154,425954
2026-04-22,1245.5426025390625,1255.9070775953185,1235.5766675584475,1246.339804344824,441390
2026-04-23,1219.6312255859375,1235.775992307516,1201.493150125507,1216.641444959387,545907
2026-04-24,1248.096923828125,1260.8815764204408,1212.539768830318,1215.7358710166554,718417
2026-04-27,1211.1414794921875,1253.6902165004926,1204.5494422526172,1244.5013308845446,531691
2026-04-28,1170.390625,1213.139072636716,1165.995892870453,1205.3485275158484,616331
2026-04-29,1191.16552734375,1193.1631217622112,1174.9850613236088,1187.9694250436069,418252
2026-04-30,1220.9296875,1220.9296875,1177.5818658482842,1180.5782573644376,672103
2026-05-04,1185.9718017578125,1228.5205374506756,1178.5806782047132,1227.3220295981662,653592
2026-05-05,1227.521728515625,1230.5181200417005,1181.976601703973,1182.7755662901698,500191
2026-05-06,1303.4302978515625,1304.6288056778953,1246.4988595545976,1247.297946054474,966744
2026-05-07,1298.436279296875,1330.9970416083931,1291.0451560915662,1314.4170335036058,702028
2026-05-08,1317.81298828125,1327.6011272282578,1284.8526822265385,1298.4362991249964,580961
2026-05-11,1304.029541015625,1342.7829193940343,1290.2462134324858,1323.4062302048296,624911
2026-05-12,1264.2774658203125,1305.827402368875,1262.2798715446752,1298.436279164321,564914
2026-05-13,1325.40380859375,1325.40380859375,1290.6456192523442,1298.0367424943074,538129
2026-05-14,1365.355712890625,1369.9501554256776,1328.5999287632405,1340.3857839789457,464468
2026-05-15,1305.0283203125,1337.7889153133842,1277.8610868411417,1336.5902855898519,774845
2026-05-18,1262.879150390625,1311.6203785249652,1257.885164602876,1283.2546367893367,534327
2026-05-19,1247.4976806640625,1278.26068264759,1241.7046082374618,1252.4916665754479,562705
2026-05-20,1331.3966064453125,1335.1920844003703,1267.6732992429038,1272.467574352084,722132
2026-05-21,1343.5819091796875,1359.5626639575535,1317.213761334995,1319.6107770128885,644698
2026-05-22,1407.30517578125,1410.9008211146609,1367.952543926163,1373.3460728880189,680229
2026-05-25,1428.8792724609375,1435.2715990264069,1409.5025820907756,1432.0754967054163,323447
2026-05-26,1388.12841796875,1426.6819660772853,1387.1296207538994,1424.2848283769463,600828
2026-05-27,1374.7445068359375,1429.4785208936496,1357.7649542337354,1395.5194156892453,626063
2026-05-28,1389.326904296875,1393.322093094278,1357.1656832471758,1376.742083969753,390747
2026-05-29,1383.1343994140625,1418.891265711935,1374.344935360387,1383.3341100829475,1216681
2026-06-01,1392.3232421875,1392.7227854365256,1358.9633926313097,1385.3316620617377,501411
2026-06-02,1460.041748046875,1463.4375608771843,1399.31483150072,1403.3100201702437,606205
2026-06-03,1483.41357421875,1494.200632904838,1452.8504038394851,1494.200632904838,785035
2026-06-04,1496.1981201171875,1497.1969172601227,1435.8707482991952,1478.2197715443508,756688
2026-06-05,1460.441162109375,1473.2258145576407,1443.0621890221923,1466.234234420757,665378
2026-06-08,1512.7781982421875,1530.756547646178,1397.3172675657015,1398.9153186835813,840744
2026-06-09,1506.585693359375,1580.4966848100023,1506.585693359375,1525.363007222471,955464
2026-06-10,1505.3870849609375,1565.3149167177182,1485.4111410420105,1498.395504589313,942585
2026-06-11,1574.1043701171875,1584.092342008794,1512.7781983180264,1512.7781983180264,740892
2026-06-12,1627.639892578125,1627.639892578125,1572.3065033187713,1610.0610862445199,1014928
2026-06-15,1620.248779296875,1666.9925373212948,1603.6687700569269,1665.9937401149907,763162
2026-06-16,1589.2860107421875,1630.8360706211458,1583.293227712355,1627.6398465178122,616565
2026-06-17,1654.40771484375,1656.6050199254842,1589.8854397816624,1592.6819988017342,879818
2026-06-18,1673.984130859375,1689.3656323414677,1653.6086433066994,1662.3981075603203,1007603
2026-06-19,1655.8060302734375,1674.1838010297843,1629.437760073982,1653.0093493721752,2712660
2026-06-22,1653.8084716796875,1709.3415722580364,1653.8084716796875,1658.0033711988679,819297
2026-06-23,1558.9227294921875,1606.8649954293314,1550.932351835997,1598.0755312381268,841790
2026-06-24,1551.93115234375,1583.0935764997764,1523.7649978916804,1579.098387663184,582354
2026-06-25,1592.0826416015625,1634.032121493197,1563.1175245335291,1618.051367248765,714417
2026-06-26,1576.3016357421875,1591.2835932049131,1545.5387562394799,1572.3064470854606,653060
2026-06-29,1610.06103515625,1613.4569699128642,1551.9310887357585,1579.0983229417068,595189
2026-06-30,1719.3294677734375,1738.9058678632498,1650.012919994307,1664.5953342487853,944969
2026-07-01,1639.6253662109375,1732.9130437886354,1630.0369380190507,1712.9371009207548,702396
2026-07-02,1575.9022216796875,1642.4220887361278,1564.1163663186217,1598.0754700573402,797831
2026-07-03,1632.43408203125,1639.425662062776,1586.4894132526515,1586.4894132526515,270434
2026-07-06,1626.44140625,1634.8313272250123,1586.2896851279722,1608.0635131436607,384517
2026-07-07,1507.9840087890625,1569.7096004443622,1500.7925960455298,1560.720425957558,706631
2026-07-08,1527.160888671875,1553.3293260262246,1494.7998356456028,1521.9671921037318,607809
2026-07-09,1600.8721923828125,1623.2451520045809,1554.128434902969,1565.7144579764174,542835
2026-07-10,1567.11279296875,1576.501510950583,1544.7397115015165,1565.1151985863808,500202
2026-07-13,1538.94677734375,1553.3293595112632,1520.5688844454442,1528.1597187946286,496415
2026-07-14,1553.9287109375,1567.1127850249122,1526.1621003939235,1530.3569998062408,597936
2026-07-15,1547.536376953125,1676.1813807390201,1534.3521810070486,1658.0033208103723,1016640
2026-07-16,1596.4774169921875,1618.051411426511,1541.7432834412064,1586.089902065,750765
2026-07-17,1535.1512451171875,1557.124782783146,1489.2065754520015,1534.1524479505529,920647
2026-07-20,1518.9708251953125,1572.9058738059118,1516.9732308023272,1537.1488854020831,758336
2026-07-21,1591.4833984375,1594.4797898785434,1546.3376942383595,1547.136780725363,761405
2026-07-22,1587.68798828125,1587.68798828125,1535.7505344195054,1556.1260214730407,722150
2026-07-23,1577.3004150390625,1601.870922538389,1552.5303188020353,1588.8865595511106,601906
2026-07-24,1561.1199951171875,1592.482251009677,1540.3449649668357,1558.123603571857,540900
2026-07-27,1429.800048828125,1592.0,1419.5999755859375,1558.199951171875,1054840
2026-07-28,1388.4000244140625,1426.0,1366.4000244140625,1387.0,1111714
2026-07-29,1362.199951171875,1420.199951171875,1333.800048828125,1360.199951171875,741639
2026-07-30,1440.0,1456.199951171875,1363.0,1366.0,762188
2026-07-31,1434.199951171875,1495.800048828125,1417.199951171875,1474.0,848806
2026-08-03,1419.5999755859375,1443.800048828125,1372.4000244140625,1440.0,590984
2026-08-04,1472.5999755859375,1485.800048828125,1442.199951171875,1453.199951171875,575851
2026-08-05,1465.800048828125,1500.4000244140625,1454.5999755859375,1497.800048828125,452084
2026-08-06,1494.0,1503.800048828125,1449.5999755859375,1451.0,544751
2026-08-07,1499.0,1529.0,1482.0,1483.0,500140
2026-08-10,1513.800048828125,1558.0,1509.4000244140625,1510.0,532868
2026-08-11,1554.0,1576.800048828125,1510.199951171875,1511.0,524337
2026-08-12,1567.0,1596.4000244140625,1566.199951171875,1585.0,586949
2026-08-13,1609.4000244140625,1613.4000244140625,1569.4000244140625,1582.4000244140625,547625
2026-08-14,1579.5999755859375,1613.199951171875,1575.4000244140625,1598.800048828125,532443
2026-08-17,1621.199951171875,1632.0,1585.0,1619.4000244140625,546583
2026-08-18,1541.800048828125,1606.0,1534.0,1600.0,581999
2026-08-19,1507.5999755859375,1562.199951171875,1499.199951171875,1555.199951171875,539487
2026-08-20,1505.4000244140625,1523.800048828125,1487.5999755859375,1521.0,387035
2026-08-21,1506.0,1530.4000244140625,1491.0,1514.4000244140625,450613
2026-08-24,1489.800048828125,1512.5999755859375,1481.199951171875,1487.0,362425
2026-08-25,1501.0,1517.800048828125,1494.4000244140625,1510.0,359520
2026-08-26,1497.5999755859375,1512.4000244140625,1478.199951171875,1496.199951171875,346851
2026-08-27,1486.4000244140625,1541.0,1479.0,1534.0,520294
2026-08-28,1494.4000244140625,1497.800048828125,1476.4000244140625,1483.199951171875,368687
2026-08-31,1451.800048828125,1485.0,1446.4000244140625,1484.0,773376
2026-09-01,1435.4000244140625,1474.5999755859375,1423.4000244140625,1446.199951171875,491209
2026-09-02,1445.800048828125,1447.5999755859375,1423.4000244140625,1429.199951171875,482013
2026-09-03,1423.4000244140625,1452.800048828125,1393.4000244140625,1443.800048828125,514189
2026-09-04,1467.4000244140625,1482.800048828125,1419.4000244140625,1425.0,436091
2026-09-07,1500.4000244140625,1504.4000244140625,1480.0,1486.5999755859375,315064
2026-09-08,1518.0,1540.0,1486.5999755859375,1506.0,478705
2026-09-09,1497.5999755859375,1522.800048828125,1472.199951171875,1520.0,557459
2026-09-10,1474.199951171875,1498.5999755859375,1447.4000244140625,1498.5999755859375,412434
2026-09-11,1478.4000244140625,1497.199951171875,1463.0,1463.0,418199
2026-09-14,1387.800048828125,1429.5999755859375,1369.5999755859375,1429.0,731348
2026-09-15,1378.800048828125,1411.800048828125,1365.4000244140625,1390.199951171875,652442
2026-09-16,1396.199951171875,1422.800048828125,1392.4000244140625,1403.5999755859375,631615
2026-09-17,1418.0,1435.800048828125,1413.0,1416.4000244140625,545611
2026-09-18,1446.0,1448.4000244140625,1419.199951171875,1440.0,1731190
2026-09-21,1481.4000244140625,1496.5999755859375,1462.800048828125,1482.5999755859375,450484
2026-09-22,1507.4000244140625,1520.4000244140625,1468.800048828125,1489.0,429422
2026-09-23,1515.800048828125,1524.800048828125,1496.199951171875,1524.0,463688
2026-09-24,1503.199951171875,1520.800048828125,1489.5999755859375,1513.0,422634
2026-09-25,1522.5999755859375,1543.0,1521.5999755859375,1526.0,348654
2026-09-28,1537.0,1553.800048828125,1498.5999755859375,1515.0,407569
2026-09-29,1601.199951171875,1624.0,1564.699951171875,1569.0,714305
2026-09-30,1596.800048828125,1630.199951171875,1596.800048828125,1606.4000244140625,900878
2026-10-01,1597.0,1628.0,1589.199951171875,1615.0,678273
2026-10-02,1653.0,1659.5999755859375,1613.199951171875,1615.0,685705
2026-10-05,1656.199951171875,1666.199951171875,1639.0,1660.0,564794
2026-10-06,1636.4000244140625,1673.800048828125,1634.0,1656.0,495179
2026-10-07,1610.199951171875,1638.5999755859375,1588.199951171875,1627.800048828125,637088
2026-10-08,1630.5999755859375,1643.0,1569.5999755859375,1594.0,538240
