Date,Close,High,Low,Open,Volume
2019-01-02,52.2369384765625,52.53955891020674,50.78079326402987,50.87588904767338,31868000
2019-01-03,50.790199279785156,52.810476320367,50.6366615046475,52.0383247524057,41960000
2019-01-04,53.3953971862793,53.490987955893075,51.354318677944626,51.63663207434004,46022000
2019-01-07,53.28891372680664,53.6247151877774,52.6311712212093,53.53903227049169,47446000
2019-01-08,53.75696563720703,54.15220293457674,52.913985451885345,53.78816669236628,35414000
2019-01-09,53.572723388671875,54.067515416043605,53.21215221506057,53.88673670363503,26998000
2019-01-10,53.433048248291016,53.481586161977674,52.73221670000579,53.240381638315014,26598000
2019-01-11,52.72181701660156,53.16262216456006,52.32360582708245,52.99075750720199,30864000
2019-01-14,52.07992172241211,52.42365100748316,51.93331795528554,52.170558574702184,28490000
2019-01-15,53.81343078613281,53.90060254155327,52.22504494160213,52.40186352721006,37518000
2019-01-16,53.96201705932617,54.59846272598302,53.887727025564125,53.98628790809797,38280000
2019-01-17,54.43798065185547,54.516234569341734,53.65245249400322,53.88672678905916,24896000
2019-01-18,54.84313201904297,55.37308896607223,54.445910871555206,54.9070229547519,44892000
2019-01-22,53.42314147949219,54.43055732924766,53.039788311433206,54.283454761683664,39632000
2019-01-23,53.70941925048828,54.13239251034095,52.87535686802543,53.83076214878094,25194000
2019-01-24,53.689109802246094,53.88722535152357,52.99669729897395,53.61531101383912,29114000
2019-01-25,54.55635452270508,54.6479814012899,54.07543055106336,54.19578340832691,23260000
2019-01-28,53.48405838012695,54.15319004386895,53.22403196703736,53.98974821681064,29334000
2019-01-29,52.998680114746094,53.725267578606804,52.798584495404725,53.54250503965595,19704000
2019-01-30,54.38201904296875,54.457797893434226,53.32458024096373,53.36024020964044,29452000
2019-01-31,55.76387023925781,55.85203202645565,54.74160010020651,55.08780449698671,40232000
2019-02-01,55.40378952026367,56.18535379195906,55.18735087269382,55.58555823188162,33116000
2019-02-04,56.53304672241211,56.57861454626305,55.348816104606605,55.42310990879711,78408000
2019-02-05,57.05062484741211,57.095202644647664,55.65045048209374,55.94910698648545,82296000
2019-02-06,55.61528015136719,57.156117968858695,55.39091369948589,56.921847440071225,48256000
2019-02-07,54.77428436279297,55.075415915786344,54.164089681976776,55.066996883523366,38298000
2019-02-08,54.59944534301758,54.7341649729305,54.19628404057537,54.227980109679756,21766000
2019-02-11,54.586570739746094,55.146742492237834,54.481570891615064,54.66730351965466,18498000
2019-02-12,55.84757995605469,56.10909146347333,55.02688666700846,55.02688666700846,35036000
2019-02-13,55.899574279785156,56.603874697710054,55.76931356134372,56.117996776538185,28042000
2019-02-14,55.92780303955078,56.27103729841721,55.328011251969706,55.719783421674045,21106000
2019-02-15,55.453819274902344,56.42805026271867,55.30969057089957,56.42805026271867,27826000
2019-02-19,55.794578552246094,55.949601364041804,55.30573050553342,55.30573050553342,21980000
2019-02-20,55.50136184692383,56.013490661731915,55.063530612388284,55.911955925595045,24090000
2019-02-21,54.690086364746094,55.43004679838898,54.38152200992176,55.411719909157085,33272000
2019-02-22,55.30176544189453,55.33594036646095,54.50633689300502,54.962000034730664,29436000
2019-02-25,55.33990478515625,55.73960101249025,55.180423061926454,55.567736358161675,26208000
2019-02-26,55.57170104980469,55.791113608061224,54.81341744560428,55.1933017701827,35026000
2019-02-27,55.61528015136719,55.755939960125424,54.905534577548536,55.175465073433884,22092000
2019-02-28,55.79655456542969,56.165049713858785,55.39339325801775,55.42261425293974,27422000
2019-03-01,56.88469696044922,56.95800073084144,56.01695474562743,56.01695474562743,34086000
2019-03-04,57.12739562988281,57.72669245750234,56.376042304704,57.18385756294769,35490000
2019-03-05,57.90845489501953,58.27001603505347,57.10757749044177,57.25517128002389,40094000
2019-03-06,57.69797134399414,58.18335053781549,57.60436061010129,58.03575671974256,23602000
2019-03-07,57.000099182128906,57.63060078036951,56.54740617641003,57.478053062165245,30086000
2019-03-08,56.95652389526367,57.12888357157748,55.977338949673644,56.16059651269715,23694000
2019-03-11,58.4072151184082,58.439406203378375,57.03576304797861,57.0570600258976,30032000
2019-03-12,59.29823684692383,59.71724999224777,58.55778518124148,58.55778518124148,42220000
2019-03-13,59.38788604736328,59.787087274672785,59.33092909666815,59.72815026412466,25888000
2019-03-14,59.0644645690918,59.66723031762078,59.00007861423373,59.38590688589189,27302000
2019-03-15,58.954010009765625,59.519626907775546,58.79105941055074,59.335383109419226,51886000
2019-03-18,58.86733627319336,59.18431964133926,58.51716801198953,58.923798203513506,24442000
2019-03-19,59.55628204345703,59.60333491333445,58.912407428142764,59.02434126298929,29788000
2019-03-20,60.74348068237305,60.91980423989819,59.41413134958245,59.50377817309466,41508000
2019-03-21,61.223907470703125,61.23926049004584,60.25562054121966,60.42501010510731,28150000
2019-03-22,59.81333923339844,61.10009475493801,59.731616418144526,60.86334912117985,34422000
2019-03-25,59.3046760559082,59.901992830501676,58.93915475294564,59.41264977385646,27576000
2019-03-26,58.93123245239258,59.81333777466557,58.5310411978865,59.69149607721411,30752000
2019-03-27,58.345298767089844,59.03424233463008,57.662790392947635,59.03424233463008,29428000
2019-03-28,58.061004638671875,58.3076580951719,57.623173403504914,58.22098514220838,22402000
2019-03-29,58.289833068847656,58.64049635460244,57.7692851938089,58.45277989164012,30890000
2019-04-01,59.38391876220703,59.44434081035419,58.758866088650656,58.81730807718374,27706000
2019-04-02,59.708831787109375,59.7222047482487,59.0005711978958,59.43691742976985,18288000
2019-04-03,59.9698486328125,60.454732784030405,59.686050136151295,60.063455582632635,22180000
2019-04-04,60.39777755737305,60.45225943372563,59.882183570633956,59.99362239817688,21022000
2019-04-05,60.00154113769531,60.44433009784707,59.93121123108795,60.390343241211596,20012000
2019-04-08,59.84453582763672,60.12536042766006,59.66722224485626,59.98470062019651,21750000
2019-04-09,59.56766891479492,59.78856648653898,59.354200345515004,59.52804882789943,19668000
2019-04-10,59.75389862060547,59.877225356022,59.46713004657108,59.68654258117784,15510000
2019-04-11,59.909423828125,60.06544045215658,59.65930523770467,59.87524890205104,16998000
2019-04-12,60.56023406982422,60.57608210650536,60.09268297906801,60.20808192809174,24312000
2019-04-15,60.748435974121094,60.88563068388042,60.155578134082795,60.62758431445428,23796000
2019-04-16,61.0149040222168,61.21648468997316,60.67463981516365,60.92030326457273,22622000
2019-04-17,61.42253112792969,61.668194604763464,61.06394377024776,61.26700950552079,30366000
2019-04-18,61.48839569091797,61.70978828077709,61.38636593586521,61.66323042691964,24750000
2019-04-22,62.097103118896484,62.125829100059825,61.08721219258896,61.25065781074722,19084000
2019-04-23,62.9306640625,63.120855582684385,62.00843999729059,62.23974042528881,31868000
2019-04-24,62.40864181518555,63.09956934876245,62.3967576772055,62.930674776057806,23396000
2019-04-25,62.76970291137695,63.04012843302719,62.30710579287008,62.91630668366039,31344000
2019-04-26,63.26894760131836,63.34274638892736,62.65380277624632,63.06885199454624,27228000
2019-04-29,64.19911193847656,64.23725454729326,62.986155061409335,63.422006352150824,72368000
2019-04-30,59.3829345703125,59.482980493015035,58.592456151515655,58.9703603907374,133178000
2019-05-01,58.11302185058594,59.397302349525305,58.031794046998684,59.31062560228468,74340000
2019-05-02,57.775718688964844,58.413154265487144,57.370573569467595,58.07734901693176,45098000
2019-05-03,58.91686248779297,59.00848936814665,58.12440409067274,58.31558186854034,41588000
2019-05-06,59.11052322387695,59.208094068561614,58.006031540219304,58.047635467254594,31774000
2019-05-07,58.38739776611328,59.17539721219854,57.70092927222725,58.73162204281089,36604000
2019-05-08,57.98721694946289,58.65535867616848,57.83120032420148,58.309645514268155,25520000
2019-05-09,57.84803771972656,58.15016310994897,57.18782001887021,57.58207109403174,29556000
2019-05-10,57.83169937133789,58.25962661354454,56.77822431831356,57.891135180043435,31650000
2019-05-13,56.293819427490234,57.05557177677972,55.744549388013766,56.7222453726447,45626000
2019-05-14,55.71285629272461,56.70392535711721,55.64698151625123,56.57762852616041,40392000
2019-05-15,57.98820877075195,58.359674058571315,55.541489532451536,55.59844648520321,59302000
2019-05-16,58.66674041748047,59.14518932608732,57.87180694221965,58.03970768427538,35308000
2019-05-17,57.88815689086914,58.75540421154692,57.77126912112562,58.23733515521206,25362000
2019-05-20,56.69352722167969,57.106596425890835,56.37059986450055,57.106596425890835,30602000
2019-05-21,57.17790985107422,57.35423340533098,56.62665595999286,57.17988991070369,20562000
2019-05-22,57.24774932861328,57.6405115698009,57.00753482339587,57.01991775455204,18826000
2019-05-23,56.727195739746094,56.96047623354402,56.1239388444295,56.763354499690244,25214000
2019-05-24,56.39387512207031,57.1739506630299,56.29976937956139,57.057062896686,18554000
2019-05-28,56.4409294128418,57.27945074743259,56.396846630167516,56.53602518763873,20948000
2019-05-29,55.469173431396484,56.215074014539404,55.07343733824872,56.1011563428776,36230000
2019-05-30,55.54197692871094,55.808937337789494,55.269072561933925,55.47957104098683,18088000
2019-05-31,54.80350875854492,55.14525422806117,54.64749214021227,54.760914800933854,31582000
2019-06-03,51.44744110107422,52.84712035205825,50.86746121441573,52.84365524761113,96890000
2019-06-04,52.227516174316406,52.423156649981955,51.31321606515813,51.73222918806008,60512000
2019-06-05,51.739654541015625,52.34242018157871,51.16314358290016,52.25277336430937,46988000
2019-06-06,51.894195556640625,52.00513937028514,51.28746968640201,51.817426669787686,29020000
2019-06-07,52.91497802734375,53.16559540422133,52.06209372377589,52.217120313402106,43828000
2019-06-10,53.6276969909668,54.22600379210767,53.25722176188003,53.342409676901475,28510000
2019-06-11,53.542503356933594,54.68017990988899,53.46969837559754,54.33248671698533,33508000
2019-06-12,53.446414947509766,53.61580072127621,52.975890092210975,53.4885138835186,23670000
2019-06-13,54.03630828857422,54.3126777814297,53.61828894462655,53.72427882546966,20814000
2019-06-14,53.80302429199219,54.22203741750554,53.56429862336168,53.97340389299385,24582000
2019-06-17,54.17894744873047,54.544963741132975,53.887224959108465,53.94170682923152,19770000
2019-06-18,54.7411003112793,55.411717051722846,54.520697751876064,55.051149694954006,34526000
2019-06-19,54.70494079589844,54.948624168178235,54.28493764576931,54.840155442193684,26714000
2019-06-20,55.135353088378906,55.60686807310888,54.82827376352912,55.5563463162241,24018000
2019-06-21,55.73811721801758,55.79754924264089,54.96299181447412,54.96992580259619,50774000
2019-06-24,55.30869674682617,55.648960931164254,55.14079600051931,55.472142358888306,24236000
2019-06-25,53.86642837524414,55.25917374934614,53.71883078476726,55.22846770684191,31644000
2019-06-26,53.50684356689453,54.239869983123604,53.17847106992151,54.03581047125321,34698000
2019-06-27,53.3240852355957,53.910009091065085,53.28545139859072,53.82531619310023,24078000
2019-06-28,53.62967300415039,53.62967300415039,53.18391397127025,53.353798552291956,33672000
2019-07-01,54.481571197509766,54.90702331422971,54.25027074261955,54.53307920261683,29196000
2019-07-02,55.105628967285156,55.11999195678885,54.465223282168516,54.72079078259037,20630000
2019-07-03,55.620235443115234,55.86787893797962,55.21707035221,55.39784904541384,20154000
2019-07-05,56.099674224853516,56.197740087765375,55.348324659581365,55.4409415792781,29794000
2019-07-08,55.31315994262695,55.82924893062901,55.06403138591545,55.762879139337144,29888000
2019-07-09,55.68462371826172,55.86144229949039,54.83569954537963,54.99270619274252,29472000
2019-07-10,56.507789611816406,56.578614532807784,56.00011969183187,56.08233751346823,30710000
2019-07-11,56.664794921875,57.11847800523599,56.43944220375937,56.767814710831296,26004000
2019-07-12,56.727195739746094,56.83417941740718,56.39139425984253,56.60783291091174,21878000
2019-07-15,56.98326110839844,56.991680140256236,56.46271327552816,56.72719481852239,21164000
2019-07-16,57.129371643066406,57.38295908769645,56.79604145388603,56.79604145388603,25352000
2019-07-17,56.79654312133789,57.3760280034177,56.790599163439744,57.00357272421351,19538000
2019-07-18,56.82130432128906,56.867367160229094,56.10908365301538,56.5617729099618,25450000
2019-07-19,56.0442008972168,57.036259960007996,56.02934289154562,56.92432612379443,23184000
2019-07-22,56.423587799072266,56.46370667994142,55.73018903864181,56.2383501934316,28914000
2019-07-23,56.861427307128906,56.901546191159234,56.10859268845329,56.6335957280726,20648000
2019-07-24,56.449344635009766,56.733143116619324,55.89363180878285,56.097196306050485,27192000
2019-07-25,56.26163864135742,56.64053293639598,55.655902784281786,56.4107175057023,54762000
2019-07-26,61.67413330078125,62.82171023894311,60.82124897218375,60.82124897218375,121216000
2019-07-29,61.5067138671875,61.860846002565346,60.930199129943176,61.53940374312414,41382000
2019-07-30,60.82124328613281,61.26254341552007,60.68850371388368,60.77171156462741,28616000
2019-07-31,60.33586120605469,61.163484590606885,59.83958418427697,60.666217538983844,39960000
2019-08-01,60.01789093017578,61.23233264202327,59.78114152891506,60.30763338210096,35426000
2019-08-02,59.25217819213867,59.90496309369341,58.939154923667154,59.583029556178026,34910000
2019-08-05,57.19327163696289,58.28934439333003,56.598928685404225,58.09568395141287,47840000
2019-08-06,58.00206756591797,58.51320257230716,57.529067600740014,57.72668813039375,36014000
2019-08-07,58.241294860839844,58.43742657661284,56.99960848715814,57.34432781328151,30686000
2019-08-08,59.741024017333984,59.74547915169052,58.14669429482071,58.762334158803085,30116000
2019-08-09,58.88467025756836,59.65533669726062,58.686059689824496,59.43394410682026,20418000
2019-08-12,58.17145538330078,58.7217192586573,57.88518183118169,58.4438647389188,22064000
2019-08-13,59.27247619628906,59.703377223142205,58.09666842906615,58.164024464631794,28434000
2019-08-14,57.663787841796875,58.58204805365659,57.506286190031595,58.249216655957746,35430000
2019-08-15,57.914894104003906,58.266547390274525,57.6018746514427,57.870815106525406,28506000
2019-08-16,58.404727935791016,58.63404828970338,58.09715744776728,58.48298562738106,24916000
2019-08-19,59.456233978271484,59.899517974166024,58.95896690194604,59.029791826803695,24450000
2019-08-20,58.61870193481445,59.335385321885944,58.59492988143493,59.20413456650774,20206000
2019-08-21,59.01740646362305,59.46217548603108,58.83613275315723,59.22740993354587,14152000
2019-08-22,59.01443862915039,59.37401597426125,58.389880917191206,59.12736249662652,17352000
2019-08-23,57.13531494140625,59.21997760981369,56.95800136029911,58.69992478154987,36254000
2019-08-26,58.00701904296875,58.040698950826204,57.198217575695054,57.42604913459214,21166000
2019-08-27,57.989192962646484,58.691509566685426,57.67914357236348,58.59245367806885,23460000
2019-08-28,58.134315490722656,58.36957607561865,57.46567875200871,57.694500363637175,16810000
2019-08-29,59.14915466308594,59.3943193021965,58.705375680629345,58.76183761092513,19636000
2019-08-30,58.96540451049805,59.451777467988855,58.7271700704806,59.451777467988855,18064000
2019-09-03,57.92628860473633,58.89358173147138,57.6370411950292,58.53548946301978,25908000
2019-09-04,58.55629348754883,58.6855641775209,58.02435650134425,58.416623705533404,21312000
2019-09-05,60.0381965637207,60.127843391046405,59.07238463305965,59.1204275331869,26394000
2019-09-06,59.747459411621094,60.07583189032738,59.595897941558604,59.887129187892,18972000
2019-09-09,59.695457458496094,60.45225594668712,59.096160631926864,59.785104286074976,31854000
2019-09-10,59.71675491333008,59.92972847973825,59.23682092181226,59.24078482009586,27922000
2019-09-11,60.425018310546875,60.547355024481845,59.547368111982024,59.627110866396535,23522000
2019-09-12,61.16645812988281,61.53544451849424,60.55180452757735,60.596877336476226,31644000
2019-09-13,61.41707992553711,61.467601684050614,60.77568409557714,61.02481266827996,23676000
2019-09-16,61.00103759765625,61.367053927593396,60.68207036152316,60.94209680855052,28218000
2019-09-17,60.91435623168945,61.16794368622437,60.59093388545209,61.00103296703228,20806000
2019-09-18,61.051544189453125,61.22935277479413,60.25017179698453,60.9321813673566,17440000
2019-09-19,61.35367965698242,61.63054416428074,61.03471620639554,61.035211221346685,16554000
2019-09-20,60.91238021850586,61.55427102564121,60.602330812102906,61.10058792815853,37692000
2019-09-23,61.15259552001953,61.39974402141791,60.612235674442466,60.75042042404322,20798000
2019-09-24,60.34230422973633,61.76773947200339,59.96142989794743,61.41559112261681,35804000
2019-09-25,61.70978546142578,61.81280524161607,59.89009935466369,60.22738965946452,26798000
2019-09-26,61.529014587402344,61.64689617300199,61.01045048447216,61.52158558377083,23166000
2019-09-27,60.71971130371094,61.66273743368935,60.187275503275984,61.55575374716802,34122000
2019-09-30,60.48147964477539,60.792024068700115,60.099120264087766,60.45473372191468,24470000
2019-10-01,59.73161697387695,61.0619602765067,59.709329963711326,60.54834634030253,24504000
2019-10-02,58.340843200683594,59.37302107400408,58.0788367237423,59.26108724560142,33030000
2019-10-03,58.91091537475586,58.98867427622913,57.608807087222026,58.6092850514834,28368000
2019-10-04,59.977272033691406,60.05156583590806,58.98719309568253,59.15162873462561,24282000
2019-10-07,59.843055725097656,60.371032652411124,59.6503890947438,59.78114484444734,17040000
2019-10-08,58.945594787597656,59.7747032700144,58.913399921863515,59.373521990054044,20086000
2019-10-09,59.55331039428711,59.85345571982782,59.34132685384259,59.500317343231046,15948000
2019-10-10,59.903480529785156,60.208080999294765,59.3284545172164,59.36510451850377,12842000
2019-10-11,60.2125358581543,60.858390533710576,60.11001108570673,60.62461500768076,22330000
2019-10-14,60.3145637512207,60.71624001723558,60.0228412570052,60.12239215803119,13296000
2019-10-15,61.52652359008789,61.768718114775275,60.470573751549715,60.49929972865636,27584000
2019-10-16,61.56417465209961,62.11839865013848,61.342778283098,61.50523386760247,22986000
2019-10-17,62.04955291748047,62.591892771014635,61.90443419353795,61.98021304183353,20958000
2019-10-18,61.634010314941406,62.31255108446506,61.42252179923315,62.14316528891871,31624000
2019-10-21,61.6275749206543,62.08472312369092,61.41509636274962,61.846492451752454,18094000
2019-10-22,61.47502517700195,61.84797548014588,61.408160372457424,61.63747698893606,22862000
2019-10-23,62.288780212402344,62.309087161104465,61.42599184688121,61.42599184688121,21282000
2019-10-24,62.36208724975586,62.54979994727455,62.02727197550585,62.36208724975586,20224000
2019-10-25,62.619136810302734,62.80239436430481,61.86877729263344,62.00993212550449,27104000
2019-10-28,63.84150314331055,64.34966810408233,63.01586355921781,63.14909437559862,65428000
2019-10-29,62.43885803222656,63.436366118297066,62.18873565418445,63.19862667222323,52654000
2019-10-30,62.44083023071289,62.80338142330192,61.94306816967609,62.16594580208306,29204000
2019-10-31,62.34672164916992,62.729084757218295,61.88511459185007,62.40615744517827,31904000
2019-11-01,63.01288986206055,63.05003865550883,62.39180103220263,62.69343139934963,28812000
2019-11-04,63.87270736694336,64.01584603834215,63.20407065923479,63.20407065923479,30632000
2019-11-05,63.963340759277344,64.2506081163926,63.86131478466326,63.9514528438649,25148000
2019-11-06,63.94205856323242,64.04012444120542,63.50918114657569,63.8964945081847,24626000
2019-11-07,64.73104858398438,65.50914414937604,64.07776481635723,64.10401194767036,45140000
2019-11-08,64.83305358886719,65.23473357092597,64.46257843551811,64.46257843551811,30392000
2019-11-11,64.30211639404297,64.6299976286706,64.18275356772722,64.58541605893294,17234000
2019-11-12,64.24913787841797,64.85041868689056,64.10203905291162,64.31649771358741,28852000
2019-11-13,64.1981201171875,64.51213346216768,63.99851948050227,64.04953247878424,20538000
2019-11-14,64.84049987792969,65.16590987376797,64.0871702206033,64.13967203771251,28948000
2019-11-15,66.04850769042969,66.04850769042969,64.97620705197532,65.13272246732559,39286000
2019-11-18,65.36994934082031,66.06731572154162,65.18768561821011,65.98905802582371,27984000
2019-11-19,65.01087188720703,65.70625066215686,64.97025799405635,65.70625066215686,21864000
2019-11-20,64.47943115234375,65.04157913718234,63.852893443632446,64.94995225781228,28892000
2019-11-21,64.39424133300781,64.93806241432635,63.92916162646703,64.350158557398,25546000
2019-11-22,64.07379913330078,64.72906290404325,63.86033054513424,64.53590126540597,27776000
2019-11-25,64.66665649414062,64.90291089728889,64.16988817490127,64.20208304254504,23590000
2019-11-26,65.03119659423828,65.08121956263832,64.58742129518245,64.87815004142527,21910000
2019-11-27,64.98808288574219,65.26099100321707,64.85634091504566,65.15103724394311,18808000
2019-11-29,64.58988952636719,64.88012702255516,64.54729556405817,64.71421008704556,12802000
2019-12-02,63.835567474365234,64.65675576071148,63.41556048908383,64.51410831406844,26538000
2019-12-03,64.12678527832031,64.25011578582901,63.25062401065645,63.33036297656885,25270000
2019-12-04,65.32537078857422,65.58936107144336,64.53835764588882,64.68942408441825,35506000
2019-12-05,65.72260284423828,65.7731245967192,65.09656388982363,65.72458290394658,24408000
2019-12-06,66.3382339477539,66.49078165743002,65.93408265370638,66.0093627000816,32968000
2019-12-09,66.51653289794922,67.23767503260446,66.17379370061582,66.31198219090801,30842000
2019-12-10,66.51161193847656,66.76470443956029,66.07129794587779,66.36550314683,17606000
2019-12-11,66.57896423339844,66.85830383642757,66.4229476010481,66.7795548871401,20480000
2019-12-12,66.78895568847656,67.0905822648884,66.2793094804911,66.5274442148583,29114000
2019-12-13,66.7087173461914,66.93060495127669,66.45067475804319,66.75973033441775,33170000
2019-12-16,67.3936996459961,67.53386065482265,66.89395377790245,67.11138245384012,28128000
2019-12-17,67.10595703125,67.57350820191887,66.90189746445677,67.47841240809792,32948000
2019-12-18,66.95832824707031,67.3307834505681,66.88651708817909,67.21043060849878,23330000
2019-12-19,67.18270111083984,67.23669174106031,66.80182683995224,66.9583346732719,28922000
2019-12-20,66.92415618896484,67.55713281176617,66.89988912507833,67.51255880279616,50090000
2019-12-23,66.89494323730469,67.45065223396979,66.76468252731135,67.29612445854431,19936000
2019-12-24,66.5878677368164,66.9633006692763,66.57499734842783,66.87414507807253,13468000
2019-12-26,67.48136138916016,67.51752392838698,66.64135510441135,66.69286688442598,23662000
2019-12-27,67.09357452392578,67.70822449015388,67.01234671331444,67.5571579934745,23212000
2019-12-30,66.35408782958984,67.21044094340947,66.26147091867256,67.20103188146805,19994000
2019-12-31,66.3382339477539,66.40113484384676,65.97865666369745,66.15993035031083,19514000
2020-01-02,67.7889404296875,67.7889404296875,66.68990145950006,66.78499723022476,27278000
2020-01-03,67.4343032836914,68.04004277301541,66.73099674208892,66.76468042543556,23408000
2020-01-06,69.2317123413086,69.25696943800752,66.91327410590613,66.94447138154142,46768000
2020-01-07,69.09799194335938,69.51354001246602,68.92216715791305,69.36297232708252,34330000
2020-01-08,69.58979797363281,69.92708827263827,68.97514818608825,69.08361312830931,35314000
2020-01-09,70.32035064697266,70.76065695432445,69.84586186029246,70.4263367380851,33200000
2020-01-10,70.77452850341797,71.07071369356099,70.31094513609989,70.79979315832976,26258000
2020-01-13,71.32281494140625,71.39462611312574,70.59672252569149,71.08606177612984,30730000
2020-01-14,70.85526275634766,71.45158567917265,70.71558541955466,71.3213249618821,26076000
2020-01-15,71.28170013427734,71.35995783382089,70.90825484550432,70.97561465970341,21550000
2020-01-16,71.82454681396484,71.85129273667978,71.32133198944545,71.59126251264676,26080000
2020-01-17,73.27869415283203,73.3297071376885,72.14102145826104,72.43769786322783,52424000
2020-01-21,73.41393280029297,73.79183709623985,72.81760217922297,73.25295844816777,48930000
2020-01-22,73.494140625,74.32176770966639,73.43421737387162,73.78438560666041,28458000
2020-01-23,73.53475189208984,73.97110560001462,73.31831325823939,73.67640927373351,26650000
2020-01-24,72.61749267578125,74.0057789848921,72.46939630777668,73.93742914042214,29786000
2020-01-27,70.91172790527344,71.15194240324553,70.30598833544614,70.90231884282338,34132000
2020-01-28,71.84136962890625,72.05433937801753,70.84385801835984,71.40749477807309,29724000
2020-01-29,72.1484603881836,72.51695556905503,71.58829239250339,72.2356283657092,21566000
2020-01-30,72.0271224975586,72.07664666926648,71.07369339178243,71.22723117179423,27110000
2020-01-31,70.9637222290039,72.79083345576872,70.68041501547269,72.70118664042188,43822000
2020-02-03,73.4312515258789,73.61451286401599,72.14400103298378,72.39362460503492,71636000
2020-02-04,71.58927154541016,72.67543244592652,70.43129192072453,72.0389944559795,95880000
2020-02-05,71.62097930908203,72.53874460950848,70.81019770068639,72.49070170683542,36376000
2020-02-06,73.10285949707031,73.37972771145436,71.8403752038788,71.91466521472623,37822000
2020-02-07,73.25839233398438,73.56249776232856,72.57985157058434,72.67791742804089,28360000
2020-02-10,74.72196960449219,74.73286749079695,73.06474269563836,73.16528741089394,38302000
2020-02-11,74.79130554199219,75.77296925292642,74.56297896523482,74.95029224248354,34852000
2020-02-12,75.21577453613281,75.29848359745186,74.72246758542563,75.07857604388263,31042000
2020-02-13,74.95624542236328,75.57832429425112,74.49116564520651,74.78834088363026,22914000
2020-02-14,75.2207260131836,75.28610577397488,74.56793355013087,75.01270637201145,23198000
2020-02-18,75.25589752197266,75.80665649346167,74.83836937967816,75.00330384086945,25642000
2020-02-19,75.52484130859375,75.81557760794904,75.33217844195833,75.64024404556166,22746000
2020-02-20,75.13453674316406,75.63378380673352,74.50403138410452,75.23458265033227,25962000
2020-02-21,73.4738540649414,74.83540230499912,73.22769934756998,74.51990014092355,42520000
2020-02-24,70.32382202148438,71.1420402031771,69.67648603093434,70.48181870840796,49560000
2020-02-25,68.66261291503906,71.1652944468939,68.37039546838842,70.87555585304679,51580000
2020-02-26,68.86817169189453,70.0172411870808,68.17873301777479,69.0915481294338,49776000
2020-02-27,65.12774658203125,67.82458730082048,65.09258163638405,67.31642247268441,62290000
2020-02-28,66.33131408691406,66.4898019996538,62.81279324582793,63.1149186231393,80198000
2020-03-02,68.66261291503906,68.71956606969584,65.63541973341715,66.9325777100806,55430000
2020-03-03,66.25553894042969,69.74582523148922,65.83553196684268,69.22528109605555,56602000
2020-03-04,68.4288558959961,68.48729788958772,66.21987248090595,67.30752234405442,47598000
2020-03-05,65.11835479736328,67.04353972444319,64.46853998461333,66.64334092241998,54380000
2020-03-06,64.17631530761719,64.5235059054262,62.26797243761164,62.89896905456568,64640000
2020-03-09,60.21649932861328,62.046089626823395,59.33736414820625,59.680103417131555,69252000
2020-03-10,63.15751266479492,63.19119257438766,60.15310073180695,62.12830858804805,54872000
2020-03-11,59.97429656982422,62.254104668587686,58.9956105581994,61.825187488503246,54732000
2020-03-12,55.053627014160156,58.877243337501,54.90107928007686,55.601910852958376,94326000
2020-03-13,60.14121627807617,60.147655250997076,55.09027657672097,58.19572822214744,79400000
2020-03-16,53.14429473876953,56.733636538754325,52.85108342429565,53.96696417976584,96520000
2020-03-17,55.37605667114258,55.7693139034493,51.960559548221276,54.01798135684941,83194000
2020-03-18,54.045223236083984,54.72871792879037,51.36125986645297,52.497451376816,93044000
2020-03-19,55.0595703125,57.08727618463089,52.28001988640102,53.89812168289887,74064000
2020-03-20,52.90705108642578,56.387432973532285,52.604430705586964,56.01200383327532,82878000
2020-03-23,52.209693908691406,52.84267068733481,49.96802427494903,52.320637722320264,83672000
2020-03-24,55.96792221069336,56.13235784627542,53.80946076497001,54.678691809280416,72468000
2020-03-25,54.56180191040039,56.76830238685009,53.6400728720513,55.698979561439906,90324000
2020-03-26,57.59791946411133,58.02188655429654,54.08683123419366,55.210636119800014,76562000
2020-03-27,54.989742279052734,57.01001940044162,54.67969284777415,55.842131652255595,62794000
2020-03-30,56.775245666503906,57.00753615927192,54.40678424766814,56.09818990150613,58736000
2020-03-31,57.54987335205078,58.116975309708685,56.30026293947802,56.895104627215595,65228000
2020-04-01,54.585575103759766,55.938700189441114,54.15913300334786,55.67025474930783,51970000
2020-04-02,55.325050354003906,55.609343878999745,54.14131461628546,54.4815750635743,56410000
2020-04-03,54.12000274658203,55.41220695876204,53.24731041546661,55.21013130627291,51374000
2020-04-06,58.60186004638672,58.9762953691825,55.71978500169071,56.116016095420854,63320000
2020-04-07,58.570655822753906,60.4636457550222,58.30765931147763,60.27691932785058,61620000
2020-04-08,59.7811393737793,60.17241655713172,58.6395026879109,59.58797774612607,40334000
2020-04-09,59.75984191894531,60.5235743759765,59.059010366258434,60.33487166294358,54028000
2020-04-13,59.950035095214844,60.1535995978349,58.55926983766794,59.50873494414131,38702000
2020-04-14,62.66520309448242,63.186242246125516,60.847991811462485,61.41410755509722,63358000
2020-04-15,62.272438049316406,63.15454334623227,61.11841839764076,61.73802218124415,42236000
2020-04-16,62.278873443603516,63.06786680965158,61.32643823394738,62.75979746917035,57896000
2020-04-17,63.347206115722656,63.89202104328957,62.70333152394552,63.4809319389817,51050000
2020-04-20,62.46311950683594,63.239234907850815,62.229838995215836,62.89600062078531,35292000
2020-04-21,60.036705017089844,61.91086915528325,59.68207786569305,61.54980681039455,49648000
2020-04-22,62.32741165161133,63.39079060980057,61.276906860069985,61.470563498325916,46296000
2020-04-23,62.959388732910156,63.80038877352991,62.432405723017,62.69044828561261,34202000
2020-04-24,63.22834014892578,63.283317036081904,61.613703473045874,62.1585184165666,37402000
2020-04-27,62.94404220581055,64.09509171939635,62.65677484233892,63.99107812534568,44186000
2020-04-28,61.048580169677734,63.63249002753352,60.939121412826324,63.55522991283114,80700000
2020-04-29,66.47642517089844,67.36645437124918,65.71120773812287,66.61609494241262,108358000
2020-04-30,66.70028686523438,66.86373245145757,65.45216174337986,65.94051844269816,55842000
2020-05-01,65.2451400756836,66.93456924056204,64.8657546120751,65.58045031969519,48872000
2020-05-04,65.52151489257812,65.59928136149354,64.18969042697206,64.78998106117524,30806000
2020-05-05,66.8152084350586,67.90434717096521,66.12230839853984,66.24464133439702,39666000
2020-05-06,66.63740539550781,67.78944507226947,66.62254738856387,67.25998309338922,31732000
2020-05-07,67.81866455078125,68.15150356685865,66.98955599428156,67.4239222086965,30652000
2020-05-08,68.56456756591797,69.17376849684152,67.95387781137184,68.43975577847236,33326000
2020-05-11,69.51799011230469,70.10936295617134,68.12673353943045,68.19062447900933,32718000
2020-05-12,68.11087799072266,70.049923203942,68.07769309780234,69.74730660582867,33918000
2020-05-13,66.78102111816406,68.61358886479172,65.7745991923848,68.15940704714981,40368000
2020-05-14,67.2035140991211,67.22877119677766,65.54132953853221,66.0475144238828,36660000
2020-05-15,68.0058822631836,68.08116232621015,66.31893170113807,66.77757251881627,41544000
2020-05-18,68.6061782836914,68.98160371309841,67.07177534549324,67.43730047470451,47094000
2020-05-19,68.07225036621094,68.96821988437291,68.04055429387958,68.62102923990405,31586000
2020-05-20,69.79385375976562,69.93600237945327,68.71710196062703,68.80327989195237,38262000
2020-05-21,69.67449188232422,70.15541205544969,69.06231341475633,69.88449154996997,30894000
2020-05-22,69.99594116210938,70.18216501966805,69.13958802109688,69.53334027151953,28544000
2020-05-26,70.39860534667969,71.57442074037448,70.30103828130237,71.41840412552945,44590000
2020-05-27,70.34461212158203,70.59572446966092,69.07271866950138,70.33074414798452,31684000
2020-05-28,70.24359130859375,71.54223095770017,69.2946211638657,69.34018521335773,35170000
2020-05-29,71.00038146972656,71.1593681667158,70.13164919711579,70.35204797281085,37044000
2020-06-01,71.06724548339844,71.39958565996686,70.44367782066597,70.6130711741078,25162000
2020-06-02,71.43573760986328,71.46991253231057,70.41048993644438,71.0736814378857,23442000
2020-06-03,71.2841796875,71.76757874931127,70.90627548214987,71.4550542991904,27732000
2020-06-04,70.0484390258789,71.38671004458558,69.63784868950184,71.16184478167695,26982000
2020-06-05,71.32231903076172,71.63336223365884,69.71758640754899,70.1148075544808,42642000
2020-06-08,71.71953582763672,71.76707993120938,70.55263831946147,70.64179390519453,33878000
2020-06-09,71.91962432861328,72.69821850375527,71.4382053488639,71.58085276794318,33624000
2020-06-10,72.544677734375,72.94437011787116,72.03255273815222,72.38668108171233,31762000
2020-06-11,69.43428802490234,71.89586510053333,69.26143333989086,71.37234333854855,47144000
2020-06-12,69.98009490966797,71.04941785617385,68.63687377649948,70.6209918779244,36676000
2020-06-15,70.3674087524414,70.578398478052,68.70621419670628,68.8196368559929,30468000
2020-06-16,71.64177703857422,72.17173017484788,70.77601485737686,71.76708004899045,30648000
2020-06-17,71.94242095947266,72.42086992194581,71.0801275728507,71.96223667280438,30610000
2020-06-18,71.03010559082031,71.96371893186135,70.63981463059542,71.80919113015118,34862000
2020-06-19,70.5605697631836,71.54420600166658,70.28122263375963,71.32132836203121,52784000
2020-06-22,71.84931945800781,71.86368623088936,70.29065685629098,70.57891432670027,29442000
2020-06-23,72.50901794433594,73.06473450881036,71.5689657724206,71.91566513317868,37752000
2020-06-24,70.95977783203125,73.09396501649118,70.82604821231901,72.47436496720562,31592000
2020-06-25,71.37581634521484,71.43623840216229,70.30797457430236,70.88646948000576,23958000
2020-06-26,67.48482513427734,71.17372126869749,67.11137987256234,70.9562926011227,97640000
2020-06-29,69.20000457763672,69.24111726400062,66.94545740923932,67.37586340209062,45074000
2020-06-30,70.23416137695312,70.52885771285644,68.69282865102589,69.18564429876447,40286000
2020-07-01,71.42037963867188,71.74133067420031,70.04249243539927,70.28964468450181,42182000
2020-07-02,72.80371856689453,73.7244614334021,71.86960651880207,71.90774911883543,57218000
2020-07-06,74.27571105957031,74.78833490399879,73.1528963084758,73.70613404852509,44712000
2020-07-07,73.7938003540039,75.34900117845778,73.78290246842123,74.10137465875029,42364000
2020-07-08,74.4713363647461,74.84627041111607,73.91165976604873,74.33265664148132,31766000
2020-07-09,75.21725463867188,75.7363174732516,74.07463169491743,74.78486854107993,41836000
2020-07-10,76.22517395019531,76.3405766810764,74.3287224060496,74.94931249439476,35918000
2020-07-13,74.89879608154297,78.07506910760813,74.6179676630631,76.76652158625085,42954000
2020-07-14,75.32621765136719,75.42230344989767,73.59618204162983,73.93595121972746,38108000
2020-07-15,75.12909698486328,76.09242627991783,74.18557584472208,75.44360151241705,31026000
2020-07-16,75.0320053100586,75.08103822953142,73.71206148798618,74.36732509001628,26484000
2020-07-17,75.12760925292969,75.45351046496295,74.19894610484987,75.13057934258785,34264000
2020-07-20,77.45497131347656,77.7110338717438,74.42678707746852,75.03598803252913,30166000
2020-07-21,77.06269836425781,78.60453017649657,76.89925273502017,78.50448425057768,27486000
2020-07-22,77.50498962402344,77.61048448962272,76.43417781716788,77.05229656224272,24482000
2020-07-23,75.12266540527344,77.77740431624677,74.71850645345809,77.55848677338363,33910000
2020-07-24,74.6996841430664,75.05728143638413,73.67840404854456,74.2529388126378,29902000
2020-07-27,75.75067138671875,76.15334144517429,74.90373490334046,74.94979774011692,27124000
2020-07-28,74.47383880615234,75.58129688377899,74.31881220863937,75.53127392034418,30910000
2020-07-29,75.45747375488281,75.9438429611725,74.44213382549296,74.54069848439703,22676000
2020-07-30,76.19347381591797,76.31828560366807,74.05383021309267,74.19250997725946,36042000
2020-07-31,73.69622039794922,74.54167557953528,72.01471909619727,74.14693333367309,91468000
2020-08-03,73.43917846679688,74.18062017124197,72.89237966344939,73.84729750950987,45482000
2020-08-04,72.97063446044922,73.9517993959219,72.51150244507616,73.63481601890071,37212000
2020-08-05,73.25740051269531,73.7977603028216,72.8676083882849,73.1449754464307,29134000
2020-08-06,74.5382080078125,74.60358776024441,72.90128824619615,73.11178671394394,33306000
2020-08-07,74.21231079101562,75.28807255599058,73.61301027816823,74.74078261237376,27718000
2020-08-10,74.13555908203125,74.64718540153339,73.17816232869778,73.83739380117632,20546000
2020-08-11,73.3292236328125,74.81013451807152,73.21283088279655,73.99587650416217,31098000
2020-08-12,74.65164184570312,74.87105817178005,73.55012397437174,73.65512760591216,22512000
2020-08-13,75.11769104003906,76.12412051903709,74.69967176135513,74.69967176135513,22388000
2020-08-14,74.5223617553711,75.27322000281566,74.24351343920587,74.96712697353622,21942000
2020-08-17,75.0973892211914,75.47084207168449,74.54069016477087,75.08402003992009,19990000
2020-08-18,77.05577087402344,77.13451982287252,75.3663489668669,75.58674777639528,28378000
2020-08-19,76.50252532958984,77.70359782783095,76.27419874587514,76.89280870825378,30472000
2020-08-20,78.06961059570312,78.26376224635354,75.99980587316979,76.27270646114124,26382000
2020-08-21,78.03593444824219,78.84374588387767,77.379181914603,77.84920424259258,34838000
2020-08-24,78.51042175292969,79.68078824721263,78.00968578922196,78.87296919170576,25638000
2020-08-25,79.5356674194336,79.68573629924437,78.15034355310362,78.26029732922122,25150000
2020-08-26,81.43162536621094,81.86055017042472,79.29446813584885,79.55795969252074,52188000
2020-08-27,80.65848541259766,81.62280478029065,80.17755759803542,81.55445492871448,31350000
2020-08-28,81.1988296508789,81.29392541571589,80.51434873048748,80.70553028997895,22418000
2020-08-31,80.70849609375,81.44993769793462,80.50047648092746,81.40387486268835,26422000
2020-09-01,81.97396087646484,82.17901042562862,80.70850618421295,80.83876691063882,22652000
2020-09-02,85.06008911132812,85.49148515532607,82.22704700647303,82.61436027263139,49522000
2020-09-03,80.70751190185547,84.19878788185247,79.62778233912816,84.17501205081606,63726000
2020-09-04,78.3152847290039,80.97893388921679,76.17366098528049,79.69168332981937,55850000
2020-09-08,75.46192169189453,77.0443596026443,75.11026462423943,75.53126156414605,54032000
2020-09-09,76.63228607177734,77.20136424573312,75.53967865021947,76.71499512271721,39242000
2020-09-10,75.58326721191406,77.94132930171978,75.28362070611884,76.77839946695076,33024000
2020-09-11,75.0736312866211,76.20981535668163,73.94734751609546,75.68729115069392,30706000
2020-09-14,74.73039245605469,77.11619079842107,74.5461486392724,75.8606363352639,42660000
2020-09-15,76.03250122070312,76.81852453848204,75.38764408134462,75.67441267924397,23042000
2020-09-16,74.891845703125,76.98591739664747,74.86707984364574,76.39702349907539,22128000
2020-09-17,73.65115356445312,74.22667831338956,72.43374183764101,73.59023272087275,40008000
2020-09-18,71.87059783935547,74.0553141095479,70.90627852759398,73.71356487148887,63056000
2020-09-21,70.83297729492188,71.32429660778882,69.47291813290063,70.90627729054565,56908000
2020-09-22,72.30299377441406,72.50854213889622,70.80128453974875,71.83247257343257,33950000
2020-09-23,69.80523681640625,71.9691468750807,69.47290427033079,71.92011395656208,37726000
2020-09-24,70.47239685058594,71.22176624905023,69.44665799860961,69.4729126810319,34552000
2020-09-25,71.27477264404297,71.61552428977885,69.7205618241158,70.58087508582601,30326000
2020-09-28,72.24552917480469,72.95527475090996,71.63236818722949,72.9057505874798,30784000
2020-09-29,72.61006927490234,72.90624691880095,72.01472878247793,72.50556444051016,31816000
2020-09-30,72.58927154541016,73.6095616972564,72.10191227440997,72.35846607862854,40924000
2020-10-01,73.69375610351562,74.04888211434293,73.14398718124211,73.4837563916012,32884000
2020-10-02,72.0939712524414,73.25442978973021,71.68536100740494,72.29357184396041,31222000
2020-10-05,73.44263458251953,73.53525148557794,72.31635107000282,72.4431428923293,21602000
2020-10-06,71.86712646484375,73.52633314283509,71.56946004827292,73.0795878999186,26096000
2020-10-07,72.2693099975586,72.75617797816042,70.98601965298509,72.27772903034848,36108000
2020-10-08,73.47236633300781,73.70019413862819,72.58183818176148,72.58183818176148,26076000
2020-10-09,74.81062316894531,74.87996304586832,73.649174562375,73.9394120156013,32966000
2020-10-12,77.49210357666016,78.67237024533334,75.74423241966193,76.17513722108433,55344000
2020-10-13,77.61495208740234,78.51092924841305,77.1969326978378,78.10726907276543,39072000
2020-10-14,77.43515014648438,78.44603112515772,76.56641781072753,77.98789668241234,33174000
2020-10-15,77.04039001464844,77.82938319540656,76.3301533156256,76.49706022466728,31210000
2020-10-16,77.6461410522461,78.14191926255268,77.14887401848515,77.35540481727263,34194000
2020-10-19,75.77642822265625,78.44999238883686,75.4282475861299,78.05376129785903,29734000
2020-10-20,76.8229751586914,77.95024882966341,75.30838821094517,75.43765890108982,41670000
2020-10-21,78.55203247070312,79.99579849244985,77.61841907705119,77.75263993649392,60322000
2020-10-22,79.5757827758789,79.910594254677,78.1305356462578,78.50299093291768,30512000
2020-10-23,80.87938690185547,80.93584883968592,79.83581218825395,79.99133758225913,30548000
2020-10-26,78.46782684326172,80.71097762065797,77.65010749864534,79.98885284156889,35826000
2020-10-27,79.19046020507812,79.34498801936819,78.10627909379417,78.69765198312741,25902000
2020-10-28,74.82795715332031,76.95818389528775,74.7130532352557,76.76997998371426,45174000
2020-10-29,77.1102523803711,78.68823166957667,75.11275733977158,75.136034380202,55406000
2020-10-30,80.04383087158203,83.27360331441317,79.32368610800994,82.58614465419454,99878000
2020-11-02,80.45046997070312,82.1304828078754,79.95121524040219,80.41183612953665,44228000
2020-11-03,81.50739288330078,82.16810552168376,79.84570721056207,80.76942013279667,31432000
2020-11-04,86.46968841552734,87.66729207687226,84.34738170376455,84.47516357940994,71342000
2020-11-05,87.29434204101562,88.74652704869179,86.23095917906215,87.68809433651573,39758000
2020-11-06,87.15715026855469,87.59151646054691,86.0155097060747,86.7416022030185,28622000
2020-11-09,87.2408447265625,89.98820035330125,87.0491719162003,88.95256106744117,53440000
2020-11-10,86.06700897216797,87.13980073118289,84.99718730255921,85.67325673768963,43022000
2020-11-11,86.53802490234375,87.31413265671966,86.33148655716936,86.59596809428096,31838000
2020-11-12,86.31961059570312,87.41716831631348,86.0793960905829,86.27899669762176,26474000
2020-11-13,87.7777328491211,88.0189373763228,85.98083620776305,86.57616912622984,29744000
2020-11-16,87.86540222167969,88.87133305076017,87.23638559682094,87.37556415004508,25468000
2020-11-17,87.25272369384766,88.01942997162081,87.14524878033151,87.55979919388194,21314000
2020-11-18,86.21163940429688,87.41816090841624,86.10911462619481,87.00410167631715,20108000
2020-11-19,87.09967041015625,87.3433537546513,85.68562835049408,85.8446150307491,20106000
2020-11-20,86.00065612792969,87.58458320353344,85.93230627072799,87.26957984240741,27694000
2020-11-23,85.56381225585938,86.47662748339023,84.70300761256527,86.19084889688509,22530000
2020-11-24,87.36366271972656,87.49144457321789,85.22550834263211,85.56081856712366,27984000
2020-11-25,87.37507629394531,87.68463071692965,86.59401062950606,87.55734762142423,19600000
2020-11-27,88.50877380371094,89.00356955849365,87.39536810388411,87.39536810388411,14790000
2020-11-30,86.89315032958984,88.17792187358639,86.56823916359279,87.94563517843181,32418000
2020-12-01,88.92183685302734,90.22741405733548,87.32057327500323,87.50036570518094,37350000
2020-12-02,90.38839721679688,90.77323924250796,88.41715688663899,88.92185299674881,29424000
2020-12-03,90.2333755493164,91.32250671536013,89.99365227253425,90.16898581671288,24728000
2020-12-04,90.3284683227539,90.61275805172727,89.82475471651726,90.15313478440204,20544000
2020-12-07,89.99512481689453,90.60234558093852,89.3022173561135,89.92181727073566,22288000
2020-12-08,89.71282196044922,89.94263737562288,88.7197766206352,89.57365096270438,19936000
2020-12-09,88.05509948730469,90.55679934538901,87.26957496710735,89.66478236786917,31728000
2020-12-10,87.54940795898438,87.91294541969803,85.85948741239226,87.29928560071609,28688000
2020-12-11,87.9035415649414,88.02786211840036,86.81094150082778,87.17051886332163,18628000
2020-12-14,86.78716278076172,88.64646917503514,86.63213618937668,87.70146673560802,33050000
2020-12-15,87.22400665283203,87.36862659206206,86.26265739646938,87.1635770419372,21352000
2020-12-16,87.03132629394531,87.62170901445369,86.62866380020262,87.62170901445369,24676000
2020-12-17,86.20520782470703,87.50286509537469,85.74162438427126,87.36517534950652,34880000
2020-12-18,85.4974365234375,86.5940042678722,84.94172742665378,86.48553930809959,85256000
2020-12-21,85.91049194335938,86.03134359423083,83.90160815092943,84.65097756458779,33974000
2020-12-22,85.20027160644531,85.81393148347979,84.48507697592916,85.65147587790912,20370000
2020-12-23,85.59698486328125,86.38349935541012,85.2487966486839,85.38401507930502,22974000
2020-12-24,85.89067840576172,86.29928861138039,85.40480053701683,85.6351071455955,9312000
2020-12-28,87.86192321777344,88.50777783386496,86.27007625611239,86.42311521018222,27650000
2020-12-29,87.05956268310547,88.5805885405759,86.92831193871541,88.51917646313515,19726000
2020-12-30,85.99420166015625,87.55485141341681,85.58559141430368,87.41815172364336,21026000
2020-12-31,86.80599212646484,87.0466978810566,85.98628511672274,86.04473467107165,21070000
2021-01-04,85.49298095703125,87.29383777569227,84.55242988583664,87.17051481537992,37324000
2021-01-05,86.18241119384766,86.518212674344,85.03582065494678,85.44146080222832,20360000
2021-01-06,85.3320083618164,86.3765730528506,84.00563278952406,84.21167237373766,46588000
2021-01-07,87.8807601928711,88.05311608596125,85.52417916422668,85.52417916422668,41936000
2021-01-08,89.044189453125,89.11996830738771,87.23093833658534,88.02043050877582,35484000
2021-01-11,86.98676300048828,88.37802708213147,86.78122221235388,88.01349202621859,34796000
2021-01-12,86.05264282226562,87.56178078053122,85.01006585841895,86.44540502976464,29528000
2021-01-13,86.53900909423828,86.99170205927044,85.55189659115467,85.55189659115467,23432000
2021-01-14,85.73020935058594,87.54445028738424,85.48999486924536,86.6192485496251,29212000
2021-01-15,85.5667724609375,86.55734649603514,84.7787766806219,85.63611234109513,31444000
2021-01-19,88.38247680664062,89.34184591188985,85.82481417418919,86.32852017503099,41660000
2021-01-20,93.117431640625,94.09066885245596,90.11797347187921,90.45773511852914,64152000
2021-01-21,93.31948852539062,95.69339854365393,93.08472299183488,93.7900171797552,58634000
2021-01-22,93.73603057861328,94.32195440792064,92.94059830219506,93.68154870879067,32744000
2021-01-25,93.82122039794922,95.18524723091947,92.08177576243477,94.7355242882723,50586000
2021-01-26,94.49827575683594,94.8845989856594,92.92227680298997,93.41062600288265,31462000
2021-01-27,90.08972930908203,93.1372300622554,89.01693751997792,92.86185061997337,82512000
2021-01-28,91.78660583496094,93.50970397368559,90.68706790627243,90.68706790627243,55278000
2021-01-29,90.50676727294922,91.50625916311677,89.22893338179212,90.83662861742903,44530000
2021-02-01,93.76129150390625,94.8741983355262,91.36013676541516,91.36013676541516,40252000
2021-02-02,95.05152893066406,96.54976922322557,94.42003341193407,94.75485247351087,66332000
2021-02-03,101.97364044189453,104.33814138381578,99.72850232555427,102.30697061696581,97882000
2021-02-04,101.71363830566406,102.48974622510646,100.7958654111506,102.05983893746082,48596000
2021-02-05,103.45703887939453,103.80918723346058,101.53384151160945,102.00733277006397,29866000
2021-02-08,103.24356079101562,104.75319758057728,102.19504362216297,104.0102671012824,28828000
2021-02-09,102.79136657714844,103.93646833616009,102.52440616600971,102.76214180334384,21892000
2021-02-10,103.34063720703125,103.95479579411372,101.64477655178763,103.17521153407674,25102000
2021-02-11,103.45306396484375,103.71308659634178,102.4679389855262,103.56450655404534,20480000
2021-02-12,103.76410675048828,103.98549554716894,102.7012153135399,103.00829836725484,18990000
2021-02-16,104.54022979736328,106.24599833126774,103.6016588245308,103.6016588245308,31004000
2021-02-17,104.9325180053711,105.12171955663531,103.43328748269722,103.71212832293865,20294000
2021-02-18,104.29801940917969,105.0993993877626,103.67990074352853,104.25790430962748,22546000
2021-02-19,103.45603942871094,104.93051126685963,103.18957781103883,104.39609920802339,37938000
2021-02-22,101.74482727050781,103.03604540908852,101.43478165155308,101.71214116930174,29466000
2021-02-23,102.0350570678711,102.6482256079866,98.5734971842508,99.7503025439711,34658000
2021-02-24,103.20838165283203,103.43175804807954,100.4209114725866,100.54522443822677,22608000
2021-02-25,99.8473892211914,103.16828965771158,99.37884811495125,101.82754730737786,41548000
2021-02-26,100.14256286621094,101.85675030888427,99.10741493382858,100.54077400518413,40042000
2021-03-01,102.50757598876953,102.83297841507579,100.76218348689981,101.43478411249855,26060000
2021-03-02,102.25100708007812,103.74974598869453,101.86419259805125,102.26883517462322,25564000
2021-03-03,99.62252044677734,102.82108003698221,98.76021959763636,101.63041426269442,33892000
2021-03-04,100.7379150390625,102.75174921117376,99.32634401579678,99.7938950813685,49216000
2021-03-05,103.86515045166016,104.31734469793713,100.43330643253846,102.08608191964105,53100000
2021-03-08,99.42886352539062,104.69078901545105,99.31445083979884,103.22078363369144,36868000
2021-03-09,101.0563735961914,102.22327112991414,100.82061801783814,101.5214533376975,33920000
2021-03-10,100.849853515625,102.09847020980794,100.0147972680034,102.09847020980794,27100000
2021-03-11,104.0370101928711,104.56845214725212,101.85329162298359,101.94095838451403,27702000
2021-03-12,101.5338363647461,102.90132457610481,100.66312398359679,102.84189255369952,33818000
2021-03-15,101.75374603271484,101.78098319105705,100.43380945781465,101.28520493789203,26168000
2021-03-16,103.21237182617188,104.68782625409712,101.99396241672522,102.3258038173008,31900000
2021-03-17,103.12964630126953,103.96073477582843,101.24260410401793,102.44862669920484,26382000
2021-03-18,100.11434173583984,102.46249602458781,100.00735805315745,101.44368730072172,31700000
2021-03-19,100.3927001953125,100.89194734890518,99.2025255133683,100.5298986940458,46072000
2021-03-22,100.57744598388672,101.45162732402498,99.75080875429312,100.42588826764728,33536000
2021-03-23,101.10443115234375,102.23269501355865,100.4442171900026,101.03608129628527,28510000
2021-03-24,100.6685791015625,102.40554505722855,100.49373679196368,101.6210105719403,25218000
2021-03-25,100.66509246826172,101.31787728222385,98.86372953953217,100.49619792553659,35616000
2021-03-26,100.28224182128906,101.00832665164488,99.24807634446482,100.63191127672391,27978000
2021-03-29,101.3253173828125,101.49471073771208,99.32733130172416,100.15495848510993,26492000
2021-03-30,101.35899353027344,102.16135599859949,100.84785852895199,101.68142582954123,27312000
2021-03-31,102.1539306640625,103.32974601700813,101.3852442961508,101.75175938566446,42570000
2021-04-01,105.48523712158203,105.78092353227542,103.58581563660896,103.62642953491097,39880000
2021-04-05,109.9021987915039,110.39897459955093,106.24945728036417,106.34554307628875,48510000
2021-04-06,109.42176055908203,110.34993234047201,109.05178417543226,109.5039783729463,35240000
2021-04-07,110.896240234375,111.16716076045078,109.61195995099271,109.61195995099271,24134000
2021-04-08,111.46086883544922,112.51880262359724,111.09336371525733,112.13297061526548,28664000
2021-04-09,112.46334075927734,112.62678638615232,110.80858509838885,111.21373406084967,26146000
2021-04-12,111.17311096191406,111.78082301909598,110.34102489008666,111.64363209020448,25024000
2021-04-13,111.65898132324219,112.10672420770086,111.09534448767921,111.48860550102535,25682000
2021-04-14,111.03888702392578,112.30286043860204,110.74716829600973,112.30286043860204,21002000
2021-04-15,113.18545532226562,113.71789487758596,111.49752247546817,112.03144329679716,29174000
2021-04-16,113.06163024902344,113.63071600635348,112.47570642755969,113.38307252092578,26282000
2021-04-19,113.4088363647461,114.11858197870201,112.43906809584607,112.43906809584607,30290000
2021-04-20,112.87639617919922,113.86647132508118,111.79221529986594,113.79168250896858,22288000
2021-04-21,112.84371185302734,112.92543087903039,111.18300863181327,112.53167863878394,23204000
2021-04-22,111.56439208984375,113.36525649353501,110.96014131648565,112.69760601862724,24146000
2021-04-23,113.91254425048828,114.21912854433809,111.99677595604035,112.28156447737894,29066000
2021-04-26,114.40782165527344,115.13094395972442,113.78326399756901,114.13987122202711,32038000
2021-04-27,113.46927642822266,114.82982699539988,113.2305431722857,114.78921309444053,44386000
2021-04-28,116.84020233154297,120.42310572789212,116.55194489916548,118.49742939210702,81106000
2021-04-29,118.51029205322266,119.07491892786257,117.57370113692855,118.33545731512626,41234000
2021-04-30,116.5657958984375,117.96993028023607,116.22206660710967,117.28495055091922,44856000
2021-05-03,116.0497055053711,117.95507465112739,115.67428013665503,117.13091635921127,28242000
2021-05-04,114.25428771972656,115.1537260493612,111.77042377433652,114.58711912501094,44818000
2021-05-05,114.64754486083984,115.64950792603096,114.32610258829462,115.3340133897962,26636000
2021-05-06,115.76589965820312,115.76589965820312,113.57128322599208,114.22951700606814,25190000
2021-05-07,116.48804473876953,117.44494271312077,116.20226616416508,117.08041518978361,28898000
2021-05-10,113.50740051269531,115.45140351248499,113.15029447198425,115.30974610905047,30914000
2021-05-11,112.4331283569336,112.93931328461193,110.64316177737274,111.09635365191599,34186000
2021-05-12,108.97553253173828,111.33954275161173,108.64715999157416,110.26031182288772,46376000
2021-05-13,110.40145874023438,110.91655390355615,109.2959732405026,110.2568312457659,33204000
2021-05-14,112.84520721435547,113.15922052745495,111.4395838661801,111.86256093254717,31996000
2021-05-17,113.36723327636719,113.40982723364519,111.71247768556474,112.11167889410602,21598000
2021-05-18,112.05718994140625,114.2963879915566,112.04332196648303,114.03239767436695,22204000
2021-05-19,112.50444030761719,112.67729498890604,110.22315452655346,110.37124334606443,23684000
2021-05-20,114.26024627685547,114.51036109068447,113.09978760399687,113.47026285067193,32352000
2021-05-21,113.62527465820312,114.85161180966945,113.38605018885295,114.77830425445694,40632000
2021-05-24,116.93923950195312,117.16260836847114,114.50836863700562,114.65348735993426,31832000
2021-05-25,117.02987670898438,118.0764138121948,116.64008458341634,117.48207094364784,22440000
2021-05-26,117.89366149902344,118.32356873602771,117.2076841748008,117.2106542643524,21572000
2021-05-27,117.02047729492188,118.32654591291701,116.70250387182054,118.32654591291701,35224000
2021-05-28,116.73171997070312,117.68366017105659,116.53360818591379,117.60194113813802,21482000
2021-06-01,117.93675994873047,118.16112643351394,116.60443657445646,117.60293847206076,23354000
2021-06-02,117.4122543334961,118.55388734357282,116.50933946117453,118.33150092126039,21158000
2021-06-03,116.2725830078125,116.74013405527799,115.37809480951424,116.18095612229426,18696000
2021-06-04,118.55040740966797,118.82083671055345,117.0070944528498,117.3468636312085,24458000
2021-06-07,118.98279571533203,119.09225825527676,117.92783952826873,118.34585886059564,24120000
2021-06-08,118.7916030883789,119.83566884962734,118.61032939059169,119.46371239236086,24240000
2021-06-09,119.26213836669922,119.50680421418785,118.71533959615813,119.43499304217214,17942000
2021-06-10,120.60882568359375,120.65191843453623,119.05610363082518,119.21162145420193,25904000
2021-06-11,120.36466217041016,120.93522929039379,119.80795547002002,120.85004136800674,21958000
2021-06-14,121.29133605957031,121.29182729577786,119.76040219746265,120.46667894424607,22098000
2021-06-15,120.2750015258789,121.61821508792153,119.91492539953478,121.2957827685943,21562000
2021-06-16,119.63408660888672,120.73709313625113,118.34386620752609,120.4260499660565,26472000
2021-06-17,120.59595489501953,121.36761143590337,119.36417627217469,119.55981676846635,25842000
2021-06-18,118.97882843017578,120.45676156741861,118.88373266538906,120.22298605345948,46116000
2021-06-21,120.66429138183594,120.85002400068946,118.76833135754313,119.36466184351545,27414000
2021-06-22,121.17741394042969,121.24626258391147,119.92285713304612,120.60238795397534,22390000
2021-06-23,120.97583770751953,121.93520693581574,120.68609902579293,120.94265281129485,19148000
2021-06-24,121.34532165527344,121.89558179394285,121.1472098673998,121.54343344314708,21362000
2021-06-25,121.3537368774414,121.47706739414184,120.41913355136293,120.85003083307085,34594000
2021-06-28,121.38097381591797,121.62762727603534,120.26112916843773,121.52212486149851,28526000
2021-06-29,121.11996459960938,121.86141387084696,120.5439485707923,121.51421567121058,23108000
2021-06-30,120.93867492675781,121.10459938350833,120.21060249157534,120.84456919524074,24474000
2021-07-01,121.29033660888672,121.4314876540544,120.38594059110169,120.57761338692235,18110000
2021-07-02,124.07682037353516,124.22193909928588,121.89954069361225,121.98918751815422,25982000
2021-07-06,125.00054168701172,125.23629728290413,123.40818815923684,124.46414196993973,26404000
2021-07-07,125.28185272216797,126.08421522849032,124.96387932066273,125.96337112785648,24060000
2021-07-08,123.8653335571289,124.41163354428006,122.85297134620515,122.85693146563722,23790000
2021-07-09,124.33535766601562,124.54931746757865,123.37746981434283,123.84650966332048,18632000
2021-07-12,125.77862548828125,125.87174119358639,124.42698538906748,124.98864215287456,17668000
2021-07-13,126.14117431640625,126.8504211059645,125.48046166094439,125.84102901344178,19240000
2021-07-14,127.02824401855469,128.10748242717386,126.70878177120348,126.75187452354898,23742000
2021-07-15,125.80786895751953,127.48689186292526,125.33734774119283,127.43637765919685,24218000
2021-07-16,125.77318572998047,126.60675311071445,124.96438421147906,126.45965431837553,20424000
2021-07-19,123.40373229980469,125.01539513075979,122.34084076103703,124.9009824416762,27968000
2021-07-20,125.01985168457031,125.84549123943627,123.17837348032579,124.34427344891768,26312000
2021-07-21,126.34672546386719,126.39327953934199,124.83559982340273,124.94456356694099,20746000
2021-07-22,127.21100616455078,127.27193457369845,126.29720850450708,126.63895778032669,14302000
2021-07-23,131.76119995117188,132.14158302724823,128.5770069637434,129.20105830531395,41506000
2021-07-26,132.77157592773438,132.9716677436835,131.0544108775356,132.07173825057316,30572000
2021-07-27,130.65672302246094,133.13217589998683,128.8776617824026,132.9850770912304,54710000
2021-07-28,134.81117248535156,136.99340991482225,134.00237098890494,135.02711991535966,95130000
2021-07-29,134.49766540527344,135.37283673825075,134.2653786909646,134.8666518231357,31716000
2021-07-30,133.45657348632812,134.0291281776654,132.98952121699546,133.7621677510973,25576000
2021-08-02,133.58338928222656,134.06084070275674,132.5328843063412,133.84341197398865,21634000
2021-08-03,134.35154724121094,134.45257562502817,132.06282508292418,133.86120286667253,20762000
2021-08-04,133.85179138183594,134.37085413916293,133.21930598303135,134.07367895871374,19676000
2021-08-05,134.9672088623047,135.06479105676604,133.57495460052792,134.4015918705236,17870000
2021-08-06,134.45901489257812,135.1861048665177,133.93550829754662,134.7596665363423,20488000
2021-08-09,135.6224365234375,135.89089329134345,134.06376694609222,134.66109496877536,17760000
2021-08-10,135.51747131347656,136.473870441245,135.07913745799993,136.04741694474782,19414000
2021-08-11,134.9944305419922,136.38468931368453,134.98699398238975,135.88841987989014,15352000
2021-08-12,135.90077209472656,136.00577569090242,134.14894874698214,134.6937522046707,16506000
2021-08-13,136.42929077148438,136.55708777166163,135.74134841003345,135.9562982786935,15948000
2021-08-16,137.0057830810547,137.0582924489466,134.02366211168172,136.22867768916447,22384000
2021-08-17,135.3733367919922,136.96222146374024,134.7993008134567,136.45157763049883,21716000
2021-08-18,134.1722412109375,135.8121385014862,134.04594062787078,135.21332923875826,19258000
2021-08-19,134.4010772705078,135.06723891095177,132.98456366136284,133.16831623238994,21782000
2021-08-20,136.13409423828125,136.25741719492962,133.9751338465877,134.71806434850964,31194000
2021-08-23,138.72146606445312,139.54660679094027,136.31040338039173,136.66899066758523,28454000
2021-08-24,139.9299774169922,140.74075898991882,139.01567348257018,139.28609523311977,19268000
2021-08-25,140.73976135253906,140.84922389330168,140.04340002756325,140.29004594584057,15848000
2021-08-26,140.1072998046875,141.07508052854902,140.024575623053,140.41387655895255,20610000
2021-08-27,142.64662170410156,143.15032775638406,140.1632488403668,140.31728540087127,28780000
2021-08-30,143.22756958007812,144.59456634363275,142.80409381355324,143.03885933468914,24434000
2021-08-31,143.33358764648438,143.80311879352865,142.921024787272,143.77885928119906,22448000
2021-09-01,143.8467254638672,144.87543469951868,143.51785410887658,143.63325684788538,21936000
2021-09-02,141.93637084960938,144.14782535950548,141.8353273499022,143.84718882858917,32342000
2021-09-03,142.3845977783203,142.79617808623,141.05821486388777,141.73181296972672,19850000
2021-09-07,142.92051696777344,143.20233539694476,142.26525322192012,142.4787218019784,20124000
2021-09-08,142.33656311035156,143.03887971437993,141.65208215880904,142.74171960601453,18344000
2021-09-09,142.18795776367188,142.95020504745543,141.8278892569439,142.48463414055277,15314000
2021-09-10,139.54811096191406,143.35439037839083,139.41141126513372,142.8531480802231,36840000
2021-09-13,140.99087524414062,141.60254742162573,139.9185746785746,140.61147464793981,22094000
2021-09-14,141.2008514404297,142.01164800170844,140.41384582258058,141.64760424535336,19674000
2021-09-15,143.06813049316406,143.08892868043932,140.0151803025875,141.42575387169356,27408000
2021-09-16,142.25633239746094,142.9398308741866,141.05922759081184,142.5936227227182,26190000
2021-09-17,139.4728546142578,142.09787027790927,139.1459633045452,141.68232970886967,53384000
2021-09-20,137.41192626953125,137.68978457112166,135.03703359355418,136.85918731338376,46518000
2021-09-21,137.7224884033203,138.69176548662895,136.9746001490419,138.43222649685097,25332000
2021-09-22,138.961181640625,139.55899341584305,137.24551278316375,137.99092214087034,25056000
2021-09-23,139.88494873046875,140.3609189730995,139.078127022581,139.65860213207577,20952000
2021-09-24,140.87448120117188,140.9889014490048,138.91908904507557,139.21378542182566,22984000
2021-09-27,139.74224853515625,140.60058167299186,138.7472157143195,139.47726820093547,21882000
2021-09-28,134.54966735839844,137.7853721088004,134.08409637223073,137.34803586719997,45772000
2021-09-29,133.08709716796875,135.85822880609126,132.60320680070598,135.6888354361308,30848000
2021-09-30,132.4159393310547,134.26484619084297,132.29707531083466,132.9959304531151,37996000
2021-10-01,135.25595092773438,135.61999474858516,132.80923183052033,133.18019830322703,35360000
2021-10-04,132.39964294433594,134.67894893702572,129.81474265622978,134.67894893702572,51202000
2021-10-05,134.7408447265625,135.9310269065087,132.7775323428591,132.7775323428591,32404000
2021-10-06,136.26829528808594,136.45154903354904,133.28171570875574,133.4798274575008,24364000
2021-10-07,137.91268920898438,138.72198960280488,137.34409458009284,137.5828202850403,25110000
2021-10-08,138.46786499023438,139.00820959141265,137.90521071238433,138.26131910153538,26526000
2021-10-11,137.60459899902344,139.3856551740966,137.55010956888324,137.9790418985693,17954000
2021-10-12,135.162841796875,138.19201587064128,134.48032576565427,138.1652623909544,36332000
2021-10-13,136.28514099121094,136.6992001618353,135.23215741372877,136.1073286205011,19654000
2021-10-14,139.82049560546875,140.00523062194034,137.51641675537215,138.1593012632748,31894000
2021-10-15,140.03546142578125,140.38216837162227,139.4282481493286,140.27964359990548,30274000
2021-10-18,141.43218994140625,141.4500255958255,139.73979794647713,139.74673571374697,20396000
2021-10-19,141.88685607910156,142.30835187108826,141.25586693285337,142.03593493574522,20164000
2021-10-20,140.4326629638672,142.19292069612473,140.04386090950544,141.98687359411255,23288000
2021-10-21,140.54861450195312,140.8160737719273,139.1756770693696,140.43271296580383,26292000
2021-10-22,136.26979064941406,139.25785180366452,134.77353061581803,137.83836064745896,50588000
2021-10-25,136.1514129638672,136.69919414742475,134.147471866324,136.25343892863123,34412000
2021-10-26,137.99537658691406,138.7625665768636,137.0008424939082,137.95080257189426,49236000
2021-10-27,144.83926391601562,147.24883052188773,138.09097801545303,138.09097801545303,85782000
2021-10-28,144.4742431640625,145.77091036411727,143.2637614743381,145.7476333234458,36206000
2021-10-29,146.65052795410156,146.84467961742357,143.28604362604932,143.71050193740845,43320000
2021-11-01,142.1444091796875,146.65054199542533,141.8754686677179,146.65054199542533,46924000
2021-11-02,144.0616455078125,145.22705422331256,142.97498573084604,143.21668904679433,33482000
2021-11-03,145.21615600585938,145.2864859045198,143.2280704909867,144.52522105473867,27494000
2021-11-04,146.86993408203125,148.32211896882083,144.92890116234534,145.73770266628088,38412000
2021-11-05,147.44894409179688,148.91053064576994,146.8001192514088,147.76344109720048,38354000
2021-11-08,147.626220703125,149.19528935553726,147.03137153960657,148.4127275313217,23052000
2021-11-09,147.51480102539062,148.422167196909,145.85706777321636,147.8263354686144,19530000
2021-11-10,144.51828002929688,146.67427756177884,143.17507421941508,146.10964321080158,29970000
2021-11-11,144.3925018310547,146.144839595857,144.22806618195017,145.10869397753137,16518000
2021-11-12,147.2765655517578,147.44695650484718,144.04036175488466,145.23350653045176,22360000
2021-11-15,147.05267333984375,148.1398318289553,146.18394111280924,147.49694730851232,23508000
2021-11-16,146.4821319580078,147.3602657973772,145.923936479964,146.7530525035929,18904000
2021-11-17,146.65150451660156,147.15917066321168,145.85211965055908,146.63218759828888,19594000
2021-11-18,148.4261016845703,149.1611118388051,146.49052556955746,146.8441551156724,35608000
2021-11-19,147.52272033691406,149.5434998037264,147.49548317893243,148.56182849438522,33682000
2021-11-22,144.9229736328125,148.41722013621822,144.7699346505262,147.92491073453456,30594000
2021-11-23,144.4078826904297,145.2776127448071,142.75660327261244,144.77538788745673,27218000
2021-11-24,144.74266052246094,144.870941178912,143.0121337594424,144.1022548274951,18040000
2021-11-26,140.8427734375,143.19488775564477,140.50548313123517,142.9878581645666,30470000
2021-11-29,144.15872192382812,144.91849043687807,142.53714381167404,142.64264622326615,32596000
2021-11-30,140.5599822998047,144.62380552713375,140.26676719316237,143.64165054932508,42068000
2021-12-01,139.72193908691406,144.57476289409172,139.5837581329981,142.64264793268592,34020000
2021-12-02,141.61839294433594,142.50842215106744,138.89281831208532,139.91856472972714,29194000
2021-12-03,140.66297912597656,143.0388692426679,138.9785076767276,142.32665239215453,41230000
2021-12-06,141.8056182861328,142.49653820256228,138.8289386103009,141.69219562959748,30618000
2021-12-07,145.88133239746094,146.14037256639585,143.8585729968473,144.22409805259204,32240000
2021-12-08,146.78965759277344,146.99422341654622,145.0259537570448,146.20522267759694,24270000
2021-12-09,146.24684143066406,147.69456716893538,145.72827747091617,146.19978856816275,23270000
2021-12-10,146.60643005371094,147.57322820089257,145.32115971227452,147.2983475495059,24458000
2021-12-13,144.45193481445312,146.57522371786737,144.1458417908545,146.38849352115918,27070000
2021-12-14,142.55052185058594,143.11811878414613,139.88389547091273,142.61095145594314,38446000
2021-12-15,145.06063842773438,145.33799793275747,140.3425340803802,142.057220419799,36370000
2021-12-16,143.08346557617188,146.2849953541412,142.25335200656264,145.78326939220364,33650000
2021-12-17,140.38909912109375,142.4787119667157,139.9681021693179,141.15678788642228,50416000
2021-12-20,140.272216796875,140.43814883611964,138.0077689503243,138.68036958927007,27192000
2021-12-21,142.12014770507812,142.51290997715657,139.17814138751456,140.71451675436788,28756000
2021-12-22,145.03488159179688,145.1190870300756,141.71894670487805,141.71894670487805,26322000
2021-12-23,145.53167724609375,146.84616490784407,145.07154761613486,145.11909928211776,26384000
2021-12-27,146.51231384277344,146.9456899272966,145.7822613566382,145.8679480552697,15976000
2021-12-28,145.30433654785156,146.9011414809302,144.67780630211075,146.8387318072272,18200000
2021-12-29,145.2726287841797,146.02745475759826,144.27463333879814,145.26222969189286,17788000
2021-12-30,144.82241821289062,145.91155689259517,144.61836625158207,145.31126625234555,15688000
2021-12-31,143.48663330078125,145.31572484803414,143.48663330078125,144.6733390453183,18136000
2022-01-03,143.62481689453125,144.47621238059426,142.35836459751644,143.6877102445083,28646000
2022-01-04,143.03839111328125,145.10422816379875,142.3618304239217,144.025488639684,28400000
2022-01-05,136.47634887695312,143.1374673565992,136.39017847767096,143.05871840373825,54618000
2022-01-06,136.4490966796875,138.62093512341903,135.2713087279278,135.7071637287869,37348000
2022-01-07,135.7254638671875,137.14347368557924,134.48674768484292,136.84332084249846,29760000
2022-01-10,137.36241149902344,137.51100668479543,131.90931129081562,133.80477279843086,44408000
2022-01-11,138.41883850097656,138.89432489527653,135.4040389194939,136.70614733101905,28730000
2022-01-12,140.09738159179688,141.26378799505596,139.36832657676754,139.81952326901038,26108000
2022-01-13,137.2806854248047,141.50350289892143,137.10435430356105,140.20583825361632,31436000
2022-01-14,138.16575622558594,139.41537040651573,135.7071568754875,135.78688828807677,29662000
2022-01-18,134.716064453125,135.83887907326817,134.1618443053591,134.89139796047724,34872000
2022-01-19,133.8428955078125,136.659099745999,133.74284958736126,135.2366308573954,28648000
2022-01-20,132.05093383789062,136.3287393505402,131.71116467084525,134.96570256305773,29908000
2022-01-21,129.12283325195312,133.59427753713035,128.86033169564638,131.34370494374014,55652000
2022-01-24,129.571044921875,129.96628601137778,123.32646545512321,124.79053071235748,76622000
2022-01-25,125.73851776123047,128.17929675546682,125.30811925081203,127.52651182595139,46960000
2022-01-26,128.0148468017578,131.7463372318321,125.94355325697116,129.88307087009878,49130000
2022-01-27,127.78898620605469,131.402095911861,127.7171599273171,130.06631152982507,31950000
2022-01-28,132.09402465820312,132.09948115838165,127.27389448111535,128.43682430725084,34362000
2022-01-31,134.02813720703125,134.19604930787796,130.96330681145255,132.8974020956584,39986000
2022-02-01,136.34657287597656,136.49417046627246,133.1019500878879,136.2975399437779,68644000
2022-02-02,146.6049346923828,150.11799855990103,144.15079454769148,149.8242998123169,123200000
2022-02-03,141.74122619628906,148.26416246033293,141.32072802834824,144.33208137122566,71518000
2022-02-04,141.94232177734375,143.50941059648488,139.19050728126922,142.0923982148257,57998000
2022-02-07,137.88890075683594,142.89030508807886,137.5907279348419,142.89030508807886,54974000
2022-02-08,138.08502197265625,138.68035486899515,135.72250851145188,137.71603558970185,54284000
2022-02-09,140.25733947753906,141.18105994739093,138.8655843121402,139.63476944444088,40144000
2022-02-10,137.31336975097656,140.15087104730347,136.65662471919973,138.38666797793726,39330000
2022-02-11,133.01675415039062,137.8448048052889,132.1425653416151,137.29356222530336,39958000
2022-02-14,134.24853515625,135.01524150081954,132.00042669980434,132.00042669980434,34302000
2022-02-15,135.32083129882812,136.8066922748942,134.54124703407226,136.27375391882413,26680000
2022-02-16,136.43966674804688,136.78437846529766,133.65218142911007,135.3584485041593,25022000
2022-02-17,131.28970336914062,135.82107810404372,131.22977254722994,134.95878467171522,38950000
2022-02-18,129.173828125,132.80627055380495,128.96927736418834,132.20894242873914,45620000
2022-02-22,128.58987426757812,130.934551968721,127.01485025120279,128.61413377590594,44990000
2022-02-23,126.38534545898438,130.80627441884366,126.32541464727021,130.40757203513712,32786000
2022-02-24,131.4402313232422,131.74632433141673,123.77567056062922,123.77567056062922,54456000
2022-02-25,133.1920928955078,133.9964355070235,130.50961066397696,132.29314574757424,36406000
2022-02-28,133.78396606445312,134.47190837481307,131.34268834077528,131.79588020023658,38864000
2022-03-01,132.79782104492188,134.97114050786368,131.96278003223856,133.60712128280522,26496000
2022-03-02,133.3030548095703,133.98753587900154,131.81719355199346,133.35902551510424,23520000
2022-03-03,132.6373748779297,135.15342630121359,131.7716050611301,134.7279703958508,24604000
2022-03-04,130.66311645507812,132.58978974107598,129.1089059292519,131.6745035450613,30430000
2022-03-07,125.18724822998047,130.4932561715778,125.10453161947382,130.24859033799694,45112000
2022-03-08,125.90641784667969,130.0128427096033,124.48989666762061,125.05997251114222,40428000
2022-03-09,132.16236877441406,132.47490076693822,128.6760431854183,130.01282521138089,37026000
2022-03-10,131.18121337890625,132.01577069786407,129.6785144341432,130.02868267785485,27102000
2022-03-11,128.64634704589844,132.53435325187561,128.4096014176675,132.23024024414997,31526000
2022-03-14,124.7637939453125,129.17977343063143,124.09417093747396,129.0222755356904,38812000
2022-03-15,127.98016357421875,128.63048464416707,124.53544196299677,125.77910826853733,30920000
2022-03-16,132.02418518066406,132.07618063613359,127.52103109296921,129.50069760013957,35576000
2022-03-17,132.5774383544922,132.81666282246127,130.93902206243152,131.89393987458052,28264000
2022-03-18,134.84239196777344,134.9597747513969,131.01183774576378,132.16684745611494,44566000
2022-03-21,134.81861877441406,135.75817985549534,132.82855279964977,134.88003086032697,26832000
2022-03-22,138.5496063232422,139.72047161209517,134.81861439453007,134.81861439453007,35496000
2022-03-23,136.9721221923828,138.2727494521605,136.53578350471344,137.39509925472657,25154000
2022-03-24,140.23756408691406,140.2841181680178,136.45208246480055,137.8879131077777,26396000
2022-03-25,140.3376007080078,140.69618802841327,138.42034355673357,140.57830645229447,24126000
2022-03-28,140.12216186523438,140.66400300337222,138.4936456884533,139.57238537233414,35050000
2022-03-29,141.16224670410156,142.4381156620189,140.6996533281546,141.30292164446877,34318000
2022-03-30,140.6005859375,141.3752124596819,140.2652756920692,141.1171698835011,19884000
2022-03-31,137.75665283203125,140.7684898968639,137.71405887609035,140.71400046777697,37524000
2022-04-01,138.82943725585938,139.1469118661108,137.0038070973183,138.18507141556094,25942000
2022-04-04,141.62384033203125,142.35736929122916,138.98792752091472,139.03547918185924,25942000
2022-04-05,139.2657928466797,141.64266561089818,139.05926203677285,141.52232030143693,21418000
2022-04-06,135.26089477539062,138.0468839879228,134.23960723680352,137.44213448492033,32468000
2022-04-07,134.60763549804688,135.87160904442194,132.9622812413239,134.72798082207154,26234000
2022-04-08,132.03115844726562,134.39119350670921,131.71218740313546,134.3055067868507,25142000
2022-04-11,127.60921478271484,130.84739849692966,127.45567701767428,130.58093686472841,36884000
2022-04-12,126.51066589355469,130.35954686473357,125.59389066736169,130.35954686473357,32710000
2022-04-13,128.66961669921875,129.10547167871107,126.53691099276196,126.79347231964165,27928000
2022-04-14,125.53545379638672,129.24961528064816,125.40766436187617,129.24961528064816,31598000
2022-04-18,126.4730224609375,127.00396566233613,124.99261037205467,125.80290070747127,20808000
2022-04-19,128.7835235595703,129.10445946368372,125.8023852699178,126.48786373209683,26490000
2022-04-20,126.83309173583984,130.16043859794559,126.2981884119716,129.65821381786787,31696000
2022-04-21,123.63800048828125,128.87219024780205,123.35271317406067,128.03169266207186,36446000
2022-04-22,118.50782012939453,124.21996776137067,117.80402222276324,123.8217565690258,56884000
2022-04-25,121.91390228271484,122.11548294345009,117.39391716093655,117.97835219471519,46128000
2022-04-26,117.53160858154297,121.35522489023224,117.39391885369488,121.14175631057378,73054000
2022-04-27,113.2171630859375,116.13687453033563,111.67385011306806,113.39050900268353,91820000
2022-04-28,117.40531158447266,118.52168744721978,113.03935526290716,115.31767859411205,48884000
2022-04-29,113.03390502929688,116.80848848076448,112.74168750254856,115.63416187311658,42676000
2022-05-02,115.48409271240234,115.64505948132707,111.53863464466028,112.336047043813,35534000
2022-05-03,116.22799682617188,117.32555439275247,114.94074653559059,115.33300992788271,24968000
2022-05-04,121.10858917236328,121.6964931840782,114.03093255384537,115.92838177441394,49916000
2022-05-05,115.40731811523438,119.89808593817084,113.92145713876644,119.07095756816793,45840000
2022-05-06,114.65547180175781,116.46327388916288,112.94079298131821,114.09877271953016,39710000
2022-05-09,111.45046997070312,113.99228466247091,110.9447838916454,112.18250256559926,40802000
2022-05-10,113.31670379638672,115.15422180073458,111.83629181263385,114.41872033983715,39900000
2022-05-11,112.53169250488281,115.26765913375326,112.16914505288369,112.16914505288369,37534000
2022-05-12,111.78033447265625,113.21765378291165,108.7892955470922,110.32765836329241,53836000
2022-05-13,114.95661163330078,116.76391499760273,112.53416717091297,113.45341371338583,35038000
2022-05-16,113.36624145507812,115.07498009851662,112.8159813449991,113.87192754882359,25990000
2022-05-17,115.37511444091797,115.7980914346333,113.78722760923657,115.73915065465215,23054000
2022-05-18,110.84474182128906,114.31224988096989,110.50398258581235,113.916018739077,35126000
2022-05-19,109.34352111816406,111.9447678514437,108.96313804874286,110.38114796918116,34144000
2022-05-20,107.88143920898438,111.1260696305812,104.79927194524407,110.89575541298444,48962000
2022-05-23,110.43712615966797,111.09040991093484,107.7160174270797,108.55454258908792,37184000
2022-05-24,104.97112274169922,105.4550205953626,100.92413026723496,104.77499103421867,76780000
2022-05-25,104.80767059326172,105.49611914358974,102.87753579922828,103.99589154298525,40258000
2022-05-26,106.77645874023438,107.62537539755519,104.23315497933007,104.68089790507406,37948000
2022-05-27,111.2577896118164,111.25927843517611,108.10974441375481,108.45100237724625,37914000
2022-05-31,112.68968963623047,114.64409187492326,111.02205599422837,111.68375875485165,50012000
2022-06-01,112.81845092773438,115.99770128554901,112.18250412043044,113.77237869617002,36606000
2022-06-02,116.51380157470703,116.78819102813776,111.88188208557078,112.9254492568471,37992000
2022-06-03,113.46133422851562,115.22505349151253,112.44847324423242,114.96849217131312,26136000
2022-06-06,115.71935272216797,118.22203484000119,115.06903914035705,115.60444124136708,33542000
2022-06-07,116.04524230957031,116.58164197916135,113.96751735517762,114.39197563745488,31590000
2022-06-08,116.08934020996094,117.45286840813779,115.50093744683771,115.66091419510431,26108000
2022-06-09,113.75305938720703,117.18391328926909,113.69411860375493,115.23099254159975,25798000
2022-06-10,110.11368560791016,112.21122625756998,109.3256823347158,111.38508794278529,41452000
2022-06-13,105.38964080810547,107.76602221273737,105.11872028376786,105.77992416332314,47252000
2022-06-14,105.7095947265625,106.90719827486238,104.80272741507743,105.53079987627487,33706000
2022-06-15,108.72987365722656,110.37323269448156,106.65461971976072,107.52186328880767,39698000
2022-06-16,105.03402709960938,107.62437594926033,104.14696791638478,106.21033370451282,51684000
2022-06-17,106.1335678100586,107.67490072923101,104.05583519453621,105.03403005332456,51376000
2022-06-21,110.4925765991211,111.42916744939824,107.57632672264717,107.90271913799603,47416000
2022-06-22,110.43663787841797,112.27810880297369,109.342050124242,109.51441359239189,30774000
2022-06-23,111.18400573730469,111.6797915400438,109.45892779579324,111.17360664482932,28362000
2022-06-24,116.86296844482422,116.9659920122871,111.88781133853583,111.92991405965786,41164000
2022-06-27,114.74166107177734,117.46177198860401,114.09381876102695,117.15816533978835,36420000
2022-06-28,110.95171356201172,116.20373868185764,110.79371689299163,114.71093996164035,35792000
2022-06-29,110.64860534667969,112.0938524988512,109.82741711494367,110.50051652384064,24716000
2022-06-30,107.93590545654297,109.84276331000032,105.74376787127404,108.96313316946271,43170000
2022-07-01,107.71253967285156,108.22020580753811,105.72445397417482,106.91561856393403,35476000
2022-07-05,112.19537353515625,112.30829738922557,104.734864359828,106.09096331087137,39342000
2022-07-06,113.4920425415039,114.49995339678294,110.42522478314434,112.2340168911837,37432000
2022-07-07,117.66334533691406,118.06601541008106,113.75107996208602,113.99525457205867,40936000
2022-07-08,118.22846984863281,118.55684233619526,115.7995790452909,116.14479715482749,38238000
2022-07-11,114.58613586425781,116.88575614827931,114.24339658286063,116.88575614827931,31196000
2022-07-12,112.94574737548828,115.87140665042774,112.61836489266997,115.1195582947248,29960000
2022-07-13,110.30387878417969,113.11958408095617,110.15331111772146,110.64809930840663,43722000
2022-07-14,109.32717895507812,110.04584240505243,107.35147984912258,109.17166113070019,37004000
2022-07-15,110.723876953125,112.0740357874239,109.85465344414168,110.94478208000046,46770000
2022-07-18,108.00227355957031,112.60844381063112,107.34849870061805,111.57824602434704,43164600
2022-07-19,112.73722839355469,112.94524803380152,108.52728874896475,109.80513015974967,36530900
2022-07-20,112.82638549804688,114.31224656898476,111.41977216468759,112.10326311823246,35600400
2022-07-21,113.26222229003906,113.47024947099275,110.06267265031975,113.20279027118345,32676200
2022-07-22,106.88292694091797,111.28106998447005,105.49612194841016,109.95370456594861,48901200
2022-07-25,106.49661254882812,108.83436778668157,105.29801891918392,107.38813065775187,34690900
2022-07-26,104.03008270263672,106.1895344193416,103.08904038448871,105.59519150485441,47991000
2022-07-27,111.99429321289062,112.83628715279444,106.99189908350105,108.23011657455983,59858500
2022-07-28,113.14337921142578,113.26224327115584,110.40939247542086,111.31081856827197,32816600
2022-07-29,115.22355651855469,115.6098797375476,111.99428346680043,112.01409917712164,37223400
2022-08-01,113.7773208618164,115.61978895447348,113.26221819210625,114.21317580426667,26034300
2022-08-02,114.04479217529297,115.25329377338157,112.64808663933259,112.92544617512725,20236000
2022-08-03,116.96697235107422,117.5018831842093,114.39148162513001,114.61930939856126,28499000
2022-08-04,117.07594299316406,117.66037802315151,115.7881937755093,116.37263636297655,21602900
2022-08-05,116.36273193359375,116.996698705037,114.90658690755124,115.13442225860744,19159500
2022-08-08,116.19432830810547,119.01746257719415,115.77828150201907,117.27405029484413,19138300
2022-08-09,115.53064727783203,116.21414578212966,114.61932097708862,116.0358421530729,19086500
2022-08-10,118.57170104980469,119.78020250101322,117.29386728055461,117.66037481224664,30930400
2022-08-11,117.71981048583984,120.34483309629736,117.44245097514634,120.13681346327724,24293700
2022-08-12,120.53305053710938,120.53305053710938,118.33397493999934,119.12643720187907,19096300
2022-08-15,120.92927551269531,121.14720300149365,119.47313052616087,119.98822567992796,19494800
2022-08-16,120.55284881591797,121.27597113744898,119.50284282881232,120.37454519947742,19041200
2022-08-17,118.4231185913086,120.14671514597028,118.25471527634345,118.98774543977429,22847000
2022-08-18,119.03727722167969,119.68115184104835,117.60094792710956,118.30425456881134,17987700
2022-08-19,116.10518646240234,118.02690258693414,115.65943115149652,117.93774699026473,21809500
2022-08-22,113.16317749023438,114.54007481677039,112.77685421487422,114.11412767246556,21456600
2022-08-23,112.7867660522461,113.92592776280064,112.36081889290763,112.41035062020673,15870400
2022-08-24,112.61836242675781,113.6980844778473,111.80609203500424,112.43015094510808,17734600
2022-08-25,115.55046844482422,115.61980832842583,113.03440936381037,113.1631812740761,16956800
2022-08-26,109.29993438720703,114.03488457916195,109.15135432931017,113.63865345731685,37245700
2022-08-29,108.38860321044922,109.90418019250721,107.77445217888464,108.95323007744102,21191200
2022-08-30,107.91313171386719,109.4584247030461,106.78387798216265,109.13153347611065,27513300
2022-08-31,107.19992065429688,109.80512758191875,107.11076506343836,109.60701580275753,28627000
2022-09-01,108.7055892944336,109.40889593174482,106.34802588101795,107.25935215267644,28360900
2022-09-02,106.83340454101562,109.69616280050401,106.24896950777163,109.54757518879592,24160700
2022-09-06,105.80320739746094,107.01170889666186,104.7829173782116,106.28859410286454,25068300
2022-09-07,108.41831970214844,108.94333026280533,105.89236057332785,106.05084848113617,23167000
2022-09-08,107.35840606689453,108.56690754109273,106.14991215017609,107.02161453866474,24238300
2022-09-09,109.60701751708984,109.94380905842759,107.99237701749992,108.0419087418049,23197700
2022-09-12,109.8150405883789,110.56787898796314,108.89380641286198,109.94381249512503,22966800
2022-09-13,103.33667755126953,107.2791653268789,103.10884221000528,106.78387833563288,38172900
2022-09-14,104.01026153564453,104.28762102387624,102.68289611125587,103.58431444800893,26395100
2022-09-15,101.93997192382812,104.2777195640779,101.38524535586336,103.04940994479824,34188300
2022-09-16,101.83100891113281,102.15789258323697,99.98854069027041,101.10788657515745,42797200
2022-09-19,102.09846496582031,102.3560163297047,100.59279576557026,100.79090754857049,23036800
2022-09-20,100.18665313720703,101.40506247498007,99.57249454030391,101.11779510985505,26517100
2022-09-21,98.34419250488281,101.91025764699961,98.33428464808382,100.71166392865516,31487300
2022-09-22,99.19608306884766,100.28571299374859,97.8588096356747,97.88852564747053,34298600
2022-09-23,97.80928039550781,98.72061427278281,96.55125466682168,98.69089070275186,31625400
2022-09-26,97.2446517944336,98.93853249770274,96.87814423603862,97.17531191386047,27072700
2022-09-27,96.58097076416016,99.05740591195914,95.95691182760773,98.49277900056019,30072800
2022-09-28,99.10693359375,99.75080065991985,96.19464356038361,96.72955443737825,32466300
2022-09-29,96.501708984375,97.71021036985752,95.05547197538944,97.71021036985752,31047200
2022-09-30,94.74842071533203,97.96778676250888,94.65926511028924,96.13522606253521,32941500
2022-10-03,97.7102279663086,98.35410263850108,95.61020816765206,95.84795139144903,27982000
2022-10-04,100.68193817138672,100.88004994331021,99.43381284732565,99.49325242488644,28850800
2022-10-05,100.47393035888672,100.96921740441856,97.86872322008227,98.88901332468096,22176900
2022-10-06,100.46401977539062,101.95978872839768,99.64184148832554,99.73099708399155,22324000
2022-10-07,97.74984741210938,99.58240789041014,97.37343199435752,98.90881723510454,27502800
2022-10-10,96.93756866455078,98.16587826309313,96.09558230714255,98.0668223782474,18225100
2022-10-11,96.26397705078125,98.31446483110562,95.40217499101496,96.51162053902081,26507100
2022-10-12,96.64039611816406,97.81918158553775,95.82812574805676,96.3828523219572,21876400
2022-10-13,98.12626647949219,98.83948103016371,93.4903794576078,94.2531257355406,34574500
2022-10-14,95.64981842041016,99.74089368039773,95.46161450854994,99.04748737926585,25410700
2022-10-17,99.02769470214844,99.97864493812595,97.8984408245826,97.92815683860054,28419200
2022-10-18,99.82014465332031,102.49469914853343,99.02768994018629,102.15790003840424,24060700
2022-10-19,98.69088745117188,100.06778474217612,97.98758079988396,99.06731041769221,23811100
2022-10-20,99.02769470214844,101.35554234248221,98.45315990619932,99.05741071616639,25323200
2022-10-21,100.17674255371094,100.35504617005535,96.79888925641042,96.92766115141708,32458700
2022-10-24,101.55364227294922,101.78147761626212,99.0375909853776,100.84043534742486,27176400
2022-10-25,103.49517822265625,103.83196976605646,101.751765809669,101.93006943778678,40611400
2022-10-26,94.03519439697266,97.38333194848032,93.79745874225998,95.52105546451727,88114100
2022-10-27,91.35075378417969,94.53049605409491,90.93471443465388,93.62906990597432,60710900
2022-10-28,95.38237762451172,95.63992899750288,91.26158588657455,91.40026565107432,43697300
2022-10-31,93.619140625,95.12480961516302,93.09413767157132,94.52055893659968,31675000
2022-11-01,89.61723327636719,95.12482243853582,89.5181773853351,94.55028769007764,47161400
2022-11-02,86.15022277832031,90.32053844962222,86.06106718761413,90.08280280353895,57038300
2022-11-03,82.64359283447266,85.70446300437007,82.55443724057845,85.50635121846325,61288000
2022-11-04,85.7638931274414,85.8233251451628,82.92094321259124,84.5950155815513,51124900
2022-11-07,87.65589141845703,88.06203038731945,86.03135065796711,86.45729778160043,34078900
2022-11-08,88.06204223632812,89.46865569620269,86.76438497857373,88.06204223632812,30429000
2022-11-09,86.4969253540039,88.59694505123552,86.4573014852848,87.616271304768,31769100
2022-11-10,93.05452728271484,93.50028257555145,90.74648796696232,91.38045474487578,51620100
2022-11-11,95.5012435913086,96.01633874938153,93.03470887381417,93.79745509098437,33090500
2022-11-14,94.79792785644531,95.87765743584981,93.61914994697848,94.19367711771467,30179500
2022-11-15,97.5121078491211,99.19608064116606,95.79841148852762,97.33380422522976,41640800
2022-11-16,97.91824340820312,98.70079781521773,96.71964971365578,96.9772010829533,29105200
2022-11-17,97.43285369873047,98.34417991306272,95.87765290955153,96.0559565217017,26052600
2022-11-18,96.51162719726562,97.96777221776902,95.46162115308442,97.8389927582132,28342300
2022-11-21,94.69886016845703,97.47247001889488,94.46112455648428,96.3729324219875,21647400
2022-11-22,96.13521575927734,96.30361153605567,93.16349357268429,95.04557824487563,23438500
2022-11-23,97.53192138671875,97.82909662876517,96.17483219901126,96.17483219901126,18868100
2022-11-25,96.54134368896484,97.71022134220922,96.48191166578498,97.31399022022332,9701400
2022-11-28,95.14464569091797,96.66022286050219,94.70879066686162,96.1253119375641,26237500
2022-11-29,94.29273986816406,95.21397397473142,93.22291815263816,94.82765072592701,20061700
2022-11-30,100.03807067871094,100.0876024039482,93.52999950599408,93.92623063545153,43647500
2022-12-01,100.03807067871094,101.28619609138381,99.3050480015768,100.06778669086121,28687100
2022-12-02,99.4932632446289,99.82014694810282,97.96777825098889,98.11636587483002,21480700
2022-12-05,98.54230499267578,100.42438954950684,98.0668261466735,98.46305725876209,24405100
2022-12-06,96.06586456298828,98.83946707599033,95.51113801440432,98.36399581432345,24910700
2022-12-07,94.04508972167969,95.9667979738765,93.8271622516159,95.50123458303383,31045400
2022-12-08,92.8266830444336,94.67905903360328,92.56913170384522,94.48093971104322,32213300
2022-12-09,91.95498657226562,93.37150769977879,91.87573883817876,92.88612099660666,28225400
2022-12-12,92.43046569824219,92.67810922014937,90.74649277226557,91.83612275716106,29420000
2022-12-13,94.72858428955078,98.59182421305074,94.13424142996912,96.83851164366295,40593700
2022-12-14,94.17388153076172,95.9569179743863,92.71773636138178,94.30265344600319,28733600
2022-12-15,90.00355529785156,92.75734984088065,89.16156889949431,92.25215497887433,40107000
2022-12-16,89.40921020507812,90.46912406913405,88.67618001312934,89.904497198702,58011800
2022-12-19,87.60636901855469,89.70638111067228,87.37853366795777,89.4092134382398,29493000
2022-12-20,88.18090057373047,88.33939605285829,86.61579928348552,87.27948209800233,23453800
2022-12-21,88.7356185913086,89.36958533140333,87.48749326534973,88.24033160326711,24745600
2022-12-22,86.93276977539062,87.70541622770546,85.50634090497599,87.32900085689239,27658300
2022-12-23,88.38892364501953,88.70590703096771,86.24928012175934,86.28890398968787,23003000
2022-12-27,86.5662612915039,88.10165401513619,86.18984589203967,87.96297425967674,20097300
2022-12-28,85.20915985107422,87.21012327433716,85.12991968620067,86.16011740434456,19523200
2022-12-29,87.61627197265625,88.01250310538757,85.79361934256455,85.8035271991899,23333500
2022-12-30,87.39834594726562,87.46768582385727,85.75398950597845,86.16012846707217,23986300
2023-01-03,88.27996826171875,90.19177661489522,87.68561774395883,88.7455317496589,28131200
2023-01-04,87.249755859375,89.7955306240279,86.4473858159188,89.49835541423235,34854800
2023-01-05,85.3874740600586,86.74456313346334,85.09030640052188,86.64550724695111,27194400
2023-01-06,86.5167236328125,86.86343055515435,84.06010451251869,85.97191250445123,41381500
2023-01-09,87.19031524658203,89.20118670166892,87.03182734539318,87.52711431751243,29003900
2023-01-10,87.58656311035156,87.83420664383988,85.02097973100345,85.16956736259262,30467800
2023-01-11,90.6573257446289,90.73657347544317,88.17099053953802,88.33938629940864,26862000
2023-01-12,90.27101135253906,91.0040415982066,88.90402187065258,90.61771831946737,30258100
2023-01-13,91.25167083740234,91.32101070844415,89.28042332532422,89.99363774602796,26329200
2023-01-17,90.42948913574219,91.38043914022266,89.20117965797311,91.19222768728588,32602400
2023-01-18,90.2611083984375,91.92527307231936,89.78562953840836,91.27149058446429,29116700
2023-01-19,92.17290496826172,92.72762393718007,89.77571037226642,89.8648659536878,37000400
2023-01-20,97.0960464477539,97.37341347688135,94.12432486726897,94.20357258987681,63191100
2023-01-23,98.8493881225586,99.09703164198855,96.58097257768254,97.02672788966429,40005100
2023-01-24,96.77906799316406,98.67106778903306,96.28378103811721,97.17529906869738,33078500
2023-01-25,94.32245635986328,95.25359832710816,92.87621924407682,94.66915574421624,42330000
2023-01-26,96.60077667236328,96.6503083971589,94.48094883976952,95.59039448086202,30114000
2023-01-27,98.43334197998047,99.37438426539468,96.39275438266596,96.39275438266596,33879800
2023-01-30,96.0262451171875,97.36351849369827,95.49133425508724,96.56115597928776,27226200
2023-01-31,97.90833282470703,97.94795669253232,95.9073766231504,95.95690834730202,29870700
2023-02-01,99.48332977294922,100.2361679977527,96.66019587678434,97.7795415808838,35531100
2023-02-02,106.72444152832031,106.83340527382167,104.61452161152837,104.80273309148161,69883800
2023-02-03,103.79234313964844,106.79378116863643,101.61308334943693,101.9597827400415,65309300
2023-02-06,101.93006896972656,103.37630614338306,100.91967922920541,101.43478195583818,31999600
2023-02-07,106.62538146972656,107.1602923201408,102.14799045298909,102.2470463384407,49010200
2023-02-08,98.43334197998047,102.16780266804861,97.11587673441662,101.08808062599397,94743500
2023-02-09,94.11443328857422,99.08711120195127,92.7474363981296,99.05739519259022,119455000
2023-02-10,93.67857360839844,95.83802501702435,93.36159026206248,94.55027592145254,54980700
2023-02-13,93.71821594238281,94.30265103215068,92.9554696553359,93.84698785432812,50076100
2023-02-14,93.78753662109375,93.9559323693414,91.39034961051733,93.53989314750166,54726100
2023-02-15,96.0262451171875,96.20454873788759,93.26254277507603,93.5993343044652,50169000
2023-02-16,94.60972595214844,96.75926974325574,93.8469797311233,94.47104619514022,42462600
2023-02-17,93.46065521240234,94.65924884324633,92.33140145912851,93.95594221146911,34284100
2023-02-21,90.92478942871094,92.22243896547124,90.85544955020039,92.12338307581045,33629300
2023-02-22,90.78610229492188,91.24176539632087,89.75590449970178,90.83562645698825,30884000
2023-02-23,90.03327178955078,91.07337753026592,88.9139258711701,91.05356181773953,41206400
2023-02-24,88.28985595703125,89.04269429656404,87.7450448035044,88.59693902936208,36585100
2023-02-27,89.02289581298828,89.31016320477262,88.49788519922211,89.02289581298828,27502300
2023-02-28,89.2110824584961,90.37005965794255,88.47805989316787,88.48796774820013,30142000
2023-03-01,89.50827026367188,90.17195305226244,88.82477176222423,89.13185485166831,31111200
2023-03-02,91.13280487060547,91.41016437188449,88.74551798499179,88.81486541779114,32204400
2023-03-03,92.76725006103516,92.8464977892345,91.578556810483,91.60828037666724,35160100
2023-03-06,94.23330688476562,95.06539301867707,93.11396092623885,93.13376908199567,32639300
2023-03-07,92.97528076171875,94.76821737043342,92.64838951204187,94.08472641631292,27835500
2023-03-08,93.36160278320312,95.05548347587344,93.11395927449436,93.23283087936741,34103300
2023-03-09,91.44979095458984,94.62953257298054,91.0337516903099,93.16348729195221,28813500
2023-03-10,89.77571868896484,91.91536215154204,89.54789090168737,91.30120355228826,35941000
2023-03-13,90.25119018554688,91.6974271975187,88.57711784736642,89.24080055798404,37335600
2023-03-14,93.08423614501953,93.47055938446682,91.56865919680635,91.68752323511042,36050200
2023-03-15,95.20407104492188,96.01634145078066,91.76677793656864,92.3413126902805,50622100
2023-03-16,99.3743896484375,100.2361918035118,94.59982296945131,95.29322179021432,65492000
2023-03-17,100.66213989257812,101.87063391183739,99.15646307131937,99.31495855039098,61028500
2023-03-20,100.26590728759766,100.79091032876192,98.9286338217588,99.17627733608008,32960400
2023-03-21,103.9310073852539,104.1093109820234,100.26588713302162,100.29560313957008,42110300
2023-03-22,102.3956298828125,105.58527158969119,102.35600601870802,103.28714037398593,43427400
2023-03-23,104.60460662841797,105.29801292140883,103.47535294059679,104.06969579353225,40797800
2023-03-24,104.44612121582031,104.49564537954834,102.86119682693183,104.00035839739058,30393300
2023-03-27,101.49422454833984,103.77254807247455,100.9692214681431,103.63386829874261,31120900
2023-03-28,100.07768249511719,101.48429565568745,98.7998412241836,101.47439535781645,32057900
2023-03-29,100.43428802490234,101.52391781326301,99.70126544836577,101.3158981992788,28779600
2023-03-30,99.93901824951172,100.20647748309447,98.83948041696144,99.9588339632855,33086200
2023-03-31,102.75224304199219,102.91073095009241,100.08759659739673,100.34514795022433,36863400
2023-04-03,103.37630462646484,103.54470039492068,100.96920947198919,101.42487261118261,25035400
2023-04-04,103.73291015625,104.5848043981141,103.05931953611281,103.34658690208836,24420100
2023-04-05,103.48526763916016,105.09990054860849,102.68290511251428,104.7829171689168,28290500
2023-04-06,107.39802551269531,108.14095597289517,103.34658169732893,104.26781577027593,48711500
2023-04-10,105.43669128417969,106.57584525506634,104.12913400189751,105.97160211204229,27067400
2023-04-11,104.35696411132812,105.72396099898825,103.69328137868473,105.5456573857056,26311800
2023-04-12,103.6536636352539,105.74377539759396,103.35648840973943,105.57537962995973,24370300
2023-04-13,106.4173583984375,106.4767904162888,104.84234190806362,104.84234190806362,24843600
2023-04-14,107.84380340576172,107.91314328944536,105.83293166397492,105.8824633912406,26578000
2023-04-17,104.97112274169922,105.15933421068411,103.53478597901366,103.67347328496217,37571200
2023-04-18,103.51497650146484,105.53574824150101,103.08902940590605,105.4862165216186,26596400
2023-04-19,103.19800567626953,103.9904679457502,102.09846786716825,102.60366275289918,20905700
2023-04-20,104.29753112792969,105.24848120414728,102.89091794586696,102.93054181039429,27820800
2023-04-21,104.4164047241211,105.0008397327794,103.79233829269596,104.47583674331223,25800100
2023-04-24,104.97112274169922,105.62489761912755,103.71308959239947,104.49564392017723,23542800
2023-04-25,102.87110137939453,105.68433527760472,102.86119352397525,104.83244109105003,46664100
2023-04-26,102.73242950439453,105.3475442819754,101.66260776152602,103.93102314766244,53347600
2023-04-27,106.57586669921875,107.34852086658351,102.56404601924885,103.46546454495318,50089200
2023-04-28,106.32821655273438,106.3381244094829,104.09942490557832,106.03104886760178,36139800
2023-05-01,106.18952941894531,106.97208378320418,105.8131140209073,105.83292217554937,26681700
2023-05-02,104.3272476196289,106.18952391615264,102.73242296305273,106.13009189782639,30997200
2023-05-03,104.4164047241211,106.47679281670248,103.97064190774891,104.53526876250336,21795400
2023-05-04,103.70319366455078,104.6046120675871,102.98997918095117,104.49564832384382,23419500
2023-05-05,104.57489776611328,104.88197329032847,103.1286606207244,103.83196725980174,26639300
2023-05-08,106.75415802001953,106.94236950082018,104.16876679983567,104.18857495479786,26511400
2023-05-09,106.33811950683594,109.1117297850802,106.17963159356827,107.36831739425581,36360100
2023-05-10,110.69664001464844,111.87542544527842,106.91264779027239,106.95227165556445,63153400
2023-05-11,115.4712142944336,116.80848772250684,113.33157832101242,114.31224449393545,78900000
2023-05-12,116.40235137939453,116.91744652756881,115.01554628549181,115.58017315602966,41102300
2023-05-15,115.41177368164062,117.3632055833455,114.91648670384667,115.01554258790955,36266800
2023-05-16,118.38349914550781,119.61180877166494,115.33252945579774,115.39196147654542,45035600
2023-05-17,119.70095825195312,120.52313648382196,117.76934197947081,118.48255646699654,33323600
2023-05-18,121.67219543457031,122.14766668018034,119.6910476104105,119.8099116430734,35234200
2023-05-19,121.60285186767578,124.78259312192671,120.99860119507107,122.38540614133564,41353400
2023-05-22,123.87129211425781,125.23828162823854,121.58306084321728,121.78118019432495,35253000
2023-05-23,121.40474700927734,123.45523488676992,121.05804762080852,122.98967145510028,34046300
2023-05-24,119.7603988647461,120.76088072713313,118.73020099136893,119.97832635531356,34182600
2023-05-25,122.31607818603516,124.1387306788188,120.81040150658113,123.34626847305567,42317000
2023-05-26,123.43543243408203,124.07930707525598,121.29578886786955,122.00900338994037,35635900
2023-05-30,122.5042724609375,124.47551996431581,120.85001586089886,124.45570425411752,35076700
2023-05-31,121.71183013916016,122.89060806044641,121.34531503835157,121.59295853842984,37325800
2023-06-01,122.55382537841797,123.24722420572046,121.46419541087958,121.66230720225732,30772700
2023-06-02,123.49486541748047,124.96091834173134,122.59344695882075,122.82127475890255,26980100
2023-06-05,124.82222747802734,126.22884069489605,122.67267622973692,122.84107954751497,32305500
2023-06-06,126.10997009277344,127.08072835419054,124.17835386828453,124.82222846227405,26638300
2023-06-07,121.34532165527344,127.8236693200009,120.96890623532141,125.77318888731985,52539000
2023-06-08,120.98872375488281,122.0684534875552,120.09720552549297,121.07787935656224,29389200
2023-06-09,121.07785034179688,122.59342718983049,120.76086699813939,121.0976584943784,23778300
2023-06-12,122.47457122802734,122.88071020381717,120.51323890061894,121.63258482252455,28306400
2023-06-13,122.66276550292969,123.98023057850732,122.01889096875816,123.80192697762102,22278300
2023-06-14,122.5042724609375,122.8806953799138,120.30519719263269,121.93964563995213,30592300
2023-06-15,123.91090393066406,124.27741904880322,121.2462648829115,121.97928756170958,35246300
2023-06-16,122.3656005859375,124.92128322731656,122.11795709489255,124.742979611465,45535600
2023-06-20,121.93966674804688,123.39581184304008,120.98871654585305,121.77127096960723,26097500
2023-06-21,119.41370391845703,121.50381575399224,118.96794106457482,121.24626438669232,30306300
2023-06-22,121.98918914794922,122.07833718002013,117.70990978650924,118.8688795483101,26952200
2023-06-23,121.18682098388672,121.63258382371362,119.91888745789723,120.2358708393946,34913600
2023-06-26,117.22452545166016,120.85002997860882,117.1551855728241,119.62172031459276,33969900
2023-06-27,117.21463012695312,117.95756067064339,115.0056466517561,115.97641255413603,39535900
2023-06-28,119.04718017578125,119.25519980286133,115.74856703748377,115.98630267450676,27091400
2023-06-29,117.97737121582031,118.92832142410506,117.1849164876566,118.11605098218598,24090900
2023-06-30,118.57170104980469,119.93869796362138,118.5618007515014,119.03727202436663,29532200
2023-07-03,118.76982879638672,119.05709617461561,117.7000070203923,118.11604630300786,14467900
2023-07-05,120.6023941040039,121.45428841644171,118.10615075051018,118.11605104991308,27584800
2023-07-06,118.97784423828125,119.16605571745576,117.2839635981503,118.67076871540064,24745200
2023-07-07,118.35377502441406,119.90897577306588,118.2745272971948,118.96792601666532,21709500
2023-07-10,115.35233306884766,117.19480121428604,115.04525756376775,117.18490091620437,35315200
2023-07-11,116.03584289550781,116.60046979822023,114.26271445006495,115.19385646970584,23078800
2023-07-12,117.80897521972656,119.1957804383142,117.2938800252411,117.6802033104753,30404400
2023-07-13,123.36608123779297,123.65334859158274,119.31462983276822,119.7901086563636,44297900
2023-07-14,124.23778533935547,125.58496654137278,122.3259772774838,123.62363431555437,33283100
2023-07-17,123.47505950927734,125.90196296117138,123.02929664266715,124.75290096825793,25716200
2023-07-18,122.59343719482422,123.50476343752902,121.80097499226719,123.4255157057774,26193600
2023-07-19,120.8797378540039,124.00004730657234,120.65191007779664,123.4255126020401,37224000
2023-07-20,118.0764389038086,122.92034602590522,117.10568044230457,120.27551478647455,37906800
2023-07-21,118.88870239257812,119.84956049684531,117.61086843012961,119.48305290974022,72937900
2023-07-24,120.38446044921875,121.84060548000588,119.83964926814579,120.51323990968405,29686100
2023-07-25,121.05804443359375,121.98918638737764,119.87925898635496,120.21605806734303,52509600
2023-07-26,128.05149841308594,129.74537139876955,127.11045618604405,128.8439605940008,61682100
2023-07-27,128.1802520751953,131.98406720387166,127.5760014129933,130.42885898076116,44952100
2023-07-28,131.33029174804688,132.47936111951782,129.3392436159831,129.5472556742055,36591200
2023-07-31,131.46897888183594,132.27134138142645,130.53783692899188,131.47887918017878,28055500
2023-08-01,130.3100128173828,131.3798345519529,129.44820315858595,129.54726660464158,23166800
2023-08-02,127.16988372802734,128.86375665408545,126.35760586456863,128.2297899546614,26273300
2023-08-03,127.23921203613281,128.170353902993,126.21892214754122,126.76374080527408,20089500
2023-08-04,126.90245056152344,130.27039650877546,126.70433876138416,128.0614204630477,26147200
2023-08-07,130.29019165039062,130.36943938092537,127.80385645406918,127.94253620376521,22746300
2023-08-08,130.16140747070312,130.27037120686035,128.31893936883662,129.3887610197551,23535200
2023-08-09,128.4378204345703,130.79537612894666,127.78403800787017,130.4189683106613,24912900
2023-08-10,128.46754455566406,130.80529980166855,128.22980135413556,130.08218501342233,20857800
2023-08-11,128.3387451171875,128.7052526035577,126.96184807533274,127.44723470143826,19591100
2023-08-14,130.0920867919922,130.13170310188443,127.7444312206599,128.170370790581,24695600
2023-08-15,128.55670166015625,130.18124253117608,128.06141462490677,129.86426668839604,19770700
2023-08-16,127.48688507080078,129.0519939800755,126.66471430230392,127.48688507080078,25216100
2023-08-17,128.6953582763672,130.74585348864863,128.07129188741925,128.5764942460754,33446300
2023-08-18,126.2585678100586,128.03169627072486,125.18874601968783,127.2986660305744,30504800
2023-08-21,127.15998840332031,127.51659567276597,125.36705175678769,125.98121040027308,25248700
2023-08-22,127.86327362060547,129.0519592106305,127.11044294041298,127.29863927424309,22054900
2023-08-23,131.12228393554688,132.15248942586146,128.64584877704544,128.95292431830592,27819700
2023-08-24,128.55670166015625,132.9845689644834,128.34868956972952,132.68739372034156,28500700
2023-08-25,128.65573120117188,129.52742587526996,126.05051724567355,128.31892461860997,26762900
2023-08-28,129.7751007080078,131.29067779366306,128.9133061222322,130.07227594567678,20543300
2023-08-29,133.3015594482422,135.28270758219568,130.99352005839108,130.99352005839108,43075600
2023-08-30,134.59921264648438,134.99543623785553,132.8062759558441,133.50957509777203,28315800
2023-08-31,134.88645935058594,136.69921157879557,134.5100363949587,134.72796388348397,30053800
2023-09-01,134.38128662109375,136.16432303188128,133.5789240149797,136.16432303188128,21543700
2023-09-05,134.49024963378906,135.1341167520606,133.31146403775733,134.16335836737144,19403100
2023-09-06,133.1925811767578,135.24306141209425,132.41001928477638,134.73787413439317,18684500
2023-09-07,133.98501586914062,134.30200676190253,131.69679265373736,132.33075932430347,18844300
2023-09-08,135.09449768066406,135.37185721348425,133.5789205495535,133.63835257587766,23558300
2023-09-11,135.62940979003906,136.18412889149724,134.51005617212115,135.2529867790659,20763400
2023-09-12,134.06427001953125,135.57984690018307,133.91568997827457,134.9755962074752,18405500
2023-09-13,135.42138671875,135.60958309403551,132.88550442248655,133.8166464595188,20749500
2023-09-14,136.7982940673828,137.3926294793097,134.95582557198202,136.30300699996283,24751000
2023-09-15,136.1048583984375,137.21431153088753,135.19353215336167,136.67939311891212,38919600
2023-09-18,136.90725708007812,137.84829948005097,135.32233242699417,135.32233242699417,21861300
2023-09-19,136.73880004882812,137.1053226312494,135.33218707333603,136.1246491325453,20353700
2023-09-20,132.47938537597656,136.77847333591484,132.36050620598186,136.77847333591484,29927500
2023-09-21,129.21046447753906,130.98358514285636,128.843956964112,130.20103839703572,31503900
2023-09-22,129.0222625732422,130.78548307138033,128.37839552385094,129.52744986822796,26397300
2023-09-25,129.87417602539062,129.93360805536258,127.74444767159882,128.60624233611597,20094600
2023-09-26,127.35810089111328,129.13122162334471,126.02082000334302,128.54678661637627,25718700
2023-09-27,129.3095245361328,129.6661317841142,127.35810764338333,127.35810764338333,22746500
2023-09-28,131.06283569335938,132.04350933617025,128.5665851302691,128.61611685030257,22513100
2023-09-29,129.62649536132812,132.78642837940012,129.13120843347878,132.02368227832403,30859800
2023-10-02,132.90533447265625,133.15297801496536,129.93361196494698,129.9732433960953,22288000
2023-10-03,131.18170166015625,132.99445381235702,130.5972666540528,132.6774780064036,22989400
2023-10-04,133.9652099609375,134.29210113802318,131.2807482360589,131.5382919899944,26752300
2023-10-05,133.7968292236328,134.21286846430397,132.19208916394834,133.7968292236328,19832600
2023-10-06,136.28317260742188,136.85770734068427,132.74681617552042,132.74681617552042,27597600
2023-10-09,137.115234375,137.6303370237333,134.33172419629375,135.6491892677906,19278100
2023-10-10,136.75863647460938,138.40299285145625,136.03552172670302,137.19449142895036,27786600
2023-10-11,139.22518920898438,139.77990827237048,137.27375707281203,137.27375707281203,25884300
2023-10-12,137.6600799560547,139.88887161742355,136.9567657145511,139.72047583902653,24765500
2023-10-13,136.0652618408203,138.68037691519407,135.33223155002526,138.06622579707164,23420500
2023-10-16,137.78883361816406,138.31383656866015,136.6892959998697,136.86759204420815,28501900
2023-10-17,138.4029998779297,138.58129594196157,135.88693346466465,137.3232778502887,23515800
2023-10-18,136.65960693359375,139.3935859571332,136.0850721525315,138.13555264144586,23375000
2023-10-19,136.45155334472656,138.34355310217805,136.08504584222058,137.19448376221146,26066000
2023-10-20,134.32183837890625,136.5704304415317,133.80673567464444,136.03552714034558,26335700
2023-10-23,135.2133331298828,136.36240244560938,132.6873667407286,133.76708863043964,26317900
2023-10-24,137.5015869140625,138.04640568615673,136.12468953456676,136.53082853876074,44814300
2023-10-25,124.4260025024414,127.10054931723444,123.8910916279868,126.95196926111923,84366200
2023-10-26,121.12739562988281,123.15807548898972,120.1269137067269,122.10806183952178,57061100
2023-10-27,121.0184097290039,122.14766335342082,119.07688582110328,121.7217162805282,44566500
2023-10-30,123.2868423461914,124.21798434885228,121.59296166894325,122.04862481392111,28940100
2023-10-31,122.9104232788086,124.1882646409759,121.53352602850394,123.88118156302635,26292300
2023-11-01,125.25808715820312,125.29771102759383,122.55382420024057,122.9005236105588,30082400
2023-11-02,126.28828430175781,127.76423752931852,125.73356524871063,127.20951847627134,27124600
2023-11-03,127.88312530517578,128.30906492281724,126.65480795146276,126.81330343870862,26393100
2023-11-06,129.0222625732422,129.1114106050115,127.45715385068908,127.83357680477238,19052700
2023-11-07,129.73548889160156,130.66663094824423,128.65576676845674,129.47794507134418,29757300
2023-11-08,130.59727478027344,130.9637974447547,129.5472687405941,129.73548022222718,26425800
2023-11-09,129.01234436035156,131.30056754778465,128.84394861873935,130.71613260072618,23747800
2023-11-10,131.3402099609375,131.54823716249373,128.19019172994675,128.87369024439658,26913300
2023-11-13,130.84494018554688,131.3402272769737,130.0128614995408,130.53786460725624,18324800
2023-11-14,132.36050415039062,134.4209000570862,132.06334401742188,132.9251386329532,32395200
2023-11-15,133.35108947753906,133.7572285134562,132.31099869452711,133.59873301920138,23861500
2023-11-16,135.63926696777344,135.92654184217392,133.05388378791164,133.9156781811989,28013200
2023-11-17,134.03456115722656,134.77749163303557,132.3902047431791,134.71805961336432,37240600
2023-11-20,134.96571350097656,135.37185248662504,132.36049892835388,132.42984636661794,27815500
2023-11-21,135.67893981933594,135.88695192229423,134.67846538924488,135.0053415510365,22635300
2023-11-22,137.18460083007812,138.10582740919213,136.1742111022112,136.1742111022112,17813900
2023-11-24,135.4015655517578,136.82799456252866,134.7081667590109,136.72893111429622,12514300
2023-11-27,135.12420654296875,137.1152548942663,134.718067564632,134.7477835762215,23436500
2023-11-28,135.90675354003906,135.95628526440245,134.14353298041522,134.7973154661077,18730000
2023-11-29,133.71759033203125,136.98647245548034,133.5689951623546,136.27327307787965,23967200
2023-11-30,131.28077697753906,134.27231482569374,130.04255942126184,133.77702780318285,38988300
2023-12-01,130.61708068847656,130.86472417415052,129.43829527827506,130.61708068847656,31442300
2023-12-04,128.05149841308594,128.80432917172766,126.69440938445004,128.65574912560064,36669900
2023-12-05,129.75531005859375,130.89446425621387,127.04113151505359,127.73453037947287,27384800
2023-12-06,128.79444885253906,130.5972858566958,128.65576908298854,130.20106226225468,23576200
2023-12-07,135.63926696777344,137.25390714366299,133.4302915642557,133.76708303807405,56767100
2023-12-08,133.71759033203125,135.11428819124905,132.76663263696403,132.93502840396306,32260100
2023-12-11,132.03359985351562,132.08313157577382,130.12179931701706,131.1321890142382,31138000
2023-12-12,131.2708740234375,131.7463453232423,130.02274107837968,130.56755981511444,29032800
2023-12-13,131.32044982910156,132.24167672639427,130.32987547160047,132.122812640283,30104800
2023-12-14,130.69635009765625,132.45957079894205,128.46755835687756,132.12277923014844,38722400
2023-12-15,131.35008239746094,132.2514930027029,129.94345440234,130.37930926111488,50847100
2023-12-18,134.51995849609375,135.85722438947897,131.18171368224796,131.37984058345504,32258000
2023-12-19,135.36192321777344,136.17420110593048,134.79730393023888,135.55013468527125,25476800
2023-12-20,137.03602600097656,140.3643557912913,136.76858185989715,137.66009256008627,49107200
2023-12-21,139.0963897705078,139.3638489644379,137.86807265297588,138.17516326857788,27488300
2023-12-22,140.1563262939453,140.6516133137084,139.3836797523117,139.44311177628964,26532200
2023-12-26,140.18606567382812,141.33512026384685,139.8591743724991,140.25539800837274,16780300
2023-12-27,139.046875,140.7407632814219,138.57140368669022,140.25537655400615,19628600
2023-12-28,138.908203125,139.80962919211896,138.4327317846908,139.4530219081467,16045700
2023-12-29,138.37326049804688,139.03694314923425,137.47183468667532,138.3138284867401,18733000
2024-01-02,136.86761474609375,138.13554832155825,135.1935421823269,137.24403772207745,23711200
2024-01-03,137.61053466796875,138.31384884016077,135.78788218321773,135.95627794501937,24212100
2024-01-04,135.10438537597656,137.84827954999523,135.06476906710992,137.11524935880684,27137700
2024-01-05,134.4506072998047,135.8671360060493,133.87607255527527,135.4609970308709,22513900
2024-01-08,137.5312957763672,137.69969154899283,134.9756129451259,135.00532895706218,21404000
2024-01-09,139.62144470214844,140.15636328906535,136.84783363637163,137.19454068770534,24759600
2024-01-10,140.93885803222656,141.65207247345745,139.58177658028163,139.67092460669582,21320200
2024-01-11,140.74073791503906,143.85113927664221,139.3143091172413,142.13745070579583,24008700
2024-01-12,141.30540466308594,141.85022350023897,140.48324137197477,141.32522037942684,18785500
2024-01-16,141.14688110351562,142.9893491706135,140.11667577838654,140.66149444889152,22670500
2024-01-17,140.13653564453125,140.5030432679189,137.59075265245207,140.01767157531646,20968600
2024-01-18,142.12754821777344,142.85067809474862,140.65160268399825,140.71103470348461,25746400
2024-01-19,145.000244140625,145.06957646906244,143.01909590584106,143.37570319270063,34271900
2024-01-22,144.61390686035156,146.99127846629932,144.46531168812982,145.7134446289684,32200400
2024-01-23,145.65399169921875,145.79267145213515,144.1285144171384,144.5148376656169,21636100
2024-01-24,147.29837036132812,148.43753968176426,146.704034951283,147.13987487266473,25233500
2024-01-25,150.4384765625,151.60736180458775,148.13043720567228,148.6554553594219,29149100
2024-01-26,150.75543212890625,151.10212389703491,149.58654716118195,149.6757102923757,26115500
2024-01-29,152.06301879882812,152.33047802772649,150.00262293630868,150.62668943208467,27784300
2024-01-30,150.0323486328125,152.1719770416637,149.76488941359605,151.35971420009986,36331800
2024-01-31,138.77943420410156,142.6426670575937,138.55159128366827,142.26624407162646,71910000
2024-02-01,139.82943725585938,141.7115219147045,139.46291457727207,140.78037988444788,40466500
2024-02-02,141.0379180908203,141.2756461555597,135.21333866537148,137.947317214583,62499600
2024-02-05,142.32566833496094,144.0988043000788,141.43415776046106,141.4737891857491,38505400
2024-02-06,142.74169921875,143.9898168404998,141.84027337889637,143.28650274958076,29128200
2024-02-07,144.16815185546875,144.24739959945848,142.5733269057092,143.39550524527087,25208900
2024-02-08,144.53466796875,144.95070726949984,143.7323053805209,144.45542022837463,22563800
2024-02-09,147.5955352783203,148.0313902841131,144.8021091675361,145.29739619867138,26829500
2024-02-12,146.1393585205078,147.93229476618814,145.98086307730932,147.02096864023295,21564100
2024-02-13,143.77191162109375,145.28748865156425,142.3355823254468,143.553984129069,27837700
2024-02-14,144.5643768310547,145.13891158413554,142.73180882355612,144.70305659111142,22704200
2024-02-15,141.4242401123047,142.1671705382351,139.13601681883227,141.79074761897706,37590700
2024-02-16,139.1954803466797,141.84031144795466,138.81905734220405,141.64219964584808,31468900
2024-02-20,139.78981018066406,140.7407679538146,138.1751846986445,138.34358047947055,25144700
2024-02-21,141.20632934570312,141.34500910368052,139.35394565312507,140.11669187948075,23223300
2024-02-22,142.73179626464844,143.63322218318132,141.4539625247731,143.56387475177468,27191900
2024-02-23,142.60302734375,143.31622665623695,142.0780092634441,142.31575244424536,19493800
2024-02-26,136.27328491210938,141.09737589700708,136.0949737160045,140.8002006468063,53641800
2024-02-27,137.57093811035156,137.93744569659972,135.79780197777268,136.71904376572382,33099200
2024-02-28,135.09449768066406,136.70912315066133,134.13363961519383,136.60015939741334,37328600
2024-02-29,137.15487670898438,137.5511002457204,135.11428166141263,135.98599158018274,42133000
2024-03-01,135.84732055664062,137.561009379789,135.62939306295007,137.12515439240792,31151100
2024-03-04,132.09303283691406,134.38125607946606,130.666604032477,134.38125607946606,55999400
2024-03-05,131.41943359375,131.98406795515044,129.43828585262474,130.63688688658692,40194800
2024-03-06,130.16140747070312,132.32086648319373,129.6166039048756,131.86519582791124,35318600
2024-03-07,133.11334228515625,133.66806132063292,130.36944800435913,131.53831809840491,37738200
2024-03-08,134.13363647460938,136.78836768800528,132.7369234288496,132.94495063107448,39370400
2024-03-11,136.37232971191406,137.7888584846141,134.84685230242854,134.84685230242854,32437800
2024-03-12,137.1945037841797,138.06621377136466,135.73835874420493,135.73835874420493,27563400
2024-03-13,138.4723358154297,139.7600850663766,137.6798886901947,137.68978898902412,23347200
2024-03-14,141.75112915039062,142.2365006810185,139.13601469562042,139.85912940030303,42753400
2024-03-15,139.84922790527344,141.83037587468064,138.7100738688481,141.15679282026272,49475400
2024-03-18,146.28797912597656,150.7158466618513,145.7827917649901,147.20922091949492,69273700
2024-03-19,145.64410400390625,147.38750892214128,144.7030616623303,146.76345753749575,24070400
2024-03-20,147.33799743652344,147.45686149202717,145.35684923166747,146.60496715934067,21311500
2024-03-21,146.20872497558594,148.95260400768646,145.51531110007699,148.06109347483115,24755600
2024-03-22,149.34889221191406,150.15125498064967,147.57575574140742,147.71443553952267,29211800
2024-03-25,148.6554412841797,148.9625167930801,146.42664987640165,148.52666183272117,19229300
2024-03-26,149.24977111816406,150.82478002765382,148.56627269311343,148.80401587594451,22149100
2024-03-27,149.44789123535156,150.21063743065775,147.49645928934754,149.75496675016123,22879200
2024-03-28,149.50732421875,150.00261121097796,148.75449343194893,149.42809160115786,24485400
2024-04-01,154.02438354492188,154.27202708808144,149.19037674565882,149.26962449326535,31730800
2024-04-02,153.1031036376953,153.24178338278546,150.7158168476106,152.05309769416158,24586000
2024-04-03,153.45973205566406,153.6182275333651,151.29037243888334,152.15218215203225,24705000
2024-04-04,149.11114501953125,153.31118540418413,149.0318972634098,152.0531518375726,34724700
2024-04-05,151.06253051757812,151.97385675674153,148.18987204880133,148.6158116009819,23459200
2024-04-08,153.390380859375,153.8064201009343,151.1714897894332,151.3398855456625,20702000
2024-04-09,155.1239013671875,157.06541802943522,153.72718833727967,154.61869893107254,31079500
2024-04-10,154.66822814941406,155.13379915183737,153.22198341774504,154.73757558656484,22838600
2024-04-11,157.9074249267578,158.1748690577912,154.98523428039098,155.4309896137416,27166400
2024-04-12,156.2432098388672,158.70974417796904,155.6587748922991,156.4710527081727,25353700
2024-04-15,153.40028381347656,157.73900258836812,153.13282461250074,157.36257964736208,27136500
2024-04-16,152.9446258544922,154.18284340549994,151.98376782571336,152.7366137703007,20779500
2024-04-17,154.00453186035156,155.59935651041437,153.12292165720868,154.15311190556037,21763100
2024-04-18,154.53945922851562,155.4607009972949,153.16256184009333,153.87577639819307,19883000
2024-04-19,152.63755798339844,154.88616540110863,150.86443701191843,154.7276699190319,32615600
2024-04-22,154.80691528320312,156.15409663024886,152.6078396267761,152.85548314560833,26446200
2024-04-23,156.76824951171875,157.47156376382256,154.8069170523424,155.48051529104362,21151600
2024-04-24,157.63006591796875,158.0659209529385,155.6885339753658,156.00552495169347,22779100
2024-04-25,154.529541015625,155.01492770763642,149.44789165697802,149.90356233876008,57109700
2024-04-26,170.3291778564453,173.06317147434675,168.0508548798468,172.72636486340193,64665300
2024-04-29,164.58384704589844,167.95180736682877,163.65272027868735,167.4664207156032,45610000
2024-04-30,161.24563598632812,166.51549696973217,161.06733991987724,164.04896224577593,33562900
2024-05-01,162.31544494628906,165.54471052012372,161.5526987871929,162.75129989434402,33493200
2024-05-02,165.04945373535156,165.15841749229028,162.34519064127778,163.236701296259,24294500
2024-05-03,165.66360473632812,166.37681924074352,161.51309716937072,165.9805805633127,34662400
2024-05-06,166.51548767089844,166.55510397846635,164.46499233146127,165.88152094509854,21871300
2024-05-07,169.6358184814453,170.14100584254402,166.8027758864414,166.91173964451698,28039700
2024-05-08,167.783447265625,168.54617844608464,167.14948044104378,167.40702426776193,19569100
2024-05-09,168.3579559326172,169.0810706871072,166.59472038810446,167.79332152345498,15346700
2024-05-10,167.06028747558594,168.24898828516856,164.62348406885067,166.44613647493796,29799900
2024-05-13,167.5457000732422,167.68437984049487,162.45414988273538,162.71169370335863,31327600
2024-05-14,168.73435974121094,169.63578564580942,167.20888253839394,168.16974046044572,25127100
2024-05-15,170.88392639160156,171.02260615600562,168.90277826299467,169.02165742888434,26948400
2024-05-16,172.53817749023438,173.46931949790743,171.0622318573979,171.65656720711078,27867900
2024-05-17,174.40048217773438,174.60850939951604,172.0528262824262,172.53819794164676,24479300
2024-05-20,175.25234985351562,177.0849177951841,174.42027132306535,174.52923506740714,22554400
2024-05-21,176.17361450195312,176.47077464803155,174.15283481884995,175.2325569894993,16989400
2024-05-22,174.71743774414062,175.4801688011517,173.55846803904691,174.97498152917515,17880000
2024-05-23,171.91412353515625,176.56981838832198,171.31977307945,175.4009483043823,21024900
2024-05-24,173.3405303955078,174.1131768202572,172.013149895976,173.33061498303792,16579400
2024-05-28,174.7372589111328,175.5990686253191,172.7263947696327,172.8056425085786,20572200
2024-05-29,174.24197387695312,175.17311592654391,173.07310372275933,173.77640285215773,23388700
2024-05-30,170.48768615722656,173.56837180086202,170.17069523243458,173.54855608932272,22931500
2024-05-31,170.8740234375,171.42874248649764,167.84286926621976,170.24005665079406,37638900
2024-06-03,171.5377197265625,172.88490114362781,169.5466711730528,170.91365318988204,27459100
2024-06-04,172.15185546875,172.21130260761575,170.26977084192941,171.6466681505934,26879600
2024-06-05,173.756591796875,174.98489390330127,172.2905313702321,173.54856460290543,22068500
2024-06-06,175.06414794921875,175.48018723719562,174.093389610606,174.24196967239757,23251000
2024-06-07,172.81553649902344,176.19338215245025,172.65704104078017,175.3811193801314,19661400
2024-06-10,173.55931091308594,175.59232118793005,171.32796149412926,173.51964913718612,23726700
2024-06-11,175.15597534179688,175.37415295165962,172.32960833962332,174.75929703239595,21540600
2024-06-12,176.31629943847656,178.91459265759573,174.65023215199673,176.77249317585628,27864700
2024-06-13,173.70809936523438,175.27500453381123,173.43042150065708,174.65022177235798,20913300
2024-06-14,175.32455444335938,175.59232060979843,172.70643840569585,172.77586542867536,18063600
2024-06-17,175.7708282470703,176.8815395045709,173.36096312594307,174.00558422755435,19618500
2024-06-18,173.6386260986328,175.91956377801446,172.65684217183323,175.67163609834915,21869900
2024-06-20,174.83863830566406,175.82042243225433,173.53949942101505,173.91633928082513,20160100
2024-06-21,178.1410369873047,179.35092551747323,175.1460657788295,175.53283243143696,57759000
2024-06-24,177.7344207763672,179.39057608957674,177.18897677924866,178.6666314019322,18298000
2024-06-25,182.50454711914062,182.76238649336386,177.93275948021235,178.13109862440768,23130200
2024-06-26,182.35580444335938,182.98057201802297,180.96740010923583,181.1161658230566,19839000
2024-06-27,183.87310791015625,184.50780223360667,182.49463046708553,182.6532926987184,18848900
2024-06-28,180.64013671875,183.5954461342398,180.45172435645102,182.7921627160181,29156600
2024-07-01,181.47317504882812,182.3557971056762,179.79718128044868,181.51283682486664,16006100
2024-07-02,183.7045135498047,184.0317799288088,180.05500994673656,180.54095368507097,17372500
2024-07-03,184.27972412109375,184.54747516508317,182.47480304485995,183.31776335097922,10242100
2024-07-05,189.02008056640625,189.27791992136545,184.2598657998364,184.31936602541887,20967500
2024-07-08,187.46310424804688,188.59365403276064,186.22346566251395,188.32588786123958,21035900
2024-07-09,187.4135284423828,189.77380531232768,187.15568904666173,188.73250580309858,15121400
2024-07-10,189.5952606201172,190.16054303109576,187.4630884852071,187.58208893707388,15952500
2024-07-11,184.03182983398438,189.27797471641472,183.54588596387322,188.27635198709865,25625800
2024-07-12,183.53594970703125,185.55903335294278,182.96075554978484,183.54586136873434,22898400
2024-07-15,184.9838409423828,186.67967331271745,183.38718571924736,183.38718571924736,16474000
2024-07-16,182.39547729492188,187.1160160000062,181.85003324241117,185.80696540628884,18290700
2024-07-17,179.51950073242188,182.02852795037177,178.40877430017733,181.45333384653057,20734100
2024-07-18,176.21710205078125,180.98722878273526,175.00721361216966,180.42194633892038,25315700
2024-07-19,176.18736267089844,178.79555205599942,175.66175710285674,177.39725118322656,18881900
2024-07-22,180.1641082763672,181.18556924112812,178.73604223141416,179.09305874265243,24100300
2024-07-23,180.2831268310547,182.08804802244904,180.03519909370766,180.54098136257284,36352700
2024-07-24,171.1990509033203,174.72953914992098,170.3957675264856,172.16101164978593,49585200
2024-07-25,165.8933868408203,171.98249074674055,165.8041364976538,171.08995705046257,44852000
2024-07-26,165.61572265625,166.69668392087527,162.7000901475995,165.76447324044335,41336900
2024-07-29,168.12474060058594,169.01727432015218,166.5975125369865,167.43054602622254,20293800
2024-07-30,168.87843322753906,169.8106438435088,167.04377724268764,168.8288597911077,18959700
2024-07-31,170.11807250976562,172.80561557083252,168.600756120216,171.80399306020445,25729100
2024-08-01,169.3445587158203,172.60729626052532,167.48015239401155,168.83879157195824,24531400
2024-08-02,165.27854919433594,167.11320535730545,163.30503897249685,165.0603715765524,29130100
2024-08-05,157.9299774169922,163.06703315517944,153.64577861539027,154.21106115128595,53630700
2024-08-06,156.9779052734375,159.23901995455182,155.11349914776707,158.0092930412871,49004600
2024-08-07,157.62252807617188,161.62903333217733,157.15642275675472,159.91337776437143,25138600
2024-08-08,160.68692016601562,162.33316393530674,158.88201414908212,159.17951532110402,25578800
2024-08-09,162.31332397460938,162.43232444231467,157.74153604180353,158.68365838652156,28602300
2024-08-12,160.94476318359375,163.5331293646278,160.49849628320337,162.9877004487663,15895300
2024-08-13,162.7992706298828,163.36453799371506,161.6191321967266,162.05548742905071,18551700
2024-08-14,159.0406494140625,161.86703112721244,156.40271029840184,161.05382104216667,40591100
2024-08-15,159.9629669189453,160.30014498417518,158.28697312159332,159.1695951936991,31524300
2024-08-16,161.6092071533203,163.69179086382167,159.79437447768626,160.1315525357236,24208600
2024-08-19,165.2884521484375,165.30829060327488,162.89842527282462,163.90997461723012,22416200
2024-08-20,165.79420471191406,167.24210914189632,165.43720334999875,165.51652689777598,18341500
2024-08-21,164.4752655029297,165.46697644323723,163.3050387245666,163.78105573886796,22902000
2024-08-22,162.44223022460938,166.20080745577815,161.95628649048913,165.87354107961212,22493300
2024-08-23,164.24716186523438,164.80251757325382,162.4720059319359,163.3546280676757,13955700
2024-08-26,164.78268432617188,166.1611618513878,163.09677884769525,165.00086193151313,14190400
2024-08-27,163.31494140625,165.06036224989415,163.0967789331017,164.46532966550507,11821900
2024-08-28,161.5001220703125,164.2273269769617,160.1910564516135,163.67195617574248,16407400
2024-08-29,160.43896484375,164.59423533122902,158.92164859814,162.9479918450426,19699800
2024-08-30,162.02574157714844,162.30341943551804,160.34974763264805,161.27203156245238,22123800
2024-09-03,156.05563354492188,160.50842109663853,155.18292307861995,160.3794938325781,38945300
2024-09-04,155.15313720703125,157.68200253835252,154.66720864488983,155.36140311388078,19353800
2024-09-05,155.9365997314453,158.12827195798573,154.68703453419326,155.00438922946515,18688700
2024-09-06,149.6690216064453,156.52174821625567,149.3020933804946,155.9961425992905,37912100
2024-09-09,147.6730194091797,152.3303022884686,146.19340404923173,151.44650905863844,39260500
2024-09-10,147.62338256835938,150.2151833830649,147.30560668726096,149.40089405204117,31118800
2024-09-11,150.10595703125,150.4435825568505,146.49133954819087,148.8745981614033,29607700
2024-09-12,153.61131286621094,153.74041119456226,151.58552977811232,152.72751965051293,29621500
2024-09-13,156.3620147705078,157.27559765598852,154.12770435368589,154.3461563209122,29591200
2024-09-16,156.9578094482422,157.14648695965292,155.50799884377685,156.2130393678647,18379800
2024-09-17,158.2090301513672,159.43044881944618,157.27558257568288,157.91111909387857,20715600
2024-09-18,158.6956024169922,159.38079329854523,157.49404853540457,158.74525678494552,23677300
2024-09-19,161.00936889648438,162.64785709776754,160.214944405528,162.5684282858201,26587700
2024-09-20,162.4492645263672,162.58828768421088,160.92993460407996,162.35989574326507,40896400
2024-09-23,160.72140502929688,164.33602223132473,160.5426523133899,163.20397220520576,24150900
2024-09-24,161.1583251953125,162.0818480701299,159.56949128360392,161.89317053912484,23332100
2024-09-25,160.36392211914062,161.67470976901416,160.17524458071915,160.34405733815197,18869200
2024-09-26,161.5952606201172,162.93585297471674,161.14840155271324,162.498918721295,20319300
2024-09-27,162.80674743652344,164.54454440704646,161.4959598865702,161.6746974446782,21101300
2024-09-30,164.6935272216797,164.9914231874877,162.121575881889,162.18117022743948,20413900
2024-10-01,165.82554626464844,167.98041254359694,163.43234810534034,166.52066197521472,28338100
2024-10-02,164.70343017578125,166.35185834560912,163.58130501221132,165.2595227746661,17760200
2024-10-03,164.70343017578125,165.47798988885472,162.77695570651093,163.26354430672865,15073100
2024-10-04,165.89503479003906,167.05687418772845,164.3260508168458,166.88806147036004,19047400
2024-10-07,161.843505859375,167.30515333490106,161.6151139348849,166.55045841132394,22463100
2024-10-08,163.2337646484375,163.58131496769886,161.73428435048646,162.79683039346867,23072700
2024-10-09,160.73133850097656,163.6905544913904,158.626126271172,162.31024767332997,31181800
2024-10-10,160.94976806640625,161.93286994639828,159.28147534451534,159.74819910197152,14144100
2024-10-11,162.10169982910156,162.7570859994371,160.11564623470997,160.99943947811877,15344300
2024-10-14,163.80970764160156,165.07084076824168,162.26057310515668,162.49890499208357,19016100
2024-10-15,164.30624389648438,166.51074975955862,163.48202971931687,164.63392945205794,20247200
2024-10-16,164.00831604003906,164.64385260964121,162.59821974974642,163.38270428394787,16406000
2024-10-17,161.79383850097656,165.20985289039217,161.62502577447916,164.57431638671383,21453400
2024-10-18,162.2804412841797,163.5614543687219,161.94281580158204,162.0520493579974,19757700
2024-10-21,162.92593383789062,163.35292813982096,161.48603268374447,161.8137333852295,20946500
2024-10-22,163.9884490966797,164.61406084451548,161.84350752043144,161.84350752043144,16568100
2024-10-23,161.6448974609375,164.66370734673023,160.80081863998697,163.61108623567196,18280500
2024-10-24,161.58534240722656,162.19108943741853,159.88725969885618,161.69457597504442,22412500
2024-10-25,164.1175537109375,164.43531442750802,162.28044795544452,162.52870467092262,19828900
2024-10-28,165.55743408203125,167.57327733196706,162.80674552404707,167.57327733196706,32138600
2024-10-29,168.49676513671875,169.19189595668735,165.92482959046737,166.56036607974156,42169000
2024-10-30,173.2434539794922,180.75073380709983,172.84623418689728,179.42006644238907,68890800
2024-10-31,169.9168243408203,175.58701430239046,169.80759078159048,171.92274281377416,44769000
2024-11-01,170.09555053710938,171.11838206105315,167.70236751230738,168.88407180529182,31796500
2024-11-04,168.0598602294922,169.53946045641658,166.83842636200512,168.7450359899921,21492700
2024-11-05,168.55636596679688,169.34085043209328,167.66263280054076,168.24851494635325,18242100
2024-11-06,175.2791748046875,175.706184256144,172.2901692540448,172.58808035816057,33695500
2024-11-07,179.48960876464844,179.8173094537086,175.95443549219976,176.17290261823987,25352900
2024-11-08,177.10633850097656,179.63854475709948,176.83821701828134,179.39028805337082,22006200
2024-11-11,179.0924072265625,179.29100957580835,177.22551180839807,177.33474537334146,17450400
2024-11-12,180.35354614257812,181.2174898751334,178.13910033177982,178.56610979083834,25134900
2024-11-13,177.63262939453125,179.69812684707063,177.29498878465753,179.2016134734521,23184000
2024-11-14,174.3556671142578,177.5730797656032,173.10445865937317,177.0368367475182,31007500
2024-11-15,171.28721618652344,172.9257045177489,170.02606777532782,172.51855985039145,32504600
2024-11-18,174.07760620117188,174.21662935117394,171.69433271949634,172.21071091338408,20135300
2024-11-19,176.87794494628906,177.6227151144133,172.34974474847573,172.50863268758198,23434900
2024-11-20,174.75286865234375,176.4410113425249,172.56821251491007,176.10338583496625,18997100
2024-11-21,166.46109008789062,172.91576439472308,162.55848682005697,172.6873573172244,59734400
2024-11-22,163.611083984375,165.29924160304688,162.75708036226996,164.6934946716423,38604600
2024-11-25,166.4809112548828,167.4540882783454,164.45514356270544,164.9317921104441,33135300
2024-11-26,167.94070434570312,168.63583529706082,166.41144958796977,166.4611039634079,20486700
2024-11-27,168.0499267578125,168.29818346613916,166.8483727748482,167.82153482882035,19266500
2024-11-29,167.77188110351562,168.24852974267216,165.9943697320939,167.32502205728218,14257200
2024-12-02,170.29420471191406,170.88008700199325,167.39456770676736,167.5931700751548,23789100
2024-12-03,170.14523315429688,171.47588562429394,169.65865964867677,170.29419628751035,22248700
2024-12-04,173.15408325195312,173.69032622472676,169.86716687371202,169.956535651712,31615100
2024-12-05,171.43617248535156,174.8323228448496,171.1283365544375,174.13720700852932,21356200
2024-12-06,173.49172973632812,173.85914482652376,170.66159711852214,170.83040986678466,21462400
2024-12-09,174.3466796875,175.23148577080642,172.63671498294693,172.94491881984126,25389600
2024-12-10,184.0895233154297,185.2725820417294,179.99356854584033,181.78306850285867,54813000
2024-12-11,194.2598114013672,194.46859270076922,183.77138405763577,184.22869140717978,67894100
2024-12-12,190.83990478515625,194.04110187251197,190.59136355506865,193.86215946833025,34817500
2024-12-13,188.71238708496094,191.60539539173107,188.53342951612586,189.89543056387427,25143500
2024-12-16,195.51248168945312,197.83882401959605,191.4960468173101,191.74458805351563,44934900
2024-12-17,194.2797088623047,200.2446984442106,193.84227386580446,196.09903250515634,43504000
2024-12-18,187.30067443847656,195.8504992556076,186.64453708673446,194.0808868210915,34166100
2024-12-19,187.41001892089844,191.90364849444197,187.28078779996244,190.5118237091531,32265200
2024-12-20,190.2931365966797,191.7644966288348,184.1392524862356,184.69598248922645,63462900
2024-12-23,193.4943084716797,193.9615671620114,189.04043904765626,191.49602742629256,25675000
2024-12-24,194.96566772460938,194.96566772460938,192.64926182293522,193.703074128042,10403300
2024-12-26,194.45864868164062,195.60193217920934,193.2457663638235,194.01126236804703,12046600
2024-12-27,191.6352081298828,194.1802828500262,189.53751972128225,193.8124315456521,18891400
2024-12-30,190.1240997314453,191.42645331502607,188.01645984137915,188.69249985736334,14264700
2024-12-31,188.19541931152344,190.83990159620672,187.41002054250913,189.96503162659658,17466900
2025-01-02,188.3246612548828,190.87967248578354,186.405930161898,189.5375437207165,20370800
2025-01-03,190.67086791992188,192.08259534159248,188.87143198733318,190.25332050764314,18596200
2025-01-06,195.72125244140625,197.06338121642014,192.7188851595698,192.84811629000748,29563600
2025-01-07,194.3493194580078,199.8271630946656,193.46451322323452,195.95986188833012,26487200
2025-01-08,192.8182830810547,195.14462535167834,191.2574520458894,191.44634580773328,24864800
2025-01-10,190.91941833496094,195.37328795351274,189.19951732698908,193.16624068951896,26665200
2025-01-13,189.8954315185547,190.06443773067767,186.26673571233505,188.96092925794855,21823700
2025-01-14,188.55332946777344,190.85978428074978,187.21120070733548,190.1241119208904,17174900
2025-01-15,194.408935546875,195.2142066320414,190.74046489689354,191.96328339030356,21776000
2025-01-16,191.78436279296875,194.33935880818177,191.6849402307685,193.00718142531574,17815400
2025-01-17,194.8563232421875,196.07914183949293,192.61945218456034,195.3832294332928,27735100
2025-01-21,196.8943634033203,201.10961291187695,196.71540583129996,197.90841585876197,29971300
2025-01-22,197.2124786376953,199.31016710135967,196.37738379513036,197.89845481899934,26200600
2025-01-23,196.82476806640625,199.13123797930666,194.060990781993,196.98383809552067,26951400
2025-01-24,199.04177856445312,199.7277396623471,196.8446672702301,196.94408983675294,23877500
2025-01-27,190.69076538085938,195.73118866143682,189.61706547784135,191.28727038356462,41728900
2025-01-28,194.16043090820312,194.33937332983098,189.5673782129492,191.6253070801952,24157900
2025-01-29,194.269775390625,195.6417126982154,192.3013178788486,194.4188940643566,18218300
2025-01-30,199.69790649414062,200.22481269836635,196.5165817224703,196.84465797279535,24354700
2025-01-31,202.82952880859375,204.28100107943342,200.62248149891727,200.82131144659704,32001100
2025-02-03,200.05580139160156,202.5611012223486,198.93240535424198,199.5189590127464,27838300
2025-02-04,205.17576599121094,205.84185468330165,201.62658985975028,202.20320734762427,43856400
2025-02-05,190.2135772705078,191.62528964623422,186.93282997802248,189.9550998506434,70373900
2025-02-06,190.48199462890625,190.97907706252056,187.61879495696715,188.39424233982533,29297400
2025-02-07,184.25851440429688,190.06443363710238,182.17077726737304,189.9352025187049,49315000
2025-02-10,185.38194274902344,187.10184389569162,184.77550151190874,186.25681277496034,23105600
2025-02-11,184.23866271972656,185.84920514475974,183.2047226379184,183.95034637836022,21239500
2025-02-12,182.5386199951172,184.02986736226762,180.76900766634557,182.1508962864482,22072600
2025-02-13,185.05386352539062,185.19304601185559,182.07136866992408,183.24449120134597,21402500
2025-02-14,184.149169921875,185.31234109604222,183.2444913440249,183.98016370030402,20448400
2025-02-18,182.69769287109375,184.87491648825042,180.679539282988,184.51701650776232,29916700
2025-02-19,184.18893432617188,184.3778280833638,182.51872941446393,182.99593948623902,19549400
2025-02-20,183.4830780029297,184.22870170428735,181.65381816300632,183.72168304847523,20441500
2025-02-21,178.61166381835938,184.25851298688883,178.03504637457257,184.0696192348162,35199200
2025-02-24,178.20407104492188,182.0514846282233,177.84617104858543,180.9280885264688,29854200
2025-02-25,174.3964080810547,177.6970428900285,173.67067193850428,177.0011153116827,41913400
2025-02-26,171.72210693359375,175.05256557173047,170.57882331320525,174.0484644370393,35431300
2025-02-27,167.51678466796875,173.5414214994902,166.96005475439284,172.97475539808346,39991000
2025-02-28,169.28639221191406,169.61446843814767,165.79687899247813,167.6957223580091,48130600
2025-03-03,166.03546142578125,172.35835029914594,164.96176159787956,170.92675052861034,40770500
2025-03-04,169.92266845703125,172.27883449293637,164.8325488565178,165.2699838540156,45388000
2025-03-05,172.0104217529297,172.7659816444027,168.07352192530007,169.525009408903,30954900
2025-03-06,171.34432983398438,173.78996703932643,169.50511866618623,169.5349424001719,28302000
2025-03-07,172.8455047607422,173.94902837231132,169.2764565211612,170.26067003299855,27385800
2025-03-10,165.092041015625,167.66990508590422,162.9222728186128,167.47083096485238,43604000
2025-03-11,163.2706298828125,165.96792640359425,160.6131542630149,164.13655982614347,39587400
2025-03-12,166.32623291015625,166.85374592604674,162.76302175465403,165.79871989426576,28372400
2025-03-13,161.99664306640625,165.35084794741115,161.34969766951576,165.26125850902773,31756200
2025-03-14,164.71383666992188,165.70914654485404,161.68808614528302,162.50424753259463,31995900
2025-03-17,163.51943969726562,165.52002210698427,162.90235248367634,164.25597441368222,31184300
2025-03-18,159.9164276123047,163.47963860497418,155.9849568446372,162.91230471538228,42074800
2025-03-19,163.121337890625,165.0920472279654,160.24489290497496,161.0013229568774,34275600
2025-03-20,162.0364532470703,164.11664727374668,160.20508669307458,160.81222633390425,28138500
2025-03-21,163.2208709716797,163.46969843906228,160.13540430124633,160.45391074936325,36625800
2025-03-24,166.89356994628906,167.53058291242263,164.36548928265282,166.28644543898992,30879100
2025-03-25,169.76004028320312,169.8297192603936,167.5305560086689,168.18744894685983,24174400
2025-03-26,164.2858428955078,168.81450579137277,164.0668735115514,168.20736616989782,28901600
2025-03-27,161.47909545898438,164.64417388270883,161.24021559810473,163.85788568655383,24508300
2025-03-28,153.60618591308594,161.0610628820661,152.9094719877664,159.73729883034673,48669300
2025-03-31,153.9147186279297,154.81049144150305,149.95338957359485,152.39189573252094,54603500
2025-04-01,156.3333282470703,157.35849619606978,152.89949705290155,152.89949705290155,30672900
2025-04-02,156.30345153808594,157.6670363544579,153.97443014331054,154.42231653657922,25041700
2025-04-03,150.01312255859375,152.06345870326516,149.68466844019127,150.4012928463012,46883400
2025-04-04,144.91712951660156,150.36147595978116,144.69816012059908,147.31581486644404,62259500
2025-04-07,146.06173706054688,152.13313390933345,139.87090787612016,140.88612829073566,76794100
2025-04-08,144.02133178710938,151.52597653644034,142.3591661655056,150.5107562403341,52200200
2025-04-09,157.9656219482422,158.80167851894325,143.23503415914513,143.74263667980892,70406200
2025-04-10,152.103271484375,156.9802840886705,149.22681119385487,155.80581046857128,48022000
2025-04-11,156.40298461914062,156.93049760914,152.10325409102202,152.18286551192307,33636200
2025-04-14,158.32394409179688,160.96150910212248,156.8210165083235,159.24957495636372,30333000
2025-04-15,155.576904296875,158.9012360653349,154.48207240479906,158.38368579805189,27551500
2025-04-16,152.61087036132812,155.1588613016161,150.7993990348029,152.381953334393,28187400
2025-04-17,150.4510498046875,153.9545297569088,147.8035217962651,153.56635949907425,33046600
2025-04-21,146.97740173339844,148.25139710913984,145.41477318745027,148.18173331794077,26049100
2025-04-22,150.75958251953125,151.47620681854735,147.84331679407512,148.191681312594,26971800
2025-04-23,154.62139892578125,156.79116721631257,153.08861317606707,154.8801740321897,31128800
2025-04-24,158.532958984375,158.84150262211006,155.0593219807129,155.41763415068155,45894000
2025-04-25,161.2003936767578,165.32097594255075,160.2846952290497,164.29580798857202,56034000
2025-04-28,159.8567352294922,162.38481587629502,157.85616765293435,161.6681914813915,29745800
2025-04-29,159.40882873535156,159.98611026905985,156.78121134684457,159.56808195579998,26809000
2025-04-30,158.0552215576172,158.5230184445377,154.67115864825115,157.23906011670073,34981100
2025-05-01,160.5435028076172,161.19044821971175,158.1647125629629,159.69748324974734,30203200
2025-05-02,163.2606658935547,164.19625953903196,161.11079307252896,162.64357867514303,25715000
2025-05-05,163.4398651123047,164.61432364636494,161.95684771468854,162.23553330538846,21341800
2025-05-06,162.46441650390625,164.02706019999394,160.43399116800987,161.40939053220953,21277200
2025-05-07,150.67001342773438,164.22612903746054,147.14660797263102,163.3104457768094,127490100
2025-05-08,153.55641174316406,155.19866702023802,152.1828792070647,154.27303609354425,57498700
2025-05-09,152.03359985351562,154.32281585111178,151.4861763255997,153.44693820644628,32435300
2025-05-12,157.71681213378906,158.35380985703912,155.5171705905775,156.75136032378487,44138800
2025-05-13,158.78176879882812,159.81689948015563,155.42757968301973,158.045234090469,42382100
2025-05-14,164.59439086914062,166.21675084206151,158.86141139731794,159.209775932056,48755900
2025-05-15,163.1909942626953,165.43044121351085,161.60844020849726,165.06216627651048,33146700
2025-05-16,165.4105682373047,168.55575142343383,164.84323425804385,166.9433389262676,42846900
2025-05-19,165.75889587402344,165.85843293399518,163.44978491746534,163.73841809182645,30426100
2025-05-20,163.2108917236328,167.70969613346296,162.13595535028108,165.6493976210667,46607700
2025-05-21,167.76942443847656,172.32794533461094,162.7928752314158,162.92227037071072,73416000
2025-05-22,170.068603515625,175.94094123693523,169.90936546851952,171.0440181854767,74864400
2025-05-23,167.67987060546875,169.16288791706646,167.10258900472385,168.26709983843824,35211400
2025-05-27,172.08908081054688,172.35781874405163,169.20268808863054,169.36194132235366,37995700
2025-05-28,171.55162048339844,174.44797603039132,171.10373405145273,172.34787146642654,34784000
2025-05-29,171.05397033691406,173.60196140461508,169.82974333850962,173.1839330438727,29317300
2025-05-30,170.9345245361328,171.4023213954702,166.65468900773928,170.5463542897915,52639900
2025-06-02,168.2372283935547,169.07328505076367,166.6049207920985,167.0528072022302,38612300
2025-06-03,165.4005889892578,167.68980475652552,164.50481616986866,166.70445769264217,45084900
2025-06-04,167.26182556152344,167.4310264158141,165.57974946262576,165.95797207058334,26900800
2025-06-05,167.4210968017578,170.12832594897296,166.8039942928028,169.54109671137655,36379100
2025-06-06,172.8654022216797,173.68156356382352,170.02877834744078,170.02877834744078,35731800
2025-06-09,175.47628784179688,175.85496833236684,173.76228116584014,173.93168685751374,28935900
2025-06-10,177.9775390625,180.478785591731,174.30039723040252,175.58589455754145,61766100
2025-06-11,176.73190307617188,179.74136677669094,176.133988123354,179.14346702948194,31646800
2025-06-12,175.087646484375,176.10409583310096,174.14096047000893,175.56596932852466,20941900
2025-06-13,174.0612335205078,176.51266655178486,171.7891810552309,171.83900983498697,27663100
2025-06-16,176.1539306640625,176.32333636040028,174.04130888575864,174.12103189678987,27389200
2025-06-17,175.33676147460938,176.74185087540272,173.97154117764998,175.08763279527471,24973000
2025-06-18,172.71595764160156,175.94465595934807,172.596365522182,175.39656976170295,28707500
2025-06-20,166.05921936035156,173.73237998796506,164.88333923967906,173.34373983894176,75659900
2025-06-23,164.61427307128906,166.75677368964836,161.43538860354417,165.6905108199857,57671000
2025-06-24,166.18878173828125,167.63372519441324,165.55101285806253,166.3382528798913,40524300
2025-06-25,170.0851593017578,171.75931227481541,166.96607794096738,167.04580095926642,35479000
2025-06-26,172.9351806640625,173.08466701517526,169.34773632150527,171.8290485705118,31796700
2025-06-27,177.90777587890625,178.0572470081361,171.1314725843347,172.93516183654683,108140200
2025-06-30,175.61581420898438,180.59838864201382,173.97157072832883,180.14995998416325,63378900
2025-07-01,175.2271728515625,175.47630157156493,172.9252259116377,175.12753048692775,35904500
2025-07-02,178.01739501953125,178.23662948182692,174.4598452552033,174.92819320035304,29128900
2025-07-03,178.90431213378906,179.0438236063814,176.43295953117723,177.8779030413717,21689700
2025-07-07,176.17385864257812,178.67512071867887,175.06772651945082,178.43595167386934,34175600
2025-07-08,173.75233459472656,177.32981935448504,172.20773349396308,177.23017699013243,40442500
2025-07-09,176.0044403076172,178.81461936142807,172.16786742488128,174.63921988812407,43025600
2025-07-10,177.00094604492188,177.8081205641565,173.77224796798342,175.0178914126315,29252400
2025-07-11,179.56201171875,180.797680390592,175.86493496639972,176.17385213436023,34282900
2025-07-14,180.92723083496094,183.02987774300456,179.05377808117527,180.37914463511837,32536600
2025-07-15,181.36569213867188,183.5779561932956,180.9670923041272,182.17286668727073,33448300
2025-07-16,182.3323211669922,183.68758195520638,181.39559478616047,182.60138443088442,33104200
2025-07-17,182.94020080566406,183.41852368346133,179.85099864083438,181.50521696666215,31992600
2025-07-18,184.41502380371094,185.7702845204503,183.069737966418,184.75383518149354,34014500
2025-07-21,189.43746948242188,189.62679452163042,185.50122385959315,185.6008814217948,45803100
2025-07-22,190.6731414794922,190.98205863993607,186.80667432845317,190.8325874995953,44660200
2025-07-23,189.56700134277344,191.85898836581597,188.52065778816612,190.83257936427407,58681900
2025-07-24,191.50025939941406,197.26011409114668,190.33433883436888,196.3433222418533,74881700
2025-07-25,192.50672912597656,193.65273031316045,190.59342246149265,191.31091436137532,39785900
2025-07-28,191.90882873535156,193.37370675914636,190.17488744855515,192.97509170180885,38139500
2025-07-29,195.06776428222656,195.23716996676416,191.41055693747035,191.7593279801271,41389200
2025-07-30,195.84507751464844,196.91135578592747,194.01149369711868,194.91832593062705,32445400
2025-07-31,191.23117065429688,195.30692745731486,190.42399615568507,195.02790454929124,51329200
2025-08-01,188.47085571289062,190.16492789219942,187.16542371122097,188.371198147092,34832200
2025-08-04,194.3602294921875,194.58943883195033,189.45737876344242,189.62678444569647,31547400
2025-08-05,193.9915313720703,197.17041596913074,193.21425105621586,194.03140047861146,31602300
2025-08-06,195.4065704345703,195.94469690577856,192.99500660427324,193.82211565771695,21562900
2025-08-07,195.8350830078125,196.85151710519096,193.65271327152095,196.37319428256532,26321800
2025-08-08,200.718017578125,201.9038726725722,196.48282950116197,196.53265828436582,39161800
2025-08-11,200.2994842529297,200.77780712193308,198.37621789685548,200.23969579500547,25832400
2025-08-12,202.63133239746094,203.78729330959044,199.89091647275984,200.6681968640444,30397900
2025-08-13,201.2561492919922,203.81718459405647,196.82164596798347,203.41858472937733,28342900
2025-08-14,202.2327117919922,203.72748396129663,200.52866482851726,200.79772807656252,25230400
2025-08-15,203.1893768310547,205.72053312746067,200.57851272562465,203.13956325181724,34931400
2025-08-18,202.79075622558594,204.5545916306713,201.7842817792717,203.4883135252893,18526600
2025-08-19,200.86749267578125,202.73097045946378,199.26310326239187,202.32239574793277,24240200
2025-08-20,198.6253204345703,200.57848076222706,195.91479919138283,200.03039462746344,28955500
2025-08-21,199.05381774902344,201.77429871025083,198.73492573604025,199.05381774902344,19774600
2025-08-22,205.37173461914062,207.81319287530533,200.59843534470966,202.02344423178036,42827000
2025-08-25,207.76336669921875,209.78629043498435,204.56454764589003,205.71053353164982,29928900
2025-08-26,206.41807556152344,207.12560776169755,204.98309181316571,206.7867811726176,28464100
2025-08-27,206.75689697265625,208.1819211161226,204.9332729711404,204.98310175479907,23022900
2025-08-28,210.9023895263672,211.4803699291827,206.17890394821848,206.5276902069273,32339300
2025-08-29,212.16799926757812,213.90192552948523,209.4674370929825,209.77635429111027,39728400
2025-09-02,210.6134033203125,210.9422398144114,205.48134311686184,207.71354168202492,47523000
2025-09-03,229.8561248779297,230.50385346488952,224.00657221776532,225.42163672219405,103336100
2025-09-04,231.49041748046875,231.56016561750613,225.32198773211877,228.84964383594738,51684200
2025-09-05,234.1809844970703,234.9383302920627,231.09178244912047,231.3907399385365,46588900
2025-09-08,233.4329071044922,237.512309448077,233.0638717332001,234.85920568133895,32474700
2025-09-09,239.0084228515625,239.8462403027557,232.62501483391662,233.56257898038902,38061000
2025-09-10,238.54962158203125,241.03316831731985,237.23305340830441,238.280317666347,35141100
2025-09-11,239.7465057373047,241.62163412512044,235.63719736660352,239.25778647565335,30599300
2025-09-12,240.17538452148438,241.4520630725996,237.38264448371655,239.7464919977143,26771600
2025-09-15,250.9573516845703,251.7552796155814,244.0253822711298,244.0253822711298,58383800
2025-09-16,250.5084991455078,252.3836121103763,248.82288053993366,251.42611085580688,34109700
2025-09-17,248.8827362060547,250.94737408261642,245.6411664684413,250.56835490468708,34108000
2025-09-18,251.37625122070312,253.33117381914667,249.15203994052993,251.02715300766394,31239500
2025-09-19,254.0592803955078,255.33595897283527,251.1568250217611,252.59309222605677,55571400
2025-09-22,251.87496948242188,255.11653941381564,249.65075806779814,253.7700350469374,32290500
2025-09-23,251.00721740722656,253.7002107757565,249.8302703204236,252.38362744671002,26628000
2025-09-24,246.49893188476562,251.69542412904988,245.80075068993506,251.00721151585665,28201000
2025-09-25,245.15243530273438,245.85063173864694,240.1155467413105,243.76604145127706,31020400
2025-09-26,245.90049743652344,248.7730319241888,245.33198386371188,246.42913668030897,18503200
2025-09-29,243.4169464111328,250.4985201433971,242.1402679011131,247.20709239615746,32505800
2025-09-30,242.46942138671875,242.65891575563484,238.6294019345709,242.18016510404112,34724300
2025-10-01,244.26475524902344,245.6611329631193,237.99107738521485,240.1255258955177,31658200
2025-10-02,245.0526885986328,246.16977847594512,241.6714827842888,244.5140808226371,25483300
2025-10-03,244.71359252929688,245.66112527970623,241.0331615881319,243.85582267520638,30249600
2025-10-06,249.7803955078125,250.66810152305118,243.94557911341744,244.14505728413704,28894700
2025-10-07,245.1225128173828,249.7903811872092,244.88314509840285,247.62601181924765,23181300
2025-10-08,243.9854736328125,245.37186749350337,243.18756093367097,244.3246032710778,21307100
2025-10-09,240.9034881591797,244.12510552114733,238.52965682972516,243.83586445575082,27892100
2025-10-10,235.9563751220703,243.45685825048318,235.2282576904417,240.80375429608978,33180300
2025-10-13,243.5166778564453,243.8657760570938,239.08820783610793,239.5869108546296,24995000
2025-10-14,244.8133087158203,246.4789749711557,239.88612045840952,240.60425402252167,22111600
2025-10-15,250.37884521484375,251.45604559967558,245.3519253048375,246.60865147753682,27007700
2025-10-16,250.8077392578125,256.29345747170413,249.45126638195018,251.1169327071502,27997200
2025-10-17,252.64297485351562,253.5605866634714,247.1672097408255,250.10955476977685,29671600
2025-10-20,255.88450622558594,256.6624817157193,253.5705321372737,254.02934561004358,22350200
2025-10-21,249.81033325195312,254.2188662949897,243.51668810909678,254.07923005269296,47312100
2025-10-22,251.0371551513672,255.69502480450944,248.64337127106648,253.71019631561148,35029400
2025-10-23,252.4235382080078,254.3784456458486,251.19673296350098,252.3237915100895,19901400
2025-10-24,259.24578857421875,261.00120248797276,254.65771475094738,255.91442564996356,28655100
2025-10-27,268.571533203125,269.43930209007345,263.59448643744673,264.13309426145156,35235200
2025-10-28,266.7762145996094,270.0277682724026,265.80872945123696,268.99045739081123,29738600
2025-10-29,273.8577880859375,274.6257797911847,266.97569238760303,267.05547147917497,43580300
2025-10-30,280.7498779296875,290.8336389163956,279.3335478851562,290.8336389163956,74876000
2025-10-31,280.46063232421875,285.25815337777135,276.3114191679317,282.47538175038454,39267900
2025-11-03,282.98406982421875,284.7893724933962,279.0742243823285,281.4480558536455,29786000
2025-11-04,276.8200988769531,280.5404041676455,275.5434202802167,276.03213953132416,30078400
2025-11-05,283.572509765625,285.677052345188,276.62058842555,278.1466184544242,31010300
2025-11-06,284.0113830566406,287.60205105478576,280.41076169575746,284.58986519375543,37173600
2025-11-07,278.10675048828125,283.0439232317803,274.47620783787715,282.4753944065927,34479600
2025-11-10,289.3475036621094,290.0456696400176,282.12626310035637,283.6822445549795,29557300
2025-11-11,290.5543518066406,291.1627853205446,286.5747114373448,287.0035887304013,19842100
2025-11-12,285.96630859375,291.2525794490294,282.95415298016115,290.9234183741868,24829900
2025-11-13,277.8474426269531,282.1063559927165,276.5208753822851,281.60765291032834,29494000
2025-11-14,275.6930236816406,277.8374407083971,269.99784337488455,270.7059931829425,31647200
2025-11-17,284.2806701660156,293.1875295999499,282.83444961203753,285.0387085276487,52670200
2025-11-18,283.5426025390625,288.05086711584505,277.4783868942568,287.1731753233953,49158700
2025-11-19,292.0505065917969,303.0219747769531,285.8865435893576,286.41516765710554,68198900
2025-11-20,288.6991882324219,305.625169818548,287.92121274474346,303.7500416076266,62025200
2025-11-21,298.88275146484375,303.1317117013016,293.0878237631323,295.65116505312784,74137700
2025-11-24,317.75360107421875,318.651290855991,308.79691436510495,310.3229443803346,85165100
2025-11-25,322.60101318359375,327.9770159307299,316.82602366827604,325.3638169665917,88632100
2025-11-26,319.1200866699219,323.6582721471574,315.9682798124272,319.8481736259059,51373400
2025-11-28,319.3494873046875,326.0021995827445,315.9682963529555,322.5312152935296,26018600
2025-12-01,314.0732421875,319.02036824755595,313.07583602161014,316.87595107857686,41183000
2025-12-02,314.9908142089844,317.554155160306,313.09574872951146,315.91839456558273,35854700
2025-12-03,318.8009033203125,320.74582687116515,313.2852490348319,315.07061440214585,41838300
2025-12-04,316.796142578125,321.5238380796439,313.8837336096964,321.3942008459266,31240900
2025-12-05,320.4366149902344,322.32172694260385,318.34208673882245,318.6612335259534,28851700
2025-12-08,313.1109313964844,319.81788611091974,310.61578500656543,319.42862865409404,33909400
2025-12-09,316.4643859863281,317.3726229056239,311.2944500995635,311.7635388280278,30194000
2025-12-10,319.58831787109375,320.6861883612462,314.069055340672,315.2168165746965,33428900
2025-12-11,311.8233947753906,320.4965251579071,308.0008443067889,319.45853583973854,42353700
2025-12-12,308.68951416015625,314.25866704717134,304.96674508462553,313.0909556884665,35940200
2025-12-15,307.62158203125,310.81538131016634,304.288070405232,310.7155693717638,29151900
2025-12-16,305.97479248046875,310.16661977978157,302.00250880457793,304.3579426322819,30585000
2025-12-17,296.1439208984375,307.4918412298865,295.54507970361715,307.4120099511304,43930400
2025-12-18,301.8727722167969,303.3698600006946,298.6490626821344,301.1342186567393,33518000
2025-12-19,306.56365966796875,306.65348128006514,300.3856749721532,301.1442091965169,59943200
2025-12-22,309.1785583496094,309.52788491338026,304.70724534166345,309.2783702904479,26429900
2025-12-23,313.73968505859375,314.328535898872,308.7194521900694,309.02884787804055,25478700
2025-12-24,313.4801940917969,314.4682622711062,311.3144241794057,314.15886656933606,10097400
2025-12-26,312.9013366699219,314.4782557314601,311.67371372407564,313.8694546536391,10899000
2025-12-29,312.95123291015625,313.41033130955566,310.0169383701615,310.76548227407176,19621800
2025-12-30,313.24066162109375,316.3346490163796,311.85334570689247,311.8932765746258,17380900
2025-12-31,312.3923034667969,313.9692224596297,310.83533467851674,312.2426007868329,16377700
2026-01-02,314.53814697265625,321.8738834308866,309.72749743587605,316.28474944088583,32009400
2026-01-05,315.92547607421875,318.4006418955826,314.01918050346546,317.0432968268774,30195600
2026-01-06,313.7297058105469,320.3168980142969,311.17467848252585,315.7857038876524,31212100
2026-01-07,321.3548889160156,325.51677583182123,313.58000462136766,313.74965751082357,35104400
2026-01-08,324.80816650390625,329.67869694461876,320.8758135066914,328.3313118537803,31896100
2026-01-09,327.9320983886719,330.1876899539591,325.16745676828174,326.45496079982934,26214200
2026-01-12,331.2156677246094,333.3914583276215,324.3690012716118,325.16743586064183,33923900
2026-01-13,335.3177185058594,339.828932001794,332.9722749179122,334.29970979162056,33517600
2026-01-14,335.1879577636719,335.8666302231012,329.83837890700147,334.40947336413166,28525600
2026-01-15,332.1338806152344,337.03435112462023,330.0978329050398,336.9944202593897,28442400
2026-01-16,329.35931396484375,334.00028002450074,327.0637915356931,333.7607557246461,40341600
2026-01-20,321.3748474121094,327.0937337673917,319.80788820634325,320.2470363972373,35361000
2026-01-21,327.7424621582031,331.83450818795274,318.729994927537,320.2969541162656,35386600
2026-01-22,329.8982849121094,334.49932025317224,328.1117515615861,333.8006975362521,26253600
2026-01-23,327.2933044433594,333.0421309365838,326.8142558744754,331.8444485977197,27280000
2026-01-26,332.61297607421875,335.1879535299186,326.3651202937951,327.1735452193246,26042100
2026-01-27,333.90045166015625,337.2539439848537,332.8325522369338,334.71886692218493,21636200
2026-01-28,335.357666015625,336.88469439192147,331.2955603721992,335.40755676022206,27434400
2026-01-29,337.59326171875,341.62542627766146,325.90600610893915,339.63926930341205,39785600
2026-01-30,337.3437805175781,339.33989756206086,331.64487488391205,339.33989756206086,31024000
2026-02-02,343.0227355957031,344.160506471566,334.9783863513143,335.56723722383623,32006100
2026-02-03,339.0504455566406,348.322417578686,336.81480425638233,346.66563680855586,36506700
2026-02-04,332.3934020996094,342.6434516437907,327.8821583120744,342.2941250868659,70618400
2026-02-05,330.60687255859375,332.04407921106184,305.8649942318392,311.61382084171163,88205800
2026-02-06,322.233154296875,329.7385737476322,319.2988903139048,326.54477434837446,56380500
2026-02-09,323.6903381347656,327.0637807183464,316.6440476026885,320.30690521957837,39640100
2026-02-10,317.9614562988281,321.0454837970353,313.9991629255859,320.3468306795893,39170000
2026-02-11,310.35626220703125,320.43665913490463,309.0587983421378,318.3507205277581,45406400
2026-02-12,308.4000549316406,315.6259882196205,306.603561940612,311.4840518259579,47761300
2026-02-13,305.1264343261719,308.03078810659247,303.1203270701956,307.1325415821482,38499700
2026-02-17,301.43359375,303.84890853372514,295.674807618098,299.45745756709624,39247600
2026-02-18,302.7410888671875,304.7871271852118,300.66514046909924,301.5035060024616,28482100
2026-02-19,302.26202392578125,304.87693233204385,299.4574819671566,301.23402488534225,25834400
2026-02-20,314.36846923828125,315.885507154404,303.30996428502766,303.72916224594877,53210800
2026-02-23,310.8852233886719,318.8996316925602,309.2683735389658,318.43054299285177,31423000
2026-02-24,310.29638671875,311.6637220131571,305.33603467292323,309.91711960911005,25615600
2026-02-25,312.29248046875,313.03106442763067,308.83920678711326,311.45411503231185,29963600
2026-02-26,306.7832336425781,312.5320604811519,301.7630004907203,312.0330312197015,36431200
2026-02-27,311.15472412109375,311.7635251790807,303.21015662264614,303.5495233120643,44640600
2026-03-02,305.9248962402344,307.89107280501906,300.7150293830805,302.6413055358027,34790200
2026-03-03,302.9905700683594,303.34988694776314,296.1339134078651,298.01026816236094,35497000
2026-03-04,302.54150390625,304.8769573413998,300.1661195993462,302.30197959238774,29536200
2026-03-05,300.29583740234375,302.711121843687,297.4114338033223,302.4516473530844,35752300
2026-03-06,297.9404296875,299.94653713519574,294.60691775969326,295.5151547022239,25576900
2026-03-09,305.98040771484375,306.4198649966507,293.71562375842984,293.99527562141907,29312100
2026-03-10,306.65960693359375,309.1265479913924,305.1914269440574,305.79068968096857,23239700
2026-03-11,308.31756591796875,311.0341973481569,305.54101125974313,306.3699695674413,24125700
2026-03-12,303.17388916015625,308.5572255769297,300.65702241451555,306.43985713507476,24928300
2026-03-13,301.9054870605469,307.3087879643589,300.0677703977713,306.6296377698095,23693100
2026-03-16,305.1814270019531,306.11026747244654,302.64456537566065,303.97293465389924,23519700
2026-03-17,310.5347900390625,311.03417054952814,305.1214918945171,305.48103123176395,21955200
2026-03-18,307.30877685546875,312.08285325242963,306.5497087361953,308.88680583632095,20009800
2026-03-19,306.7494812011719,307.67832164750223,301.9754046785898,303.63335165234247,25075800
2026-03-20,300.6270751953125,305.62088043111504,297.9004465638477,305.0815409313132,44364100
2026-03-23,301.685791015625,305.60094814101865,300.5571860375472,301.7357168812967,29326900
2026-03-24,290.0801696777344,299.5484356615691,289.97029010977093,298.82932646685043,36864300
2026-03-25,290.5695495605469,295.6332754793409,288.8816409209488,293.07644958925243,29460700
2026-03-26,280.57196044921875,287.5932492331535,278.15494535852446,287.55329025783345,39080600
2026-03-27,274.0001220703125,279.02388928595167,273.6106210828978,276.9364822022131,35890600
2026-03-30,273.1611633300781,276.74671205405957,271.772870758184,276.07755917965534,35141200
2026-03-31,287.2037353515625,287.72308014338427,276.74670556560056,277.6955407888773,43875400
2026-04-01,297.0215759277344,300.14767254424095,290.05021252939383,290.47967248402244,37684500
2026-04-02,295.403564453125,297.71070019384774,289.0914173614996,290.3298713924274,21666500
2026-04-06,299.6183166503906,300.2475409865838,294.8142784540748,295.50342601468935,16945500
2026-04-07,305.08154296875,305.2513457589993,297.3511421656273,302.3549447988444,23205400
2026-04-08,316.9268798828125,321.68096199730417,314.6297110626625,320.0530070056894,33547100
2026-04-09,318.09539794921875,319.1441153425082,310.6746106421415,315.51860784412145,23739200
2026-04-10,316.8469543457031,321.4312640320202,315.9281112234418,319.62350892085055,19152600
2026-04-13,320.91192626953125,321.2315371363443,315.0791651091577,316.74710955552524,18866400
2026-04-14,332.49755859375,332.8770926852431,323.3489033390031,324.38762340838895,27721400
2026-04-15,336.70233154296875,337.0619013824557,330.49003638532656,332.4775916674409,24918800
2026-04-16,335.6036682128906,339.458901613874,334.105526677332,338.33029678032364,20541500
2026-04-17,341.2566833496094,341.89590508018404,335.8234205588037,337.2316773591919,25581900
2026-04-20,337.0019836425781,340.97703331198585,336.1929591105031,340.3378420577138,18784200
2026-04-21,331.8783264160156,338.9195798085849,330.9394885663705,337.2716301294484,23123800
2026-04-22,338.8996276855469,339.3990082413208,334.7547751685775,336.60245884112476,20293000
2026-04-23,338.47015380859375,341.53632713037314,335.7634893621326,340.7572947145818,18650300
2026-04-24,343.9732971191406,344.8422143498026,334.97448084779876,338.3103390739037,26426100
2026-04-27,349.90594482421875,352.74242256668157,342.3053878156813,345.55136124882,28576900
2026-04-28,349.3466491699219,351.9833930501032,345.69117996136276,348.11816206941427,27824100
2026-04-29,349.5064697265625,355.3492283904879,343.78355752060145,347.1394107424554,35376300
2026-04-30,384.3232421875,385.3619622201579,365.3667768501622,373.6065555628184,72040000
2026-05-01,385.2121887207031,386.2808704617397,378.5804000830116,381.1572209075714,30105200
2026-05-04,382.7751770019531,386.90006506467324,379.31947226185457,385.15223320621686,26298600
2026-05-05,387.9487609863281,392.33333678038815,383.5442209432822,385.7515048868787,23878600
2026-05-06,397.546875,399.3546301445318,392.2734176347804,393.7615619135972,31308500
2026-05-07,397.4969177246094,399.6043194807176,392.1934987581594,399.42454979908837,24433500
2026-05-08,400.3034362792969,401.5019617899809,395.86893456144384,396.5081562950806,21461800
2026-05-11,388.15850830078125,396.94759333072534,387.9887055115338,393.16228042470647,30753700
2026-05-12,386.8701171875,388.0386506028281,382.2957742925754,386.8601198229993,26017500
2026-05-13,402.1211853027344,403.1998643489371,384.5230197682841,385.1222825184223,28144600
2026-05-14,400.5731201171875,402.43080112559403,395.349588612008,396.7878070287349,21136700
2026-05-15,396.2884216308594,399.0450119758119,392.69287563304505,395.82900006662373,20309700
2026-05-18,396.4482421875,408.10376741205215,394.04122422601415,395.1997907850553,26837200
2026-05-19,387.1797180175781,396.65795076850566,385.63162007935824,396.4681837278221,39545700
2026-05-20,388.4281921386719,393.37204141137994,382.42562803382646,387.2196997137571,31744400
2026-05-21,387.1797180175781,392.01371791338363,382.5454520468608,385.22215486500835,24852800
2026-05-22,382.49554443359375,388.258385079403,381.29701890681014,386.87012298265273,20442100
2026-05-26,388.398193359375,388.7777274266938,382.12597532411496,384.0336125447445,27747400
2026-05-27,388.3482360839844,393.39199754996946,385.421873594791,386.1909390913781,23087300
2026-05-28,389.64666748046875,391.38450201712897,384.68282366229704,387.5193014898567,24357500
2026-05-29,379.8687744140625,384.7626974671623,377.9910987617443,384.7626974671623,44415800
2026-06-01,375.9037170410156,378.09100632744554,373.05724175924524,376.05352511273605,28672100
2026-06-02,361.4017028808594,373.07722234401785,357.99592394061045,366.13582064636165,50412300
2026-06-03,358.54522705078125,365.9960065843375,357.6363508187865,361.5814692403301,55441600
2026-06-04,371.7289123535156,372.7875967270043,357.76622059782807,358.4553682250688,44055500
2026-06-05,368.07342529296875,371.6190149899659,363.6688852043904,365.88613605551615,37471200
2026-06-08,363.0766296386719,365.9647879200631,360.2984165590168,364.9454235864071,27942500
2026-06-09,364.0260314941406,371.84098522768176,357.0704802123837,366.85420025674074,29535100
2026-06-10,356.1510925292969,368.3232616719084,354.97185779418805,362.95671584537644,32357100
2026-06-11,357.5401611328125,358.5694982511428,346.13748714351743,355.70134679025995,35538200
2026-06-12,359.4489440917969,366.33453278338226,354.7119986974298,362.3870579560934,24704600
2026-06-15,369.1127624511719,372.7504085202595,366.3145426692825,367.69366113705985,27727500
2026-06-16,373.01025390625,375.7584875251172,366.8242274297617,369.3626044753487,24876100
2026-06-17,363.55633544921875,372.0908279957741,361.78745285393074,368.8929017493238,24543600
2026-06-18,367.7935791015625,369.2426598317581,358.4396065335441,365.51504497617543,44470100
2026-06-22,349.45538330078125,358.68946892539066,341.50050477393233,357.72009076397745,52814800
2026-06-23,345.90765380859375,349.0656275102868,339.98147051143604,340.47114598010614,34007700
2026-06-24,345.0682067871094,353.25294826847323,341.7103492701006,348.8157979233392,44997300
2026-06-25,343.48919677734375,345.34801779729577,335.6242572392167,336.51370015420923,44491400
2026-06-26,337.17327880859375,346.1374872957393,329.98789515004995,342.32993723999033,114706300
2026-06-29,353.4228210449219,354.122383587675,340.4511784786947,341.6104064955248,34213900
2026-06-30,357.14044189453125,358.3896389689017,350.1749177879227,353.64269008629407,35237200
2026-07-01,360.97796630859375,362.7368455226467,356.20103798676814,358.1397942573561,26736400
2026-07-02,359.6788024902344,363.97602803095486,353.19298133516355,359.2490860357571,25974800
2026-07-06,366.2245788574219,367.693635754559,357.15042523629825,361.31772936423556,26915800
2026-07-07,366.7942199707031,372.9202869594668,365.26520405735874,368.8329180211536,24045600
2026-07-08,361.6875305175781,367.6037106679975,357.79001132287857,364.525702555654,22094800
2026-07-09,358.65948486328125,359.41897594546776,350.8544734886641,354.08240970637695,24729100
2026-07-10,356.9505615234375,357.5901650645865,352.52341441108456,357.30034280387986,18146100
2026-07-13,352.2835693359375,357.8999543595846,351.52404777471276,355.96119810970276,15901700
2026-07-14,359.2790832519531,359.92865963343,350.86447830880365,350.97442351070157,18259400
2026-07-15,370.6817626953125,373.40998963278184,357.5302120160503,357.74006858863044,28284600
2026-07-16,354.2322998046875,375.02892981037553,352.07368364698067,372.8203579699616,41158500
2026-07-17,346.5472412109375,348.2961170979314,341.1407126662452,345.77774679993126,29959300
2026-07-20,351.7638854980469,359.4489481797366,350.2948285491913,350.6546131580819,24736600
2026-07-21,346.927001953125,351.09433677099497,346.77710440528256,351.09433677099497,23369800
2026-07-22,341.8702392578125,349.7152025525983,341.51048515922605,347.93634723653764,39334100
2026-07-23,317.4859313964844,324.2815511558238,314.69771503877246,320.92372412122546,69419700
2026-07-24,319.53460693359375,323.97175736278774,317.11617848672984,318.2154780071113,31806600
2026-07-27,326.3502197265625,330.2077559724587,324.2415898017393,324.83120713377,28471600
2026-07-28,333.4956359863281,335.66425552638333,324.2316014627561,327.68937042492354,29511900
2026-07-29,336.49371337890625,342.2800028423013,331.40698648547414,334.455045685483,27501600
2026-07-30,333.4456787109375,336.29385412629074,330.12780397797883,333.98534038388266,30168000
2026-07-31,355.9012451171875,358.3496530632621,339.78160132747564,340.611054758666,46498000
2026-08-03,373.27008056640625,376.4480305309448,363.1166033198653,365.2152604560987,38669700
2026-08-04,377.40740966796875,380.2755612380555,367.263935640354,367.9834743668337,35705700
2026-08-05,362.1971740722656,384.2330278418686,356.54080629618977,383.0937455186354,46926300
2026-08-06,357.52020263671875,363.8961093831237,356.65076635274994,360.5382517887205,25235900
2026-08-07,354.0723876953125,358.6694387836589,353.5527327193329,356.49084652154687,19859900
2026-08-10,357.29034423828125,357.38028276908574,352.4834362714388,354.951850943437,18991400
2026-08-11,343.5791320800781,356.5807842683805,343.1694223006263,355.6613923515014,29081800
2026-08-12,343.3193359375,346.25744987105145,340.66104092628797,346.0875456512855,25012000
2026-08-13,346.13751220703125,347.7065110877775,343.5392066313974,345.5478948342235,17866100
2026-08-14,345.67779541015625,350.22489088982945,344.27870083870846,346.5772111705174,17808600
2026-08-17,343.7790222167969,347.0269344906474,341.7103446182459,346.04755304110785,18291300
2026-08-18,343.9789123535156,344.6484648943574,339.97147845233087,342.19005363605754,19248800
2026-08-19,344.4985656738281,346.5072842825429,340.44117610948047,342.2400076559886,19733800
2026-08-20,340.451171875,343.6790774504127,338.3525147854226,342.83962071417653,18570400
2026-08-21,344.5985107421875,345.97762917305914,340.1813365286692,342.359928876986,20849800
2026-08-24,347.83642578125,351.3741604480826,342.2699962782288,343.39927531721605,26338200
2026-08-25,346.73712158203125,349.9350782600912,345.37800981753963,349.41542326154587,20649700
2026-08-26,341.7803039550781,346.65717399060424,339.96146577825954,346.3973312516375,20420300
2026-08-27,340.4311828613281,341.4705233735174,338.3025461528343,339.45183186724313,23391400
2026-08-28,346.36737060546875,348.91575095848634,340.0514228221321,340.49114263603377,25347200
2026-08-31,339.13201904296875,344.3686432833908,336.94342338566804,343.60912172254496,33493600
2026-09-01,334.8047790527344,336.9834018439635,332.8360433203593,335.7841605001305,23342700
2026-09-02,336.9034423828125,339.78159726283246,332.6062167342666,333.84541044728496,22582300
2026-09-03,342.260009765625,344.4585782378343,339.841550898423,340.34122971001256,20726900
2026-09-04,338.4599914550781,343.5299987792969,337.0899963378906,342.4700012207031,23189300
2026-09-08,338.3599853515625,339.67999267578125,333.2200012207031,335.4200134277344,22915800
2026-09-09,330.6499938964844,331.8500061035156,327.8999938964844,331.6499938964844,33151600
2026-09-10,332.6000061035156,333.2300109863281,327.739990234375,328.2300109863281,23557600
2026-09-11,338.5,342.9800109863281,335.0299987792969,335.0299987792969,24708300
2026-09-14,349.3900146484375,349.9100036621094,342.1400146484375,343.1199951171875,35905400
2026-09-15,344.9800109863281,348.07000732421875,342.70001220703125,346.79998779296875,21928600
2026-09-16,342.8699951171875,348.3999938964844,340.6400146484375,347.0799865722656,18928900
2026-09-17,347.3299865722656,349.5,343.8900146484375,348.67999267578125,19238400
2026-09-18,349.5400085449219,359.44000244140625,348.45001220703125,357.30999755859375,47631800
2026-09-21,354.9700012207031,357.6099853515625,349.1000061035156,350.6400146484375,30455400
2026-09-22,351.1600036621094,364.1700134277344,350.2200012207031,357.6499938964844,29788600
2026-09-23,337.8299865722656,350.0,337.45001220703125,349.8599853515625,35576200
2026-09-24,342.3599853515625,343.0899963378906,336.0199890136719,336.2200012207031,23777200
2026-09-25,343.9200134277344,347.0299987792969,341.1099853515625,342.3500061035156,21880800
2026-09-28,342.75,343.5899963378906,339.55999755859375,340.70001220703125,19318300
2026-09-29,340.9200134277344,342.8399963378906,338.0199890136719,341.95001220703125,21066900
2026-09-30,344.0799865722656,352.6000061035156,340.989990234375,344.1499938964844,37373700
2026-10-01,338.239990234375,353.2200012207031,335.510009765625,350.7900085449219,33269300
2026-10-02,343.5,345.7699890136719,341.1600036621094,341.32000732421875,23772100
2026-10-05,346.4700012207031,348.0899963378906,342.3999938964844,342.5899963378906,25630600
2026-10-06,347.67999267578125,349.0899963378906,344.67999267578125,347.3699951171875,18715600
2026-10-07,350.5,350.79998779296875,343.07000732421875,346.7200012207031,20855300
2026-10-08,347.8599853515625,356.8299865722656,346.5199890136719,353.6499938964844,15117281
