Price,Close,High,Low,Open,Volume
Ticker,META,META,META,META,META
Date,,,,,
2019-01-02,134.392822265625,136.2054632156757,127.34037319450194,127.76630172518523,28146200
2019-01-03,130.4901885986328,135.86866695605673,129.87606025856311,133.41219893786487,22717900
2019-01-04,136.6412811279297,136.6908098064628,132.48112906966958,132.73865703839883,29002100
2019-01-07,136.74034118652344,137.55255409719652,134.62064368409187,136.25498430975898,20089300
2019-01-08,141.17782592773438,141.7820395018703,138.2161864227027,138.56287204102145,26263800
2019-01-09,142.86172485351562,143.32726730003796,139.92981403502708,141.5938690756774,22205900
2019-01-10,142.83197021484375,143.18855549600374,139.5038459620267,141.72260050191431,16125000
2019-01-11,142.435791015625,143.9809890790824,141.21746409851912,141.79194841316382,12908000
2019-01-14,144.01071166992188,145.17952509001276,139.92980217550297,140.65287257016718,20520300
2019-01-15,147.5369415283203,149.25052517201027,144.605030852391,144.62483023474576,24069000
2019-01-16,146.14028930664062,148.23027245470783,145.6054189077648,147.58644501535343,18025700
2019-01-17,146.8931121826172,147.58646840736213,145.11018538039298,145.55591330244098,15787900
2019-01-18,148.61660766601562,150.98393382908756,147.14075253407083,148.32936546154025,31029600
2019-01-22,146.1700439453125,150.09246785452942,144.9814159834578,147.7845702253746,22378700
2019-01-23,142.9310760498047,147.3883860194616,141.70283408378035,146.87331485770505,20098400
2019-01-24,144.446533203125,145.05074682385273,141.16793712381084,143.26782014678474,20955500
2019-01-25,147.5963897705078,148.4086179773514,145.14982057150146,146.08090554460145,22237200
2019-01-28,146.0709991455078,147.5468694195783,144.82295781501423,146.6454986794272,15508500
2019-01-29,142.8220977783203,146.69500793774904,142.06929808887804,146.6850931329732,17632100
2019-01-30,148.9929962158203,149.51796701145534,144.31777262470558,144.83284372922697,44613200
2019-01-31,165.108642578125,170.0512936190317,163.4346729040746,164.02898685115656,77233600
2019-02-01,164.13792419433594,167.49576282986112,164.08839551902136,164.26668061331824,30806500
2019-02-04,167.6443634033203,167.69389208739807,162.06776910768258,164.12803843025216,20036000
2019-02-05,169.53623962402344,170.34845257284368,167.08967085874446,167.54529845797657,22557000
2019-02-06,168.87261962890625,170.83383175038145,167.6641921818272,169.57587561500563,13281200
2019-02-07,164.80160522460938,167.6344738247833,163.68232037586623,166.60433154433827,17517600
2019-02-08,165.74256896972656,165.78218284597503,162.65217274527802,162.9097007259716,12561400
2019-02-11,164.21719360351562,166.70339166323188,163.51393762331796,166.30717727421657,12811200
2019-02-12,163.47430419921875,166.7430010283935,162.93943368107853,165.2770456138304,16292300
2019-02-13,162.51351928710938,164.64311676968293,162.1767332890101,163.8110892511546,14205100
2019-02-14,162.3946533203125,163.3059237471632,160.71078372473983,161.64186864961852,12755200
2019-02-15,160.9583740234375,163.13749975664112,159.33393319170062,162.94929985492274,15504400
2019-02-19,160.75035095214844,162.59270576917075,158.80895390179842,158.9773393010818,14345400
2019-02-20,161.01783752441406,162.1668365647587,159.7202675366254,160.71078082367424,11770700
2019-02-21,158.52169799804688,160.70083874601917,158.07597015924503,160.3937670122381,15607800
2019-02-22,160.3541717529297,160.86924281805312,158.7891591768466,159.05660195678024,15858500
2019-02-25,163.0582733154297,164.49452950409318,161.35458945279422,161.52298999215196,18737100
2019-02-26,162.57290649414062,164.66288956685293,162.24603538449034,162.7809057640813,13784100
2019-02-27,161.2654266357422,162.3747964110116,158.88820137044212,161.35456918253428,12697500
2019-02-28,159.9183349609375,161.94888981320577,159.33393586665466,160.829605187793,11114200
2019-03-01,160.74050903320312,161.5824514462435,160.15610977024008,161.0574805674415,11097800
2019-03-04,165.78221130371094,165.910982873178,162.27580076361096,162.34512883745433,18894700
2019-03-05,169.63528442382812,170.24941288259268,164.96997573678337,165.78218869781378,28187900
2019-03-06,170.87342834472656,171.9233850426753,169.64520163781978,171.25972789190405,21531700
2019-03-07,167.52549743652344,170.1107374172219,166.01991318477525,169.87300881514645,18306500
2019-03-08,167.99102783203125,168.01082721193242,164.39546044197604,164.62327422308334,13184800
2019-03-11,170.4376220703125,172.64646238443282,169.95226513707942,169.97207963399558,18884000
2019-03-12,170.28904724121094,172.15121710924666,169.5956909437616,170.45743269101766,12155300
2019-03-13,171.7252655029297,172.37900783032623,170.48712402560216,170.6852387531999,11973300
2019-03-14,168.55563354492188,169.52633227268862,166.56470740537296,168.14951949564056,18037400
2019-03-15,164.4053955078125,165.9902228546887,160.96831310157626,165.57420907679128,37135400
2019-03-18,158.94766235351562,162.34511554450353,157.76894916838668,162.01825947252323,37524200
2019-03-19,160.03720092773438,162.26585529280368,159.29431613937794,159.948043266469,25611500
2019-03-20,163.87049865722656,164.54404034738099,159.71034643218633,159.96787441123985,20211500
2019-03-21,164.5044403076172,164.81149699301554,162.19654265041893,163.32572713667582,16223000
2019-03-22,162.78094482421875,165.83172746564327,162.53331651027878,164.078514771019,16389200
2019-03-25,164.71241760253906,164.96004587882254,160.46312303168816,161.45363613682204,12631200
2019-03-26,166.08924865722656,167.84246127992475,164.77187938146022,165.76239259658405,15437900
2019-03-27,164.29641723632812,167.33729997043608,163.22666118234383,166.2576442256486,10620300
2019-03-28,163.97943115234375,165.138329555583,161.780491070086,163.00873263847336,10443000
2019-03-29,165.108642578125,165.6038991626828,163.2464729836976,164.81148560458402,13455500
2019-04-01,167.0995635986328,167.29766320371212,165.6930367543293,166.23782200382072,10381500
2019-04-02,172.54739379882812,173.24075000550022,167.94151353433404,168.52591268609825,23946500
2019-04-03,171.8936309814453,176.27171203753534,171.30923189933543,172.8445301758524,27391100
2019-04-04,174.35012817382812,176.31133997078794,173.86477129128428,174.35012817382812,17847700
2019-04-05,174.052978515625,175.3208341864952,173.4388651758687,175.20197744048605,9594100
2019-04-08,173.2704620361328,173.83506179927588,172.5771058380873,173.5478196293826,7297400
2019-04-09,175.8953094482422,177.4900360652577,173.8845691634004,173.95389721768993,19751000
2019-04-10,176.13307189941406,177.09385583898353,174.86520104508787,176.48964215696606,11701500
2019-04-11,175.82598876953125,176.70754489330878,175.32083248984918,176.5490742715074,8071000
2019-04-12,177.40090942382812,177.9258801789181,176.26181024438242,176.31133892418978,12329800
2019-04-15,177.94570922851562,178.78765158352516,175.19208344926048,176.80662497318139,10834800
2019-04-16,177.173095703125,178.4607659183142,176.60851102422325,177.30186725885363,11215200
2019-04-17,177.0839080810547,179.02532015805767,176.66789444613158,177.89613597354395,9973700
2019-04-18,176.5886688232422,177.1829827105606,175.65758411965734,177.10373985131613,11655600
2019-04-22,179.71875,179.94656384536196,176.55900990105673,176.55900990105673,13389900
2019-04-23,182.03648376464844,182.47231191686018,179.75830076883312,181.00635686180843,19954800
2019-04-24,180.84788513183594,183.38359627090549,179.9267000817969,182.73976879610584,37289900
2019-04-25,191.42657470703125,196.597054796279,190.29739026880657,195.11128500313959,54148800
2019-04-26,189.67337036132812,191.0699824296154,187.2961297100138,190.67378321141203,22075000
2019-04-29,192.93215942382812,193.55618757482065,188.84133508115613,189.13849206324934,19641300
2019-04-30,191.5652313232422,195.51738411228567,190.45586146555874,192.3477451517395,23494700
2019-05-01,191.19876098632812,194.3188715076514,191.17894649048213,192.93215907907037,15996600
2019-05-02,190.70352172851562,192.15957746793657,187.94989600278848,191.16906418201935,13209500
2019-05-03,193.6156463623047,194.29910299426942,191.87234830169643,192.5359904346672,14575400
2019-05-06,192.0406951904297,192.43689440653358,188.7422845729569,189.4257410676627,13994900
2019-05-07,187.9696807861328,191.0699766034153,186.06789739149028,190.7133912722929,16253000
2019-05-08,187.74188232421875,188.9106958656401,186.76128384016386,187.59331137634175,12505700
2019-05-09,186.8603057861328,187.96969082779606,184.492979885113,185.42406469467448,12967000
2019-05-10,186.55328369140625,188.1975395060378,182.83885856957656,186.46414111585062,12578500
2019-05-13,179.81773376464844,183.67082895282525,179.124377647373,181.75914600704942,16833300
2019-05-14,179.0154266357422,181.74925243883155,176.4103874849534,180.78845353180816,17628100
2019-05-15,184.50286865234375,185.50328138418524,178.31216213692207,178.7083613082972,16746900
2019-05-16,185.21604919433594,186.79096138903253,183.29445137055404,183.29445137055404,12953100
2019-05-17,183.54208374023438,185.80045243956167,182.53175612820985,183.08644105589994,10485400
2019-05-20,180.986572265625,182.4822417495698,179.64937340627384,180.15454480888877,10352000
2019-05-21,183.066650390625,183.9382916981912,182.14546528797632,182.81902209940125,7502800
2019-05-22,183.5618896484375,184.9684163961561,181.86810564615317,182.97747544964278,9213800
2019-05-23,179.15411376953125,182.1553674914434,177.96550097806642,180.6894122191045,12768800
2019-05-24,179.3423309326172,181.88795730097132,179.11451711157673,180.60028702224886,8807700
2019-05-28,182.56149291992188,182.95770728450154,179.72862444781592,179.8177670120841,14843300
2019-05-29,180.4615936279297,182.80910496228853,179.62956620740138,181.75916343914122,12797700
2019-05-30,181.27378845214844,181.73933079634435,179.1739056155404,181.34313162061707,8581500
2019-05-31,175.786376953125,178.82724458565292,175.47932028261908,178.56971659742933,15226500
2019-06-03,162.5927276611328,173.3893300734658,159.4825169721261,173.33980139311865,56059600
2019-06-04,165.91094970703125,166.68354874132064,159.31412861668574,162.15691158472936,46044300
2019-06-05,166.57460021972656,167.11938549334087,163.0681902010638,165.89114370501332,19758300
2019-06-06,166.73309326171875,168.09009154578806,165.64352266675132,166.70337907404075,12446400
2019-06-07,171.7054443359375,172.2205002430542,167.23822077954702,168.55560495796166,16917300
2019-06-10,173.1614990234375,176.17265205165853,172.15117147836378,173.092155855056,14767900
2019-06-11,176.41041564941406,178.27257027953686,175.1128305977536,176.78680040639986,15266600
2019-06-12,173.37940979003906,177.56929116769706,171.23991293854624,176.68773509588837,17699800
2019-06-13,175.786376953125,176.34106192101075,172.95350862653834,173.86477894721233,12253600
2019-06-14,179.60975646972656,180.11491274970635,178.29237212864777,178.79752840862753,16773700
2019-06-17,187.2168731689453,187.70223002271987,182.66052203628425,183.25482082018078,29459900
2019-06-18,186.6820526123047,192.68456110562752,185.5033393054839,192.159590238326,37571400
2019-06-19,185.70140075683594,186.31552918614284,182.79920448790395,185.22595867772026,21417100
2019-06-20,187.73193359375,189.34647467109144,185.85986456934782,189.138460284367,14635700
2019-06-21,189.32669067382812,190.17853262242735,186.95936475251648,186.95936475251648,22751200
2019-06-24,190.7728271484375,192.13972493487353,189.75259987502665,190.5945269329709,15509000
2019-06-25,187.0485076904297,191.3077174420357,186.34525178743922,191.0501894529737,16750300
2019-06-26,185.87973022460938,188.95031239807054,185.5330445226545,187.74188495827198,12808600
2019-06-27,187.7022705078125,196.99329010611473,186.48394337971757,188.0786703986197,11159000
2019-06-28,191.16903686523438,191.36713647130404,188.13806906167824,188.74228268431094,16378900
2019-07-01,191.16903686523438,193.42740562529704,190.10918054601342,193.35807756448665,14181800
2019-07-02,193.15003967285156,193.15003967285156,190.88177149814842,191.1690136249249,9050000
2019-07-03,195.3292236328125,195.52732327395668,192.3180697909332,192.3180697909332,10246100
2019-07-05,194.53680419921875,195.20046140417116,192.32796379343947,194.3188900661966,11164100
2019-07-08,193.90284729003906,194.81411756724523,191.80296426491321,193.33826265824044,9723900
2019-07-09,197.3201141357422,197.56774240174988,193.0410904443949,193.12033330320097,14698600
2019-07-10,200.8067626953125,201.0345916427909,197.77579433075638,198.1026655425857,20571700
2019-07-11,199.32095336914062,201.86657937373758,198.31064085635603,201.33169381846955,13678500
2019-07-12,202.92642211914062,203.35235062856086,197.27060055460612,197.78565650521193,15366300
2019-07-15,201.97555541992188,203.38208238631464,199.90538640619093,202.31232628919219,16030300
2019-07-16,201.90621948242188,203.52076093424284,201.17324934230814,201.9557481682754,12132700
2019-07-17,199.8855743408203,202.42128581045478,199.67755991078087,202.24298556841632,12083700
2019-07-18,198.87522888183594,200.54919852218333,197.4885165186062,198.25120076136693,11937900
2019-07-19,196.4781951904297,200.41053372817643,196.19095301810967,200.26194768260535,12098300
2019-07-22,200.40061950683594,200.6482477841344,196.92390882058592,198.0134792863114,13589000
2019-07-23,200.4402313232422,202.30240078589875,199.0535190302195,200.9156733788456,14583700
2019-07-24,202.7184295654297,202.86700049573182,195.34900914181387,195.75512317001505,32532500
2019-07-25,198.805908203125,206.68048500865785,196.37913880631078,204.73907251401283,39889900
2019-07-26,197.85499572753906,200.95530662974704,194.38819980740698,198.29082391860058,24434000
2019-07-29,194.08116149902344,197.73615767560315,193.4472336468546,197.11212951451913,16530800
2019-07-30,195.17071533203125,196.8248856853143,191.66430523526563,193.53637458881624,11903600
2019-07-31,192.38735961914062,196.87438285652664,190.85206125591765,195.08155652241388,14593500
2019-08-01,190.901611328125,196.58716273147996,189.06917091392063,192.32795280311527,17777000
2019-08-02,187.22682189941406,190.79266059103523,186.2858373188765,189.28709130778836,15297000
2019-08-05,180.00595092773438,183.90857516587192,177.63862509840143,182.93787650858883,23086700
2019-08-06,182.7595672607422,184.02742282392637,181.35304046764819,181.9473543752791,18035700
2019-08-07,183.39352416992188,184.60195155707828,179.50081431017182,181.8582407070889,15833200
2019-08-08,188.35598754882812,188.5342726642332,182.30395149117408,184.84956247221297,14828900
2019-08-09,186.06790161132812,189.1681974989223,185.3448161284113,188.19749884208662,11058800
2019-08-12,183.61141967773438,185.81036010259612,182.7100641885772,185.07739003699646,10930900
2019-08-13,186.6622314453125,189.56444332154607,183.61144861723838,183.7600346831127,13577000
2019-08-14,178.005126953125,184.2255483999623,177.60891261999535,184.03734848097963,18903700
2019-08-15,180.85780334472656,181.46201700724816,178.32209194595782,179.23336228526333,12925900
2019-08-16,181.95726013183594,183.343987591199,180.62997615644224,182.00678881146158,12654600
2019-08-19,184.40383911132812,185.72122347016028,183.09636955739475,184.24535337326594,9691200
2019-08-20,182.0662384033203,184.23546484310535,180.65971139938486,183.69067953178424,10083400
2019-08-21,181.80870056152344,184.13639750899085,181.40258652287343,183.244941676179,8398200
2019-08-22,180.31301879882812,182.3633884062302,178.20323593087247,181.6898315615164,10821400
2019-08-23,176.063720703125,181.39268653754945,174.9840649461528,179.12440285338127,17323400
2019-08-26,178.64894104003906,178.78761226770766,176.54905813133462,177.69804182600424,8773600
2019-08-27,179.58004760742188,182.29404412397164,179.29279031328514,180.20406065083043,14399600
2019-08-28,180.0356903076172,180.22389025112795,177.22263618891225,178.81736319177548,9386100
2019-08-29,183.8095245361328,184.31468077969416,181.72944096564623,182.02659792057725,10128700
2019-08-30,183.90858459472656,185.02786935065186,181.7195588798664,185.00805485466208,10774500
2019-09-03,180.6597137451172,183.90859604422937,180.38237124012224,182.25444070585473,9779400
2019-09-04,185.3646240234375,185.9688376290839,182.14545639470504,182.89824092221912,11308000
2019-09-05,189.08895874023438,189.5446014501332,186.15704821107946,186.74144735596775,13876700
2019-09-06,185.71131896972656,188.4055159908817,184.58213456483298,188.4055159908817,15226800
2019-09-09,186.96925354003906,187.1871676384169,184.0868718097341,185.9490262221933,14722400
2019-09-10,184.40383911132812,186.31553743087753,182.79921257703614,185.66179509689493,15455900
2019-09-11,186.7018280029297,187.64281246717204,184.31468769789163,184.69108752920104,11761700
2019-09-12,185.69149780273438,189.1186647707536,185.4537692103392,188.05882358030752,11419800
2019-09-13,185.41416931152344,186.18676840250643,184.77032665968292,185.55284055569905,11441100
2019-09-16,184.453369140625,186.00846700387407,184.00764122384822,185.15662504810942,8444800
2019-09-17,186.2957000732422,186.53342865116184,183.7797884108567,184.8891733271184,9671100
2019-09-18,186.3551483154297,187.28623311905156,184.24535041420276,186.30561963382672,9681900
2019-09-19,188.33616638183594,189.28706563907247,186.36503980739397,186.87021117787594,10392700
2019-09-20,188.12815856933594,191.2680986093367,186.33533215516076,188.85124406340918,19934200
2019-09-23,185.04766845703125,188.29655028368404,183.4529417282023,187.54375063900034,13327600
2019-09-24,179.56024169921875,186.25610586353093,178.67868550662413,186.1966774864623,18546600
2019-09-25,181.06581115722656,181.6799244883696,176.18257335207298,179.72861232725143,18068300
2019-09-26,178.40133666992188,179.6790920736276,175.9844819947255,179.60976400752006,16083300
2019-09-27,175.41989135742188,179.04515813298937,173.9935499507578,178.77773045476368,14656200
2019-09-30,176.39060974121094,176.97500895906552,175.17228261784572,176.18259529866884,10740000
2019-10-01,174.14210510253906,178.13387167288744,173.2209351773958,177.45041521795898,17073000
2019-10-02,172.943603515625,174.85528665674977,171.44791897334528,173.18131700067931,16151700
2019-10-03,177.67828369140625,178.1339113534993,171.98283211700686,173.90443037078876,16086300
2019-10-04,178.7381134033203,179.2630842180594,176.41041632820216,177.84665752162107,10430200
2019-10-07,177.97540283203125,179.46117261792924,176.40049048634702,178.2923743077581,9178300
2019-10-08,176.063720703125,178.65886044183696,176.03400651634828,176.56887699236094,9466900
2019-10-09,178.14378356933594,179.00552511286097,176.25189995825832,177.46032712556223,7556900
2019-10-10,178.3220977783203,179.88711051462911,177.47025578549483,178.6093550824072,8605000
2019-10-11,182.44261169433594,184.7207948644628,180.41205680109175,180.42195649111605,14930500
2019-10-14,181.54124450683594,182.8685284681819,180.83798865130032,182.45251476898528,7006000
2019-10-15,187.09800720214844,188.5738770702836,181.91762824370616,182.05629946450864,15039100
2019-10-16,187.7517547607422,187.90032567509164,185.1268860663388,186.53342792098678,10516900
2019-10-17,188.58377075195312,189.02949858218807,186.97914451749566,188.49462820871193,9603000
2019-10-18,184.08688354492188,189.67337736648975,182.17518521710943,188.42532106639536,16874200
2019-10-21,187.95977783203125,188.1083638792181,184.9783385658105,185.26558074125407,8122600
2019-10-22,180.61016845703125,188.8413305118659,179.77814101852795,188.19750299460227,19537600
2019-10-23,184.38404846191406,184.61187740760545,180.27342422976105,180.2833239219083,12300400
2019-10-24,184.61184692382812,184.95851746014466,181.06580801028028,182.86853409560763,11413500
2019-10-25,186.1075439453125,187.20701431649454,183.33410367337254,184.0670889588384,8061200
2019-10-28,187.6031951904297,187.73196674371343,183.32418599935835,185.42406915980794,13657900
2019-10-29,187.51405334472656,190.70350708967274,186.68202587579245,189.87147962073865,13574900
2019-10-30,186.46409606933594,188.6432219248965,184.21562704018342,187.76166584684574,28734600
2019-10-31,189.83184814453125,196.21075555095547,186.46410932060846,194.83394281179486,42286500
2019-11-01,191.7831573486328,192.26851424857645,188.10836190944954,191.0204730810479,21711800
2019-11-04,192.87271118164062,195.49756483933155,191.97134063729,192.70432576907464,16371300
2019-11-05,192.4765167236328,193.8929432304281,191.76334606814555,193.51654340835685,9942000
2019-11-06,189.73281860351562,192.52605814665964,189.53471897366683,192.18928726451335,10973000
2019-11-07,188.61354064941406,191.60489504539427,187.6725560378339,190.08941090650444,13473000
2019-11-08,189.02951049804688,190.51528010184126,187.90032620372435,188.1974831472892,10760800
2019-11-11,187.8112030029297,188.2767454025339,186.75134665497026,188.12815935842931,8631200
2019-11-12,192.62509155273438,193.2094906779906,187.93996863227306,188.19749660763233,17615500
2019-11-13,191.35720825195312,193.84339043263577,190.911480426241,192.85287743592937,10860700
2019-11-14,191.317626953125,192.1892834439716,189.63375746183442,191.09971283041335,9040500
2019-11-15,193.24913024902344,193.44722986507244,191.54544634574475,192.41708767916666,11524300
2019-11-18,195.52728271484375,196.74562472752012,191.21855973610926,192.71422909763314,16167200
2019-11-19,197.42906188964844,198.10260348676945,194.99239321658834,195.52726359582977,19056800
2019-11-20,195.63623046875,197.6964994622847,193.57596147521534,196.696086705427,12355400
2019-11-21,196.05227661132812,197.20127558697376,194.99243531316182,195.54712030443008,12131000
2019-11-22,196.93382263183594,197.40926468992353,195.74519481557118,196.49799444774294,9959800
2019-11-25,197.89463806152344,199.06345157055182,197.35976754995653,197.62721036275644,15272300
2019-11-26,197.08241271972656,198.25121104162343,196.16122758393166,198.10264010715585,11735500
2019-11-27,200.0836639404297,201.21284836998765,197.52813810216017,198.00358020038675,12736600
2019-11-29,199.72708129882812,201.86659344093158,199.30116787701886,199.68746742095152,7985200
2019-12-02,197.80548095703125,200.26194943551795,196.17114023966585,200.21243586725922,11503400
2019-12-03,196.93382263183594,197.04276456382868,193.22929818107588,195.72539543558915,11595300
2019-12-04,196.8248748779297,198.13234437790393,196.17113257092697,198.10263019249757,8456300
2019-12-05,197.46871948242188,199.38040277460777,196.32963530577598,197.96397610079532,9740400
2019-12-06,199.1426544189453,199.65772544384058,198.16204104513068,198.5978692112705,12270600
2019-12-09,199.429931640625,201.21285849119744,198.3106619596252,198.74647508840286,11954800
2019-12-10,198.96438598632812,200.1331994471131,198.25121525765346,199.74689989525032,9475700
2019-12-11,200.34115600585938,200.7076560971802,198.37994447755375,198.37994447755375,8036800
2019-12-12,194.8834686279297,201.7279183453557,192.25861474030722,200.43034849471852,23734800
2019-12-13,192.26852416992188,194.9330071836584,191.33743931310352,194.53679282222905,18798000
2019-12-16,196.04237365722656,197.23098649216615,192.9618769546735,193.4175196836503,14911500
2019-12-17,196.50790405273438,197.11211768134396,194.26934976534423,196.95363194930803,10175700
2019-12-18,200.5789337158203,202.3618605938786,198.19179314892094,198.19179314892094,23274400
2019-12-19,204.1051483154297,204.34287692534505,200.5888234198457,200.8562662167465,16514600
2019-12-20,204.34288024902344,205.73950751618258,201.50009703091317,205.511678593546,27306900
2019-12-23,204.22398376464844,206.61112396373323,203.72872721449957,204.7390548087318,13348900
2019-12-24,203.17405700683594,204.82821219041404,203.05520026268448,204.3428704091078,6046300
2019-12-26,205.8187255859375,205.8484548860392,203.36225714860623,203.6198002465895,9350700
2019-12-27,206.1258087158203,206.9479213944063,204.63012406911534,206.69039339627366,10284200
2019-12-30,202.47079467773438,205.9276758651125,201.9656233030976,205.88806198966603,10524300
2019-12-31,203.30284118652344,203.60989787067933,201.66850039677584,202.06469964458358,8953500
2020-01-02,207.78985595703125,207.7997556478878,204.31316009837255,204.78860219802792,12077100
2020-01-03,206.69036865234375,208.40395209907635,204.98668489565065,205.24422797698392,11188400
2020-01-06,210.58311462402344,210.7613997472001,204.56079248975286,204.73907761292955,17058900
2020-01-07,211.03875732421875,212.5443417439287,209.7411873437847,210.8010438096557,14912400
2020-01-08,213.1782684326172,214.18859620589004,210.5930281781473,210.9793277511585,13475000
2020-01-09,216.22901916503906,216.30826202907267,214.22817841177596,215.47621951373543,12642800
2020-01-10,215.99131774902344,217.79405912603943,215.35738987102468,217.12050225402228,12119400
2020-01-13,219.80477905273438,219.86420742411363,217.13039654244847,217.51669607044497,14463400
2020-01-14,216.9818115234375,220.27032248622695,216.55589811718966,219.50762311718915,13288900
2020-01-15,219.0519561767578,219.57692688704694,218.05154343176017,218.51708577696448,10036500
2020-01-16,219.66610717773438,220.51794909777288,218.2991941838506,220.458520726566,10015300
2020-01-17,220.0325927734375,220.1811637018355,218.43786598116318,219.9236357212685,15905900
2020-01-21,219.33924865722656,220.26041869206054,217.0412507446405,220.0524193808545,14275800
2020-01-22,219.22039794921875,220.63682463038185,219.18076895568498,220.20099638570625,12212800
2020-01-23,217.67515563964844,219.3887542022638,217.1898138886676,218.65576905972154,11195000
2020-01-24,215.87245178222656,219.67601888789403,214.05981079108062,218.7053201723297,11905800
2020-01-27,212.83155822753906,214.01027130825997,210.48404687069478,211.078360813354,13810700
2020-01-28,215.72384643554688,216.6648459937417,211.4943662818989,214.08950582800048,13413800
2020-01-29,221.11228942871094,222.07308858099015,216.3776368560935,219.33927719409206,33181300
2020-01-30,207.54222106933594,209.42419002648705,202.8075693767688,204.57068159128804,48775500
2020-01-31,199.99452209472656,206.71020032302016,199.15257983645841,206.45265722028634,31359900
2020-02-03,202.2528839111328,203.19386838731398,200.578914257847,201.50999904351116,15495600
2020-02-04,207.8394012451172,208.60210069489997,203.25331996880612,204.65984699843642,19628900
2020-02-05,208.11669921875,210.71183859419315,206.72998698317653,210.49392451231304,12538200
2020-02-06,208.84971618652344,209.18648705025322,207.35403156778628,208.47331633057124,10567500
2020-02-07,210.31564331054688,210.80100015899873,207.93840285894004,208.3049029747221,12242500
2020-02-10,211.03875732421875,211.77174259353234,208.66153149438892,209.51337352098403,11856400
2020-02-11,205.2244110107422,208.85959226349257,204.5508542454041,208.19595030210516,25030800
2020-02-12,208.76055908203125,209.2162018096424,205.43243408575637,205.87817712230088,13813700
2020-02-13,211.1179962158203,212.29670941672606,207.19555704519584,207.53234304119243,15396600
2020-02-14,212.14810180664062,212.89098667822543,210.63261787773015,211.96981669219537,10741700
2020-02-18,215.73377990722656,215.91206503008158,211.37551271993013,211.52409876967474,15609200
2020-02-19,215.42669677734375,216.24882445340782,214.05978388051068,215.92195332094644,12135100
2020-02-20,212.5443115234375,216.69456400079267,210.92977026777103,214.4659094344447,13109200
2020-02-21,208.18605041503906,212.20754657328285,206.84886670653248,211.45474689255207,14092300
2020-02-24,198.81581115722656,201.71800758497398,196.28999946877815,199.88556722929997,23080100
2020-02-25,194.9032745361328,201.56942372773054,194.09104650765474,200.33128230434153,21433500
2020-02-26,195.3292236328125,199.30119171801033,193.63545431989098,195.31932394066715,16524500
2020-02-27,187.94984436035156,194.02169397117004,187.70221610691237,190.0002135535621,21682600
2020-02-28,190.64405822753906,190.91150099739545,180.0950997215529,180.96674097503623,32568900
2020-03-02,194.57640075683594,194.70517229961789,187.05840976299632,192.18926049743837,24949000
2020-03-03,184.12649536132812,195.3688260570718,182.2247118597475,194.35849837640868,27984100
2020-03-04,189.94082641601562,190.0101696022807,184.62177479092705,187.3754005768119,23062500
2020-03-05,183.413330078125,187.19709781148393,182.14547437294442,185.00805695770822,19333400
2020-03-06,179.37200927734375,182.0364918696107,174.5878293073304,176.63819862906328,24559600
2020-03-09,167.89198303222656,173.3398054904994,163.6228736695342,167.99104039526233,29949000
2020-03-10,176.49954223632812,176.59858448381823,167.891980465599,173.01293168440577,24517800
2020-03-11,168.62496948242188,174.2114632222763,166.06944366012237,172.3591932950792,20373900
2020-03-12,153.00457763671875,165.01950777952575,152.87580608218877,158.02647178096905,43266300
2020-03-13,168.66458129882812,169.1697375742382,156.1048815638944,161.97861740448548,35028600
2020-03-16,144.6248321533203,157.62037608772266,141.74245012310521,150.87498336852747,39120400
2020-03-17,148.00245666503906,152.47957983903552,138.67182563927966,149.3099411329436,34255600
2020-03-18,145.56582641601562,146.7742386142249,135.79936566657685,138.4242195990498,37553100
2020-03-19,151.67730712890625,158.4127855071395,143.42632949013358,145.22905584472105,39862300
2020-03-20,148.30953979492188,157.75904435185518,146.59595616091588,154.53987639561885,32568400
2020-03-23,146.6950225830078,150.86507502139386,140.90051385850353,148.24022087913343,29830800
2020-03-24,159.4528350830078,159.7797063026674,151.12262928405687,153.73758392729917,30440400
2020-03-25,154.7280731201172,161.44375138520383,151.6079474818221,157.4123554195494,35184300
2020-03-26,161.79039001464844,162.44413222291246,155.5303557053532,156.74868246509695,26556800
2020-03-27,155.3025665283203,158.57126329109138,153.28192613924398,156.6991938445821,24879900
2020-03-30,164.37567138671875,165.1680850122829,156.56052242158344,157.66989242895355,22515200
2020-03-31,165.21762084960938,169.30843048588375,162.64228023355423,163.91013604372594,23676300
2020-04-01,158.08590698242188,162.59272978632507,156.5406937511629,160.08673269112347,19507600
2020-04-02,156.6892852783203,159.81931061273542,154.44081608594902,157.59065591626177,20886300
2020-04-03,152.71731567382812,156.4119407375599,149.39910557107916,155.65914104365785,25983300
2020-04-06,163.97943115234375,164.6232585605781,157.00621112683274,158.63065185197524,28453600
2020-04-07,167.2283477783203,171.74508561713102,164.43509325935295,170.16025842869152,31411900
2020-04-08,172.6266326904297,173.3398033763004,166.14868326014061,169.62537901823683,21664200
2020-04-09,173.52798461914062,175.40005368955912,169.94233219455793,174.23124042472077,23534300
2020-04-13,173.13180541992188,173.33981985392103,167.84246825860438,172.02243540934728,19355400
2020-04-14,176.47972106933594,179.51068880331664,174.9444227079841,177.2820342796213,21011800
2020-04-15,175.29112243652344,176.4995497511861,171.18049869689742,173.528010147399,17423000
2020-04-16,174.5779571533203,176.36088399386284,170.873432224306,176.26182662504232,23593200
2020-04-17,177.53958129882812,178.5697083179921,174.98405557467203,177.49995230922693,20974800
2020-04-20,176.549072265625,178.7876265812138,175.09301670151973,175.72694452361762,16110700
2020-04-21,169.1796417236328,173.71619356805294,166.74297282987604,173.58742202763395,24850500
2020-04-22,180.5507354736328,183.0270183445286,176.4500116439906,176.7570683017367,33242000
2020-04-23,183.3737030029297,185.2754864238355,181.41247609765682,182.33366117995732,21426600
2020-04-24,188.26683044433594,188.60360126787867,179.1144840432602,181.49170941583634,28792000
2020-04-27,185.72122192382812,191.91192932128905,185.6320793646723,190.83227357853949,29197800
2020-04-28,181.17477416992188,187.40509558662583,180.82808850214573,186.87022510546225,21731000
2020-04-29,192.3477325439453,195.04192926232105,188.19748042578456,189.11865031208174,45954500
2020-04-30,202.76795959472656,207.70071099595617,199.6577488161317,204.95698525723031,46230100
2020-05-01,200.35110473632812,205.31357031681745,197.16165109419939,199.6874627207839,30415600
2020-05-04,203.312744140625,203.9565868211858,196.87440801921363,198.30074951666384,19250700
2020-05-05,205.10557556152344,208.3841718350032,204.54097578283546,205.05604687872122,21071200
2020-05-06,206.49229431152344,209.59260555857895,204.69946778308397,206.14560863533606,21857000
2020-05-07,209.2558135986328,209.59259957395327,207.05687308122614,209.15677134685905,15152000
2020-05-08,210.33546447753906,211.18730635477021,208.84969481590548,210.2265074311247,12506000
2020-05-11,211.15757751464844,212.96031862940882,208.37423809406243,208.88930914314122,12911900
2020-05-12,208.1068115234375,213.23766220480525,208.00775416631745,211.2665356647496,14704600
2020-05-13,203.1542510986328,208.7803584801785,200.19261136841277,207.44315969530925,20684600
2020-05-14,204.8480224609375,204.96687920263764,198.7860868097306,200.63834156670356,17178900
2020-05-15,208.87942504882812,209.33505264954582,202.1835462529561,203.3226454828138,19383200
2020-05-18,211.16751098632812,212.60375209984952,208.9388562920264,210.1373687971041,20151900
2020-05-19,214.82249450683594,218.3982475445858,210.81091326951062,211.24674146908606,31843200
2020-05-20,227.788330078125,229.1453283748717,221.07265154757792,221.37970823247397,50162900
2020-05-21,229.19483947753906,234.94971851863545,229.00663955890252,232.4932501138746,47782600
2020-05-22,232.68145751953125,233.7512135803886,226.5699929396403,229.3137035988991,33925600
2020-05-26,229.9971466064453,238.6146078462338,229.47217585474306,237.4953382827712,33178300
2020-05-27,226.9661865234375,228.37271340715165,219.03218149536397,226.89685846103117,34697600
2020-05-28,223.3211212158203,229.43258607857584,221.8749652386441,222.17212223275237,29377200
2020-05-29,222.95462036132812,225.3318611929218,220.7655945765968,223.06357742170158,23241500
2020-06-01,229.70989990234375,230.23487064365784,221.37968098597398,222.45933665290062,18223800
2020-06-02,230.5122528076172,230.78959531819018,224.41068734694426,228.74914037010302,20919000
2020-06-03,227.97653198242188,230.44290028825608,226.36199055738982,229.90802978639826,15380300
2020-06-04,224.1432342529297,229.4325864370295,222.47917926577566,227.38221677710837,17041500
2020-06-05,228.5807342529297,229.15523371974078,223.1725255577989,224.5592530992839,16750400
2020-06-08,229.2047576904297,229.35334374484927,225.2526195358098,226.85724614811966,15466500
2020-06-09,236.40577697753906,237.49534751248987,228.22414361683278,229.32361384245348,27462900
2020-06-10,234.48414611816406,238.9216553890137,233.04790524282595,238.674027130713,20720700
2020-06-11,222.30084228515625,230.680589554264,221.42920105623543,227.7585790042737,26708200
2020-06-12,226.41151428222656,229.4622968221468,222.3702185195023,227.71898387703106,22091400
2020-06-15,230.2943115234375,231.5522674785266,222.66736315385467,222.9546053223552,15340300
2020-06-16,233.41441345214844,236.19776804816235,230.78955969861352,234.8902834595126,15236700
2020-06-17,233.2955780029297,235.33603282230533,229.53162473596834,232.77060720431487,19578100
2020-06-18,233.70167541503906,233.89977502255985,229.9476221064844,232.76069094379193,15782500
2020-06-19,236.524658203125,238.54531374726636,233.31540486624527,235.53414492847656,30081300
2020-06-22,236.95059204101562,238.41654748817328,234.66250874392918,236.2968496378385,18917800
2020-06-23,239.94190979003906,242.86392054625162,237.58448366742545,238.99101052025244,24017900
2020-06-24,231.79991149902344,240.9126302387042,230.47261227738775,238.9117892719681,20834900
2020-06-25,233.44412231445312,235.04876382884933,230.532026469279,232.3941808369778,18704300
2020-06-26,214.0300750732422,230.87869766877523,213.35651829772772,230.43296979114263,76343900
2020-06-29,218.54681396484375,218.6557710124916,205.14517267431043,207.76012670382838,58514300
2020-06-30,224.91583251953125,225.34174592742818,216.3974132212774,218.49729630288027,33927100
2020-07-01,235.29641723632812,236.7326583752123,225.40118477783565,226.3322696181423,43399700
2020-07-02,231.20559692382812,237.72317580756953,230.40328362372276,236.732662575038,30633600
2020-07-06,238.00050354003906,238.1193602840796,230.066498480671,231.54235343261277,26206200
2020-07-07,238.5749969482422,245.3005745593555,236.5543567805918,237.13875590935973,27887800
2020-07-08,241.26919555664062,244.6468490348312,234.34550317797846,235.85108740206294,29791300
2020-07-09,242.1804656982422,244.19120618796399,236.97037195903678,242.67572227431222,22174900
2020-07-10,242.74505615234375,243.16106984662514,237.04960574567934,241.37814321825448,22982700
2020-07-13,236.73263549804688,247.77685073194598,236.15813607520477,244.66664014209772,24674900
2020-07-14,237.45570373535156,238.05001764723156,229.82875580772154,234.51387858820374,23378100
2020-07-15,238.00050354003906,242.49744180063882,235.7916634004404,239.2584594992504,19133600
2020-07-16,238.64431762695312,239.46644532637873,234.08796636475367,235.74212145370734,18880700
2020-07-17,239.73391723632812,241.84371526493857,235.60347885698832,238.71368981264152,18152400
2020-07-20,243.0917510986328,243.71577925976968,233.4045330775278,237.78259966850712,20872200
2020-07-21,239.45655822753906,244.56760979887397,237.80240305160552,243.8841532950984,19364200
2020-07-22,237.5944061279297,239.60514679673167,235.86100795730505,237.9807056871076,15427900
2020-07-23,230.39337158203125,240.12020314477962,229.55142933389942,237.35667802433187,21771800
2020-07-24,228.5212860107422,231.27491124443705,224.74741836994428,228.00621496217153,18325800
2020-07-27,231.28485107421875,232.72109230861818,228.64018242808189,229.26421063149655,13163100
2020-07-28,227.93687438964844,232.7309693782,227.64963223495675,232.4040982348421,14170100
2020-07-29,231.07681274414062,231.48292677466168,228.12508770436878,228.9472154561437,13588300
2020-07-30,232.2753448486328,232.66164439115454,226.82752226156467,228.0359495718187,20615300
2020-07-31,251.26345825195312,253.42278468633907,246.6377638520265,253.39307050222632,53005100
2020-08-03,249.56968688964844,252.97703925190302,247.9551457029827,250.25312823166743,23124900
2020-08-04,247.4599151611328,250.40174058128656,245.08267440703182,249.17349876929944,17183500
2020-08-05,246.75665283203125,249.876778597849,245.41946903013726,247.816509250645,13050100
2020-08-06,262.7633361816406,264.0708208389535,246.31091159464353,246.67739663614861,45241600
2020-08-07,265.89337158203125,276.24424683732195,260.9308906696281,261.57471821795224,72766400
2020-08-10,260.5050048828125,271.2619650996796,257.2264081901754,265.4972005124866,30248800
2020-08-11,253.7001190185547,263.39725049745243,252.70960594245247,257.721599689285,28238300
2020-08-12,257.4244689941406,261.39640604605995,255.6613266234654,256.5131836243569,21415700
2020-08-13,258.8210754394531,262.64447193825396,257.1075070264079,259.06870372832674,17374000
2020-08-14,258.7616882324219,260.15831563121327,256.2259765692179,259.8215447321389,14792700
2020-08-17,258.68243408203125,261.59454534365483,256.93912115587176,260.0097181587884,13351100
2020-08-18,259.8511962890625,262.6345356096496,256.80042932051134,258.47439883435254,18690400
2020-08-19,260.0988464355469,265.3683836888908,258.8706197930617,258.9102487832246,23291500
2020-08-20,266.45794677734375,267.0720600814609,258.97955450892067,259.0191834979784,20299700
2020-08-21,264.4769287109375,267.92389516420616,263.8925295734932,266.14098356617495,15538600
2020-08-24,268.8154296875,274.6198233468737,266.2202593467115,268.4984581641577,23685600
2020-08-25,278.15594482421875,280.4043990738104,267.6961270703476,269.82572456356485,42127200
2020-08-26,301.0268249511719,301.77962454289684,281.305706478762,281.305706478762,69015200
2020-08-27,290.438232421875,298.37225148034645,289.2496046923754,297.31239528148285,30301300
2020-08-28,290.87408447265625,294.4102235417943,288.2195165838053,292.20136841708177,17157400
2020-08-31,290.4184875488281,294.0635689355796,288.78411655701416,291.16137246217465,17345100
2020-09-01,292.63726806640625,298.6298617738904,289.93315572471755,291.91418243503546,17295900
2020-09-02,299.6302185058594,300.71978898240206,290.2698574398236,296.0445658514692,24341400
2020-09-03,288.3581848144531,294.77672094022876,280.93925095732334,293.1819790422668,32294100
2020-09-04,280.04779052734375,286.25829702357294,268.5677468796136,284.5248990312156,30333700
2020-09-08,268.5875549316406,276.6503164206625,266.8640716880054,268.7064116756068,24864000
2020-09-09,271.1232604980469,275.8381127627822,268.7757491701544,273.1538003633552,22918800
2020-09-10,265.5466613769531,276.51164898007033,264.4967198774668,272.89628210141933,24814700
2020-09-11,264.08074951171875,268.8154323396788,260.14844053447484,267.4980326575694,18913900
2020-09-14,263.6250915527344,274.01559594703207,263.17937873364906,268.37957321943276,24093800
2020-09-15,269.8355712890625,271.9156244569434,266.74514526272054,268.10217349712264,18478500
2020-09-16,261.02001953125,269.855410303088,259.30645109406254,264.75427352603526,29183400
2020-09-17,252.4025421142578,259.01916201932903,247.81646186610678,255.82970879604892,31281400
2020-09-18,250.13427734375,256.74101316398645,247.67780903455034,255.94858453001135,28130800
2020-09-21,245.79580688476562,247.57873339447335,241.8139553127863,245.19159332075438,24709400
2020-09-22,252.33323669433594,252.8978364708211,245.86518673323664,250.90689527377543,30293100
2020-09-23,246.65762329101562,255.54251358239443,245.79586645262881,252.8384165371922,19641300
2020-09-24,247.16275024414062,249.84704758656932,243.28984011982976,244.16149654642476,20006800
2020-09-25,252.4025421142578,253.3237119940474,244.2704233410305,247.03394809442887,18351300
2020-09-28,254.38363647460938,257.13726227752335,252.40260984724492,256.9391475235599,18826300
2020-09-29,259.3064270019531,260.8317953769784,254.46280354389455,255.36417407171507,20200200
2020-09-30,259.4153747558594,263.55571225771183,257.6324632676922,259.49463273154646,20142500
2020-10-01,264.1004638671875,265.7843176890693,262.28780830156563,262.832608542689,20009800
2020-10-02,257.4739990234375,262.6345642393253,256.7211993319147,258.7319398828465,16367600
2020-10-05,262.13934326171875,262.3572574005509,258.3654899427228,259.71260377224917,12822300
2020-10-06,256.2061462402344,263.16945278093186,255.7901173986453,259.29654256724893,18696900
2020-10-07,255.67127990722656,257.7117348211216,252.40259821395634,256.75093574201054,23133400
2020-10-08,261.25775146484375,262.10957824268456,256.6914702410178,257.2857841614979,16312800
2020-10-09,261.9411926269531,262.23833445579237,259.6828240435951,262.01050556830904,14107800
2020-10-12,273.134033203125,277.5219997184339,265.3287838275932,267.63669666596576,31019300
2020-10-13,273.52032470703125,276.4522352631806,270.79641345533537,274.9466358799191,18063300
2020-10-14,269.2413024902344,276.1055516404068,268.9243310147819,274.98626689950885,15577800
2020-10-15,264.1897277832031,266.4877260609296,261.1686740898967,265.06138438703516,15416100
2020-10-16,263.40716552734375,268.79555970257195,262.7831373807618,264.84342174497095,16622700
2020-10-19,258.920166015625,266.0023299403172,257.4145967082374,263.0109907090893,13587000
2020-10-20,265.021728515625,267.1414414261974,260.3861336595427,260.5644187936844,18763200
2020-10-21,276.08575439453125,280.36474843398815,273.7481275300645,276.9078670480285,28998600
2020-10-22,275.48150634765625,279.77044511999674,272.43073921348895,277.2149043218122,16720000
2020-10-23,282.0882873535156,282.53400019564384,274.19389525022336,276.15509221172067,17535200
2020-10-26,274.4810791015625,282.52407111332707,271.6581408619,280.47370167832145,21322900
2020-10-27,280.6025085449219,281.81093592545506,273.6887151411414,276.11548470774136,16287200
2020-10-28,265.1306457519531,276.1451462125154,264.72453176741044,276.1451462125154,23121800
2020-10-29,278.1657409667969,280.90948120909604,271.1826366972911,273.9263467115337,32368100
2020-10-30,260.6139221191406,274.0750235508318,256.64198461151057,271.89588234789227,47247800
2020-11-02,258.8805847167969,267.90417810202786,254.89873146938945,262.0898688986578,27165700
2020-11-03,262.7831115722656,267.4880487656376,258.40506062741036,260.66342927110645,17961900
2020-11-04,284.6536560058594,286.1988540045685,275.9767516838311,278.3341776692633,35364400
2020-11-05,291.8843994140625,294.5587969335678,286.2087785733373,289.13077414517744,23823600
2020-11-06,290.6264953613281,291.8052085432263,285.3272434455106,291.1613809784407,13891000
2020-11-09,276.1253356933594,289.8043196660716,275.88762221399816,287.1200375347447,25117700
2020-11-10,269.8455505371094,271.40066378506697,261.4955300702835,270.5092077963503,29067700
2020-11-11,273.8570861816406,275.7588544990614,269.89503358760794,270.87563193165107,14957000
2020-11-12,272.47039794921875,277.09610857593026,271.82657031985707,274.55048202167586,12899500
2020-11-13,274.3226623535156,275.1249756843675,270.5091802165147,275.08534668968935,10391200
2020-11-16,276.3135070800781,276.759250035923,272.0245989497342,272.4405974956678,12970400
2020-11-17,272.39117431640625,275.04574286955324,270.6974049326981,275.04574286955324,15040300
2020-11-18,269.3898620605469,274.75845662285235,269.2610905148217,271.9156584966269,12152900
2020-11-19,270.3506774902344,270.87564828150806,266.6362529591288,268.44887882996005,12963700
2020-11-20,267.14141845703125,270.41009988084903,266.8541611691242,269.9742716605982,18114700
2020-11-23,265.8834228515625,268.3795351970664,262.0204278264502,268.3201068296078,20990800
2020-11-24,274.29290771484375,275.1843634812098,265.3287458020022,265.94285910265296,16930400
2020-11-25,272.97552490234375,277.5219767920536,270.06341372152616,275.5013516597804,12467000
2020-11-27,275.1744384765625,276.4819230070652,272.2128140173095,274.7584399074411,7808400
2020-11-30,274.3424072265625,275.06549265245127,268.4389577712803,273.4113225190575,16693300
2020-12-01,283.8315734863281,286.5554850561703,276.31358118093175,276.51169593178344,20738900
2020-12-02,284.7923278808594,289.01192354135395,278.1657925385597,282.6528158654563,17361600
2020-12-03,279.1761779785156,283.9306296988125,278.4035788182657,283.5344304267989,12921700
2020-12-04,277.0464782714844,280.77078632862595,276.6502489175271,277.64076184630886,10880300
2020-12-07,282.8706970214844,285.75309355814665,275.5607362719545,276.5413344959524,13007700
2020-12-08,280.7114562988281,283.7127103151947,278.8790006930977,283.2967116671015,10747700
2020-12-09,275.2834777832031,284.9013537469798,269.17199724098793,280.9690146204818,25189700
2020-12-10,274.4909973144531,276.0857391930592,269.2808885099996,272.9259998490727,20065100
2020-12-11,270.954833984375,273.8570602075686,267.6861529955422,271.92554765994777,14391400
2020-12-14,271.58880615234375,274.59005982237187,268.9837517012774,270.7765781052313,16376900
2020-12-15,272.93585205078125,273.4608227451075,264.9325201060993,272.2226814633891,23979500
2020-12-16,273.0547180175781,275.22391356660387,269.9246934706102,272.1533476064022,15885000
2020-12-17,271.87603759765625,277.7794870149737,271.0142658375253,274.44146281462486,16377800
2020-12-18,273.77783203125,275.3626591366418,268.5677533523085,273.15380390247185,26693200
2020-12-21,270.2021179199219,272.06428766633354,265.2495516701315,270.39031785565913,16553700
2020-12-22,264.5561218261719,268.9242879203108,262.1194682337338,268.9242879203108,17312900
2020-12-23,265.56646728515625,269.58797850135994,263.70432794667806,264.3580702558719,14329000
2020-12-24,264.86322021484375,267.8347597764794,263.6746225270276,266.3291906140202,6702000
2020-12-28,274.37213134765625,274.66927318929925,263.1397163126322,266.1904833897249,23299700
2020-12-29,274.15423583984375,277.84886087106366,273.6589792514903,274.32263638023176,16383000
2020-12-30,269.2908020019531,275.44188012531293,269.13231627249957,275.3131388089401,11803800
2020-12-31,270.56854248046875,274.4612514275676,267.25031778952865,269.4195437400925,12900400
2021-01-04,266.3886413574219,272.39114935775103,262.68413139913764,272.17323522914216,15106100
2021-01-05,268.3993225097656,269.8157489172815,265.6654968173388,265.74475478909403,9871600
2021-01-06,260.81201171875,265.20989246584026,257.54333045745466,259.5144419273582,24354100
2021-01-07,266.1904602050781,269.03322774542147,262.26803709671935,263.37740684631103,15789800
2021-01-08,265.0315856933594,266.39849854735945,260.6832188673173,265.76455568194393,18528300
2021-01-11,254.40341186523438,260.9705193520749,253.47232701994105,258.00889449646627,30412300
2021-01-12,248.70794677734375,257.25608022107684,247.92544802778156,254.19539817099584,26383500
2021-01-13,249.2527313232422,251.5408143077679,246.835876791248,249.16358876608618,19528900
2021-01-14,243.3096466064453,252.6105643674245,242.28941928345847,250.99602311604312,29739400
2021-01-15,248.9753875732422,251.45167046400326,244.81523533956985,245.54820540225506,24942900
2021-01-19,258.62298583984375,259.7125563349914,250.3224809241671,254.46281857766618,28028500
2021-01-20,264.9425048828125,267.75555899046026,261.0993084928496,266.3787310120897,25199900
2021-01-21,270.2813415527344,271.0044270962668,264.95237551283566,266.7056032844539,20838700
2021-01-22,271.89593505859375,275.8282745634638,269.4196514970401,269.429566304269,21954000
2021-01-25,275.37255859375,277.4427273603412,268.93422339722827,275.50133013417025,19087000
2021-01-26,279.37420654296875,282.6825468832056,275.17444069030034,275.501326939586,19373600
2021-01-27,269.5583190917969,280.7610227249444,265.57643605647837,279.84973713747814,35346200
2021-01-28,262.4859924316406,284.06928306563213,262.18885056916974,274.550435696971,37758800
2021-01-29,255.87930297851562,264.0312388131039,252.4323358318135,262.7831823065703,30389500
2021-02-01,259.5243225097656,261.6638342312033,252.49167411790313,257.05792456846575,22914300
2021-02-02,264.5462341308594,266.2994617213646,260.772381514235,261.4954669830708,17320800
2021-02-03,264.1203918457031,266.6462191504539,261.3370516122532,263.10016425367064,14223400
2021-02-04,263.96185302734375,265.61602337189447,261.4954848320222,264.4769392373678,16060000
2021-02-05,265.55657958984375,266.61643590721326,263.1496399079413,264.26889436756255,12454400
2021-02-08,264.0510559082031,267.299938737658,262.48605799484915,266.2004833438329,13755200
2021-02-09,266.89373779296875,270.7963613998008,263.2288276312448,263.91228401398826,14613400
2021-02-10,269.2908020019531,271.20248510363194,265.18017852470706,269.86531654973004,14687200
2021-02-11,267.82489013671875,270.98459957032827,265.94289079360317,269.3106600004004,12828600
2021-02-12,267.9338684082031,268.6074102496498,265.7943558870761,267.9536677936329,9097600
2021-02-16,271.3708801269531,273.9759344635849,267.48805540434125,268.23094024278475,15417200
2021-02-17,270.9747314453125,271.37093072073657,267.02256281287777,268.66681852255147,12763200
2021-02-18,266.8343200683594,269.3700310107842,263.50618056389004,267.0126051592973,15249100
2021-02-19,259.0786437988281,267.70600576068745,257.68201648601115,267.299891699962,25622600
2021-02-22,257.8603210449219,260.5743481152235,255.08689582133027,255.50292471890293,17434900
2021-02-23,263.3377990722656,264.9226260827871,252.54122740846398,257.0381502462206,21924600
2021-02-24,261.80255126953125,263.8529209249846,255.93872983384247,259.8413241780457,15736100
2021-02-25,252.27381896972656,264.4076061335557,251.6299762966957,259.81161020039735,19053100
2021-02-26,255.17599487304688,263.0307569595766,254.03691078720234,254.03691078720234,26619500
2021-03-01,262.3968505859375,264.1203338490786,255.4533435093878,258.3456553002382,22157300
2021-03-02,256.54290771484375,264.17975569299955,256.19622206421116,263.2585857115384,15191700
2021-03-03,252.98695373535156,258.51400351633504,252.67989709352253,257.8206624852627,15513500
2021-03-04,255.1958465576172,263.96186457989285,251.09510722017146,254.0369327624061,31626500
2021-03-05,261.7728576660156,262.9317715448575,253.18510903907818,258.1971191085164,26820100
2021-03-08,252.88792419433594,263.0604839373991,252.63039620183898,263.03076975034304,18391800
2021-03-09,263.2189636230469,265.9825038679535,257.34522770157434,258.70222592602937,22039700
2021-03-10,262.3869323730469,266.4183282248524,260.3761918494783,266.0914721794917,14210300
2021-03-11,271.28173828125,275.2635901435904,265.2792311892158,265.5664582299588,21834000
2021-03-12,265.853759765625,267.18104394074237,261.51530673892114,266.5867601519335,20600200
2021-03-15,271.15301513671875,273.3420410598998,265.95282032587755,266.5273047379639,16844800
2021-03-16,276.6304931640625,279.46337630569644,272.1929836612508,273.4608392009027,22437700
2021-03-17,281.315673828125,283.5146144211581,272.7972539529488,273.09439583252146,21315000
2021-03-18,275.976806640625,282.48448617805656,275.6400357510803,277.2149482469217,18728300
2021-03-19,287.35772705078125,290.0222095793189,278.5322823567859,278.5520817357276,38930500
2021-03-22,290.7552185058594,296.8666672930708,284.02962621633924,287.69453671035484,28273100
2021-03-23,287.8728942871094,295.17297270166296,287.0606661007779,290.3689769996633,23000900
2021-03-24,279.4634094238281,288.95251260210597,278.49269560341054,288.23934188728293,18675000
2021-03-25,276.09564208984375,285.3272324486529,275.11504368631864,278.31441223217263,24505600
2021-03-26,280.33502197265625,281.80099232272937,275.1348279139767,275.6597986764923,17629200
2021-03-29,288.0610656738281,290.398662394221,281.99912952439996,283.0589557103733,21718800
2021-03-30,285.26776123046875,289.6953558170224,283.9801063439162,287.0803868296078,17474500
2021-03-31,291.7358093261719,293.68712125662836,285.87195873125825,287.23887158573814,19498200
2021-04-01,295.82666015625,299.5311696536244,293.78620549135866,295.5691170650101,17616000
2021-04-05,305.9794006347656,307.8217404629152,297.8274670652439,298.0354965772431,28237000
2021-04-06,303.3546142578125,308.3963233494962,302.3541861474553,305.9101252826405,17335200
2021-04-07,310.1197814941406,311.26878046067907,302.6017897557278,303.43381723603534,22855200
2021-04-08,310.0504455566406,312.8833291604011,307.1086200052298,311.8631017255652,20894100
2021-04-09,309.4957580566406,311.75412703143513,307.3859600220171,308.4458164420121,15988600
2021-04-12,308.58447265625,309.1886711632703,305.0087044958058,308.099100661692,10881900
2021-04-13,306.82135009765625,311.44702938566786,306.3855219117627,309.2480890761361,14036900
2021-04-14,299.94720458984375,305.10776972784834,299.0854629707445,304.38468423358455,17421400
2021-04-15,304.8997497558594,307.1977474030396,301.2150398140224,303.43377948547317,14558300
2021-04-16,303.2753601074219,306.01910134114127,301.7202469451849,305.24650216309794,13059200
2021-04-19,299.3727111816406,304.78093522174163,297.70865619763964,302.1164521950431,14553500
2021-04-20,299.77880859375,302.20557798174207,294.3904144635005,299.1250662660289,16796400
2021-04-21,298.6100158691406,299.1151872745542,294.5687353100239,299.0854730876513,14863500
2021-04-22,293.7069396972656,300.0462478528295,293.2315127452414,298.4713053900647,16375400
2021-04-23,298.2732238769531,299.7193645838828,294.3309707347604,295.9257125937409,17536800
2021-04-26,300.1650695800781,302.8988649195366,298.69909945018156,300.46221139043513,16172600
2021-04-27,300.6900939941406,302.4432914446423,298.2534098015694,301.3933498896892,15309300
2021-04-28,304.1866149902344,307.9703827339586,302.4730162426991,304.44412787157387,33907200
2021-04-29,326.3840026855469,328.6621708739154,318.5589244992749,326.9882012067515,56526800
2021-04-30,321.9960021972656,326.6910550934909,321.42151786937205,323.04597394835133,26332400
2021-05-03,319.51971435546875,325.4330789910443,318.78674430724675,323.07568311712924,18719500
2021-05-04,315.3397216796875,319.13340360804307,310.14944294447713,316.9839769783513,24032600
2021-05-05,312.0314636230469,318.01417193456894,311.50649282566917,315.17140383019904,15577600
2021-05-06,316.9839782714844,317.20189235359527,310.2980151229727,311.53615644677114,19012200
2021-05-07,316.05291748046875,319.87631389610857,315.72606144661245,319.3216289593414,15916700
2021-05-10,303.0672912597656,311.59559445247663,301.93809182805666,311.36779578780806,24239200
2021-05-11,303.6219787597656,303.92903540194015,296.8468727959438,297.89681426171364,18920100
2021-05-12,299.6797180175781,302.06685814986093,295.36109553060214,298.27320638222943,24645500
2021-05-13,302.364013671875,305.92983635569317,299.89761570096204,303.17621137364426,18079200
2021-05-14,312.9427185058594,313.84408907517695,306.1477827633355,306.60344056413004,19245700
2021-05-17,312.4672546386719,312.6851687301964,308.6240589670911,310.5753709868139,15401300
2021-05-18,307.0194396972656,313.4974039972751,306.87086877415885,312.59603342634523,14522400
2021-05-19,310.61505126953125,311.6749077182455,300.6901192323234,301.3042326203811,19106200
2021-05-20,315.58740234375,316.22134531367755,310.1891234345134,310.6051220589719,17320200
2021-05-21,313.22998046875,316.89486094200856,312.8139516504999,316.26094825236805,13600900
2021-05-24,321.5503234863281,322.8578082404256,315.01292994390656,315.19121507544736,16445400
2021-05-25,324.6802978515625,326.05709534340707,321.71864312439146,323.97701178562494,16437000
2021-05-26,324.5515441894531,326.7009408093781,322.72900361052683,325.2350006850583,9686900
2021-05-27,329.59326171875,330.6134890883512,323.6600974242012,324.88832409842223,20477700
2021-05-28,325.6114196777344,329.71212866456455,325.2151902097347,327.85987379111714,12037400
2021-06-01,326.0075988769531,328.27588246113595,323.54123079901177,327.0179114108907,11765900
2021-06-02,326.0273742675781,328.7215710545583,324.0166339241082,327.2457162381964,11654300
2021-06-03,322.9468994140625,324.27418333998094,320.41118829767197,322.6893563352216,12610800
2021-06-04,327.2160949707031,329.30606365369846,322.0951275921245,322.8082984214261,13289400
2021-06-07,333.38690185546875,334.4863871676881,325.80948232338204,326.35428269129585,20136700
2021-06-08,330.5144348144531,335.0906009272546,329.0880933990262,333.5058040017258,14580500
2021-06-09,327.11700439453125,333.604854161849,326.86937607931964,332.55491252359707,13727900
2021-06-10,329.3059387207031,330.7719088214561,325.4330293197345,327.65179896250356,13240200
2021-06-11,328.11737060546875,329.6724531585091,325.809458215059,329.42482488997945,13587900
2021-06-14,333.57513427734375,333.6246780763796,326.68117056342567,328.75133961587863,12250800
2021-06-15,333.5552978515625,336.69523778647385,331.8516140520772,333.7930113307263,15795200
2021-06-16,327.9391174316406,334.3477394449072,325.60152064315554,333.5058273547907,17232200
2021-06-17,333.3175964355469,334.77365200424555,327.0179169571552,327.35468780751273,17794100
2021-06-18,326.5325622558594,332.96098280037313,325.8788199623062,331.3563563653161,23039500
2021-06-21,329.13763427734375,329.7616624195683,324.54163859548,327.94900636567183,11337500
2021-06-22,335.81365966796875,336.695230848472,329.44466760276214,329.5338101556117,15345300
2021-06-23,337.35882568359375,340.161994456487,334.991515285583,336.13059921239443,14817800
2021-06-24,339.92431640625,341.6280003378415,338.54751876191796,338.60694713631705,12329100
2021-06-25,338.1314697265625,340.85538089347347,336.4575000821068,339.33989698064187,14594400
2021-06-28,352.2661437988281,354.7424269031566,338.52769974443873,339.21115629947866,29156100
2021-06-29,348.55169677734375,353.3556615090401,345.73861275063206,352.8901191061755,21417300
2021-06-30,344.411376953125,349.57197309834794,343.8765215262112,348.8290881106779,15107500
2021-07-01,351.0279846191406,351.30532710377554,343.2128210248615,343.5297925010339,17137000
2021-07-02,351.33502197265625,353.05850515897635,349.2747377188818,351.7312211820553,11521300
2021-07-06,349.43328857421875,355.3862833132412,345.86743456891355,353.11799934168954,13488500
2021-07-07,347.16497802734375,353.10805750522314,346.6796362096312,351.8897455582197,14218900
2021-07-08,342.3708801269531,345.0254482373053,339.3101979789028,342.4501381103431,14406500
2021-07-09,347.0956115722656,347.38283860521636,341.9944449575918,342.04398874911004,13018700
2021-07-12,349.8096618652344,350.82988930030984,346.323066118622,347.8979785536571,10018600
2021-07-13,348.749755859375,355.0890336920756,345.4909592768227,348.1653567542104,11456000
2021-07-14,344.3321228027344,351.83031529178373,343.44066693145413,351.1963723080772,13894200
2021-07-15,341.1921691894531,345.9169365102335,336.99240288481633,345.9169365102335,14781600
2021-07-16,337.9234924316406,342.7076579650495,336.913179833323,341.6379169920112,11026100
2021-07-19,333.75341796875,336.5664716872563,331.3662776499896,334.3675312852325,14372300
2021-07-20,338.41876220703125,340.1917893966919,331.32668367645437,335.5858785801721,11024300
2021-07-21,342.9454040527344,343.2326311231738,338.0126373205033,338.2602656262326,9279700
2021-07-22,347.85833740234375,348.20502307221824,341.93505751142794,343.3911131424493,12385400
2021-07-23,366.2818603515625,371.7692813507044,353.80138881530655,357.4860988835714,33694300
2021-07-26,368.9265441894531,370.8877712404162,364.72677782406714,366.0738612891666,14925200
2021-07-27,364.3206481933594,369.60998491635195,361.09156557240647,368.38175825329347,15705400
2021-07-28,369.7387390136719,373.9682191858756,363.44897460861154,371.00659460771374,29676900
2021-07-29,354.9206848144531,362.05236147117967,353.3556570848168,357.5752528439892,33413200
2021-07-30,352.9197998046875,357.3077957409629,349.5916903512874,350.64163180228104,15976200
2021-08-02,348.61114501953125,355.9904504806916,347.4126022414212,354.7027953668976,13180400
2021-08-03,347.9078063964844,350.4138032930895,344.40141183883986,349.3836914486145,12406100
2021-08-04,355.5149841308594,357.0601821876384,348.1752782471282,349.0766488182595,14180600
2021-08-05,359.52655029296875,360.44772024474685,353.51412836776825,356.2281548861246,10247200
2021-08-06,360.0614318847656,361.6858576737728,357.97143349481155,357.97143349481155,8925000
2021-08-09,358.17950439453125,362.3099582076701,357.3276774553229,360.309132198687,7798900
2021-08-10,357.7040710449219,360.64589674007186,355.6339018858262,358.39741221455284,7469900
2021-08-11,356.5451354980469,358.92236121570915,354.4155380890591,358.66484832977187,8400300
2021-08-12,359.2096252441406,359.55631092838996,353.722173357298,355.0494877173457,7170700
2021-08-13,359.73455810546875,361.2005284477097,358.0507038894444,359.52655880809033,7195700
2021-08-16,363.0824890136719,363.46880364224467,353.9895857725943,359.08080752115643,11222100
2021-08-17,355.04949951171875,361.21049336069484,351.70155976804085,359.5365234888559,12328700
2021-08-18,352.07794189453125,356.44607866542657,351.7807697868356,352.87034039225625,10042400
2021-08-19,351.7509765625,354.1777455371079,347.6700677828488,348.0167533832297,12004500
2021-08-20,355.9607238769531,356.57483722451366,349.9582163027017,351.23598679466534,8697700
2021-08-23,359.9029541015625,362.2207512130169,355.6932732725057,356.0300441114628,10942000
2021-08-24,362.0425109863281,364.46925033414766,358.407314025286,360.2100554114827,9235100
2021-08-25,364.8951416015625,367.34167998108023,361.9334868272963,362.13160154187767,9684500
2021-08-26,360.9231872558594,365.93518138803427,360.67555896779515,364.88523986488696,7888700
2021-08-27,369.09490966796875,370.1943647244572,360.6260043338875,361.6363470647813,11219100
2021-08-30,377.0487365722656,377.87084918045673,367.0049187946266,369.0255740698317,13547300
2021-08-31,375.7809143066406,379.128853862961,375.2063997051073,376.345514102886,12345400
2021-09-01,378.4255065917969,380.6838751840023,375.2162539155208,375.9888529015895,11567200
2021-09-02,371.71978759765625,378.12840912648636,370.51136030042807,377.8807808297434,14832900
2021-09-03,372.6905212402344,373.5819771103459,369.5703803527462,371.1948365753156,7509600
2021-09-07,378.5542907714844,379.32688978335847,369.6099586529163,372.31407030850613,10793800
2021-09-08,373.98809814453125,377.25677980528826,371.23447249592255,376.55352385584115,11067200
2021-09-09,374.41400146484375,376.2266273779361,372.99757479869385,374.05743121101506,9098900
2021-09-10,375.0974426269531,380.1490659454392,374.6715292096618,377.74209591856527,11549600
2021-09-13,372.9381103515625,378.12838950904074,370.7985983513345,378.059046334815,13026300
2021-09-14,372.9579162597656,374.99837093653537,371.55137428227204,373.8196578663158,8711600
2021-09-15,370.3727111816406,373.97816353185317,364.18200364591615,373.4234785548974,17940300
2021-09-16,369.5209045410156,370.0161612114698,366.20267880335905,369.25347682107497,11934200
2021-09-17,361.25994873046875,367.8864839654438,358.1596378078256,367.8864839654438,26299000
2021-09-20,352.3255615234375,357.60498364190755,346.4815093914498,355.891384903415,19822800
2021-09-21,354.0886535644531,356.6243648232441,351.8203699754345,355.0989661005446,11751900
2021-09-22,339.95404052734375,346.52114814292474,337.457958045449,343.9359230968264,43692900
2021-09-23,342.6779479980469,346.35277383923835,339.7460373061436,342.08363401545523,21806300
2021-09-24,349.61151123046875,350.988339011627,339.1219806512323,339.98372225097893,18801900
2021-09-27,350.2256164550781,351.7807293117022,343.787281160632,346.49139286640155,15205800
2021-09-28,337.4183044433594,346.28340938318667,335.7047360096457,344.6688680837668,21710300
2021-09-29,336.3881530761719,341.9548623163684,335.6650978296947,339.8945780567784,14452200
2021-09-30,336.1703186035156,339.5479423076601,334.94206157394194,337.2202602683007,16547100
2021-10-01,339.7559509277344,341.74686195459276,335.42741297164355,338.36920823049684,14905300
2021-10-04,323.1351318359375,332.75300653568115,319.6386214521133,332.3468924966681,42885000
2021-10-05,329.80126953125,332.0002100638623,323.0657918027774,325.462816840307,35377900
2021-10-06,330.474853515625,331.2078236438207,322.7092030754351,326.6118276783232,26443000
2021-10-07,326.0968017578125,335.62553521570953,325.8590882301027,333.80299430444217,28307500
2021-10-08,326.9188232421875,330.2370480375856,325.5915393696402,328.36499407346145,15946100
2021-10-11,322.362548828125,327.3249996482191,322.2238624638582,324.5218604552035,14708200
2021-10-12,320.698486328125,321.3027151711549,314.35920713376737,319.965516145235,31658700
2021-10-13,321.46112060546875,323.8977742968728,319.59895119503994,323.8680601138579,14761500
2021-10-14,325.4132995605469,327.3844111505611,323.996872942879,325.24489901662633,14302200
2021-10-15,321.6790771484375,325.9481866307319,319.4504224439795,325.56187197248846,21596400
2021-10-18,332.1586608886719,332.7034612330704,324.39304177551986,325.8292978684985,21585000
2021-10-19,336.7645568847656,339.21112557939546,334.08027470662927,336.4277860404439,18786300
2021-10-20,337.54705810546875,340.71671216455144,336.22968896292474,340.1917414227474,13639500
2021-10-21,338.6365966796875,339.06251002426484,334.5952866236249,337.05176979942877,16354400
2021-10-22,321.5304260253906,326.5028208726732,318.0636303571364,323.2539392841174,35224500
2021-10-25,325.57171630859375,326.4334577713063,316.68681360080575,317.2612978332616,38409000
2021-10-26,312.8139343261719,327.0773166758595,306.6628565445558,325.14583430083223,65654000
2021-10-27,309.2580261230469,316.2213325660443,309.09954038695395,311.2093382958503,29971800
2021-10-28,313.9134826660156,322.4318727096912,305.187032840823,310.0207424940007,50806800
2021-10-29,320.5003967285156,322.90733680023527,316.56805770621213,317.1524569276543,37059400
2021-11-01,326.8495178222656,330.2865994274192,322.90726487209355,322.9468938592476,31518900
2021-11-02,324.967529296875,331.6138940592118,320.728134376041,328.23624071148197,28353000
2021-11-03,328.4739990234375,328.99896983664695,320.133894388822,324.3831744657556,20786500
2021-11-04,332.66387939453125,334.0703912747809,329.49422491915584,330.84133865101325,22495300
2021-11-05,337.8937072753906,343.50001452836716,336.41785256636246,337.08147935404895,26872800
2021-11-08,335.40753173828125,341.5190106953117,335.13018928713274,341.15252569501473,18342500
2021-11-09,332.1883544921875,338.07200438758383,331.29689879883693,336.7744347191167,17556700
2021-11-10,324.5317687988281,330.0291051275324,322.4219707849591,329.3357337761351,21872600
2021-11-11,324.6307678222656,329.30599106646946,323.8977977694065,326.69105208747396,12376600
2021-11-12,337.656005859375,338.6167744924943,326.65139022908994,327.04758940082087,25414300
2021-11-15,344.2627868652344,350.29500900244346,339.94416355310403,341.073332953002,25076600
2021-11-16,339.70635986328125,343.3613555726596,337.6361911387599,340.56810141250594,18181100
2021-11-17,337.53717041015625,344.0052203611665,336.8735434975521,340.9742524042192,13602800
2021-11-18,335.4768981933594,339.2111218533816,332.1190441354008,336.4971255196184,17487200
2021-11-19,342.02423095703125,348.7597395448653,336.6754651739143,338.953663904473,26488500
2021-11-22,337.77490234375,350.47325808083923,337.27964576378054,345.7386063854537,27116800
2021-11-23,334.05059814453125,338.1612221428019,330.3361734060821,335.7146531726207,17225000
2021-11-24,337.82440185546875,338.5375725100761,329.65266862595445,332.8124078929449,13566200
2021-11-26,329.9597473144531,334.54582819698936,328.7513200197634,332.6143153952262,14750700
2021-11-29,334.8231201171875,337.43808903987787,332.1289234520181,333.69395097552314,16650900
2021-11-30,321.3818664550781,332.62419599304644,320.3616391886827,331.82188281403944,25390000
2021-12-01,307.6534118652344,327.36461887760754,307.34635518559134,327.15661956547683,30329600
2021-12-02,307.4454040527344,311.615456125547,304.2856645532592,308.44580182117534,24396200
2021-12-03,303.9290466308594,310.7734960191587,296.65868384936425,310.75369663856657,27471000
2021-12-06,314.85443115234375,317.06328650625966,303.43381498030027,305.2068421009048,21758300
2021-12-07,319.7475280761719,323.44215278295127,317.95470180201283,318.51930151789117,18794000
2021-12-08,327.4239807128906,329.59320663989973,320.00504788329124,321.9167307527195,19937700
2021-12-09,326.6910705566406,332.9412064242333,324.88832927968264,326.4137280700366,16879200
2021-12-10,326.6217041015625,331.85161221057876,323.27376489096105,329.40504357422094,14528000
2021-12-13,331.31671142578125,337.85410381852427,326.46320336519005,327.8103168765236,22948700
2021-12-14,330.5738220214844,332.51524940120004,324.5416010577948,324.9378002398384,20461000
2021-12-15,338.41876220703125,338.86447503477905,320.9064951197649,329.3357423616507,24681300
2021-12-16,331.722900390625,341.1922051850713,330.5739013274073,335.76421160995164,22635000
2021-12-17,330.6234130859375,333.91189397235667,327.61224446134634,329.64278445219395,40012600
2021-12-20,322.362548828125,326.77031464728265,319.4702368420434,326.6514578939485,17901800
2021-12-21,331.029541015625,332.8124527785697,320.67866543768434,323.3134343162159,16116800
2021-12-22,327.3150939941406,331.3365751060085,325.14586770127795,330.6332889806254,16764600
2021-12-23,332.05963134765625,333.4760881792936,325.2448957802808,326.9684092818379,13987700
2021-12-27,342.89581298828125,344.5697825225082,334.8033380002708,335.63536536546275,17795000
2021-12-28,342.9354553222656,349.36387583007934,341.92514281693957,343.3415693308542,16637600
2021-12-29,339.6866149902344,346.3725794005129,338.3989598617032,343.6189537858467,10747000
2021-12-30,341.0930480957031,343.93584584665433,339.96387897467827,340.73647791897685,10593300
2021-12-31,333.15911865234375,340.1818535663221,333.07986066915447,339.76582472473774,12870500
2022-01-03,335.3283386230469,337.8442203225513,333.9911397916042,335.0905949060386,14537900
2022-01-04,333.3374328613281,339.8351975589481,328.7216373498241,336.72500157879006,15998000
2022-01-05,321.0946044921875,332.57464624814867,320.7677182826379,329.8606201408422,20564500
2022-01-06,329.3059387207031,335.95230261811867,319.6583519141724,319.75740925834145,27962800
2022-01-07,328.64239501953125,333.80296051496975,325.75999787555054,329.5833644568442,14722000
2022-01-10,324.9576416015625,325.22506925780186,312.43754144529856,322.22381575887147,24942400
2022-01-11,331.1979064941406,331.45544960895523,322.194144789704,323.67991464643745,16226800
2022-01-12,330.09844970703125,333.17893135223176,326.8990810822945,332.00021818670064,14104900
2022-01-13,323.3827209472656,332.4459095754353,322.6695503211899,331.8020821196311,14797100
2022-01-14,328.7513427734375,329.5734857015152,318.1627536758441,318.73726829056005,16868500
2022-01-18,315.1317443847656,321.13425149852793,314.62660324655985,320.22299635207634,22645600
2022-01-19,316.55810546875,323.9968691681762,316.300562367424,316.5481906639102,20814700
2022-01-20,313.5568542480469,324.7100424845301,312.9823698959232,320.8272174640283,16925000
2022-01-21,300.29388427734375,315.29023761436935,300.1651127316576,311.8234415975488,28710700
2022-01-24,305.78131103515625,306.5935390860729,286.2682198003165,295.01443775641104,38878100
2022-01-25,297.3025207519531,303.3248577294075,294.756894660404,297.10443625557576,25108500
2022-01-26,291.83489990234375,304.592714359199,288.0907613315765,304.09745777455754,28348800
2022-01-27,291.8448486328125,298.84775458037524,291.4684487482399,294.9253304379061,21629900
2022-01-28,298.8477478027344,299.0359477407525,290.25009994363893,292.81552566475295,21871600
2022-01-31,310.2881774902344,310.81314828182417,296.4804209400461,297.82750439466724,21579500
2022-02-01,315.9737243652344,316.6274667326682,309.15898842017714,311.57584315018147,18023800
2022-02-02,319.9357604980469,324.888326450029,313.86390980442656,324.7100413304929,58458300
2022-02-03,235.50439453125,245.64725434526696,233.5134685963576,242.3290293397488,188119900
2022-02-04,234.8407745361328,240.3084117153077,227.92699652679804,232.74089135665187,89342200
2022-02-07,222.7763214111328,236.03929219568104,221.88485048683646,235.44497824615013,88613800
2022-02-08,218.09117126464844,223.62815108596232,214.09940460460425,218.75482835465843,94729700
2022-02-09,229.799072265625,231.15607057139277,220.101954271487,222.07306595112937,86563300
2022-02-10,225.90634155273438,232.7705904328928,224.54932825862693,226.10444116008378,49310400
2022-02-11,217.4671630859375,228.2340360899679,216.69456404523424,226.2926387978529,46156900
2022-02-14,215.6347198486328,218.90341641978898,212.74242312862532,217.2294466995102,38184000
2022-02-15,218.9033966064453,219.05196752685555,213.01974633371046,218.37842586895502,42685500
2022-02-16,214.4857177734375,215.3970032011971,210.34537992754144,210.39490860944625,45817500
2022-02-17,205.73951721191406,215.43663543969163,205.1947318925933,211.98965350458582,38747500
2022-02-18,204.20420837402344,208.75066041112578,203.2334945395933,207.4035618319067,37128400
2022-02-22,200.1628875732422,205.5116522278558,198.1620468941922,200.4204155362762,39852400
2022-02-23,196.5673370361328,204.97679935347745,196.1711378107776,202.22317392937322,44481400
2022-02-24,205.63050842285156,206.37339318577511,188.41538734688038,189.24741465398776,49957200
2022-02-25,208.4832000732422,209.3152425919104,201.25245117706206,202.99576396471832,37627600
2022-02-28,209.0279998779297,211.12788303037252,204.86784745096298,205.70977460452164,34239800
2022-03-01,201.55953979492188,209.74117351924926,200.30158377848542,207.8790038364015,27094900
2022-03-02,206.1356964111328,207.1658234577483,200.10347483326265,202.83728574138308,29452100
2022-03-03,201.0444793701172,207.0965160468255,199.50918078072664,207.03708766894496,27263500
2022-03-04,198.1620635986328,203.93675722916353,196.90410763301688,200.45014661725162,32130900
2022-03-07,185.69149780273438,198.9841822017048,185.5032978896754,198.88512484303243,38560600
2022-03-08,188.4847412109375,194.83393414825153,184.34440348664342,186.06790181370198,37508100
2022-03-09,196.61688232421875,197.21119632647944,192.08032977479212,193.88307116469204,31894700
2022-03-10,193.35809326171875,194.41793455294882,189.25736911564334,192.99159309100392,24853000
2022-03-11,185.83018493652344,191.7237355450542,184.89910009584852,190.81246520061535,34694500
2022-03-14,184.85948181152344,190.46577499012574,184.05716854445654,185.25568104260796,31010500
2022-03-15,190.208251953125,190.45588025750746,184.14631589833294,188.98992492749238,31721700
2022-03-16,201.69822692871094,201.7972691897081,192.67465021424377,192.85293535245867,40640300
2022-03-17,205.86825561523438,206.0663552283428,199.2021061486321,199.786505297213,29499700
2022-03-18,214.43618774414062,214.74324438873447,204.0456998218692,204.73905597321507,52128000
2022-03-21,209.48362731933594,212.67308080728046,205.6602460327085,212.4650663997924,30142300
2022-03-22,214.5946807861328,217.3780356005314,208.18605911173725,209.36477224925207,31998800
2022-03-23,211.43496704101562,214.74327770065892,210.1472967807496,211.30619548077917,23717300
2022-03-24,217.48696899414062,218.576524337588,212.75230246312537,212.96031686465494,31502300
2022-03-25,219.71568298339844,223.36076493018322,216.81347095006305,218.41809777293736,40039000
2022-03-28,221.46884155273438,221.91456946749696,217.45726009180729,220.02270075247958,26224100
2022-03-29,227.67935180664062,228.69957913548967,223.1526994853717,223.92531364233645,31417900
2022-03-30,225.6884307861328,228.95711214078747,224.5592463821174,226.73837232323098,25588000
2022-03-31,220.25050354003906,226.32235395574506,220.1514461799206,226.28272496608523,24192300
2022-04-01,222.7168731689453,225.12381271034022,220.58726096814928,222.41971622069119,19544800
2022-04-04,231.67111206054688,232.12675474400933,223.71729294942983,223.83614968684148,28054800
2022-04-05,229.64056396484375,234.6129441858723,228.82835104504397,231.85931885123034,29727200
2022-04-06,221.18157958984375,226.81760158115827,219.30951042408836,224.75733250702032,28995100
2022-04-07,220.83489990234375,223.3805259079987,216.48654785455508,221.80559854041573,21037200
2022-04-08,220.22079467773438,222.99423457374422,217.94261136622518,220.27032335899074,18375700
2022-04-11,214.406494140625,218.51711787920036,213.17825233032207,216.3478915507451,20516600
2022-04-12,212.10848999023438,219.92363831064247,211.1080771278359,218.1506263834152,20128800
2022-04-13,212.950439453125,214.5550660092556,209.32515749428055,209.81051440593964,19231800
2022-04-14,208.18605041503906,212.95043144935255,208.00776529951744,212.85137408693066,18379500
2022-04-18,208.7704620361328,211.35570197679016,206.32389333269717,208.00776267439792,16580800
2022-04-19,215.24842834472656,216.35779832971022,207.01726579292762,208.52285013971436,20089900
2022-04-20,198.51866149902344,212.1283188406669,197.03289164088022,211.58353353654124,43036500
2022-04-21,186.28582763671875,201.04446849753194,183.81944428982817,199.6874702292032,49954100
2022-04-22,182.36338806152344,190.89170742120095,181.53136059083104,188.5639953274437,36426800
2022-04-25,185.21604919433594,185.40423398672158,179.93661258090359,180.9964537339401,29281100
2022-04-26,179.23333740234375,185.4141444142867,177.79709647037512,184.85945951206682,31747400
2022-04-27,173.290283203125,179.49090557558733,167.39673262179144,172.77521210159048,71062900
2022-04-28,203.7782745361328,206.5517144935164,191.06998848293978,200.99493488789147,100890600
2022-04-29,198.56817626953125,210.46423399242218,198.0035765082643,202.5203292563053,49193400
2022-05-02,209.1270751953125,209.8699601608272,199.08327106611523,199.26155620310277,49915300
2022-05-03,210.01852416992188,212.86129237421738,206.1158995284373,208.45351141392368,41556300
2022-05-04,221.2905731201172,222.17212932522662,204.99663286305392,208.65161413095734,41375900
2022-05-05,206.3040771484375,218.08127786743773,204.20419411226553,216.66485132127337,41129200
2022-05-06,201.8368377685547,207.3936162900834,199.11292702494316,205.37296131096628,34747200
2022-05-09,194.34861755371094,200.64828262668107,193.72458935006662,197.9441704869111,36303200
2022-05-10,195.77490234375,201.0345394440255,192.34773558358862,197.61725725948858,34452500
2022-05-11,186.94947814941406,198.7662940874872,186.4839357080517,194.46747016608808,31153400
2022-05-12,189.4257354736328,196.17112743690788,183.02701403570316,185.28538275167108,38262200
2022-05-13,196.73568725585938,197.9936429979943,189.46532546203088,190.7529953850484,24549800
2022-05-16,198.1422576904297,203.42169496169913,194.07124775553507,195.18063283842332,27112600
2022-05-17,200.69778442382812,203.51085346403778,196.47820353456214,200.2025278122885,24872700
2022-05-18,190.416259765625,199.09314980877699,189.8120461193555,198.10263662564876,23960000
2022-05-19,189.4752655029297,193.437318347367,187.80131087194192,189.38612294129757,24446900
2022-05-20,191.7039337158203,196.03248703045807,186.0877252273694,193.12037556666132,31465600
2022-05-23,194.36842346191406,195.121223253875,189.42577169580744,193.3382962650645,25059200
2022-05-24,179.56024169921875,181.93746746616088,174.43928998335653,178.83717125482903,50406300
2022-05-25,182.08604431152344,183.69067086733313,177.61883519746831,178.6885761586534,28030200
2022-05-26,189.81202697753906,191.00063965461956,180.53090911005106,181.14503749919965,23056500
2022-05-27,193.27883911132812,193.4769387219199,187.99940211758548,189.5446002398455,22562700
2022-05-31,191.802978515625,195.72541750062638,190.188437137274,193.0411200354568,26131100
2022-06-01,186.8504180908203,197.63710673346378,183.24495048052162,194.64575249909583,36623500
2022-06-02,196.9734649658203,199.0337343339215,185.9490476867028,186.66221843389295,31951600
2022-06-03,188.97012329101562,194.74481755587797,187.97961000607938,194.12078934987747,19465000
2022-06-06,192.4071807861328,195.05184910217352,186.6126727708993,192.14965280631205,30574200
2022-06-07,193.79388427734375,194.66554065221433,189.67336121893422,190.10917429233888,18828700
2022-06-08,194.7744903564453,200.11335522320135,192.5656504323371,192.82317839064478,22267200
2022-06-09,182.2544403076172,197.5578671910752,181.93746880886812,192.4369154374201,23501600
2022-06-10,173.90440368652344,181.3629666121128,173.35961842280193,181.30352312640838,27450800
2022-06-13,162.70169067382812,170.94276764532825,162.47387687272146,168.9716409619256,31749300
2022-06-14,162.17672729492188,165.16808148844072,159.82921577082692,164.4549107520517,27244300
2022-06-15,167.743408203125,170.52674773978174,162.4243423035829,165.6137958596035,30008300
2022-06-16,159.34385681152344,163.5139241165005,158.0958155957932,162.16682553319055,26944100
2022-06-17,162.18663024902344,164.32612718782204,158.38304822820413,160.14616044376828,31374200
2022-06-21,155.5601043701172,166.16849250243672,154.49034827782717,164.355851494448,50724900
2022-06-22,154.3715057373047,159.2646288033191,153.96539165197322,156.8775032078097,47267800
2022-06-23,157.24395751953125,158.2344706377645,152.78664848748156,154.78748921824135,40499200
2022-06-24,168.54571533203125,168.63485788504363,159.76976852564044,160.19568191049788,68736000
2022-06-27,167.88209533691406,170.12064982957313,166.41612485220347,169.69473638895676,29174600
2022-06-28,159.15565490722656,169.6749154471535,159.0863268420066,168.28818788840098,27744500
2022-06-29,162.38470458984375,164.75203006915547,158.79905234532052,162.01821961418534,28595200
2022-06-30,159.72024536132812,163.66248346451928,156.98643450968314,160.6117011502905,35250600
2022-07-01,158.51182556152344,159.09622471985023,153.5295453943019,158.78916804730673,31423900
2022-07-05,166.59442138671875,166.65384976185075,155.53039050001706,156.63976047323413,28618600
2022-07-06,168.15943908691406,169.9621653469318,163.8903293874413,166.60432602595623,23085900
2022-07-07,170.55648803710938,171.08145887850063,166.18832074414408,167.84247614623044,24083400
2022-07-08,169.2589111328125,170.76448040971164,166.55479904407864,168.36744012814103,19249200
2022-07-11,161.33480834960938,165.90107518818027,160.37400925610726,165.48506142306078,21885600
2022-07-12,161.72109985351562,164.33605418520096,160.5622011840902,163.23658389153596,16639700
2022-07-13,161.93899536132812,163.41485023652393,158.09579962086448,158.6405848594401,16555100
2022-07-14,156.55059814453125,161.0475209587845,155.7878988272264,159.69052285116314,23765200
2022-07-15,163.13751220703125,163.41485467893096,158.3038183296143,159.01697389019125,23342800
2022-07-18,165.6435089111328,170.0612041854652,164.06859663885626,165.16806683373503,23574300
2022-07-19,174.1123809814453,174.81565189009655,167.90185998802622,168.75370180708214,25933700
2022-07-20,181.3530731201172,181.85824456676832,175.0236938545795,175.80620781098557,24784300
2022-07-21,181.4322967529297,182.10585357234677,177.17308707053698,178.91639993441768,27195800
2022-07-22,167.66416931152344,173.93411952098813,166.8123273767297,171.42812239814768,42583900
2022-07-25,165.06903076171875,168.95185608897899,163.24648996829166,167.3967429969343,26166300
2022-07-26,157.64016723632812,164.42518859442146,156.45155443796997,164.36576022160833,28468400
2022-07-27,167.97122192382812,169.2489772381672,160.48294492213745,161.04752955878874,43846600
2022-07-28,159.19532775878906,159.97782675802972,153.38101846607123,159.53209871471358,73214300
2022-07-29,157.59063720703125,158.6207641609301,153.6979129400399,156.1940101356816,42065400
2022-08-01,158.41281127929688,163.62292178069873,153.75740101435343,155.7582424465508,40596700
2022-08-02,158.67030334472656,160.7008583177125,156.51097682621486,156.80813379294983,27374500
2022-08-03,167.19863891601562,167.9316090449362,160.03723238071788,161.1466023795378,31721900
2022-08-04,168.9518280029297,170.51682541245057,165.21758935568369,166.70335901695057,23938200
2022-08-05,165.524658203125,169.98196751551527,164.22708835487424,165.40580145795138,25832700
2022-08-08,168.6348419189453,175.82596101435024,165.54444612819762,166.40618762045705,27299100
2022-08-09,166.9311981201172,167.92171137787093,165.01951478738823,167.34721187468983,18655100
2022-08-10,176.64813232421875,178.76783011001515,172.29977968874718,174.32043521631115,30262100
2022-08-11,175.80618286132812,181.36296218766384,174.69679786571436,178.00512324377314,24079100
2022-08-12,178.78761291503906,179.73851213251677,177.21270072780848,179.09466955498624,21274000
2022-08-15,179.17393493652344,179.7187202278223,176.50945196874255,177.26225168545815,15878700
2022-08-16,177.7674102783203,179.27299461714847,175.36045527444134,177.73769609059622,21156700
2022-08-17,173.19122314453125,176.4500046227847,172.51766637115318,175.0830916959517,20118100
2022-08-18,173.0030517578125,174.09260728886298,170.22961157271774,172.686080255958,18844500
2022-08-19,166.36660766601562,170.68524592495336,165.4652370052803,168.585347613632,26240800
2022-08-22,161.503173828125,163.92002835777743,160.72065996754125,163.92002835777743,19499700
2022-08-23,159.58157348632812,163.48419769809408,159.17545946927953,160.93857165926042,18111800
2022-08-24,161.7111358642578,163.8902764062438,158.25425540397876,159.0763829513593,20891500
2022-08-25,167.17881774902344,167.27787511526557,162.46398032811993,163.61296416075552,15550500
2022-08-26,160.24520874023438,169.2984979053426,160.13625169424387,166.88164351357545,24023600
2022-08-29,157.6599884033203,161.5031845575337,157.50150265975776,159.13585855143572,20052700
2022-08-30,155.66905212402344,160.12636135178465,154.43091067186754,158.82879152817029,19567900
2022-08-31,161.38430786132812,166.24773128382174,160.60180908621714,165.48504700457096,40953000
2022-09-01,163.79127502441406,165.7723015655347,158.8288089799588,162.02816261193936,30145700
2022-09-02,158.79910278320312,166.33689464206668,157.7095320851363,165.86145248019835,22634200
2022-09-06,157.03594970703125,160.15607522887,156.1940225896066,158.58116293213033,19339800
2022-09-07,158.868408203125,159.43300796998926,155.32236920799897,156.26335370540775,16831200
2022-09-08,160.52256774902344,160.69095318036264,156.24355855832258,157.20435757728256,22530800
2022-09-09,167.54527282714844,167.9315723039374,161.47343823628748,161.70125200105292,22086800
2022-09-12,167.3571014404297,169.764041039035,165.69303155907158,165.80198860555353,23220400
2022-09-13,151.67730712890625,160.09667021573136,151.2216643587386,160.00751253167596,44444100
2022-09-14,150.03305053710938,152.08340520576425,147.63601016835642,151.87540587693218,43064200
2022-09-15,148.13124084472656,152.73712082968547,147.2892986429883,148.37886912594007,34606300
2022-09-16,144.90219116210938,147.17047519497623,142.92116446428608,146.6455043291758,40122800
2022-09-19,146.6157684326172,147.17045340764585,143.72347169565916,143.86214293941632,22169500
2022-09-20,144.7040557861328,147.42796682307664,143.842314221844,144.3969991420313,23217400
2022-09-21,140.77174377441406,148.180794057092,140.6528870162431,145.00123974971916,38338600
2022-09-22,141.465087890625,143.20838550180179,139.53357525858016,140.2071320244185,34418500
2022-09-23,139.07797241210938,141.26699828351383,137.5723880038906,140.07838537767086,31710700
2022-09-26,135.07627868652344,140.89060138087294,134.8979935673191,138.7907031435983,30497000
2022-09-27,133.1249542236328,138.0973342037132,132.84761176552766,136.6115645578511,30826500
2022-09-28,140.2665557861328,140.68256945988838,132.99619351396794,133.34286401841595,32658500
2022-09-29,135.1159210205078,138.51337433800606,133.9173932938307,138.03793219247984,38985400
2022-09-30,134.392822265625,139.65245999644353,134.2145371462914,134.7593224231971,33166400
2022-10-03,137.29502868652344,138.29544152959875,134.8088461145473,135.83897314307814,27723100
2022-10-04,138.94918823242188,141.0391716550731,138.01810342128363,139.1572026512209,34670700
2022-10-05,137.66151428222656,138.87985634703463,133.50136204701403,136.92854421926995,27979300
2022-10-06,137.7506866455078,140.1080979322858,135.304117678456,136.4134876957633,36231100
2022-10-07,132.18397521972656,136.9780551794244,131.18356239157612,135.46257128767706,33214800
2022-10-10,132.520751953125,134.81874978981443,130.61896845760532,132.28303846245487,24024000
2022-10-11,127.32054901123047,131.4014733180617,125.78525821888626,130.37133121574288,38481400
2022-10-12,126.2904281616211,128.43983990959,125.05228670905619,127.10265620923876,34605200
2022-10-13,129.05393981933594,129.89588196517875,121.36756392180818,122.35807698090335,34325700
2022-10-14,125.55744171142578,130.53971380017276,125.31971312819348,129.75721510733246,23559400
2022-10-17,132.76840209960938,133.51128710828095,128.94501998375162,129.0638918626823,29612200
2022-10-18,131.54014587402344,136.53232536820332,130.15341843217345,135.78944052529357,25445000
2022-10-19,131.96607971191406,135.70031899952366,130.96566674282352,131.62930882497665,30691000
2022-10-20,130.28219604492188,135.47249049693036,130.06428193839275,131.66890843735126,26356300
2022-10-21,128.77659606933594,128.8855531092955,124.2499592943535,125.11170081056022,46348600
2022-10-24,128.4893798828125,132.2137042583894,123.38823513852684,126.04281094840454,63563400
2022-10-25,136.20542907714844,137.0374714342576,129.35108133904697,129.63833855579537,38433200
2022-10-26,128.58843994140625,134.26407674548548,127.31066935949349,130.4307801137802,82791500
2022-10-27,97.0108413696289,101.5275780326414,95.4656360188503,97.05046279472724,232316600
2022-10-28,98.25889587402344,99.89324399006124,96.58493388441028,98.63529568612601,95928300
2022-10-31,92.27621459960938,98.37777206529172,91.72152206126292,97.28820904181445,121361400
2022-11-01,94.29686737060547,96.56514383628064,92.66252639784592,93.43512559740871,110189600
2022-11-02,89.68107604980469,94.29686414761568,89.62164766941325,93.31625808607285,71821100
2022-11-03,88.06653594970703,89.60182694018093,87.57127932884133,89.22543462884886,60664000
2022-11-04,89.9286880493164,90.52299441637443,87.2542980620321,89.4928598535333,55638100
2022-11-07,95.80243682861328,95.96091500917095,92.21677636467815,93.88083882412117,81987300
2022-11-08,95.55480194091797,96.87218620482751,93.8907395962468,95.010016701853,52088300
2022-11-09,100.50735473632812,103.90481460890845,99.78427692543454,100.75498298489224,107677300
2022-11-10,110.8087158203125,111.68036472692367,103.61758778046803,106.1037780601982,80671000
2022-11-11,111.94779205322266,113.80996159782818,107.77773262965678,108.19375389288676,59961700
2022-11-14,113.13641357421875,115.16696100418768,109.74886040376111,109.93705276410945,53395000
2022-11-15,115.96929168701172,117.61353973199363,113.32462315595882,114.96887120094074,50670500
2022-11-16,112.15580749511719,114.97876846613556,111.59121530091352,113.4137558727234,33287800
2022-11-17,110.3927001953125,111.26435670369128,108.75835935613522,109.36257305143725,35093800
2022-11-18,110.98699951171875,113.2354609972507,109.57056543006156,112.7203974934733,33357700
2022-11-21,108.81778717041016,111.30397756491362,108.15414510097814,110.46203524967576,24351100
2022-11-22,110.3827896118164,110.5610822839359,107.2923858140838,108.81777699621372,29029000
2022-11-23,111.17520141601562,111.60112240182042,109.67953189864518,110.66013786800373,21343100
2022-11-25,110.35306549072266,111.66054244954634,109.96675843839708,110.24410844773608,12007600
2022-11-28,107.7480239868164,110.97709911380093,107.35181719798744,109.72905037394527,23309400
2022-11-29,108.42156219482422,109.88752489676513,107.5102919634363,108.50080505590539,23899200
2022-11-30,116.97959899902344,117.0390349255215,108.34232330682798,108.47109485006094,43348600
2022-12-01,119.29740905761719,120.05019362857115,117.27676127644517,118.06916728118868,36551400
2022-12-02,122.31846618652344,122.86325143919743,116.49425161319022,116.7121657142598,39950500
2022-12-05,121.26852416992188,123.48727149007217,120.19876816382572,120.59497493167788,35474900
2022-12-06,113.03736877441406,119.40636893409481,112.66096892302305,118.7724410925074,43689200
2022-12-07,112.84915924072266,114.78065678782755,111.8091174495029,112.68077382523461,29461100
2022-12-08,114.23589324951172,116.22681941156426,113.50290801428233,115.28583486076428,30619400
2022-12-09,114.80047607421875,116.42491704241864,112.78973558047227,114.20616969314828,26033400
2022-12-12,113.62176513671875,114.62218555713785,112.06665975781735,114.08730753702315,24747100
2022-12-13,119.01016998291016,122.13028827072,117.51449284079511,120.97138201043649,44701100
2022-12-14,120.4365005493164,122.9623123199685,118.25737445633456,118.25737445633456,36922000
2022-12-15,115.0481185913086,117.50458728540742,112.92842078389404,117.20743783663009,34531000
2022-12-16,118.2969970703125,122.1401857377123,117.69278338672164,119.08941068856763,67064000
2022-12-19,113.39395904541016,116.68246270007808,113.24538054800018,115.72166364811206,29769900
2022-12-20,115.97918701171875,116.21691562087499,111.39311361422443,112.18552719737988,28742500
2022-12-21,118.62385559082031,119.19834746785773,114.52313180171168,115.5928802480329,20392800
2022-12-22,116.00889587402344,117.49466550969836,113.29488456513967,116.08813117792792,23618100
2022-12-23,116.9201889038086,117.05886015895223,114.44390569479117,114.92925508779393,17796600
2022-12-27,115.77116394042969,117.47484761581528,114.94904384248287,116.81120567810564,21392300
2022-12-28,114.52313995361328,117.02913716344688,114.4141828960539,115.14716055480385,19612500
2022-12-29,119.11911010742188,119.88180188588926,114.67170075084074,115.2957288538749,22366200
2022-12-30,119.19834899902344,119.27759186481047,116.62301631706926,117.03903758394347,19583800
2023-01-03,123.55659484863281,125.1711359449611,121.11993367007369,121.65481162005224,35528500
2023-01-04,126.16165924072266,127.8257215902195,124.65607506131268,126.171558930905,32397100
2023-01-05,125.7357406616211,127.30075323963864,123.35850760945776,124.93341987784395,25447100
2023-01-06,128.78656005859375,129.0936168028328,124.84431329257283,127.74651793704803,27584500
2023-01-09,128.24176025390625,131.68874236225523,128.05356030558818,129.91573017648227,26649100
2023-01-10,131.72836303710938,132.17409097842213,125.94376170644591,126.06261846038723,28684400
2023-01-11,131.6293182373047,132.58021770174864,129.10350617659614,129.7176347300214,25423000
2023-01-12,135.41307067871094,136.37385460942158,130.51001808612253,132.17408817618485,30757700
2023-01-13,135.6804962158203,136.08661026210743,133.5607985362658,133.68957009095007,22423800
2023-01-17,134.0758514404297,135.45266402042714,132.9763813143864,134.88806430871534,21147600
2023-01-18,131.75807189941406,135.94793856083538,131.54015778330873,134.52159711506673,20215500
2023-01-19,134.8583526611328,136.14602271529233,130.886400567009,131.23308619798556,28625200
2023-01-20,138.04782104492188,138.61242082855452,133.3329836130774,134.60083931095207,28688600
2023-01-23,141.91079711914062,142.39613880035196,137.34453173332696,137.96854462545986,27470100
2023-01-24,141.7820587158203,143.6244138707233,140.01894643052984,140.34581759991946,21970200
2023-01-25,140.15762329101562,141.81177858613734,138.97891011859156,139.88028079327262,26622000
2023-01-26,145.90260314941406,146.11060246577705,141.94055019281916,143.0301056874632,25482100
2023-01-27,150.30047607421875,151.73671716910115,145.99173767553975,146.83367992807345,35771900
2023-01-30,145.6648712158203,149.68635245699517,145.55591415743237,147.9925833204571,28040100
2023-01-31,147.55674743652344,148.45811804426916,146.12050636971617,146.5464197760389,29842100
2023-02-01,151.66738891601562,152.1230316759483,145.66488084483964,146.62567993758256,55661000
2023-02-02,186.9791717529297,195.2895764855576,178.45085291795144,181.64030647340874,150475700
2023-02-03,184.7604522705078,194.9033143224614,181.15498431416287,181.7294838655738,76809700
2023-02-06,184.29489135742188,188.89087219497117,183.76002085700577,184.76043379020655,42483800
2023-02-07,189.80213928222656,191.9416514749655,182.6506325907058,183.81944605515912,47080700
2023-02-08,181.6898193359375,189.01962569362718,181.18466307191736,188.19749796776847,36139100
2023-02-09,176.2321014404297,184.87927718494203,175.588273925368,184.36422121850526,37118800
2023-02-10,172.4978790283203,177.1929173447695,171.70548050766527,174.67702030222054,33433600
2023-02-13,177.727783203125,179.28289624295144,174.15204492012637,176.52927064790055,31463200
2023-02-14,177.77728271484375,179.78802305075115,174.21144470833212,175.4793002369625,24034600
2023-02-15,175.4793243408203,176.49955174049688,173.66668334839622,174.74633912257323,25308900
2023-02-16,170.80409240722656,174.18174592361305,170.16024978224985,171.11114906980143,25827500
2023-02-17,171.23992919921875,171.53707107206532,168.09008932075568,168.60516042374334,24171300
2023-02-21,170.447509765625,176.47973140224695,170.2494101525039,172.65634992428673,34592600
2023-02-22,169.49659729003906,171.12103817383402,168.08017080797535,169.44708372613064,22433200
2023-02-23,170.40785217285156,172.04220771335687,167.77309904390546,170.36823830248892,20017800
2023-02-24,168.77352905273438,169.10040019435343,166.069432480834,167.04013110156197,19791300
2023-02-27,167.93162536621094,171.47766494454444,167.45618319394168,170.24943807334606,19277000
2023-02-28,173.28038024902344,175.86562028503738,170.23949749445683,170.2692116810981,46051100
2023-03-01,171.7747802734375,176.16276117301675,171.40829526231892,172.93367878867744,30998400
2023-03-02,172.874267578125,173.34970968217198,169.80367061266767,170.7446702438456,17352000
2023-03-03,183.4925537109375,184.84955183576477,175.37034922805032,177.22260390810277,45877700
2023-03-06,183.14590454101562,187.86075755846633,182.8883765220757,186.21650184038,33209400
2023-03-07,182.7595672607422,188.554074961037,182.2643107090599,187.2069765359,36701500
2023-03-08,183.2152099609375,183.50245211077504,179.61964255879337,181.1351263980046,19432400
2023-03-09,179.96633911132812,187.13764474275618,178.5895264184961,184.58213408103575,26582800
2023-03-10,177.8070068359375,183.0171155818211,177.10375097626599,179.29277653353364,25665000
2023-03-13,179.18382263183594,182.03650533781763,173.16151598547867,176.2717266691827,24728000
2023-03-14,192.17938232421875,192.47653931789264,184.7901469318092,185.80047466468736,41642600
2023-03-15,195.87399291992188,195.90370710795526,189.0295428142903,191.11952635215644,42123600
2023-03-16,202.98583984375,203.80796752037094,194.22970777429103,196.3791193612989,50447100
2023-03-17,193.7542724609375,199.9845933501362,193.57597223962446,198.65730939359918,50141100
2023-03-20,195.9334259033203,197.46872448195535,191.80298741519482,196.597067975059,25186300
2023-03-21,200.24215698242188,201.61896975916017,196.07208965939063,201.27228408516245,31827000
2023-03-22,197.9144287109375,205.4027056547696,197.77575747546027,200.57891148420725,28477800
2023-03-23,202.342041015625,205.90789468219495,200.23224300340175,200.91569954899703,27389700
2023-03-24,204.05563354492188,205.61074663533552,201.61897936179483,203.23350571619807,27716400
2023-03-27,200.91567993164062,203.90703382018634,199.44972472920065,202.86699200948348,18527200
2023-03-28,198.77615356445312,199.1228391809576,196.02252846762903,198.25118285193824,19127300
2023-03-29,203.40185546875,203.76834045104107,200.6185011762816,201.6288286924153,18851100
2023-03-30,205.86825561523438,206.11588391012782,200.8958903358771,201.45057529819331,22608300
2023-03-31,209.92935180664062,210.15716559093988,204.80840082076782,205.2739431934863,25440300
2023-04-03,211.0486297607422,211.46464344174353,206.22482077102137,206.8587485393134,17924600
2023-04-04,212.6829833984375,214.18856760860652,210.52365688613878,211.3655991037935,21026400
2023-04-05,209.47372436523438,213.14853493585227,207.948340708809,212.11839275844684,19396600
2023-04-06,214.04991149902344,214.88193897105816,206.67057596666902,207.26488994042649,26104400
2023-04-10,212.71270751953125,213.6140781496592,208.6615122004268,212.6730936421114,16106100
2023-04-11,211.82125854492188,213.97067042272036,211.38543030904896,213.43578481904638,16710100
2023-04-12,211.96981811523438,214.7828718871531,210.56329122927502,212.80184554962756,18972200
2023-04-13,218.25958251953125,219.0519809623616,213.64378753129026,213.6834014078192,23310400
2023-04-14,219.38876342773438,220.002876745345,215.4861391914952,215.81301034526476,21591200
2023-04-17,216.78372192382812,218.8836050942685,215.07013830104484,217.70489195515188,15481900
2023-04-18,215.8229217529297,218.34873344989094,214.15886682233952,217.8237626600715,12281000
2023-04-19,213.65367126464844,215.26821244369054,210.90994576347447,211.4448312978703,15898100
2023-04-20,211.0486297607422,214.69371064991398,210.7514728131612,211.4547286379384,16475400
2023-04-21,210.87034606933594,211.38541714456608,207.59174992733577,208.2157780547486,17717200
2023-04-24,210.7712860107422,211.89057070393048,208.7110319642467,211.6528421074743,15750900
2023-04-25,205.5810089111328,209.25580426247976,205.164995198567,208.81999116886178,19198200
2023-04-26,207.41348266601562,212.0788070422257,206.89842662295257,210.48407999628077,41992700
2023-04-27,236.29681396484375,239.3971249518999,234.5238020816266,237.61419826423133,71196500
2023-04-28,238.0401153564453,238.14905728793474,233.51346323642764,236.7425305001519,39554000
2023-05-01,240.8730010986328,241.68522920561682,234.21676606804377,236.35626316778945,29143900
2023-05-02,236.9703369140625,242.59644353145157,236.72270866264864,240.87294546056063,24350100
2023-05-03,234.78134155273438,239.45656504526394,230.54194628453024,237.19819616833396,34463900
2023-05-04,231.30465698242188,235.94025170983895,230.72024268176773,233.8205539721338,17889400
2023-05-05,230.5716552734375,232.45362425710945,227.66945893038118,230.03678481002527,27000500
2023-05-08,231.05702209472656,233.3847190835695,228.08548244715766,229.2245665997795,16400500
2023-05-09,231.15606689453125,233.64226476670154,228.8877982554051,229.26419811806758,16865600
2023-05-10,230.8688201904297,234.50400184784013,228.53120841644537,233.92950237387436,19119000
2023-05-11,233.55308532714844,235.95014041291967,230.09620416081847,230.839089011673,20449000
2023-05-12,231.59185791015625,234.71198314141782,229.25424646613126,234.49406905743015,16161400
2023-05-15,236.593994140625,237.98070663704698,233.0974835973307,234.67239602841693,20653200
2023-05-16,236.55438232421875,237.36659533234058,233.28568556667767,233.55311326287054,18163800
2023-05-17,240.1895294189453,241.52671304865947,235.88079134601713,236.18784799178786,21193100
2023-05-18,244.50816345214844,244.7458769218774,238.90185570924135,239.01081275421058,22943300
2023-05-19,243.3096466064453,246.33071470006072,241.1008065407004,245.12228746261457,21733600
2023-05-22,245.96421813964844,251.16441187010025,242.79456415557735,243.08182141597356,27738500
2023-05-23,244.3992156982422,249.22300981592477,244.31005802967402,244.46854375820524,17748100
2023-05-24,246.84579467773438,247.22217940621383,242.62619888462493,242.95307004564268,17724300
2023-05-25,250.29275512695312,253.19495122587924,246.8061448182719,250.99601095698662,22371400
2023-05-26,259.5540771484375,259.82150481978033,250.31258754347328,250.53048653396436,25727200
2023-05-30,260.029541015625,266.10139239002933,258.81122900079936,262.73365321069883,23816500
2023-05-31,262.2086181640625,262.48596061143525,255.99811216679154,257.5333953168798,25473700
2023-06-01,270.0237121582031,271.4005396241572,263.36749436591606,263.3773789400218,25609500
2023-06-02,270.0237121582031,272.73773810952235,268.5478575828597,270.0732559409532,19416900
2023-06-05,268.8154296875,272.95576819142883,267.0027733486915,267.73574354686093,20742900
2023-06-06,268.5479431152344,273.94625233074817,267.13151644561555,267.577259492058,19419000
2023-06-07,261.0992126464844,271.64816923478566,260.30678417095345,269.0926591928302,26163600
2023-06-08,262.0699462890625,265.1108288024694,256.4240396785275,258.14752282316664,20899400
2023-06-09,262.43646240234375,265.40800175291315,259.21729477256025,259.98989379458584,16949800
2023-06-12,268.4786071777344,269.17197855133765,262.8128701183315,264.63544111842026,15442500
2023-06-13,268.7459716796875,273.1042224653819,266.5371169944487,272.2721952431357,16164000
2023-06-14,270.7567443847656,272.3811700449063,265.77446502375466,269.31060381633694,19175100
2023-06-15,279.1562805175781,281.2957923401222,268.8450662331816,269.7166923285356,25973500
2023-06-16,278.33416748046875,285.11918792907426,277.4724259621255,282.04859142371345,43127700
2023-06-20,281.6326599121094,282.09820241624095,273.59961079919674,276.0858090902049,20701600
2023-06-21,278.9681701660156,281.30576695944643,275.7192576413435,280.8402245162712,20556200
2023-06-22,282.1774597167969,282.5538596419377,275.1547234006755,276.4324639110917,17563100
2023-06-23,285.99090576171875,286.9219906486609,276.303687243336,278.8393987823927,51092000
2023-06-26,275.8282165527344,287.04083341600824,274.96647489104197,285.96117763760685,24232700
2023-06-27,284.32684326171875,286.6050420894212,277.9875639066745,279.33467777290986,26108300
2023-06-28,282.5835266113281,286.80309239753973,281.36518446166764,282.1179841861471,16722100
2023-06-29,278.85919189453125,283.8513870995625,278.02716439837025,281.8010174332736,15395700
2023-06-30,284.2575378417969,286.3078775446319,281.7218260325115,282.0585969509872,19694900
2023-07-03,283.30657958984375,286.6545191015148,282.14769605307424,283.98015155107896,8629300
2023-07-05,291.5773620605469,295.2917865123045,283.6433417586123,284.9211122338747,33865500
2023-07-06,289.2199401855469,295.2917909504346,288.546398462907,293.08296585588556,47600500
2023-07-07,287.7737731933594,293.38999583822175,285.9215185105822,289.4081137823945,25586000
2023-07-10,291.3099365234375,295.3017034878125,284.3268003659645,292.7461625185028,37058300
2023-07-11,295.460205078125,297.3322593974168,289.1308109167539,291.1118374118712,27585900
2023-07-12,306.40533447265625,306.51430663784794,297.2530026313018,298.88734328467757,36677100
2023-07-13,310.4367370605469,313.23987603873485,307.3463407984392,310.644736362941,30281000
2023-07-14,305.93975830078125,311.8927513533535,304.44407393509255,308.8320696823939,23054100
2023-07-17,307.67315673828125,308.75281232833896,301.81922102377587,304.62238986461955,25323100
2023-07-18,309.08966064453125,311.21928840455837,304.7016940161735,307.9307770207318,20731900
2023-07-19,313.0121154785156,315.65676904382303,307.5741769433904,310.0603749824738,21763700
2023-07-20,299.6500244140625,312.54652485071404,299.35288256310554,310.5258695800201,23836900
2023-07-21,291.4684143066406,302.5621436444749,288.4374464326985,301.68060264409814,42139300
2023-07-24,288.843505859375,294.6974418120393,285.56490997021996,292.97395871919514,24915700
2023-07-25,291.67645263671875,295.47010527506484,289.09119720533135,292.3896234217842,19585600
2023-07-26,295.737548828125,298.90717309686846,289.1308121386396,298.3326887112054,47256900
2023-07-27,308.75286865234375,322.2634835399387,306.9006137595752,322.0356546162688,64229200
2023-07-28,322.39227294921875,323.10544371926164,311.26879794331705,313.8738527037247,39220300
2023-07-31,315.57745361328125,322.5704731028449,314.57702579201833,320.61916124805936,25799600
2023-08-01,319.64849853515625,321.06495535004046,311.6748795602786,314.5275623433994,22817900
2023-08-02,311.3281555175781,315.36946570474277,307.70287411335016,314.98315110429724,20461100
2023-08-03,310.21881103515625,312.9526369595575,306.9897285434685,306.9897285434685,15180200
2023-08-04,307.7821960449219,315.3893306240948,307.25722522644406,311.9720477871673,17612800
2023-08-07,313.5568542480469,314.06202564992486,307.51471771954186,310.25845861265213,16236500
2023-08-08,309.6740417480469,314.8742357187561,307.1680144917941,311.4173243145739,15183500
2023-08-09,302.3145446777344,310.65467965644325,299.97694788543293,309.9117947088459,19955800
2023-08-10,302.8394775390625,309.376870304108,300.9872228050464,305.0186185367651,14358900
2023-08-11,298.77838134765625,301.829148347872,297.5104955804326,299.69955126159806,14046300
2023-08-14,303.2851867675781,303.30498614605693,295.420510899078,298.1246223503476,15641900
2023-08-15,299.0854187011719,304.3153262415131,297.1836204010212,303.23567067628255,11623600
2023-08-16,291.4981384277344,298.2237012992778,291.4882236227425,297.35207507384723,18547700
2023-08-17,282.3853454589844,293.24135939502446,282.24668935859756,290.26982041695067,23950100
2023-08-18,280.5628662109375,282.9797208570898,271.77701889106055,276.3828992633854,35347900
2023-08-21,287.1497497558594,287.74406367825986,279.17613116684316,280.7609582172239,20181500
2023-08-22,284.87158203125,290.1212895252961,284.0296398257357,289.77460388443,12980200
2023-08-23,291.4486083984375,294.57863388926944,284.94095933285604,285.76307202829054,18287000
2023-08-24,284.0296630859375,296.6190775264292,283.9207211422629,295.66819330829065,18360900
2023-08-25,282.7915344238281,285.6541322414778,273.41137268583105,283.41556261123634,23701400
2023-08-28,287.5063171386719,288.6850300436669,283.08860733169104,285.2677480538815,14239300
2023-08-29,295.1630554199219,296.31205450186155,285.4461221404547,285.8423214240037,20844500
2023-08-30,292.3005065917969,295.4602467150317,290.64633593491584,294.3508765579216,17717000
2023-08-31,293.0829772949219,298.2435428150178,292.8551483674615,292.9938045025631,17229900
2023-09-01,293.5683288574219,298.8774654942899,291.6764448775336,296.52995387241754,12842300
2023-09-05,297.3025207519531,298.53077763296955,292.7065553799555,294.2022097056467,14956000
2023-09-06,296.33184814453125,300.42264228000386,292.85513713016263,298.8477299151188,15418100
2023-09-07,295.8365783691406,304.1370532463478,289.4477564051673,295.1729212525541,33748700
2023-09-08,295.06396484375,302.3541268237912,293.9644795730716,296.38133397968693,17548000
2023-09-11,304.6422424316406,306.1082128740827,298.42182064148733,298.55059219611553,19489300
2023-09-12,298.7982177734375,305.73181022527893,297.3817911415824,303.42389752430716,13480400
2023-09-13,302.1659240722656,304.2658070091971,298.46141474873787,299.4915266092312,13210900
2023-09-14,308.7627868652344,309.901871040026,302.13625090393964,303.83002007216135,19343100
2023-09-15,297.4610290527344,309.04013126084925,295.91583081467536,308.6538165873019,28131100
2023-09-18,299.6797180175781,300.7197748806222,294.97478092282745,295.36109553060214,14234200
2023-09-19,302.17584228515625,303.26541275379753,296.9657336438742,299.6104169528462,15924400
2023-09-20,296.8271179199219,305.13750834060846,296.5893741856446,302.1560537952515,19379500
2023-09-21,292.9244689941406,297.4114924198118,290.48778484547785,292.89475480833073,21319600
2023-09-22,296.24267578125,302.4829271039052,295.4403625041758,296.4605898952741,25369600
2023-09-25,297.9760437011719,298.0949306651933,290.91371066299604,292.8353085025185,18987000
2023-09-26,296.12384033203125,297.45112449362,293.2018443066156,294.8361851653147,19417200
2023-09-27,294.91534423828125,298.4415682589567,284.0692445363034,297.59965635345964,36429800
2023-09-28,301.07635498046875,303.42386620320735,293.8852503920913,296.1039900746693,22167100
2023-09-29,297.36199951171875,307.6930765578171,296.5200571322747,304.4639934162621,25373700
2023-10-02,303.90924072265625,304.26581093402785,298.76847524561947,299.86793029207666,16265600
2023-10-03,298.0849914550781,303.8596690767924,296.79733661685424,301.3735019450162,17362300
2023-10-04,302.6810302734375,303.9885150382113,295.66820965631024,295.8960385894054,16880500
2023-10-05,301.8985290527344,303.3050408800176,296.6587057199005,301.7400433121273,19130000
2023-10-06,312.43756103515625,313.30921745867073,298.0553207313564,298.58029150078266,21803900
2023-10-09,315.3397216796875,317.2910336071559,308.8617880642036,309.53532968686795,22503700
2023-10-10,318.7867431640625,321.5799974544419,315.1416620885946,316.09254623261626,19038000
2023-10-11,324.7100524902344,325.72036509705856,319.8862579237082,319.94568629892933,22036300
2023-10-12,321.0848083496094,327.40428830372093,319.6287525287465,324.88837595290937,20530500
2023-10-13,311.70465087890625,321.96635475277066,309.40665263485096,320.4607853315286,21341000
2023-10-16,318.103271484375,318.7669285522604,312.5266779743875,315.6171041939002,16536100
2023-10-17,320.92620849609375,321.3224076461565,314.2897593773281,315.1614156443005,16387800
2023-10-18,313.96295166015625,322.84785574824446,312.56632450331927,318.34103304579105,16851000
2023-10-19,309.8423767089844,318.8362518972235,308.7924353214848,316.8453110454278,18709200
2023-10-20,305.72186279296875,312.30876887363735,303.56255148600536,311.1598002763632,22312300
2023-10-23,311.0310974121094,314.3492928529987,304.3451324994024,306.56387266411906,17796800
2023-10-24,309.5848693847656,315.32986372560464,307.68310108632807,313.77475084323476,19525500
2023-10-25,296.6884765625,307.9308096628595,296.00501990039766,307.0591530371017,42192500
2023-10-26,285.6144714355469,292.2013778048575,276.74936669566614,292.2013778048575,66684100
2023-10-27,293.9150085449219,296.4705194381836,290.1906690393921,291.68635372491264,29596300
2023-10-30,299.7886962890625,306.46474486144035,296.21292830552443,296.2525572930927,28435100
2023-10-31,298.411865234375,300.799005388581,294.04369891681733,300.4325203848506,19434200
2023-11-01,308.8915710449219,309.77311214162125,298.9864382888113,298.9864382888113,20434600
2023-11-02,307.9208068847656,315.79539823157603,305.4048951115766,314.2897989524733,21631800
2023-11-03,311.615478515625,312.5564479784247,308.06942410716226,309.58490819009023,16764300
2023-11-06,312.8041076660156,315.3101052630544,311.46693880960987,312.98242304452947,12887700
2023-11-07,315.79541015625,317.9547215713767,312.13049940516805,314.05209733695966,14055600
2023-11-08,316.74627685546875,318.28156006413843,311.8927687272223,315.1218510954628,13609700
2023-11-09,317.5089416503906,321.1045088081468,315.77554383710776,316.3896873110975,16103100
2023-11-10,325.6510314941406,325.97791779553546,316.4293555216482,316.9048127654654,19096200
2023-11-13,326.0669860839844,329.177181273108,322.61010528947196,323.10536180343917,16908900
2023-11-14,333.1194763183594,334.89250332742375,330.16773623809127,331.36627891832995,17179400
2023-11-15,329.55364990234375,335.1896726268728,326.88916688235804,334.7241301973717,14531200
2023-11-16,331.0196228027344,331.4059072485677,323.2837168000129,326.24534172097447,18932600
2023-11-17,331.86151123046875,332.31713878402064,326.22548937949347,327.12685991086505,14494400
2023-11-20,336.7447814941406,338.6267505714548,331.0196162766744,331.7129876237155,16960500
2023-11-21,333.7831115722656,336.67539286407595,332.7133405085633,335.1202800598027,12027900
2023-11-22,338.2503356933594,339.66679251211156,335.36793871621273,335.99196685523236,10702700
2023-11-24,335.021240234375,338.61677721914293,333.5750694152264,336.90320898629534,5467500
2023-11-27,331.52484130859375,336.675492762222,331.0295846172024,332.9907817691476,15684500
2023-11-28,335.7740478515625,336.1603624950619,330.23708289117764,330.23708289117764,12637200
2023-11-29,329.0484619140625,336.6753946009342,327.6419200202527,336.46739531505375,16024500
2023-11-30,324.0464172363281,330.3361826823399,319.3414791021719,328.7414707926558,23146400
2023-12-01,321.73846435546875,323.7590892647631,317.7169836882232,322.392206612497,15276400
2023-12-04,316.9839782714844,317.81600561370976,310.68432972546645,314.27989696626673,19037100
2023-12-05,315.2703552246094,318.82629286109375,312.39787389830724,315.95381153479167,16952100
2023-12-06,314.43841552734375,319.1928666161261,314.0323015033506,318.8758951493905,11294300
2023-12-07,323.4917297363281,325.1260706090225,314.75539531827485,314.75539531827485,15905100
2023-12-08,329.59326171875,330.0092905560532,319.93575818228777,320.02490074141053,14087400
2023-12-11,322.194091796875,326.76037279079105,316.9641839704844,326.27500082900536,25802500
2023-12-12,331.04931640625,331.29694470138276,321.4809554549513,321.5205844460303,18485500
2023-12-13,331.5644226074219,335.1599908339404,329.4843687956453,330.76210922789255,16353300
2023-12-14,330.00927734375,331.52476124429046,325.52225401249785,330.682819026643,19607300
2023-12-15,331.7427062988281,335.44721612845785,328.0777952344313,328.8404795440418,31776900
2023-12-18,341.35064697265625,344.26275813769166,333.8227407652726,334.2783985919012,18993900
2023-12-19,347.03619384765625,350.24547720407884,341.84591429871836,342.3015419115937,17729400
2023-12-20,345.9664611816406,351.59256909633797,344.4906061358793,345.3424330076955,16369900
2023-12-21,350.7308349609375,353.0288329680946,345.8971254383194,349.63137975696606,15289600
2023-12-22,350.0374755859375,353.81132847401494,347.8880486334318,352.2066716923512,11772800
2023-12-26,351.46380615234375,353.5934338402026,350.0969232474257,351.6222919010442,9898600
2023-12-27,354.43536376953125,355.594277640464,351.9392811149949,352.6920809022014,13207900
2023-12-28,354.9206848144531,358.46670864757215,354.41551342692884,356.2875978197097,11798800
2023-12-29,350.60205078125,356.5847590920977,348.482368209685,355.58433106721975,14987100
2024-01-02,343.00482177734375,349.80964257100067,336.78440013969424,347.9871019247918,19042200
2024-01-03,341.2020568847656,344.6490534368862,339.92428649150503,341.7072282507653,15451100
2024-01-04,343.826904296875,344.84713158627574,340.14219433580473,341.2317647973155,12099900
2024-01-05,348.61114501953125,350.14642844198295,342.97512229623686,343.69817761155576,13920700
2024-01-08,355.2574157714844,355.57438720367395,348.71010876233237,351.3349925393317,13890200
2024-01-09,354.0391540527344,357.21872344248277,351.9887843105003,353.0189265845029,13463900
2024-01-10,366.9554138183594,369.40198254751,355.67345434811176,356.7531402997507,22117200
2024-01-11,366.16302490234375,369.24350641928106,359.48694543472374,368.59967889024267,17205400
2024-01-12,370.9372863769531,373.4829126090935,366.0342640709305,366.6483774313238,19310000
2024-01-16,363.97406005859375,372.0467385458756,363.74626131344695,370.105340668082,15306900
2024-01-17,364.8753356933594,365.043736234498,355.20791737263,362.82496615370195,12724800
2024-01-18,372.56170654296875,373.27487720209166,367.4308558102004,367.9657111334963,16354300
2024-01-19,379.8122863769531,380.71362675917595,374.38426333397996,375.4044906879407,21670800
2024-01-22,378.15814208984375,386.6468477784212,377.5440287199185,384.26962205726403,17680500
2024-01-23,381.545654296875,384.69547866782574,378.4552280650091,380.97113977705493,15506100
2024-01-24,386.9935302734375,392.39180922923504,384.13093253502706,386.3001589226069,15698500
2024-01-25,389.4499206542969,391.7380034221497,382.0012732682365,386.4684968759777,15091100
2024-01-26,390.4009094238281,393.0257635079228,387.8750824829302,390.6089087438334,13163700
2024-01-29,397.215576171875,399.107459933084,389.37072887968213,391.24278303174935,18742400
2024-01-30,396.2646789550781,402.50489956057874,395.77933719609035,399.76118908237476,18614700
2024-01-31,386.4388122558594,394.22423105311685,383.4276438362193,385.309612762971,20180800
2024-02-01,391.0347900390625,396.7005266094992,389.3211913641147,390.20276259938396,29727100
2024-02-02,470.4838562011719,481.34978723753176,448.7123953645735,455.23987373916515,84707600
2024-02-05,455.0516357421875,467.42313492864514,454.863435831285,465.42230930986153,40832400
2024-02-06,450.4061279296875,462.6884845937317,448.70244415116105,459.5980884903725,21655200
2024-02-07,465.1350402832031,467.0467233002959,451.8522560624656,453.6549971486643,23066000
2024-02-08,465.54119873046875,466.1255978844862,460.6183469730687,463.8771438280398,18815100
2024-02-09,463.6690673828125,469.09708999029874,463.0351547247168,468.46317733220303,18413100
2024-02-12,464.4516906738281,474.60445222506354,462.1536925118854,463.74843467901616,19382000
2024-02-13,455.75494384765625,463.4512510126125,450.77266349570505,452.5357758409982,20916600
2024-02-14,468.7901306152344,469.6122433489752,461.6683376125208,463.4908784462684,16858400
2024-02-15,479.4381408691406,483.98459318900575,467.7401814710847,470.7711496843281,24212300
2024-02-16,468.8297424316406,474.41622148697894,464.7587172235318,473.57427917224476,23324600
2024-02-20,467.2745666503906,471.66253253876386,462.13380111414773,465.2638262160572,18015500
2024-02-21,464.0817565917969,465.0435750042367,457.8944061299946,462.56466468971513,12921800
2024-02-22,482.0290832519531,485.85650633156365,472.04402503691097,476.1887559057501,21625800
2024-02-23,479.9467468261719,490.18959016774244,478.2809264814278,483.9328234211238,18374300
2024-02-26,477.67608642578125,482.0389927339429,476.54571907149233,479.39150323604184,12101400
2024-02-27,482.9412841796875,483.1594294927157,475.8714575450173,475.93094897037633,10809600
2024-02-28,479.93682861328125,486.907522790946,478.6775531423705,480.9085722921796,12715500
2024-02-29,485.99530029296875,487.552063138325,478.5387191534961,484.3195546013671,17732000
2024-03-01,498.0625915527344,499.9961534818534,487.70076577448475,487.958551840937,16273600
2024-03-04,493.98736572265625,500.1648215135749,492.23230800183285,498.75678705078013,12324100
2024-03-05,486.0845947265625,491.3993642195796,483.77426349593577,490.8242703082243,15325300
2024-03-06,491.9050598144531,498.7270260673234,490.1202564330068,493.4320770915534,11757900
2024-03-07,507.8692321777344,515.464586754887,497.15042639519817,499.03439218279726,18586400
2024-03-08,501.6818542480469,519.153208352126,495.1375253219211,509.8523325167093,18597100
2024-03-11,479.510498046875,493.1246845604503,471.98452986780427,492.8173020983641,20428300
2024-03-12,495.5341796875,498.0725814687902,480.64089717663427,489.0989380927609,15448200
2024-03-13,491.3894348144531,496.75380029779205,486.8877252679301,491.2109605365192,12090700
2024-03-14,487.6809997558594,497.12071016280737,484.04197614287165,496.0399088324586,12620000
2024-03-15,480.0162048339844,487.6809762474695,477.23980709395425,484.88478837848186,29153600
2024-03-18,492.7875061035156,493.22379670069625,482.7032865306879,487.7602691724572,11755300
2024-03-19,492.05377197265625,492.4404965064803,477.2199811274782,484.0518724772852,10903100
2024-03-20,501.2554626464844,503.91287737762434,490.9927986303071,495.2862577806937,11711100
2024-03-21,503.47662353515625,510.6951790916387,501.7413862690446,510.3680064960542,9712500
2024-03-22,505.2812194824219,505.6679440053061,500.0854332948387,502.72299742536745,8120600
2024-03-25,498.77655029296875,502.94113151352633,496.0200033738787,501.52320214819645,8380600
2024-03-26,491.7067565917969,505.69771210174656,491.03246997795776,500.86879957486735,11205400
2024-03-27,489.6938171386719,495.67297753115173,483.95268296004303,495.0879281008701,9989700
2024-03-28,481.48370361328125,488.7320653435036,481.0573382938965,488.6824689802338,15212800
2024-04-01,487.205078125,493.2337751762738,477.7158014217643,483.0900927267318,9247000
2024-04-02,493.1742248535156,493.3328787385694,480.56152846301865,481.0077444059908,11081000
2024-04-03,502.46514892578125,502.96093094280087,494.5425619770506,494.7210362407457,12099200
2024-04-04,506.6099548339844,525.52898497876,506.2727964033806,512.0635272481567,26476300
2024-04-05,522.8914794921875,526.2231206005386,510.0705014315204,512.4998457681293,19263300
2024-04-08,514.86962890625,527.0063630993916,514.5126803759262,524.815045299126,13260600
2024-04-09,512.5396118164062,521.4339145539535,502.46528461860555,517.8246059704784,10863800
2024-04-10,515.44482421875,518.1517750614757,501.5331497348547,504.9937292971529,11418500
2024-04-11,518.74658203125,519.4406889171323,512.9261063452404,516.7138879885149,10369500
2024-04-12,507.5816955566406,515.8017710471306,505.03336836231813,513.3823520372883,11984500
2024-04-15,496.0101013183594,514.1557417977153,493.0849752332314,512.3609527471586,13512900
2024-04-16,495.5440673828125,500.51178277733743,492.9163983994056,493.90796246555647,9847900
2024-04-17,490.0012512207031,498.915402916696,483.0305567140863,498.85591149070433,12193700
2024-04-18,497.56689453125,507.8891115594583,494.83019796523104,495.603616816953,14808700
2024-04-19,477.0117492675781,498.5584178129794,471.71680060015274,498.5584178129794,25215400
2024-04-22,477.66619873046875,487.85947676562097,469.4064525906783,485.58878643749824,17271100
2024-04-23,491.9149475097656,494.552511601126,484.84509075805806,487.10585565634784,15079200
2024-04-24,489.3369445800781,505.6977542772844,480.492178386885,503.77411726177144,37772700
2024-04-25,437.6565856933594,442.0095365400341,411.0033367235607,417.8451232490789,82890700
2024-04-26,439.5504455566406,442.67386632862065,428.3160076852522,437.7358663608283,32691400
2024-04-29,428.970458984375,436.05024123083757,424.9447111321204,435.8519163054503,21502600
2024-04-30,426.5411682128906,435.9114313730095,426.0949522366359,427.41371925556695,18429500
2024-05-01,435.48504638671875,446.1641810189536,423.5069349236173,424.98438603287394,20344900
2024-05-02,437.9540100097656,440.21477487294436,428.63331382859496,435.1379716896752,15221300
2024-05-03,448.1473388671875,450.3387174949622,440.10576788243395,442.168208064892,16489100
2024-05-06,461.7515869140625,462.22754860054084,449.5156889129606,451.73678292958675,15094600
2024-05-07,464.2900085449219,467.5522632162285,457.41847594249674,462.3564765225812,13406800
2024-05-08,468.6131896972656,471.56803128563115,459.0941684886702,459.58995052807484,11683900
2024-05-09,471.409423828125,472.0638295136627,463.6851309164721,466.0351330222178,9437700
2024-05-10,472.1828918457031,473.47191322267287,465.63856196693274,473.06536826282525,10750000
2024-05-13,464.0619201660156,469.35686878363606,458.94544582244055,468.76192427668366,14668800
2024-05-14,467.8695068359375,468.5536884567925,456.19877850637766,459.46103273015086,10478600
2024-05-15,477.477783203125,478.4296762623325,467.225014082937,470.9731251549598,13100500
2024-05-16,469.2379150390625,473.66028268880433,468.76195335195183,470.99297269630273,16608200
2024-05-17,467.9290466308594,468.8115229984674,464.46849739382435,466.85814039180144,10807300
2024-05-20,464.8848876953125,469.2081227083391,463.10008450120927,465.98553953111184,11745100
2024-05-21,460.7104797363281,466.72928170123606,458.37037248576144,463.17946491456047,11742200
2024-05-22,463.8338317871094,469.7237246863613,461.7217955112995,463.92306892071826,10078600
2024-05-23,461.85076904296875,470.35837651251336,457.6465465439072,468.8908808719703,11747900
2024-05-24,474.1858215332031,475.8020759819644,462.36636323892645,463.6752352138894,12024300
2024-05-28,475.8714599609375,476.8035023830061,470.8342973473086,472.55960921175017,10175800
2024-05-29,470.35833740234375,475.8020449513252,469.7039317176782,470.6558247918724,9226200
2024-05-30,463.1099548339844,467.75049735908,460.7896987015025,467.69100593979573,10719600
2024-05-31,462.891845703125,465.16253591696096,450.62620288703914,461.87053591212066,16919800
2024-06-03,473.46197509765625,475.5541912724924,464.2900063460105,466.8878996805303,11279400
2024-06-04,472.9661560058594,474.850152026394,469.23789552237054,472.97608133022067,7088700
2024-06-05,490.88372802734375,492.4603113379377,479.8277942044124,480.3632472989971,15690500
2024-06-06,489.5947265625,498.57829538060287,486.7489422809781,488.82130773246917,10667300
2024-06-07,488.8014221191406,494.7012405198965,486.03498011352997,491.7265482694584,9380700
2024-06-10,498.3601989746094,498.4196904089024,489.2477210803431,489.6939068375407,11220900
2024-06-11,503.1890563964844,503.31796457657777,494.06665418520794,495.94072493862217,9673700
2024-06-12,504.5475158691406,509.6739160160373,500.2143852257053,509.6540653658649,11983200
2024-06-13,499.84747314453125,505.0630797783249,497.1305669103621,501.4438768343439,9954600
2024-06-14,500.4033203125,503.3710310196468,497.01872585359297,498.9045621902086,10243300
2024-06-17,502.8548889160156,506.94418419466194,492.3140279060618,497.931856469991,11266600
2024-06-18,495.7680969238281,502.22959808613376,491.3314034129225,500.8003256604608,13060400
2024-06-20,497.9616394042969,499.91696133696803,493.06835183815394,498.259391865037,11801200
2024-06-21,491.09320068359375,499.69861047117706,488.7210252534987,499.69861047117706,22359200
2024-06-24,495.19244384765625,504.0161854748307,490.6068739936716,495.4802914334782,13525300
2024-06-25,506.7953186035156,506.90448440966634,491.8078287627991,493.34626696879064,12063200
2024-06-26,509.29656982421875,509.98143083123966,500.91945660777793,502.8747787035861,8882300
2024-06-27,515.6884765625,518.9837447264229,510.0706789221826,510.41804665178887,10121200
2024-06-28,500.462890625,517.9913037379077,500.085717284705,513.296567923661,15855100
2024-07-01,500.91943359375,502.8052699262197,489.495219499114,501.1874411086425,10328200
2024-07-02,505.7034912109375,506.6960397707235,495.72839030116006,497.0286264912654,7739500
2024-07-03,506.1600341796875,507.4702054941814,502.2493905922956,502.59678863192033,6005600
2024-07-05,535.886962890625,536.8398314887705,507.787940809619,507.787940809619,21354100
2024-07-08,525.3758544921875,538.7653259809063,522.7257665803514,538.3087317966222,14917500
2024-07-09,526.05078125,533.4750257204164,524.2542706278135,529.7728386645047,8753200
2024-07-10,530.7057495117188,534.8645300686193,524.4229006670638,526.8347862052636,10983300
2024-07-11,508.87969970703125,531.4701164402055,504.58194713448745,526.9341618869837,16458300
2024-07-12,495.1527099609375,504.3040091670601,490.54730025689014,494.0509955659597,19750500
2024-07-15,492.46295166015625,502.90455276235514,489.6937323900658,494.914548086256,12539200
2024-07-16,486.14044189453125,500.19493528441564,482.1702470484684,497.763178825129,14075800
2024-07-17,458.5475158691406,475.5995237576505,455.6989062469381,475.5995237576505,28076600
2024-07-18,472.30426025390625,475.66898427757206,461.07853794252924,471.46058788071537,19267200
2024-07-19,473.2372741699219,483.0833397083784,472.1653046770745,472.51270275883394,15149400
2024-07-22,483.7681579589844,488.39343784394794,480.2942380286201,482.9542608770849,12023100
2024-07-23,485.0485534667969,491.529894288615,484.08578016140376,486.1899782416004,9455500
2024-07-24,457.8328857421875,472.750890116461,457.14802477910234,468.7906308613701,17649700
2024-07-25,450.031494140625,460.0959218597221,439.35166080505405,459.8081045556057,18240500
2024-07-26,462.2298889160156,466.2695386431192,455.9966850035007,460.7410660360502,14222400
2024-07-29,462.23980712890625,470.42833320475563,461.5549461611663,466.37874818219655,11339600
2024-07-30,459.7386169433594,469.20753965531935,453.296985823083,463.52022492045955,11390400
2024-07-31,471.2918701171875,472.94943971838194,463.27209021732375,467.5102621199885,24285800
2024-08-01,494.0311279296875,523.2418258077752,488.4331696053785,517.1178179397796,43083100
2024-08-02,484.5027160644531,497.4157534972901,472.6020370673127,485.3562933703574,24044700
2024-08-05,472.1851806640625,479.877432709628,447.44091977308,447.986839705261,21396200
2024-08-06,490.4082946777344,498.8151818548687,475.08334310366536,475.43074114374735,20955000
2024-08-07,485.2768859863281,506.3486738626253,483.2322079563975,499.38099343504456,20105300
2024-08-08,505.83258056640625,506.1601082979019,491.03367634883847,493.79296042361847,16156800
2024-08-09,513.911865234375,514.4776251589293,501.9317973598436,503.92679928247577,13696600
2024-08-12,512.1054077148438,514.1599903675453,505.3064444713223,513.0086001892394,9767400
2024-08-13,524.6016845703125,527.5396506235451,514.2891492944043,516.1352753951159,13743800
2024-08-14,522.8348999023438,530.0209419315548,519.231943709077,524.1252009407872,11444200
2024-08-15,533.326171875,535.7479929533919,522.7753751004825,527.8274136979614,13482100
2024-08-16,523.4900512695312,529.6835458536582,520.7506069926208,527.936710919454,14776700
2024-08-19,525.3361206054688,527.6983303979816,518.8646847355589,522.9440446978144,9879700
2024-08-20,522.8051147460938,527.1326727663876,521.9614726520136,524.4130386625862,7944400
2024-08-21,531.1722412109375,535.380697838313,523.003586247784,523.2219784247505,13423300
2024-08-22,527.96630859375,540.1746428486678,524.6512305773567,532.9985366846043,15708300
2024-08-23,524.065673828125,535.8472211565822,521.1475784483675,532.9191905977204,11323900
2024-08-26,517.2368774414062,524.0656160730285,511.11287006456706,523.6685724347711,9584000
2024-08-27,515.2318725585938,520.1053193389978,511.4701357683346,515.1127715918549,6282700
2024-08-28,512.92919921875,517.2070804661585,508.6314476173212,513.8125212674431,9106100
2024-08-29,514.3584594726562,523.271586281881,511.8374080676586,515.1822916979731,8317400
2024-08-30,517.4254760742188,519.638839928898,511.36101904453477,517.4651562068226,9157500
2024-09-03,507.9466857910156,521.5743588056987,504.8300686197374,515.7679736756918,12459100
2024-09-04,508.9194030761719,512.7407518618065,500.3140229393496,502.2991203094359,8335200
2024-09-05,513.008544921875,517.7430201150185,507.3411021116263,507.9068619620302,8640900
2024-09-06,496.5422668457031,520.6711506746612,494.53732962004705,517.9912573945675,14744500
2024-09-09,501.02862548828125,507.51987164271463,498.33879692389087,502.38841224885664,11047800
2024-09-10,501.02862548828125,510.3486412627666,496.3040843725479,504.3735094853591,9899000
2024-09-11,508.0161437988281,509.29653999219613,491.9070991785975,503.2320824996693,10782500
2024-09-12,521.68359375,522.7853688929822,511.3809329776675,513.1973141351996,11970500
2024-09-13,520.7108764648438,523.6488423260053,513.256826288116,516.4627996748932,10321400
2024-09-16,529.8113403320312,530.6259533280987,514.0346260182868,521.1281382181504,9527600
2024-09-17,532.8316040039062,538.573977433808,527.1190039122033,534.1032469272578,11690800
2024-09-18,534.4508666992188,540.6602129973364,530.427222425668,533.5765858893919,10323500
2024-09-19,555.4633178710938,558.4140310808363,542.965187958843,546.4225329449033,15647000
2024-09-20,557.6986694335938,560.8282044844723,552.6815293333295,556.3574747764472,22066800
2024-09-23,560.7388305664062,570.2465908308058,558.7518393463811,565.7957499021605,12830700
2024-09-24,559.6658325195312,564.0570656157435,550.5852691689676,562.9940181626635,12993000
2024-09-25,564.6134033203125,573.1276667022589,560.0532324710734,560.3811029520627,16543400
2024-09-26,564.146484375,573.6442984744751,558.692143405245,571.985117409489,14400800
2024-09-27,563.6696166992188,567.1270224226568,560.8381786570521,566.3917847848174,9398400
2024-09-30,568.7164916992188,570.9419116246277,561.1261725236562,564.0073333502471,12792300
2024-10-01,572.7202758789062,579.2475480673664,566.3917149021512,574.2204636657805,15259300
2024-10-02,569.0841674804688,572.2534206208919,565.6367671257508,571.120821172756,6524700
2024-10-03,578.9793701171875,579.5654984827303,565.0306550145035,566.4414622307997,11581000
2024-10-04,592.063720703125,592.9677749426188,577.6480910523544,579.9331186133475,14169500
2024-10-07,580.9762573242188,599.0280513970777,580.241019807101,594.3287770165352,12014200
2024-10-08,589.0335083007812,589.6991332469273,582.1584764027994,585.8543108605434,7857400
2024-10-09,586.6690063476562,590.5237735346293,577.8268726105156,590.1263511004084,9529700
2024-10-10,580.0324096679688,586.3907435524742,578.7309331793878,583.7480725908729,7740400
2024-10-11,586.1127319335938,587.3645460715928,578.9198336072303,581.026039394348,8587100
2024-10-14,586.5795288085938,596.1965568682529,586.1225597394588,590.3547991476689,8252000
2024-10-15,582.45654296875,586.7682788653303,576.366411572846,586.3211938265786,9564200
2024-10-16,573.0382690429688,578.2938992429113,570.2962722964854,577.6183295542279,11268400
2024-10-17,573.1773681640625,581.165050386019,571.458640303418,579.535763803756,8701200
2024-10-18,572.7202758789062,580.1714915317401,571.5082405723564,577.3201645263075,7694300
2024-10-21,571.4187622070312,573.4852495259415,565.4081274315874,572.2831589537394,8171900
2024-10-22,578.2243041992188,579.7344367073867,568.3986195156929,570.5544876920058,8544500
2024-10-23,560.0234375,581.1948225417647,558.8411755209275,576.1975114570174,14248400
2024-10-24,564.0868530273438,565.1796737231452,557.8675620582958,563.441056755549,7184700
2024-10-25,569.521240234375,577.5089214512785,568.0011631602342,570.1968098323885,11337900
2024-10-28,574.3994140625,579.9530813855961,570.3857134960107,578.2144640109926,10925100
2024-10-29,589.4210205078125,589.808437655434,571.6573166845064,576.3764201586791,13019100
2024-10-30,587.9506225585938,597.2895044786918,585.5463804363292,597.0709039376753,26864900
2024-10-31,563.8882446289062,586.0630735009485,559.347962500568,581.1949208488315,26838400
2024-11-01,563.4708251953125,569.9384899607375,558.9007706039847,563.9179102535862,15303200
2024-11-04,557.0330200195312,564.990928253136,554.2611895517762,560.4307574700293,12064600
2024-11-05,568.7066040039062,569.7497621186542,562.9840604007563,563.6099673972353,9775400
2024-11-06,568.3290405273438,569.2728733000607,551.5588330562133,559.089545287276,18305400
2024-11-07,587.851318359375,590.931130253037,571.4685867402673,573.1376519572991,14653700
2024-11-08,585.5066528320312,589.2421449005798,580.7179973421144,587.6922943773905,9415700
2024-11-11,579.3767700195312,583.1818748700241,572.7601164845879,582.5460231790189,10209100
2024-11-12,581.0160522460938,595.759491677715,576.6049297500081,584.7118264421407,16287700
2024-11-13,576.2274169921875,581.8307464278207,571.4288165237241,578.8204258154949,10757600
2024-11-14,573.4058837890625,576.9825042694199,569.2829135040491,573.2469511766315,11053700
2024-11-15,550.4759521484375,568.8456725237393,547.9127170194206,567.5044173412566,17712900
2024-11-18,550.7938232421875,556.2580474384864,546.5118608884317,553.4166047714235,14327300
2024-11-19,557.4404296875,557.7781842079576,547.0186107150561,548.2704247761557,9522400
2024-11-20,561.841552734375,562.6661102785154,550.595177235104,559.2683729001642,9797300
2024-11-21,559.4273681640625,566.2923949021789,545.47865352332,565.8155365001531,11154700
2024-11-22,555.5031127929688,560.1626093179061,550.9827201972906,559.8844014593876,9164000
2024-11-25,561.4342651367188,568.8656532094762,552.771012901533,558.443833778889,13599800
2024-11-26,569.8093872070312,573.7436512165369,561.5236686948803,562.3184529672033,10356600
2024-11-27,565.4976806640625,571.2400534262138,560.43081696294,571.1506727838479,7200200
2024-11-29,570.5843505859375,574.6974365649559,563.2126308545018,565.2989471775757,7130500
2024-12-02,588.9739379882812,590.6330584488074,571.8261964294463,573.7436354149476,12522400
2024-12-03,609.6585083007812,610.2049186716846,587.4041859234326,591.1297938679786,14907200
2024-12-04,609.78759765625,613.7615790081998,601.1640047609528,608.9729242025231,14697000
2024-12-05,604.9691772460938,615.8678538672092,603.1014009485657,613.0661894209172,8081200
2024-12-06,619.7127075195312,625.6935091963624,604.5718457996734,606.1315803733008,16935500
2024-12-09,609.5791015625,622.325667068147,602.2272098793702,619.8617567502653,11426000
2024-12-10,615.2916870117188,621.5209236734686,608.754469147132,613.5431250969708,10938900
2024-12-11,628.5646362304688,634.247461213749,617.4871993644721,619.3151968670165,10837200
2024-12-12,626.6870727539062,632.5188871219374,623.1304021366656,627.3924764653387,7474700
2024-12-13,616.31494140625,626.9751899127812,612.877485604871,623.1402509971973,8453300
2024-12-16,620.6798706054688,627.5504959861296,615.0521770037514,626.3871249494445,10885600
2024-12-17,615.9072265625,628.7634772034443,613.0237415005263,622.5988247624721,12897800
2024-12-18,593.7841796875,623.7821007515766,592.9191462226406,617.4583869094773,17075500
2024-12-19,592.1734008789062,608.0324482730709,591.6066443741169,606.9088879422355,14958100
2024-12-20,581.9122314453125,599.6703586208927,576.6921729829667,587.2118506480338,48989400
2024-12-23,596.428955078125,597.6619341779531,582.9065418782488,586.2374121284414,10205800
2024-12-24,604.2838745117188,604.5224960315429,595.8622098247831,599.2825325250086,4726100
2024-12-26,599.9089965820312,602.8421845071757,595.5241740559009,602.0268537854263,6081400
2024-12-27,596.3892211914062,598.4175650201639,586.4362995119768,595.9914781565597,8084200
2024-12-30,587.8679809570312,593.5354843785261,582.2402882439121,585.3921918428604,7025900
2024-12-31,582.1708374023438,590.582551055791,580.5202704224693,588.8922947309337,6019500
2025-01-02,595.8223876953125,601.4600333978291,584.4675355561759,586.3566630099542,12682300
2025-01-03,601.1817016601562,606.0239224033938,593.0085500993464,601.310965103985,11436800
2025-01-06,626.6058349609375,627.3913075598525,602.1660034255553,608.3406081985297,14560800
2025-01-07,614.3660888671875,628.4950081200654,604.7611474106166,628.0973257964102,12071500
2025-01-08,607.2369384765625,612.9243479725116,599.3521717985726,609.9017074188795,10085800
2025-01-10,612.3475952148438,626.3174527189176,593.9332602713454,606.5508887308883,19256600
2025-01-13,604.860595703125,605.4968995396566,595.0369383607565,603.6375693590503,10785000
2025-01-14,590.86083984375,602.0367255311179,585.1933362682075,601.6191378912105,13598000
2025-01-15,613.6005249023438,618.910097282811,603.0410962176045,606.7299597252418,15524300
2025-01-16,607.8136596679688,612.7354412728062,606.2327616419763,608.0125311778029,8355300
2025-01-17,609.2752685546875,621.4056409451063,600.2271312773192,620.4909048829862,17280600
2025-01-21,612.9442138671875,617.9554477830425,605.5366907306064,614.3063955986471,11674000
2025-01-22,619.9441528320312,630.0859939331771,615.8973569336624,619.7452813031715,12274000
2025-01-23,632.8202514648438,632.9693595822604,617.6075215774163,623.7820662654243,9910200
2025-01-24,643.79736328125,648.281652520117,630.5831778249272,632.7706433910909,19065300
2025-01-27,656.1166381835938,660.0838730741682,621.5349631376207,623.0363611550106,28399200
2025-01-28,670.4842529296875,678.6872024447362,655.7089547113195,662.2017426693867,20950100
2025-01-29,672.6318969726562,677.1658883876141,661.8735972833647,671.1504043086316,21377800
2025-01-30,683.0819702148438,706.7362716155509,672.2441097313682,692.8459730540745,29322900
2025-01-31,685.2495727539062,701.2776349208885,681.670127966761,687.0592005065746,19303900
2025-02-03,693.4822998046875,699.9849793278047,671.3989450157673,672.0551542315792,21415700
2025-02-04,700.1738891601562,703.6738334316884,687.6656180103822,698.493525085138,13826300
2025-02-05,700.8501586914062,714.0445000007826,695.0235925274017,699.537679299375,17778200
2025-02-06,707.9293823242188,714.8000073270438,699.487812042337,701.8542433261019,13080700
2025-02-07,710.4449462890625,720.8751096783577,707.6907248210767,712.7119113634633,16427100
2025-02-10,713.3085327148438,717.0868483333172,707.273143990759,714.4618902748606,12904300
2025-02-11,715.69482421875,719.5327953003334,705.990477744669,709.2518003771646,12998000
2025-02-12,721.2431030273438,722.9532645960217,708.5359592891488,711.2205731043938,12016500
2025-02-13,724.4049682617188,724.84246133802,713.9449451473768,717.4051397279665,12569100
2025-02-14,732.4686279296875,736.6844367741571,721.4816601081104,721.9987138789817,16901200
2025-02-18,712.2844848632812,732.7968353258062,702.4111236589109,731.8025383986342,21938700
2025-02-19,699.75634765625,702.9679072184475,691.4241347921043,700.0844219380573,17535500
2025-02-20,690.8772583007812,701.6056995945174,689.6840899289574,693.3033450715664,12587400
2025-02-21,679.651611328125,699.8557309488359,678.4683956288643,692.6073286354539,15660400
2025-02-24,664.319580078125,683.3504369488164,658.6719810754673,682.3660927463782,15677000
2025-02-25,653.750244140625,664.1903621078898,638.1994252892501,662.1719101710918,20579700
2025-02-26,669.8577880859375,679.1146891675552,654.2473156807622,655.8879297289508,14488700
2025-02-27,654.4859619140625,684.7225637116007,653.8198000036269,678.5579109809865,12500000
2025-02-28,664.38916015625,665.8109973539985,638.9351246579868,654.2870702842284,17534200
2025-03-03,651.3140869140625,677.3646744199937,647.1281363529607,669.8378405902301,10843800
2025-03-04,636.3500366210938,646.0444317102432,620.0933060541167,641.8286224275595,21495200
2025-03-05,652.7260131835938,655.7387617190071,634.0232921722067,637.3442702985346,13770000
2025-03-06,624.348876953125,646.8498218018017,620.550655319109,644.3044240355638,13446500
2025-03-07,622.0917358398438,631.1696708677619,597.1846120700849,621.8034116028319,21375700
2025-03-10,594.57958984375,606.6304633422532,583.5230132390974,604.6021195261419,21999900
2025-03-11,602.255615234375,611.4230037979147,589.9462143877115,591.6563759772822,17401500
2025-03-12,616.0265502929688,629.7180372558605,605.8747576675322,626.3076063631013,15747000
2025-03-13,587.271484375,616.9611726553743,583.165033681088,616.7125984520483,16480300
2025-03-14,604.6722412109375,605.926179590697,591.914068126194,599.8953822688998,12364500
2025-03-17,601.9852294921875,610.1456680585562,595.1184538057017,604.532891346396,15473900
2025-03-18,579.5538330078125,597.3576430615008,571.8909239806788,597.1585946307207,20297700
2025-03-19,581.2457275390625,589.4659367740201,572.0005129037568,581.4646990631072,20537500
2025-03-20,583.17626953125,607.2596702846753,576.7175523056919,579.9518916844916,24336500
2025-03-21,593.3770141601562,594.6607765252672,578.1507482091648,580.6088175439797,25015900
2025-03-24,615.8680419921875,619.5402641270977,609.2501215154047,612.0067329441661,15741300
2025-03-25,623.2921142578125,630.8256453980655,618.1868283737851,623.7399580748611,15312500
2025-03-26,608.0359497070312,623.729980786782,603.6870115810134,621.8789578468637,12609800
2025-03-27,599.6764526367188,611.2902031020785,597.2083613471389,599.099230390641,10436500
2025-03-28,573.9609375,598.8504351853067,571.1545185330965,597.4173714732933,17602800
2025-03-31,573.5828247070312,575.9115762646734,550.6339405485874,560.7848045267424,21124700
2025-04-01,583.17626953125,587.0674018732212,567.2533679740828,568.0893470318956,12836600
2025-04-02,581.1163330078125,589.8042481703526,570.5972571371435,572.1397763325173,13470800
2025-04-03,529.058349609375,549.8974512876792,527.7447028262635,543.5879742637874,34777500
2025-04-04,502.2979736328125,515.5040213149615,491.8187135649183,504.17885089088094,38589800
2025-04-07,513.7623901367188,536.7709789044776,479.5779034791825,482.7624960602015,36606100
2025-04-08,507.9903869628906,544.7921778120626,500.4369329768723,540.6323266100003,28034200
2025-04-09,582.9474487304688,585.0572285137947,499.6905358471851,506.8160385676343,39216600
2025-04-10,543.65771484375,578.4990311252001,532.7206791716873,572.717028666801,28173500
2025-04-11,540.9508056640625,544.7623677490587,526.0430064952079,532.929645345754,17642300
2025-04-14,528.9190673828125,555.0824290396921,525.7345350359763,553.490102125213,14130900
2025-04-15,519.007080078125,535.3479434505276,515.0064309742874,529.5460182448087,15558700
2025-04-16,499.88958740234375,510.89629171463736,493.24178266268706,506.05972448726374,18735100
2025-04-17,499.0636291503906,504.8555623941114,495.61034813335806,502.8154524689705,14593500
2025-04-21,482.3246765136719,491.1220774583302,477.48807856000866,488.96252020860095,16166000
2025-04-22,497.869384765625,504.43758854395816,484.0164453354945,489.4999049556232,17399400
2025-04-23,517.7631225585938,532.7605157510718,514.0311917597672,525.9833318500454,18173900
2025-04-24,530.5809936523438,531.3273797107081,515.0063802713869,516.2304339699675,13910000
2025-04-25,544.6329956054688,547.2104816596852,533.6660761055184,544.1652287179842,17098900
2025-04-28,547.0910034179688,555.7988405135861,537.9851302140396,552.9625978702912,15179000
2025-04-29,551.7684326171875,553.8881740688888,541.4981522607771,543.3690983377817,11835000
2025-04-30,546.3546752929688,546.454169152335,526.9486349137103,535.8057750755402,29244000
2025-05-01,569.452880859375,590.0929373673761,567.7510984695718,589.2271342412649,31159000
2025-05-02,594.1432495117188,601.4279850243998,575.5433057566704,580.6485914612911,24739300
2025-05-05,596.3823852539062,600.3034024537155,585.216418206306,588.3711262803923,13887700
2025-05-06,584.4801025390625,593.1581176685871,583.7536394088585,589.6749820717295,10600700
2025-05-07,593.9342651367188,600.1740725426264,583.8431102074584,587.5153323507782,13139100
2025-05-08,595.1284790039062,608.3544188381045,593.745162186447,603.3685499681508,14622800
2025-05-09,589.6350708007812,604.0452793268493,588.8588608245773,600.8109394870412,10427300
2025-05-12,636.348876953125,637.304273026421,618.0375744395401,627.8798729663799,21965100
2025-05-13,652.868896484375,657.735287467703,639.7324895847986,642.4293923602365,18570800
2025-05-14,656.182861328125,659.4769096738539,651.1572068855135,658.0239835535567,12348200
2025-05-15,640.7775268554688,654.1428083166323,635.5030765781057,651.1274396850997,14341800
2025-05-16,637.2545776367188,637.3540714948545,623.1329490749869,634.8860406989016,18519000
2025-05-19,637.3440551757812,639.9016788170561,624.7749084759689,625.222752281206,9592400
2025-05-20,634.0300903320312,636.2692486398543,629.2134460315281,632.9453765445664,6743500
2025-05-21,632.437744140625,643.4941942951137,627.1334105693713,628.7455994874404,11464600
2025-05-22,633.5026245117188,640.150428905794,627.6708761460998,630.9947479726117,8228400
2025-05-23,624.0384521484375,629.4024945229537,619.6497288590488,620.993199465317,8454100
2025-05-27,639.2249145507812,639.981262122007,629.7010214066802,632.3481771649191,9508400
2025-05-28,640.4788818359375,647.7436941279635,639.4538158071571,639.5035627304547,9042900
2025-05-29,641.9418334960938,650.1720041827151,636.4185881552338,648.5100680358424,8858800
2025-05-30,644.3699951171875,646.280726398137,629.7309155940587,639.4040496486017,16241000
2025-06-02,667.6672973632812,670.0159111420195,641.1556474381308,641.2850258933295,15766300
2025-06-03,663.6367797851562,672.3247558564644,661.825602850503,668.2146512733183,11585000
2025-06-04,684.6351318359375,685.6800602730475,665.3485093161423,666.0948954485151,14031900
2025-06-05,681.3211059570312,691.0340864353897,678.9625308264896,688.3271613596083,13083100
2025-06-06,694.3480834960938,699.4234846834818,688.5361970003321,692.8154651620004,11728000
2025-06-09,690.7156982421875,701.7920736580201,690.5962813164961,695.0945213210746,12773200
2025-06-10,699.0154418945312,699.8413987256182,688.2276487579279,697.9704528283436,10850100
2025-06-11,690.7952880859375,705.454291870014,688.6556236044764,700.3191821519877,9582500
2025-06-12,690.01904296875,692.0293290729078,683.6897030900501,689.9593345072929,7322700
2025-06-13,679.57958984375,691.2232256070356,677.728566821259,684.6351288995007,9274400
2025-06-16,699.2744750976562,704.2841189203066,690.6993839035827,696.4958041665155,13720300
2025-06-17,694.4042358398438,703.108804504359,693.238994654824,699.1549233609281,10066100
2025-06-18,692.9502563476562,698.7466767941418,692.0837870797185,695.3504625385165,10068300
2025-06-20,679.5845336914062,698.9756568880543,675.9194553649784,697.9099861113372,22538600
2025-06-23,695.6990356445312,696.2168868594199,675.9991705997772,680.9191522618789,11080100
2025-06-24,709.3135986328125,710.2995766217482,699.2644647708578,702.0332271284436,13823200
2025-06-25,705.807861328125,713.6758686004573,702.5212476934295,710.429070970547,9320400
2025-06-26,723.1473388671875,725.2686505067919,708.1682538746452,711.4648367192274,13964800
2025-06-27,730.65673828125,732.4494310569042,722.9182092007885,723.5755683841301,18775700
2025-06-30,735.0987548828125,744.8689952713034,731.2742905797277,741.532535409531,15402100
2025-07-01,716.30517578125,734.7601081154477,712.4708030563903,733.8936388421646,13431200
2025-07-02,710.677978515625,717.3806830378006,709.9110797975324,712.4308551353872,9336700
2025-07-03,716.0960083007812,726.0754187289656,711.524583891452,723.6651827300041,8601700
2025-07-07,715.4386596679688,724.053627417977,710.6183091744663,714.691699254539,9457100
2025-07-08,717.7492065429688,719.9801184048647,711.9129709064391,718.6455832818111,7770700
2025-07-09,729.8102416992188,734.540991050286,719.7909541909909,719.7909541909909,11418000
2025-07-10,724.2926025390625,732.8179077927571,716.6835516515143,728.5851323649385,9913600
2025-07-11,714.6021728515625,722.2211333934328,706.8238266969778,719.5719402631102,10873900
2025-07-14,717.9982299804688,725.0495530943306,713.6459456305495,714.6916780207232,8939400
2025-07-15,707.5109252929688,721.5338176914017,706.9432281110463,720.9661812972705,11529500
2025-07-16,700.0612182617188,711.0763918410653,696.4360166593995,710.4788478373293,13067600
2025-07-17,698.5672607421875,703.0391144882735,694.2847001730921,701.5352245721698,11803300
2025-07-18,701.4257202148438,701.8539702144897,688.8469022692487,699.3441638290562,12779800
2025-07-21,710.0803833007812,714.0940793404843,702.8996435270784,703.9354066400078,9404400
2025-07-22,701.9534912109375,713.6956859389659,698.567246668549,713.2873743640687,8921100
2025-07-23,710.6879272460938,711.7336595120587,702.072960775299,703.5071269876405,8771600
2025-07-24,711.903076171875,720.687338137739,711.1063305361163,714.1439574655813,10920800
2025-07-25,709.7916259765625,717.7293565775856,709.0148187890661,714.0144322760385,8271700
2025-07-28,714.7216186523438,721.8027888995285,709.7916676847334,712.3014741673994,8715700
2025-07-29,697.1630249023438,721.5338231804328,697.0733629096566,717.0819684709821,13267000
2025-07-30,692.3923950195312,705.6285098988869,688.3986374816371,705.2201983405607,27077300
2025-07-31,770.3053588867188,781.5695186158251,762.4075053559926,772.0582355802883,38831100
2025-08-01,746.9703369140625,762.8955222277307,742.2893731188148,757.6468612584836,19028700
2025-08-04,773.2235107421875,773.7015459386386,755.336277425542,756.9198601954741,15801700
2025-08-05,760.3658447265625,779.9561084480251,759.9076871469059,773.3031886781546,11640300
2025-08-06,768.861328125,770.5046654460572,757.3780876386139,766.8794027711585,9733900
2025-08-07,758.7424926757812,771.8591006297718,756.4717038209484,770.3552105915298,9019700
2025-08-08,766.1822509765625,766.7798558333322,755.5057250256307,759.6588082744727,7320800
2025-08-11,762.7660522460938,770.3253179934114,761.5709034876361,766.9590117045211,7612000
2025-08-12,786.7982788085938,790.4533879693125,769.2994794144802,769.8671766063835,14563100
2025-08-13,776.9185791015625,792.2362532867143,775.0760401421516,787.943722897786,8811800
2025-08-14,778.960205078125,784.617178000717,769.3791976719999,774.7274293874929,8116200
2025-08-15,782.0476684570312,793.0230270081914,777.6555676694633,780.9720891546463,13375400
2025-08-18,764.2599487304688,772.6657449880734,753.4937626240577,771.9486922284411,16513700
2025-08-19,748.4343872070312,764.0608013068265,746.3229839925046,764.0110161040656,12286700
2025-08-20,744.6896362304688,747.1596267051697,728.0374276650272,744.5402806181255,11898200
2025-08-21,736.1045532226562,742.4786396352457,730.1388392043501,741.6918632286945,8876300
2025-08-22,751.73095703125,753.8324517991243,731.4136708448241,736.2340211992512,10612700
2025-08-25,750.2470092773438,755.8044116418879,747.0898736921264,751.7608684647103,6861200
2025-08-26,751.0437622070312,751.8106610061906,744.9087541771366,747.7571485914523,7601800
2025-08-27,744.3510131835938,751.0935950889643,739.8294348400382,749.2510563210803,8315400
2025-08-28,748.06591796875,749.9980580487584,737.7977043404688,740.9847476708056,7468000
2025-08-29,735.7061767578125,744.1119731912547,732.3697173104384,742.2595260689985,9070500
2025-09-02,732.1307373046875,733.0171449086611,718.8049588018843,723.0974888358023,9350900
2025-09-03,734.0628662109375,737.2499093850881,731.015270232833,733.0171338161767,7699300
2025-09-04,745.6159057617188,758.0751543418567,742.7973581267053,745.53621296405,11439100
2025-09-05,749.4004516601562,754.8781610325589,742.0105407637873,749.5697456565401,9663400
2025-09-08,749.2510375976562,763.4034686491748,748.9722040020283,752.9360542535453,13087800
2025-09-09,762.5968017578125,763.1943457772385,750.3765098642984,754.4200531631994,10999000
2025-09-10,748.932373046875,762.5968005514799,747.9563642207584,762.0291033400259,12478300
2025-09-11,747.8568115234375,754.0316358199442,745.3370358122858,751.5916136968709,7923300
2025-09-12,752.5277099609375,754.4996658033361,740.7456385293333,745.6954665297907,8248600
2025-09-15,761.600830078125,770.9328504065699,748.942319380906,754.4000905423925,10533800
2025-09-16,775.8428344726562,778.1932551715911,761.9991446900564,763.8914686014472,11782500
2025-09-17,772.576171875,780.1154998547986,763.2043349956956,776.8288860861533,9400900
2025-09-18,777.0877685546875,785.5832269744436,770.2256780600211,777.5857421327424,10955000
2025-09-19,775.2252807617188,787.5949262795673,766.0725248094219,783.2326732749732,23696800
2025-09-22,762.5732421875,783.0737097074955,761.8855723964391,779.2068217271558,11706900
2025-09-23,752.8463134765625,767.994879580523,748.5309344746781,766.6494677320859,10872600
2025-09-24,758.0884399414062,758.5369308098985,749.9859806746165,754.9391495935897,8828200
2025-09-25,746.378173828125,754.2116481824468,742.0329280425029,750.9028646268723,10591100
2025-09-26,741.2357177734375,749.3880575951708,734.8573289461095,747.4645893513656,9696300
2025-09-29,740.8868408203125,748.2418964072087,736.6512086302703,746.1888021735474,9246800
2025-09-30,731.8973999023438,740.4583269528289,723.8446976774693,739.740790143385,16226800
2025-10-01,714.9149780273438,719.4096803677126,707.7991010033351,719.050911987213,20419600
2025-10-02,724.5921020507812,725.309699629413,715.7122502133443,720.1372426569798,11415300
2025-10-03,708.1578979492188,728.528801479838,707.7791777004747,727.1634377305112,16154300
2025-10-06,713.2406005859375,714.4565078636942,688.1756596108709,702.8060248479621,21654700
2025-10-07,710.66943359375,716.0710941262779,703.3641957962709,715.2937017364883,12062900
2025-10-08,715.4132690429688,717.2171476536749,705.4171476518181,711.0380954481734,10790600
2025-10-09,731.0302734375,731.0302734375,710.0314963104157,715.8517801132227,12717200
2025-10-10,702.9156494140625,732.784364410351,702.1283419878271,728.4490335307075,16980100
2025-10-13,713.280517578125,717.5061741064447,705.2477676379041,710.5996089558437,9251800
2025-10-14,706.25439453125,713.1310322093289,696.9658939978091,705.3873404797914,8829800
2025-10-15,715.124267578125,721.45283752448,707.1114691724935,714.6359337847463,10246800
2025-10-16,709.662841796875,723.0374582122953,701.5005258067208,715.1242970926235,9017000
2025-10-17,714.496337890625,716.1108563950927,703.7328609179003,704.6896374063629,12232400
2025-10-20,729.69482421875,731.2894517891565,717.7453670972193,718.7519624447335,8900200
2025-10-21,730.7911376953125,736.0034377690635,726.2863984755653,733.5318410857864,7647300
2025-10-22,730.9306030273438,738.0962989037338,721.5823690736463,731.3492269695964,8734500
2025-10-23,731.5186767578125,739.9002195728755,730.6216949207216,732.2163225390138,9856000
2025-10-24,735.8638916015625,738.7042934120783,728.6783045992579,734.2991918313108,9151300
2025-10-27,748.28173828125,753.1950643156673,745.4812403760276,747.1953964386955,11321100
2025-10-28,748.899658203125,755.8361508831443,742.9996885933356,750.0856376808406,12193800
2025-10-29,749.12890625,756.5935760115584,739.9998990805568,752.1985111114485,26818600
2025-10-30,664.2169189453125,678.6579855089774,647.9720344844721,666.887912533529,88440100
2025-10-31,646.158203125,672.6085225469975,643.3876326547638,672.22980228556,56953200
2025-11-03,635.55419921875,657.1011064498967,634.0293422915395,653.7823467127146,33003600
2025-11-04,625.1992797851562,639.5705142822006,623.8937108241939,625.9168165443936,27356600
2025-11-05,633.8001098632812,640.0588479681868,624.4218873891514,630.1724007040705,20219900
2025-11-06,616.8475952148438,633.8499192315176,615.9107705740217,633.7004019945108,23628800
2025-11-07,619.6082153320312,620.0267784116583,599.1675434782962,614.4058308842617,29946800
2025-11-10,629.624267578125,632.8533046281837,616.0203887455347,628.9565496273584,19245000
2025-11-11,624.9601440429688,627.4317408228605,617.2961380110504,625.8770169082796,13302200
2025-11-12,606.951171875,626.8636074098682,605.7153735895874,626.0065293511232,24493300
2025-11-13,607.8282470703125,615.5620236854409,600.9615245048305,610.9974896015757,20973800
2025-11-14,607.3997192382812,611.6054241702889,593.1879159768617,599.7556041676178,20724100
2025-11-17,599.9747924804688,609.6220599721263,593.3871535288397,606.980994504603,16501300
2025-11-18,595.66943359375,601.619222033871,581.8064849239344,589.5999948667346,25500600
2025-11-19,588.3243408203125,593.3174134864839,579.2849960343485,591.7128101062766,24744700
2025-11-20,587.1583251953125,604.6688739678727,581.3778841958236,601.4597887996167,20603000
2025-11-21,592.2411499023438,596.0980625793645,579.8930194476571,586.5105876609664,21052600
2025-11-24,610.9774780273438,614.6151629725317,595.609624740878,596.6959057641074,23554900
2025-11-25,634.0691528320312,634.8963639496133,616.209750572071,621.8904932046078,25213000
2025-11-26,631.4679565429688,636.2018983414315,629.4946697427255,635.5341804250853,15209500
2025-11-28,645.759521484375,645.8591590880771,633.3515983825566,633.9296546389559,11033200
2025-12-01,638.7034301757812,643.1383983949365,635.6039586340122,637.3878853503733,13029900
2025-12-02,644.912353515625,645.6797698761368,635.9129124654792,640.1684965318557,11640900
2025-12-03,637.437744140625,646.6564735939825,635.3946865356451,642.2314810232181,11134300
2025-12-04,659.293701171875,673.8143931879296,657.8186630061315,673.7147555733686,29874600
2025-12-05,671.1434936523438,672.4092198957593,660.1508120837719,661.7553548965755,21207900
2025-12-08,664.5457763671875,674.4223082782987,662.8216443414645,667.0772284693074,13161000
2025-12-09,654.7391357421875,662.2336726422647,651.1313781996487,661.5261117632423,12997100
2025-12-10,647.9321899414062,652.297387877758,641.2249606939789,647.7528057448357,16910900
2025-12-11,650.5034790039062,653.0647981949571,638.6337077300913,641.1152803360264,13056700
2025-12-12,642.0520629882812,708.5963563082138,636.4510671197735,647.603240055161,14016900
2025-12-15,645.8473510742188,651.3232442601446,637.0599755890928,644.0420011784053,15549100
2025-12-16,655.462646484375,660.8387602004772,641.5484540168895,641.8476715248971,14309100
2025-12-17,647.832275390625,659.5321367260491,647.5330578779101,653.9265721002572,15598500
2025-12-18,662.7438354492188,668.838131561853,654.7743619360156,655.3429055936973,20260300
2025-12-19,657.0784301757812,669.2770065062657,656.4899183910027,664.7087499822148,49977100
2025-12-22,659.8013916015625,671.850389464676,654.9638698467097,659.9510307809619,15659400
2025-12-23,663.2326049804688,664.2898807338869,656.559780770392,658.3551466507428,8486800
2025-12-24,665.8358154296875,666.4642025505667,660.4995778116346,660.8287474650539,5627500
2025-12-26,661.5867919921875,667.2322924211887,659.6218797502219,666.3445631389869,7133800
2025-12-29,656.9986572265625,658.5546491157273,652.7097106878265,656.3204105957403,8506500
2025-12-30,664.2400512695312,670.4939103829213,656.1508899406441,656.9986830428769,9187500
2025-12-31,658.3950805664062,663.2924461264837,657.7467252526537,663.0430880640301,7940400
2026-01-02,648.7398681640625,662.6840120988863,641.8476382600104,661.0282405096659,13726500
2026-01-05,657.0983276367188,662.8335627039321,646.0866982239037,649.338336889516,12213700
2026-01-06,658.9236450195312,663.8110870761799,650.2260655901538,657.8763534012292,11074400
2026-01-07,647.0242919921875,657.4574546517152,643.154250211399,653.956457912222,12846300
2026-01-08,644.4010620117188,645.438369611356,634.0875860000896,644.2215315163064,11921700
2026-01-09,651.3831176757812,653.2682792823022,641.1993122536916,643.7826886268982,11634900
2026-01-12,640.321533203125,652.2907198459545,639.5834431006995,650.8544758921091,14797200
2026-01-13,629.4695434570312,640.6208286715078,622.4974409136,640.6208286715078,18030400
2026-01-14,613.9395141601562,626.836305766559,613.2412994138377,624.8913007155408,15527900
2026-01-15,619.2058715820312,622.5672130846042,612.6527349978052,616.8918216697934,13076100
2026-01-16,618.6573486328125,627.4646923832119,618.4878021974878,622.5772500418334,17012500
2026-01-20,602.5687866210938,609.8301228712422,598.4593704807342,606.3191417499893,15169600
2026-01-21,611.3861083984375,616.6824713366042,598.5391758430108,605.1820479992876,14494700
2026-01-22,645.967041015625,658.8738165275513,624.9411525277235,627.7339506004921,21394700
2026-01-23,657.0684204101562,664.7785515369834,642.7951686151001,643.114354212172,22797700
2026-01-26,670.6334838867188,673.5460296758964,659.5919023824141,663.4220687284304,16327400
2026-01-27,671.2418823242188,675.082032614818,662.9532236229811,672.8577784094987,13297400
2026-01-28,667.0128173828125,675.9398477720257,664.3895658196245,672.768020673078,25709600
2026-01-29,736.4141845703125,742.0895763731422,710.7203206800697,735.536439340887,59852900
2026-01-30,714.6602172851562,730.2899638188994,711.7577161829028,725.6319721911391,23744600
2026-02-02,704.5960693359375,719.4478497361232,701.7135364812315,712.7650416713351,14365200
2026-02-03,689.9238891601562,715.1589125312489,684.6474336745422,705.5536352374374,13760700
2026-02-04,667.2721557617188,687.0612373376343,665.7461161570209,685.964025393825,16882800
2026-02-05,668.4890747070312,679.7500626324993,651.8219602792932,661.8760941724082,17131800
2026-02-06,659.7615966796875,670.2645272311354,644.8399874286738,663.781217226052,18159300
2026-02-09,675.4810180664062,681.5554070660584,657.0884263930592,661.4770916291903,14837500
2026-02-10,668.9976806640625,678.9022357565889,668.0700760446862,675.8600189134125,10455800
2026-02-11,666.9729614257812,677.5258114827353,655.4126950742984,672.2693241407737,14323800
2026-02-12,648.1414794921875,674.2642338266133,643.6231428364971,668.2496878446467,14960100
2026-02-13,638.127197265625,649.7572295518577,632.9405378190771,643.4434668857905,12336400
2026-02-17,637.6483764648438,640.9498744421038,627.1853229648948,637.8578591323172,12674700
2026-02-18,641.568359375,643.3438180480059,626.5371085480483,632.1725643806327,14649200
2026-02-19,643.1243286132812,645.5281132997313,635.0849670695593,636.9302530675583,10035700
2026-02-20,653.9763793945312,661.6466355641227,637.1397796110642,638.0474161403351,14183500
2026-02-23,635.6137084960938,656.0112104148094,634.3669181695027,650.8644258547187,8605900
2026-02-24,637.6583862304688,639.4637360573605,627.364878734925,631.4543872367445,10135600
2026-02-25,652.0114135742188,652.2009281146602,640.4910846116635,640.8800977544264,11330700
2026-02-26,655.3229370117188,659.3026817342861,645.837347084645,648.8795031075816,10637700
2026-02-27,646.5156860351562,647.7724605225501,636.4815191423199,641.7978505538991,15703000
2026-03-02,651.8817749023438,658.2453970983619,632.870719934867,635.5238627543893,9816100
2026-03-03,653.3978881835938,657.3476806461185,637.199599354082,646.6252847330551,12263800
2026-03-04,666.0154418945312,671.0425395860565,655.981275516767,656.2705698423595,10810100
2026-03-05,658.873779296875,668.9777721022258,648.6401154384699,660.2302724443645,13341400
2026-03-06,643.2041015625,647.8022493056128,634.4765699796501,646.2363343546218,13159400
2026-03-09,645.7277221679688,646.0867831911829,625.1706567300553,633.1501152642575,13489700
2026-03-10,652.3904418945312,658.6044245959081,647.333453679788,651.8817417666538,9859300
2026-03-11,653.178466796875,657.4275379105374,646.6951571900124,653.0787479235273,8977200
2026-03-12,636.5413208007812,651.8219905315074,635.2646391478804,647.0841872338415,11617500
2026-03-13,612.1341552734375,627.55441857404,607.9848031082139,622.2880080608647,18957600
2026-03-16,626.3746948242188,633.6621719731276,622.0321132511823,630.9168848948667,15134900
2026-03-17,621.5928344726562,635.4590438783874,620.6345187532272,626.9137167736849,10348800
2026-03-18,614.6248168945312,621.5829031274002,613.5566433895493,615.2837198825454,11726300
2026-03-19,605.6602172851562,611.9494078221777,601.2278243573462,611.1008889698486,13247700
2026-03-20,592.642578125,602.9249750667714,586.2435901825164,602.4957192983555,21214900
2026-03-23,603.0247802734375,607.5969482872343,597.9834469761715,604.7517959610541,13638000
2026-03-24,591.9038696289062,599.9700396349708,589.9871770786485,598.0732713770465,10739700
2026-03-25,593.8704833984375,602.6354044215132,592.3830467312241,597.7138608396341,12585000
2026-03-26,546.6016235351562,582.0008753864581,542.4188017705425,581.4917396573854,35780100
2026-03-27,524.8190307617188,542.6683942166816,519.3684267008094,539.1743922574078,30133000
2026-03-30,535.4607543945312,538.6253045735799,527.6341638126921,535.4607543945312,22795200
2026-03-31,571.1494750976562,572.7067990959439,545.8329522821889,549.0374119135495,32898300
2026-04-01,578.2372436523438,591.5344219412718,572.8365426099092,579.135725523027,23608100
2026-04-02,573.4755249023438,577.5085793033603,558.7408105198895,565.0699110449033,13518500
2026-04-06,572.0380249023438,581.7912404462878,571.0197533967594,576.7000047794845,9515700
2026-04-07,574.064453125,574.2441373249518,563.7921103124964,571.4988503418972,9580800
2026-04-08,611.3704223632812,628.8704088339113,590.8157434643455,604.9614419693103,32036600
2026-04-09,627.3130493164062,636.4074215325429,621.9322723369008,625.8954391113879,19012900
2026-04-10,628.780517578125,637.4856047359222,623.2600266965629,633.3826022362973,13294800
2026-04-13,633.4425659179688,633.911731180996,623.3299219303536,628.4211571313969,9538900
2026-04-14,661.3546142578125,665.1181727259973,638.2742422102883,642.117619704398,17818000
2026-04-15,670.4290771484375,677.3372007350248,663.081644256971,665.856909197143,14952600
2026-04-16,675.7099609375,676.4187660594131,666.605595861725,674.831464225754,9544800
2026-04-17,687.3699340820312,690.3348757077041,673.9729506648888,677.4369744478516,16283500
2026-04-20,669.7601928710938,682.2088539380842,666.8552067290691,680.192296240317,12534000
2026-04-21,667.6937866210938,675.0411586256739,666.1863646700106,669.8500580611455,8660100
2026-04-22,673.5636596679688,677.2174214115423,668.6022063234784,673.2042912464699,9215600
2026-04-23,658.0203857421875,668.412518474367,651.9308032468797,662.562575853328,11667000
2026-04-24,673.8731689453125,679.5034568571632,652.719481738207,659.1883568751083,13348300
2026-04-27,677.4569702148438,681.330325511242,669.6903353309991,669.8500343121515,12805200
2026-04-28,670.189453125,677.0176962940845,664.489217253305,673.0844464119266,10606800
2026-04-29,667.9732666015625,673.0944797535534,662.6723692427279,667.7636045616339,18947500
2026-04-30,610.8612670898438,619.7859479396749,598.9717055442339,618.2586017744245,52765000
2026-05-01,607.7067260742188,617.8193701850194,605.0712358749745,613.6365485572411,21404000
2026-05-04,609.3638916015625,612.9477660987843,601.7170456287333,606.8981537761392,16203900
2026-05-05,603.9232177734375,613.2970785161436,599.3310648754198,612.2588828439087,17171300
2026-05-06,611.8296508789062,618.8875416216711,597.0749516023062,600.0199080772063,19915500
2026-05-07,615.7529296875,623.9089111604618,612.4885142038465,613.6664846485507,12307400
2026-05-08,608.5852661132812,615.7130447332122,605.0213768033159,614.145727971313,13557000
2026-05-11,597.8336791992188,603.8732987260729,597.0550476209405,603.533915527778,15940600
2026-05-12,601.966552734375,602.7152673522038,591.5843523282613,593.8005792809215,11351600
2026-05-13,615.5732421875,618.837657653709,595.6374345129168,597.8037594995824,14634400
2026-05-14,617.3701171875,622.6610217742586,613.9460028895547,614.944289073115,10651200
2026-05-15,613.1773071289062,620.1353935587166,608.2657561335159,612.9377281921389,13272600
2026-05-18,610.1625366210938,614.5350350972873,602.6554048207697,608.0660990208263,13772400
2026-05-19,601.5772094726562,612.8778161384099,599.5207424161133,607.8763927177921,11749900
2026-05-20,604.0230712890625,606.9580352784536,596.7854960328639,599.7304526335664,11329700
2026-05-21,606.339111328125,608.5552775708169,593.7906457726523,598.9717538809448,13476100
2026-05-22,609.214111328125,613.7563010923075,605.9097866322771,606.8381854335279,11688600
2026-05-26,611.2906494140625,613.4169431409898,604.2626749853522,607.8465495511928,12234200
2026-05-27,634.1712646484375,637.4057020013258,607.9562607968793,608.3555996261091,23143600
2026-05-28,634.2012329101562,641.8980416273442,628.2315007921775,638.4040398455469,16772400
2026-05-29,631.426025390625,633.4126052152244,622.281689514161,632.4143189973911,19806500
2026-06-01,599.44091796875,634.6604862727559,598.5025873828931,629.3196791836195,29138800
2026-06-02,596.6058349609375,607.8365556216692,595.6574508079194,602.2062063737548,18252000
2026-06-03,621.9122924804688,623.0803311577063,599.2412527816401,601.9665545007575,23020100
2026-06-04,626.4945068359375,641.2991089275577,621.3633009071642,622.6011661035562,21469200
2026-06-05,591.9837036132812,628.0717733238163,581.9109692668093,622.3915225332053,30091600
2026-06-08,584.3867797851562,590.9854370177134,578.2273099921849,590.9854370177134,19512400
2026-06-09,583.588134765625,596.6057643945405,580.0142532419713,589.9871222602228,16977400
2026-06-10,570.00146484375,590.3066340250939,569.6221111934292,579.7347558037309,17064000
2026-06-11,567.455810546875,571.1893911411966,556.0553993401948,564.8602908302337,17628000
2026-06-12,566.00830078125,575.0827493186854,559.9387644415484,571.968101190783,14326400
2026-06-15,593.011962890625,600.795858737961,578.8431525395191,579.4427159724761,17653300
2026-06-16,599.7366943359375,605.3322537623429,591.5331468141493,593.1818700134238,11344400
2026-06-17,567.1324462890625,593.3417428489197,565.7435277503374,591.5331725816898,20478300
2026-06-18,576.7647705078125,579.7624046842873,562.6559105294999,572.3682769745303,28824600
2026-06-22,563.4053344726562,575.3559250048318,559.3685422933314,571.5689356803741,15405500
2026-06-23,561.7566528320312,571.7487666818112,560.5775907162,561.8066012038755,13103300
2026-06-24,557.230224609375,568.591253761232,555.1119012433646,561.4469285838474,13963600
2026-06-25,542.44189453125,555.9013039685537,539.7540133926082,555.1118879211193,16968600
2026-06-26,549.8161010742188,556.4108722579447,539.9738926737891,542.9115767800729,18867700
2026-06-29,562.1563110351562,570.4498144711828,557.5599629753306,559.5583857816937,15011400
2026-06-30,562.8457641601562,565.0939897966132,550.9951316644288,560.4976417791106,18111100
2026-07-01,612.4266357421875,627.784571153574,594.6306830487989,607.4305787144307,45536300
2026-07-02,582.4403686523438,609.5189740900589,579.9622828274885,607.4206544757068,21705900
2026-07-06,599.8165893554688,603.1040338931904,581.301233826573,594.3709360150443,17674100
2026-07-07,615.0946044921875,624.8768626804635,603.1839600389557,607.1109147253509,18560800
2026-07-08,602.6444091796875,615.5142576272189,597.5384532703483,613.9055418180343,13606500
2026-07-09,630.9819946289062,632.77062206454,576.6149292518581,583.529455055522,26579700
2026-07-10,668.6823120117188,677.3254544051542,657.491131647921,659.8193113874754,40608900
2026-07-13,656.2120971679688,676.0864269737083,653.6841239854351,660.858454671636,19840700
2026-07-14,660.5186767578125,665.9743929146624,648.5381419230179,651.4858277274717,16748200
2026-07-15,680.7727661132812,685.5390243545221,656.1421789132482,663.0767089741589,19003400
2026-07-16,664.0159301757812,681.3622866487058,659.6393793096187,676.7459348014426,15816000
2026-07-17,645.5006103515625,651.68573177941,625.5063791142821,647.1892801723585,22267900
2026-07-20,645.3406982421875,652.784835830389,635.5084916103011,646.1900645769782,10225200
2026-07-21,643.3023071289062,655.3627963853286,642.6928027946103,653.664124760039,9140500
2026-07-22,626.6754150390625,648.4882176170956,623.5079318845419,647.189254956408,11019600
2026-07-23,605.6220092773438,614.1653155952538,596.7490071058414,607.9301851876114,15494800
2026-07-24,594.7206420898438,609.4989569016461,593.9812354037057,604.8226548171024,11503500
2026-07-27,593.4016723632812,610.7779733376527,592.6622656813121,606.7411202287035,11195300
2026-07-28,592.9420166015625,600.5260580457825,586.5370982909723,596.3493616660036,12009300
2026-07-29,585.148193359375,599.4968549179539,581.7608519604674,592.7821833537371,22371100
2026-07-30,538.60498046875,539.4542858116451,524.0764068649972,525.58522592167,42271500
2026-07-31,556.27099609375,557.8897136701136,539.7939490076644,543.171288392182,24261500
2026-08-03,589.7745361328125,597.0488245114987,558.9188827428958,561.7966164985271,25938100
2026-08-04,587.4763793945312,592.32253050782,577.794018053301,581.0414552494501,17959200
2026-08-05,588.3057250976562,600.5260612032997,579.6625219517506,599.9865089938204,14897200
2026-08-06,589.4348754882812,594.8405827519979,585.5379263278069,586.487189429669,11811500
2026-08-07,591.633056640625,598.2678350979388,585.1581861630435,585.1781899072663,11250300
2026-08-10,594.4508666992188,607.7304260788247,591.5631919202813,598.657568915248,14967300
2026-08-11,598.6475219726562,611.9470231090784,592.9320621063698,597.5284100969216,13146900
2026-08-12,578.3934936523438,604.023290419805,577.7540447074138,600.5960026412422,16186900
2026-08-13,594.5007934570312,595.380104391766,578.9331233348041,580.2520897369063,11164200
2026-08-14,589.3848266601562,601.3853654698224,588.8252707092146,596.5092089028919,8758000
2026-08-17,568.5213012695312,589.774548021712,564.3046582848494,589.2849441761664,17225600
2026-08-18,543.2412719726562,560.2178647510921,542.7816737373303,557.0403796583744,27094900
2026-08-19,545.5994262695312,553.6330639150415,536.8463247077087,540.9131223962278,16971700
2026-08-20,545.3995971679688,549.5562899225255,538.8847190657524,546.5187091013889,13872200
2026-08-21,549.4663696289062,553.4332095869578,542.8015857242297,546.4587335768297,13848000
2026-08-24,558.5792236328125,560.9772946036173,545.8692218355393,549.7661710202622,12990600
2026-08-25,569.6004638671875,570.3498724402046,560.9573215839381,563.4353464162,9769100
2026-08-26,575.6856689453125,592.8721171723366,561.4369046651577,589.8444773654404,31416300
2026-08-27,570.6495971679688,587.926001033879,567.1723610665189,576.0253592943615,15221400
2026-08-28,577.564208984375,588.7253835559844,570.5497252457161,571.0992793335739,16042400
2026-08-31,571.888671875,578.2236379136884,568.6911832402849,577.1744781551006,13383800
2026-09-01,578.083740234375,584.4887194481862,555.6614340241316,557.9096596695957,15796900
2026-09-02,592.3824462890625,599.9065373056851,576.5449702025707,578.3335366296732,16552700
2026-09-03,610.1984252929688,618.9715308723809,603.8733999005765,604.0133041368691,19737100
2026-09-04,616.2836303710938,616.9730886717387,604.7926993516937,611.8670721034152,15966200
2026-09-08,612.9962158203125,624.3072966603136,609.2591747857786,615.7241045276966,18909700
2026-09-09,653.1744995117188,657.3411939542544,638.056426220049,648.1284941622514,35900700
2026-09-10,643.8718872070312,662.9768054946985,641.6336632885306,653.1945472302951,21531900
2026-09-11,647.51904296875,663.716221985592,645.6904688887529,652.9947023490145,16925000
2026-09-14,665.0751342773438,668.072768706455,648.708045415434,657.311302577125,19332300
2026-09-15,669.7114868164062,678.3346866933342,655.6825797136325,658.7801108800835,19502800
2026-09-16,672.779052734375,684.7695900234191,671.3801323225093,679.3738238485387,17217800
2026-09-17,681.77197265625,682.6612854975235,666.5239959332205,681.9018750257407,15928000
2026-09-18,665.2250366210938,689.6058209010791,660.278927643704,688.0769980771287,27596400
2026-09-21,741.25,753.0,679.5999755859375,680.2999877929688,48720500
2026-09-22,736.5999755859375,757.27001953125,730.0,731.4000244140625,28122100
2026-09-23,744.0999755859375,763.9000244140625,739.510009765625,747.5999755859375,30829200
2026-09-24,777.5900268554688,779.8200073242188,743.010009765625,744.3599853515625,34808500
2026-09-25,751.6599731445312,769.5700073242188,746.5399780273438,768.8499755859375,25826700
2026-09-28,715.6199951171875,750.5800170898438,713.1900024414062,750.0399780273438,27943100
2026-09-29,738.7899780273438,740.4500122070312,715.0999755859375,725.0,23591100
2026-09-30,725.1799926757812,738.25,721.2999877929688,730.27001953125,19293000
2026-10-01,725.9299926757812,735.8800048828125,721.510009765625,728.530029296875,12408400
2026-10-02,728.0800170898438,741.5800170898438,726.2000122070312,733.25,12964100
2026-10-05,741.9000244140625,746.7000122070312,727.1199951171875,727.7100219726562,15215300
2026-10-06,738.8800048828125,747.5999755859375,736.6900024414062,746.72998046875,12563100
2026-10-07,721.3099975585938,738.2899780273438,720.1500244140625,738.2899780273438,13188700
