Date,Close,High,Low,Open,Volume
2019-01-02,94.01614379882812,94.60188263151633,91.9892923687848,92.55643935793105,35329300
2019-01-03,90.55744934082031,93.1514469035573,90.37149549971635,93.06776590170709,42579100
2019-01-04,94.76925659179688,95.308512377006,91.9800113359921,92.71451343789747,44060600
2019-01-07,94.89009857177734,96.01509303722844,93.88597591153875,94.49960603205035,35656100
2019-01-08,95.578125,96.66592877355556,94.56469569705315,95.80126259865891,31514400
2019-01-09,96.9448471069336,97.51199410808007,95.98720754239925,96.5636540122215,32280800
2019-01-10,96.3219223022461,96.4613859656991,95.18762824317267,95.96862050245953,30067600
2019-01-11,95.578125,96.173163325368,94.49961360188529,95.94072625785186,28314200
2019-01-14,94.88080596923828,95.64319920405269,94.14630404527797,94.74134232155188,28437100
2019-01-15,97.63287353515625,97.6700643193437,94.72275673988557,95.30850272406684,31587600
2019-01-16,97.97686004638672,98.79504297949228,97.58636751563122,97.86529480526552,29853900
2019-01-17,98.66488647460938,99.13905297307626,97.40042829186534,97.62356588487422,28393000
2019-01-18,100.1431884765625,100.31984292334074,98.46964579370251,99.9107514017139,37427600
2019-01-22,98.25581359863281,99.57605465649982,97.4934201757248,99.25064412722521,32371300
2019-01-23,99.21343231201172,99.52025092890877,97.93967468918868,98.66488426369519,25874300
2019-01-24,98.7392807006836,99.48308228409998,97.93969648120714,99.35291807101476,23164800
2019-01-25,99.64114379882812,100.30126437437812,98.73928663013848,99.70622590927903,31225600
2019-01-28,97.6979751586914,98.99962449171441,97.30748248680997,98.79507868451417,29476700
2019-01-29,95.70829772949219,97.59568575117054,94.99238752535535,97.51200471082214,31490500
2019-01-30,98.90662384033203,98.90662384033203,97.0006440382168,97.27027190253312,49471900
2019-01-31,97.09361267089844,97.82811465957712,95.93142732680238,96.50787381110392,55636400
2019-02-01,95.5595474243164,96.7868151314167,95.15975529507976,96.48929590222323,35535700
2019-02-04,98.31158447265625,98.36737419487005,95.55023085253204,95.64321135841614,31315100
2019-02-05,99.68762969970703,99.7341128660425,98.51614466942026,98.60911809550892,27325400
2019-02-06,98.58120727539062,99.48306422621978,98.1163331434924,99.48306422621978,20609800
2019-02-07,97.87459564208984,98.1721147998296,96.96344632488143,97.80022117271709,29760700
2019-02-08,98.24651336669922,98.34878625988098,96.93557178937814,97.05643652976683,21461100
2019-02-11,97.85602569580078,99.09259285356941,97.59569726120061,98.73928389796818,18914100
2019-02-12,99.38079071044922,99.61322777490315,98.06984935550553,98.68347951708743,25056600
2019-02-13,99.30640411376953,100.20826101308414,99.21343071138385,99.94793264903785,18394900
2019-02-14,99.39007568359375,99.75267688378484,98.23718999820194,98.84152060291028,21784700
2019-02-15,100.61737060546875,100.69175217813137,99.81778643288865,100.32915087817263,26606900
2019-02-19,100.57085418701172,101.02643588099372,100.20825298137892,100.21755244889691,18038500
2019-02-20,100.04798889160156,100.78562773150345,99.24499000885827,100.71092850433887,21607700
2019-02-21,102.15821075439453,102.22357080683251,99.78656337152674,99.81457380489852,29063200
2019-02-22,103.61478424072266,103.82953559174635,102.5410061144752,102.75576458920855,27763200
2019-02-25,104.19371795654297,104.74461596692025,103.88559604684274,104.35245562823859,23750600
2019-02-26,104.91265869140625,105.7343287785877,103.8015308941562,103.88556930150195,21536700
2019-02-27,104.73526000976562,104.91266890187599,103.530761627791,104.28707887266992,21487100
2019-02-28,104.60454559326172,105.39820537286741,104.32443414830676,104.61388477854021,29083900
2019-03-01,105.0714111328125,105.52893150566263,104.26841212201589,105.40755058494649,23501200
2019-03-04,104.81927490234375,105.74365452340649,103.45604630373036,105.52889606411458,26608000
2019-03-05,104.29642486572266,104.94069335053415,103.85758285477792,104.80997324111033,19538300
2019-03-06,104.34308624267578,105.19277385427873,104.04429648200757,104.45513507431754,17687000
2019-03-07,103.07325744628906,104.15637509068004,102.58772661778708,104.01631579201405,25339000
2019-03-08,103.18525695800781,103.37199785110586,101.58859881378159,101.92473812032485,22818400
2019-03-11,105.35153198242188,105.46357371973428,103.62415300297603,103.63348506527761,26491600
2019-03-12,106.08915710449219,106.43462858104856,105.18344851967332,105.34217904261601,26132700
2019-03-13,106.91082763671875,107.3776871460494,106.2385488034889,106.56534903527819,35513800
2019-03-14,106.994873046875,107.5644422933093,106.75211119906265,106.94819136400879,30763400
2019-03-15,108.22737884521484,109.47855895676804,106.99486285657647,107.69515214627862,54681100
2019-03-18,109.77735900878906,109.81470862923581,108.35810905037131,108.47015078799984,31207600
2019-03-19,109.85203552246094,110.58967434532315,109.23577759815444,110.26286701495503,37588700
2019-03-20,109.73067474365234,110.87915246785796,108.97436448851205,109.6092938149607,28113300
2019-03-21,112.25167083740234,112.81190067050925,109.32912654978489,109.37581533742247,29854400
2019-03-22,109.29179382324219,111.66343342429111,109.2824546401393,111.57940214749362,33624500
2019-03-25,109.86138916015625,110.18818940980864,108.61020190242989,108.83429248451851,27067100
2019-03-26,110.09480285644531,110.84177372893836,109.10505594291959,110.75774244431332,26097700
2019-03-27,109.03035736083984,110.3749149124421,107.8632086872157,110.06678595291488,22733400
2019-03-28,109.17975616455078,109.78667490154581,108.43277816152457,109.65595481957276,18334800
2019-03-29,110.1228256225586,110.4776362924667,109.2077778308754,110.24420653296404,25399800
2019-04-01,111.13123321533203,111.21527163039491,110.27221343752652,111.0658731697101,22789100
2019-04-02,111.28997039794922,111.5607497640314,110.66437325107148,111.16858236821993,18142300
2019-04-03,112.01827239990234,112.44778229590851,111.25262308550687,111.91556273741057,22860700
2019-04-04,111.44868469238281,112.2610226723553,110.53363706699852,112.13963466029975,20112800
2019-04-05,111.94358825683594,112.26105647197672,111.45805743355871,111.4767286821144,15826200
2019-04-08,111.98092651367188,112.06495780921249,110.77642807827912,111.86887766257335,15116200
2019-04-09,111.37399291992188,111.6167618365554,110.72039251788176,110.76707419019314,17612000
2019-04-10,112.22369384765625,112.37308518992687,111.61677504610032,111.82219437496948,16477200
2019-04-11,112.35441589355469,112.83994666899973,111.97158766061578,112.55049604077544,14209100
2019-04-12,112.93331909179688,112.96133664791964,112.3917674431804,112.64386845859573,19745100
2019-04-15,113.02668762207031,113.52155755149984,112.57849936834114,112.92397796233469,15792600
2019-04-16,112.7652587890625,113.58693620153502,112.13966866726585,113.57759701538097,14071800
2019-04-17,113.69895935058594,113.77365858018123,112.55048897132835,113.20408942101066,19300900
2019-04-18,115.19293212890625,115.33298430004031,113.2601338064279,114.0911432658111,27991000
2019-04-22,115.55706024169922,115.78115079698999,114.44593240204404,114.49262119943018,15648700
2019-04-23,117.125732421875,117.25645253294044,115.62244402091076,115.87454505690502,24025500
2019-04-24,116.72422790527344,117.50854853808723,116.2667004124206,117.45252767108951,31257000
2019-04-25,120.58981323242188,122.66267072550787,120.2910305361025,121.43950101283745,38033900
2019-04-26,121.28072357177734,121.8689709226149,120.4683928472241,121.10331473597446,23654900
2019-04-29,121.168701171875,121.55151507871244,120.77654095803373,121.29007493615161,16324200
2019-04-30,121.94371795654297,122.03708131640306,120.81391159708238,121.20607190230884,24166500
2019-05-01,119.40397644042969,121.99037479054327,119.23590674493316,121.87833307601908,26821700
2019-05-02,117.84468078613281,119.51603874530704,117.20041236018386,119.49736749868595,27350200
2019-05-03,120.35636138916016,120.85123126997718,118.81573089188751,118.91844054153367,24911100
2019-05-06,119.65608978271484,120.03891801011397,117.7513092019306,118.01274939444173,24239800
2019-05-07,117.20040130615234,118.75037820682213,115.98657092635722,118.07809941249357,36017700
2019-05-08,117.19107055664062,117.99406944510429,116.48144214094266,117.1257105133336,28419000
2019-05-09,117.18173217773438,117.45251153721344,115.37965425849887,116.0519330649696,27235800
2019-05-10,118.70369720458984,119.45067527483482,115.61308950828015,116.63084695089616,30915100
2019-05-13,115.17423248291016,117.22841847255457,114.88478188441582,115.88386088832989,33944900
2019-05-14,116.46278381347656,117.53655505494612,115.50104717855764,115.65978483594736,25266300
2019-05-15,118.10282135009766,118.74947455783695,115.92857506546898,116.4533980652619,24722700
2019-05-16,120.83000946044922,121.25174980266455,118.51519238172982,118.78697408775089,30112200
2019-05-17,120.0240478515625,122.26389625246225,119.88346297609567,120.24896077205302,25770500
2019-05-20,118.2902603149414,119.57418582179464,117.8591605611729,118.57140859779234,23706900
2019-05-21,118.92754364013672,119.51796148842769,118.62764783861242,119.42424539109133,15293300
2019-05-22,119.64918518066406,120.18338203871942,118.5714320084125,118.66515527128044,15396500
2019-05-23,118.25277709960938,118.35586695240113,116.90324240857545,118.27151745917153,23603800
2019-05-24,118.30899810791016,119.4148651566646,118.05596394382408,118.93691094115987,14123400
2019-05-28,118.23404693603516,119.95844616765655,118.13095707435339,119.00253044579348,23128400
2019-05-29,117.09069061279297,117.5124166606057,116.24723136708701,117.50304290507549,22763100
2019-05-30,117.83103942871094,117.8591535403133,116.94071871085346,117.39056594672913,16829600
2019-05-31,115.90984344482422,116.79079053046706,115.57245975883674,116.42529272899401,26646800
2019-06-03,112.31108093261719,116.55649091208123,111.53323089252349,116.06915576760241,37983600
2019-06-04,115.4225082397461,115.53496469468662,113.07019633948286,113.66061417816002,29382600
2019-06-05,117.92475128173828,117.96223914588802,116.40652495902935,117.10003257060204,24926100
2019-06-06,119.78974151611328,119.9303192352101,117.70921129370355,118.49644223059795,21459000
2019-06-07,123.14482879638672,123.94143352207473,120.20209892408829,121.07367938985425,33885600
2019-06-10,124.2694320678711,125.65644730209799,123.70712125121145,124.08198559554582,26477100
2019-06-11,123.80086517333984,125.80641978097015,123.03237454884128,125.46903609463232,23913700
2019-06-12,123.22916412353516,123.67900418602251,122.49816865943406,123.1448074929406,17092500
2019-06-13,124.00707244873047,124.64434494225138,123.29480989695571,123.68842190180634,17200800
2019-06-14,124.12885284423828,125.38466418489722,123.36974321742443,123.95078726754689,17821700
2019-06-17,124.50373840332031,125.32844290398613,124.20383545750764,124.29755870311398,14517800
2019-06-18,126.66860961914062,126.74358535480289,125.17850441077125,125.75954848695467,25934500
2019-06-19,127.1653060913086,127.39021898882586,125.40341212657643,126.51865291062886,23744400
2019-06-20,128.34617614746094,129.0115770148908,127.19345433785757,128.8147638765865,33042600
2019-06-21,128.3648681640625,129.0771160563452,127.8869140350492,127.99937046536846,36727900
2019-06-24,129.12405395507812,129.7050982552152,128.39305812582023,128.39305812582023,20628800
2019-06-25,125.04730987548828,128.94596306872478,124.39128993916533,128.62732685681965,33327400
2019-06-26,125.51586151123047,127.21216055210435,125.20660629454929,125.90948766004978,23657700
2019-06-27,125.72209167480469,126.24692198393163,125.12229990739479,125.71272506756026,16557500
2019-06-28,125.54401397705078,126.14380561852889,124.79427085016299,126.11569150253466,30043000
2019-07-01,127.15596008300781,128.11188306026997,126.49057351170308,128.04628821387894,22613500
2019-07-02,127.99942016601562,128.00878677212702,126.83731750091239,127.56831318213736,15237800
2019-07-03,128.82412719726562,129.08653514574118,127.72761947665488,128.2055880472187,13629300
2019-07-05,128.44921875,128.70226003465305,127.19340753012654,127.39958719907978,18141100
2019-07-08,128.3555145263672,128.48671847504428,126.86539517334259,127.83068443150086,16779700
2019-07-09,127.88695526123047,128.36490954431912,127.26841609476674,127.45584830577242,19953100
2019-07-10,129.1896209716797,129.87375493741123,128.41176375577768,128.5148536109011,24204400
2019-07-11,129.70506286621094,130.4735535181549,129.20836107416366,129.51763065603177,22327900
2019-07-12,130.1736297607422,130.38919035318898,129.33954440346187,130.1267824407969,18936800
2019-07-15,130.1736297607422,130.77342131766108,129.7612846842394,130.67971237761174,16651500
2019-07-16,128.4679718017578,130.3142079987972,127.94315600364351,130.22986566699126,22726100
2019-07-17,127.70887756347656,129.26457763766572,127.66201594012202,129.04903133042646,20211000
2019-07-18,127.84944152832031,128.0368737118955,126.209384896759,127.0341036646807,30381800
2019-07-19,128.03688049316406,131.83244318726366,127.87756241367916,131.41071717684363,48992400
2019-07-22,129.73316955566406,130.4454319337942,128.70228530861493,128.77726104842654,25074900
2019-07-23,130.53915405273438,131.19518826722913,129.35831820693474,130.9796276309641,18034600
2019-07-24,131.8793182373047,131.89806574861151,130.1268048843877,130.173652212413,20738300
2019-07-25,131.3826141357422,131.77622606531844,130.56727616020288,131.60752706683664,18356900
2019-07-26,132.46034240722656,132.77897855057645,131.4856864686977,131.5512812981361,19037600
2019-07-29,132.16983032226562,132.61967045850167,130.61411590508914,132.6103038536368,16605900
2019-07-30,131.53257751464844,132.34791556389962,131.01712816735542,131.33576438198668,16846500
2019-07-31,127.70887756347656,131.66375833191734,126.59363670837297,131.51380685724666,38598800
2019-08-01,129.3863983154297,132.08546731084823,128.32738582483546,128.3929949491042,40557500
2019-08-02,128.29928588867188,129.63008732660623,126.76231905207105,129.41452672318675,30791600
2019-08-05,123.9039306640625,125.51585873717264,122.56376278737882,124.92544812730847,42749600
2019-08-06,126.2281494140625,127.1559438528332,124.8411339085186,125.39406392962694,32696700
2019-08-07,126.78108978271484,127.12784011236145,123.5478374409642,125.38469325765455,33414500
2019-08-08,130.16429138183594,130.2580146423671,127.39024589195803,128.0181659972256,27496500
2019-08-09,129.0583953857422,130.62347616036615,127.88692645562026,129.90184729536685,23466700
2019-08-12,127.25904083251953,129.19900076786826,126.74360580443677,128.45863849650743,20484300
2019-08-13,129.89248657226562,130.07991874953868,126.51865018071645,127.50268698659816,25154600
2019-08-14,125.9808349609375,128.74530707742247,125.68934554077875,128.2187436929065,32527300
2019-08-15,125.69873046875,126.54500526248448,124.35411441718226,126.36634677221471,28074400
2019-08-16,128.0024871826172,128.31278655553047,126.67666650229056,126.82711729178372,24449100
2019-08-19,130.1463623046875,130.27800316015703,128.71710848260608,129.6197988828094,24355700
2019-08-20,129.0650177001953,130.42845831403469,129.04622211148325,129.95831033623563,21170800
2019-08-21,130.50367736816406,131.16189605567308,129.7608498307065,130.27801550755848,14970300
2019-08-22,129.5540313720703,130.88925048193917,128.15298463004538,130.3814967604108,18697000
2019-08-23,125.42610931396484,130.08998477043167,124.87133800045024,128.99923773696537,38508600
2019-08-26,127.36306762695312,127.46650074242648,125.90560621720168,126.9305395788106,20312600
2019-08-27,127.63580322265625,128.55728942257775,126.62028166961235,128.24698997461041,23102100
2019-08-28,127.46653747558594,127.65459382670159,125.57654747303681,126.82714301223675,17393300
2019-08-29,129.87368774414062,130.17458937149848,128.73593754166947,129.05563475990274,20168700
2019-08-30,129.6291961669922,130.8703793211406,128.13412909694497,130.84217159134928,23940100
2019-09-03,127.91788482666016,129.00863182880175,127.59818757189551,128.4538605312194,18869300
2019-09-04,129.41294860839844,129.4693640751677,128.33159955346446,129.10264919338846,17995900
2019-09-05,131.68846130371094,131.99876071400755,130.47547139548067,130.8045807436743,26101800
2019-09-06,130.79513549804688,131.8106422116155,129.9488607730417,131.66960359800137,20824500
2019-09-09,129.3095245361328,131.40638083548524,128.31281295925083,131.2559300150329,25773900
2019-09-10,127.95550537109375,128.71714297812355,126.47923348761643,128.63251976573824,28903400
2019-09-11,127.99308013916016,128.13413314034483,127.0245764583579,127.79562602439022,24726100
2019-09-12,129.3095245361328,130.15578529256243,128.6983234584626,129.61982397289833,27010000
2019-09-13,129.12149047851562,129.81730053463113,128.4162682771343,129.55401872727137,23363100
2019-09-16,128.19053649902344,128.53844137643304,127.56053999365481,127.72038856835047,16731400
2019-09-17,129.1873016357422,129.30954473993194,128.28461091976826,128.7829811338564,17814200
2019-09-18,130.2498016357422,130.39084029197292,128.37860749234014,129.15905486829845,23982100
2019-09-19,132.64759826660156,133.86997190777456,131.7073020209103,131.92356614004032,35772100
2019-09-20,131.1148681640625,133.19291415662502,129.99591369986234,132.59112532895992,39167300
2019-09-23,130.8328094482422,131.29355974001268,130.17460499412792,130.91743266067522,17139300
2019-09-24,129.17784118652344,132.29021797903073,128.70769328801114,131.9799186442796,29773200
2019-09-25,131.03970336914062,131.60388693314758,127.90851471924843,129.29075153805988,21382000
2019-09-26,131.20889282226562,131.81068166677636,130.17457586801976,131.1148718343039,17456600
2019-09-27,129.50698852539062,131.97997206380526,128.49146693183386,131.78250355348266,22477700
2019-09-30,130.7293701171875,130.9080286779575,129.55399995189035,129.80788392497303,17280900
2019-10-01,128.88641357421875,131.87654875531837,128.82058594993666,131.3217774125783,21466600
2019-10-02,126.61088562011719,128.22819633450402,125.60477608315946,128.11536537463869,30521700
2019-10-03,128.14353942871094,128.5854797023842,125.26623592626193,126.8929440104205,24132900
2019-10-04,129.87368774414062,129.99593082372718,128.27518730519495,128.5854867279905,22897700
2019-10-07,128.93341064453125,129.93012232314214,128.83938963298726,128.9522205859526,15303700
2019-10-08,127.56996154785156,129.53517682063313,127.52294387647166,128.89578240275887,25550500
2019-10-09,129.9864959716797,130.41902400297724,128.79231629368175,129.25306639880543,19749900
2019-10-10,130.79513549804688,131.331096577554,129.99587842683758,130.22155455639364,17654600
2019-10-11,131.34059143066406,132.60999728238338,131.17134496925303,131.754324133381,25446000
2019-10-14,131.2183380126953,131.91414802041203,131.19013027442472,131.3499789072186,13304300
2019-10-15,133.11767578125,133.32452764562433,131.46274608405966,131.6978200207947,19695700
2019-10-16,132.02696228027344,132.57233567158409,131.19949722479822,132.3842649969557,20751600
2019-10-17,131.34996032714844,132.97666851103372,130.71996368191864,132.53472821026696,21460600
2019-10-18,129.20608520507812,131.64144855997057,128.40682781399516,131.4157723400958,32273500
2019-10-21,130.16517639160156,130.23100400258022,128.82995771128697,130.18398633013535,20078200
2019-10-22,128.22816467285156,131.65084163887934,128.12473153592026,130.672940083348,27431000
2019-10-23,129.04623413085938,129.2436882651704,127.51354698919103,128.70772698140436,29844600
2019-10-24,131.5850067138672,132.03634471536037,130.3908269382281,131.06784111435604,37029300
2019-10-25,132.32786560058594,132.71339044349432,130.88921372122516,131.02085460078172,25959700
2019-10-28,135.58131408691406,136.97294847338483,134.94190519727184,135.77876825810796,35280100
2019-10-29,134.30247497558594,135.8727675221011,134.13321424031946,135.47784493684978,20589500
2019-10-30,135.97622680664062,136.34294173117877,134.26488092694217,134.95130744674947,18496600
2019-10-31,134.81027221679688,136.2771321086429,134.4529693891565,136.24892436824453,24605100
2019-11-01,135.1393585205078,135.79756293011184,134.4341364356935,135.6471121085509,33128400
2019-11-04,135.91978454589844,136.34291486039237,135.55306969363332,136.18306626815146,16912000
2019-11-05,135.83517456054688,136.36173805625353,135.31800886019954,136.31472038389848,18250200
2019-11-06,135.45904541015625,135.89158790216462,134.65039024075023,135.75053488730626,16575800
2019-11-07,135.64710998535156,136.23010332282993,135.1863740797304,135.25218734577064,17786700
2019-11-08,137.24560546875,137.27381319989922,135.17694286595528,135.38380912623475,16732700
2019-11-11,137.38665771484375,137.67814719740517,136.08904456250804,136.66262573224404,14362600
2019-11-12,138.289306640625,138.75945452854808,137.33959872444444,137.5464649429526,18641600
2019-11-13,138.51502990722656,138.6560829448576,137.54652597617488,137.97906853801624,16919200
2019-11-14,139.22023010253906,139.5493394573427,138.2235185906592,138.24232852893402,19729800
2019-11-15,141.01620483398438,141.03501477303848,139.4177043610953,140.03828887208496,23485700
2019-11-18,141.3640899658203,141.56155842874233,140.0852868973194,141.110220389206,21534000
2019-11-19,141.4111328125,142.29501346031734,141.232474254182,141.87188307617376,23935700
2019-11-20,141.1658172607422,142.31688312760556,140.0713732271126,141.81683157521755,25696800
2019-11-21,141.03367614746094,141.33560155968095,140.10905476658021,140.95819479440593,18576100
2019-11-22,141.1375274658203,141.80741579079225,140.41104609523438,141.59041579676025,15901800
2019-11-25,142.68484497070312,142.79807423986176,141.44886795661458,141.52434933718655,22420900
2019-11-26,143.43963623046875,143.807598941976,142.76976241042755,142.80749590026912,24620100
2019-11-27,143.71331787109375,143.8831402410071,142.95851819050816,143.72274764833122,15184400
2019-11-29,142.82638549804688,143.69439982554675,142.7320301682004,143.50570356245584,11977300
2019-12-02,141.09976196289062,143.2509306587758,139.93926647088404,143.23205671678392,27418400
2019-12-03,140.8733673095703,140.98658220807218,138.36366481767868,139.1562122970055,24066000
2019-12-04,141.3828582763672,141.69419923652376,140.76957733852805,141.65646573719098,17574700
2019-12-05,141.4582977294922,141.8262748585036,141.0337275608038,141.57152699865006,17869100
2019-12-06,143.17544555664062,143.28866041244254,141.77907621422,142.45839414222985,16403500
2019-12-09,142.8074951171875,143.60947213877773,142.38292497494575,142.53388772668518,16687400
2019-12-10,142.59048461914062,143.30753604199774,142.24138148197392,142.74143296312153,16476100
2019-12-11,143.12831115722656,143.28870371695263,141.8357265075143,142.9773483728008,18856600
2019-12-12,144.58126831054688,144.76996454781232,142.48670696472038,143.0810993922765,24612100
2019-12-13,145.79835510253906,146.13801405057367,144.19441566883052,144.3548081725415,23845400
2019-12-16,146.74185180664062,147.09094052959853,146.07197807358094,146.34558543005633,24144200
2019-12-17,145.94935607910156,146.91172575014735,145.72291192220777,146.66640764769517,25425600
2019-12-18,145.6474151611328,146.69469588173047,145.46814868875833,145.58137795355316,24129200
2019-12-19,146.91172790527344,146.96833534617673,145.0624699216854,145.2983438565174,24958900
2019-12-20,148.515625,149.5346018325305,147.458900286673,148.45901757540358,53477500
2019-12-23,148.515625,149.1854987198554,148.38353621040892,149.1854987198554,17718200
2019-12-24,148.48733520507812,148.79869046613936,148.24201714670278,148.58167612271507,8989200
2019-12-26,149.70443725585938,149.761044685428,148.5061938757916,148.65715661904102,14520600
2019-12-27,149.97808837890625,150.53474740740432,149.27989635218842,150.44039207525785,18412800
2019-12-30,148.6855010986328,150.03470759185922,147.87409412695496,150.00640386931494,16348400
2019-12-31,148.78929138183594,148.855343001136,147.60992157951225,147.91184715927704,18369400
2020-01-02,151.54425048828125,151.64803557454536,149.38365201536385,149.80822213313544,22622100
2020-01-03,149.6572723388672,150.91212325532504,149.12891708911667,149.37423516693,21116200
2020-01-06,150.04412841796875,150.11018003103487,147.6665150898337,148.20431457930582,20813700
2020-01-07,148.67604064941406,150.64794302838786,148.43073697243855,150.31772820129783,21634100
2020-01-08,151.04415893554688,151.71404693222289,149.02507957190068,149.9497009337136,27746500
2020-01-09,152.9311981201172,153.05385715484587,151.93109508906883,152.69532422046993,21385000
2020-01-10,152.2235870361328,153.9973634920825,152.07262427464744,153.61997098497042,20725900
2020-01-13,154.053955078125,154.08225879341623,152.14809000111734,152.61983778477074,21626500
2020-01-14,152.96897888183594,154.35591886156726,152.58214214809243,154.1577784087756,23477400
2020-01-15,153.95960998535156,154.6766758779403,153.38409147181704,153.43125473603405,21417900
2020-01-16,156.7806854248047,156.84673703698928,154.76160511659748,155.06353066383713,23865400
2020-01-17,157.65814208984375,158.0072309026949,156.08249155325078,157.96005323691986,34371700
2020-01-21,157.09205627441406,158.68656653645183,157.0260046557006,157.26187861407058,29517200
2020-01-22,156.3372039794922,158.0260690136895,156.31833003814165,157.94114347591156,24138800
2020-01-23,157.29959106445312,157.37507244171542,155.93152529350064,156.799539537116,19680800
2020-01-24,155.71449279785156,158.06380180297066,155.15783390155633,158.04492786170331,24918100
2020-01-27,153.11045837402344,154.14830924899513,151.14798588100405,152.04430378397066,32078100
2020-01-28,156.1107940673828,156.39383124054007,153.85584007609117,154.52571391469783,24899900
2020-01-29,158.54502868652344,159.21491704236274,156.32782218345113,158.35633240490503,34754500
2020-01-30,163.01718139648438,164.2154249334723,161.1396198225113,164.2154249334723,51597500
2020-01-31,160.61126708984375,162.6586510071575,159.99800065070156,162.47939891941252,36142700
2020-02-03,164.52679443359375,164.6400093173289,160.77167096154713,160.79997468248092,30107000
2020-02-04,169.94239807128906,170.43301974275775,166.34768266319725,167.13078562453822,36433300
2020-02-05,169.73486328125,173.7918974939306,168.32906396328247,173.63150495950617,39186300
2020-02-06,173.2540740966797,173.43334053564186,169.88578842969076,170.74437274440535,27751400
2020-02-07,173.49940490722656,175.1410924302092,172.1690726591165,172.51817581999805,33529100
2020-02-10,178.0376434326172,178.16973226048214,172.89559452391404,173.20694984601053,35844300
2020-02-11,174.01834106445312,179.9246186871627,173.1314528445182,179.87744102505104,53159900
2020-02-12,174.27313232421875,175.34871706386684,171.57473350066587,175.09396914230143,47062900
2020-02-13,173.32957458496094,175.70717301583375,172.53702737807038,172.73516777894292,35295800
2020-02-14,174.87692260742188,174.93353004235755,172.32947286250848,172.89557600506723,23149500
2020-02-18,176.65065002441406,177.0940940400316,175.01840691816543,175.12219199408864,27792200
2020-02-19,177.1804656982422,178.0319252173796,176.41414924383423,177.91840113107367,29997500
2020-02-20,174.4747314453125,177.15211900829618,171.33377748279395,176.86829430160537,36862400
2020-02-21,168.95912170410156,173.6043421717942,167.69138773814998,173.29213644538692,48572600
2020-02-24,161.6743621826172,165.1369917090435,154.42744187826224,158.72261999532847,68311100
2020-02-25,159.00645446777344,165.4113566093742,158.60909120804521,164.80587062511273,68073300
2020-02-26,160.9931640625,163.9165247766763,159.13886994906164,160.5579787737206,56206100
2020-02-27,149.64976501464844,158.02251375085504,149.460553371622,154.5125922995576,93174900
2020-02-28,153.27320861816406,154.88154350179207,143.80302759023863,144.19092080033346,97012700
2020-03-02,163.47190856933594,163.5949026496789,153.55706992157735,156.3952882488152,71030800
2020-03-03,155.63839721679688,165.56270392318126,153.50973388064168,164.42741969774957,71677000
2020-03-04,161.3527374267578,161.49464258865754,156.6885904813183,159.40382954505776,49814400
2020-03-05,157.3035125732422,161.65543835111438,156.75478867248188,157.09537542343918,47817300
2020-03-06,152.8569793701172,154.3139250363766,147.5873472846213,153.8408886668746,72821100
2020-03-09,142.4974822998047,149.24298606771814,141.9109217759602,142.85699458779993,70419300
2020-03-10,152.24200439453125,152.34607296024774,144.35176220231784,149.63084915826624,65354400
2020-03-11,145.3451690673828,149.19567786157322,142.99889812654817,148.65642387157212,56371600
2020-03-12,131.5608673095703,145.19377837676913,131.1067564557763,137.46436615258762,93226400
2020-03-13,150.2647247314453,153.17863030331625,133.14080353628432,139.54571958932405,92727400
2020-03-16,128.11720275878906,141.2960070352327,127.71985383472575,132.45021879156744,87905900
2020-03-17,138.66587829589844,139.54571895054684,127.71981056490728,132.4501739191631,81059800
2020-03-18,132.82859802246094,138.12661078587766,127.73873683869692,130.55802937295286,81593200
2020-03-19,135.01406860351562,142.05283878518324,131.50413182669328,135.07083066721773,85922700
2020-03-20,129.94305419921875,139.16726040338546,128.53340107980478,138.12657495470134,84866200
2020-03-23,128.64698791503906,132.98947346409804,125.37358379021876,129.62144183970466,78975200
2020-03-24,140.34039306640625,141.53245367137308,133.6516679084339,135.99792369782372,82516700
2020-03-25,138.99700927734375,146.00741194957217,136.6507528558583,140.87969928171756,75638200
2020-03-26,147.69142150878906,148.211764422316,140.36881303206195,140.39719406044296,64568100
2020-03-27,141.62709045410156,146.53721042878792,141.15405407019614,143.5665425152988,57042300
2020-03-30,151.5891876220703,151.93924425192506,141.9203258368067,144.21928944249186,63420300
2020-03-31,149.20513916015625,155.89386596934028,148.11714684043403,150.80398997511287,77927200
2020-04-01,143.9071502685547,149.24300087945437,142.68672257196636,144.7491545772204,57969900
2020-04-02,146.88723754882812,147.0953746911042,142.2514872401482,143.67059624516327,49630700
2020-04-03,145.5343475341797,148.8929080992984,143.98278907166946,146.73586375961153,41243300
2020-04-06,156.3574676513672,157.52113324226872,149.0821649534325,151.67440982053907,67111700
2020-04-07,154.67343139648438,160.8323594955276,154.4558242809488,160.4444662227108,62769000
2020-04-08,156.22500610351562,157.6819518638952,154.68290281982192,156.73587906377395,48318200
2020-04-09,156.23446655273438,158.34420492135874,154.52207704035817,157.38867656009003,51385100
2020-04-13,156.58450317382812,156.6412796677308,153.5476175846326,155.4870697024385,41905300
2020-04-14,164.3328094482422,164.38011596592045,158.9401984591346,159.8862710690104,52874300
2020-04-15,162.61097717285156,164.2098423148961,160.11334587025092,161.9676402425253,40940800
2020-04-16,167.49269104003906,167.7197536667839,163.57595095320664,164.9004612886677,50479600
2020-04-17,168.9686279296875,170.293124232682,166.3858384849577,169.8200877764801,52765600
2020-04-20,165.61949157714844,169.11050229797053,165.5532739920201,167.1048327083939,36669600
2020-04-21,158.7699432373047,164.3044604213112,157.1521524075642,164.143629778623,56203700
2020-04-22,164.16253662109375,164.6166474686037,161.60814325445529,162.1473971791377,34620200
2020-04-23,162.17578125,165.61948531645297,161.69328936770626,164.72071913449065,32790800
2020-04-24,165.13699340820312,165.14644893831272,161.50407768863286,162.78126717777104,34277600
2020-04-27,164.66395568847656,167.36025421154562,163.95440116620728,167.0669739854221,33194400
2020-04-28,160.6526336669922,166.19662132895724,160.25528478914947,166.12093376614055,34392700
2020-04-29,167.86166381835938,168.09818198150484,162.6109721452684,163.87870603510657,51286600
2020-04-30,169.54566955566406,170.67148377407221,166.72636293755244,170.29306052505186,53875900
2020-05-01,165.15591430664062,169.00642259892936,164.6261014808525,166.31957965837367,39370500
2020-05-04,169.1956329345703,169.34700802647814,164.4274330268601,165.0802254792797,30372900
2020-05-05,171.01210021972656,173.74624981187438,170.19847710047543,170.87965061593798,36839200
2020-05-06,172.6961212158203,174.26660551621677,171.83520594582544,172.26093581532623,32139300
2020-05-07,173.69895935058594,174.59772555870285,172.73396112199262,174.23821330108638,28316000
2020-05-08,174.720703125,175.02345332485953,173.47189464038965,175.0045278283873,30877800
2020-05-11,176.66961669921875,177.39808226581636,172.98939456730636,173.27320482134522,30892700
2020-05-12,172.667724609375,176.95343281849526,172.46905742496284,176.72638460773848,32038200
2020-05-13,170.05657958984375,174.12469536846862,167.01967966093866,172.7055862202919,44711500
2020-05-14,170.79449462890625,170.9458697177753,166.2060364945341,167.96573220384843,41873900
2020-05-15,173.28268432617188,176.97236219102498,167.45487285703408,169.40378036697825,46610400
2020-05-18,174.9383087158203,176.15873616301894,174.03954252621836,175.73300632962054,35264500
2020-05-19,173.72732543945312,176.53716236645175,173.59487584581345,175.0518213758498,26799100
2020-05-20,176.1370391845703,176.3172959270405,174.50526111480437,175.33063201334923,31261300
2020-05-21,174.0214080810547,177.09522556251395,173.88858961139377,175.89036299593658,29119500
2020-05-22,174.09732055664062,174.99860432695908,173.17707305777867,173.79374166252967,20826900
2020-05-26,172.25686645507812,176.93398853317638,171.8109726717298,176.78219182477463,36073600
2020-05-27,172.4844970703125,172.65527193682124,167.54173942256455,170.95707751534613,39517100
2020-05-28,172.0955352783203,174.70448091194282,171.12786404793408,171.46939932810795,33810200
2020-05-29,173.85067749023438,174.81836335004485,171.15635122877697,173.3573454571367,42130400
2020-06-01,173.45220947265625,173.61348802494285,172.15248471379252,173.1770761664217,22622400
2020-06-02,175.42555236816406,175.51093259082862,172.0481551166513,174.79940178302797,30794600
2020-06-03,175.8524169921875,176.40266906121542,174.1637188558485,175.340121328542,27311000
2020-06-04,173.53759765625,176.30782219414553,172.94940355898157,174.84681881585217,28761800
2020-06-05,177.59803771972656,178.10085152705264,172.67424357239446,173.25295571540923,39893600
2020-06-08,178.69854736328125,178.87880410656408,174.9796156570411,176.40267692363886,33211600
2020-06-09,180.06472778320312,180.91855893900564,177.65500207269486,178.35705099546715,29783900
2020-06-10,186.7436065673828,188.33744291467139,181.2126393428319,181.32649410229297,43872300
2020-06-11,176.7157440185547,185.71896862010337,176.52600542028654,183.22387782442934,52854700
2020-06-12,178.1103515625,181.8862033655673,175.68164819844708,180.76672098608847,43373600
2020-06-15,179.24880981445312,181.0323846706777,174.5716739870542,175.11244424815027,32770200
2020-06-16,183.6413116455078,185.54820844598873,181.63953830771604,182.9961830392735,42556700
2020-06-17,184.27699279785156,186.25030659316172,183.75520065647348,185.0264655273721,25687800
2020-06-18,186.25022888183594,186.4115073898551,184.04922094060422,184.04922094060422,23061600
2020-06-19,185.1402587890625,189.06790717419463,184.4002681133222,188.4038148339312,44441100
2020-06-22,190.2822723388672,190.4625146059237,185.2161632306914,185.747437120417,32818900
2020-06-23,191.55352783203125,193.48888469214174,191.09813782578294,191.72428822727903,30917400
2020-06-24,187.6923065185547,192.82481806531447,186.47796195893972,191.2594563290366,36740600
2020-06-25,190.06405639648438,190.32021147388468,185.44385552035675,187.65434572459228,27803900
2020-06-26,186.25973510742188,189.63713130801548,184.88411220227584,189.48533464197993,54675800
2020-06-29,188.26153564453125,188.3469158529833,183.62235612896023,185.73796999200283,26701600
2020-06-30,193.0714874267578,193.9158366509064,187.59745474347227,187.7302732345924,34310300
2020-07-01,194.2004852294922,195.76586179697807,191.42077830307028,192.72050336651088,32061200
2020-07-02,195.680419921875,197.3501545246881,194.48505358442102,195.1301677892324,29315800
2020-07-06,199.8926544189453,200.30060614513152,197.41652742513998,198.11857614111364,31897600
2020-07-07,197.56834411621094,203.65904475231002,197.32168536857642,199.6554977974831,33600700
2020-07-08,201.9134521484375,202.32138949194444,197.98580303193796,199.29502422948116,33600000
2020-07-09,203.3270263671875,205.28136177031627,200.6232038291473,205.2339234935537,33121700
2020-07-10,202.71029663085938,203.09927011650623,200.25314808204195,202.66285836839324,26177600
2020-07-13,196.44886779785156,204.73108016996918,195.90809757754667,203.4787793289226,38135600
2020-07-14,197.66323852539062,198.13759233564966,191.66739941517432,195.55710644975017,37591800
2020-07-15,197.36907958984375,200.49033501817314,194.51347554948208,198.81111887993174,32179400
2020-07-16,193.46043395996094,195.14913217192185,191.93301428777966,194.8645170233169,29940700
2020-07-17,192.4738006591797,194.52299805350623,191.06022113744223,193.9822422543224,31635300
2020-07-20,200.7465057373047,201.41059806874654,192.5970975967738,194.485030666848,36884800
2020-07-21,198.04270935058594,202.96650405732726,197.35963872790919,202.70086709030062,37990400
2020-07-22,200.88880920410156,201.41060121414287,197.70115148727237,198.46960223109352,49605700
2020-07-23,192.1511993408203,200.10137235400663,191.78120401670046,196.56269764115507,67457000
2020-07-24,190.9748077392578,192.45478900756189,187.37919848827087,190.13994057206003,39827000
2020-07-27,193.39407348632812,193.5079137797622,190.55743220717181,191.1361444923465,30160900
2020-07-28,191.65792846679688,194.20045808606014,191.39229147601208,193.16637019506712,23251400
2020-07-29,193.59324645996094,194.15298040006812,191.6483932266433,192.11326510422728,19632600
2020-07-30,193.4414825439453,193.97277098377302,189.33359119030618,190.69023617073978,25079600
2020-07-31,194.4945068359375,194.57990150729412,188.80226220258274,193.91579471916805,51044000
2020-08-03,205.43310546875,206.47668945732616,199.64599869209448,200.67060447829826,78983000
2020-08-04,202.34988403320312,203.7539820259749,199.52273879025668,203.18475154499905,49280100
2020-08-05,202.01776123046875,203.97209620819024,200.71803669164214,203.87721967531724,28806400
2020-08-06,205.2528839111328,205.27184763929066,200.6990847830471,201.4485573768755,32656800
2020-08-07,201.58139038085938,204.63623006529596,200.11089067947304,203.82983727662753,27820400
2020-08-10,197.56834411621094,201.01215709979328,195.76580559059593,200.81292214799484,36716500
2020-08-11,192.9481658935547,196.9991371237321,192.72047084685101,196.5342796413907,36446500
2020-08-12,198.4601287841797,199.4942165085806,194.2478650715753,194.76016076380623,28013100
2020-08-13,197.9952392578125,200.50932265218785,197.47344727210242,198.69728797277943,22588900
2020-08-14,198.1850128173828,198.83962338076026,196.8663098259881,198.05219433177936,17958900
2020-08-17,199.49424743652344,200.35757488939987,198.20400442791444,198.84913317028403,20184800
2020-08-18,200.64218139648438,201.46755240023344,198.4791291633885,199.73141570438264,21336200
2020-08-19,199.42491149902344,201.70732265950323,198.99696394115972,201.12721145538274,27627600
2020-08-20,204.06578063964844,204.46519928761978,198.67360712535148,199.27272784174724,26981500
2020-08-21,202.58218383789062,205.6539121974253,202.42051545171722,203.38102098526042,36249300
2020-08-24,203.21939086914062,204.9597243107967,202.0211204113091,204.26548318451816,25460100
2020-08-25,205.86314392089844,205.99628345218457,202.65827587493317,202.65827587493317,23043700
2020-08-26,210.3138427734375,211.20778593927406,206.7095557551651,207.20408028520444,39600800
2020-08-27,215.4778289794922,219.82389642037137,208.64963359907935,211.96863263128088,57602200
2020-08-28,217.69361877441406,219.3388462628036,215.4777849434819,216.9993776717254,26292900
2020-08-31,214.47921752929688,217.49388844015004,213.3189953476914,215.8771899200654,28774200
2020-09-01,216.13397216796875,216.30514535953128,213.4331186639683,214.46020134670846,25725500
2020-09-02,220.29934692382812,221.45006436765206,216.21005476958462,216.7996706686181,34080800
2020-09-03,206.6525115966797,218.07402790705368,204.42717283201821,218.03599425353192,58400300
2020-09-04,203.75196838378906,207.6605831535333,195.13590147076314,204.56032505463872,59664100
2020-09-08,192.7298583984375,199.73873084324882,192.2923915711213,196.3816986090303,52924300
2020-09-09,200.93695068359375,204.3130063928278,196.57186053691743,197.42776995522604,45679000
2020-09-10,195.30706787109375,204.21795697838257,194.1088118526165,202.94360462855934,35461500
2020-09-11,194.03268432617188,198.40729363618516,191.37939858486314,197.04735500062918,33620100
2020-09-14,195.34506225585938,198.94934861596653,194.03267661280256,194.23239314979273,30375800
2020-09-15,198.54995727539062,199.5009581300524,196.79059988981783,198.20759638726756,21823900
2020-09-16,195.00274658203125,200.3283431648329,194.6128327120966,200.29981429738623,26328100
2020-09-17,192.9676055908203,194.31802519389234,190.1621557000872,190.2477423026266,34011300
2020-09-18,190.5710906982422,193.67134874869507,186.63394712032712,192.86300660159972,55225300
2020-09-21,192.61570739746094,192.7773903131104,186.75755314054098,187.52786151375366,39839700
2020-09-22,197.25662231445312,197.90331052920814,192.17828054373393,195.0122594122858,33517100
2020-09-23,190.76124572753906,197.90327097541524,190.22868760484096,197.71305920777692,30803800
2020-09-24,193.23388671875,195.49727363931507,189.4393876774126,190.05754700595773,31202500
2020-09-25,197.63702392578125,198.79723173179755,192.61572557145266,193.57624581579412,29437300
2020-09-28,199.1776123046875,202.15424948857515,197.8652265411116,200.54705579518048,32004900
2020-09-29,197.10443115234375,199.7767557329698,196.67648367162218,199.09203395936672,24221900
2020-09-30,200.02401733398438,201.5931629854757,196.41971586350593,197.55140923532704,33829100
2020-10-01,202.0496826171875,203.5047130134632,200.9655420373914,203.02921250458556,27158400
2020-10-02,196.08688354492188,200.6516908987254,195.46872423543033,197.80819290175853,33154800
2020-10-05,200.07159423828125,200.10012310727936,196.83818214429814,197.0664276074068,21331600
2020-10-06,195.82057189941406,199.8813347365297,194.78398454349198,198.58798762088978,28554300
2020-10-07,199.54849243164062,199.81477148517834,196.59087946952087,196.9142162472281,25681100
2020-10-08,200.2617950439453,200.84190624227702,198.1125379787301,200.19521800770082,19925800
2020-10-09,205.23548889160156,205.28304183581028,200.87990330448932,200.87990330448932,26458000
2020-10-12,210.55160522460938,212.89107395427078,206.1865143322862,208.06949215642354,40461400
2020-10-13,211.9400634765625,214.17492142049753,209.6291237184592,211.80692392954865,28950800
2020-10-14,210.03810119628906,213.2334654372848,208.3928733746562,212.07324294726627,23421700
2020-10-15,208.89682006835938,209.5625176651339,205.42565875976769,206.4622605652301,22733100
2020-10-16,208.89682006835938,211.39794207560644,208.57348330865736,209.3628011305419,26057900
2020-10-19,203.72341918945312,211.40750840007541,203.24791872724472,209.6196220186127,27625800
2020-10-20,204.13232421875,206.7190476608561,202.6487652321847,205.22598388990758,22753500
2020-10-21,204.27500915527344,206.2911265473587,202.67731999633713,202.67731999633713,22724900
2020-10-22,204.36061096191406,205.4732804267989,201.32691535138122,203.4476435873007,22351500
2020-10-23,205.63490295410156,205.68245589725836,202.71533798662145,204.49370487394282,18879600
2020-10-26,199.7862548828125,205.73951481810852,197.90327731407123,203.3715320530445,37111600
2020-10-27,202.80093383789062,204.15135332070517,200.02401306196077,201.22226892417387,36700300
2020-10-28,192.7488250732422,198.60699317677955,192.19725740794587,197.49432404044896,51195600
2020-10-29,194.68890380859375,197.199545583512,193.40504679969789,194.0707590331236,31432600
2020-10-30,192.54916381835938,194.27997800437075,189.83880530203297,193.5286936375515,36953700
2020-11-02,192.41603088378906,195.2214808850895,190.31431232371153,194.27998468668173,30842200
2020-11-03,196.31512451171875,197.92231848294975,193.16731360291638,193.89958841755603,27512000
2020-11-04,205.7870635986328,207.62250269793293,202.01158924216602,203.5331963345043,42311800
2020-11-05,212.34896850585938,213.13830093445856,210.31382731432063,211.16021747082223,36080100
2020-11-06,212.75790405273438,213.36654399549167,207.3467070793611,211.36943647428635,25231900
2020-11-09,207.6890869140625,216.94232164998468,207.20408167686315,213.44264528742468,44395000
2020-11-10,200.67066955566406,205.89166906685932,199.44388493318402,203.98966750504076,44045100
2020-11-11,205.93923950195312,207.35622149875866,201.80237994913776,201.98307243463896,29440800
2020-11-12,204.8836212158203,208.37379252192883,203.95164446517558,206.56689674868196,21593900
2020-11-13,205.90118408203125,206.76659831833058,203.66634084251578,205.75853976225488,18621100
2020-11-16,206.5858917236328,207.07091139997414,204.00868778162783,204.34152934207066,24953300
2020-11-17,203.95167541503906,207.01388520327933,203.59029040110073,205.5113164330714,24154100
2020-11-18,201.26278686523438,205.16255971956343,201.1197545533918,203.71325001107002,28372800
2020-11-19,202.5404815673828,203.12211144423998,200.16628461776338,201.54885769573278,24792700
2020-11-20,200.6049041748047,203.37002133531357,200.23304339047263,202.3307199828359,22843100
2020-11-23,200.33792114257812,202.4165237769286,198.4786172840736,201.13884979714734,25683500
2020-11-24,203.91346740722656,204.28532809928188,199.14601517620483,199.8420591281833,33979700
2020-11-25,203.92303466796875,205.27698960529233,202.57862394829687,205.10536827690913,21012900
2020-11-27,205.2197723388672,206.211410684154,204.0851162270061,204.85745581384185,14512200
2020-11-30,204.11376953125,204.77166592006517,201.03398396816428,204.14237308949788,33064800
2020-12-01,206.1542510986328,207.21262646258575,203.42726684415777,204.53330510854798,30904500
2020-12-02,205.3533172607422,205.44867216425175,202.90285337099465,204.88611606124581,23724500
2020-12-03,204.2758331298828,206.31630244938077,203.71326261374324,204.62861999918616,25120900
2020-12-04,204.39024353027344,205.36280800618596,203.26511706811746,204.25675542958834,24666000
2020-12-07,204.32351684570312,205.51538022737813,203.08399056805192,204.39979784802395,24620000
2020-12-08,205.96351623535156,206.85979980104426,202.98862997399976,204.01840165272458,23284100
2020-12-09,201.94932556152344,205.21979155573646,201.38676956150456,205.15305477478972,32440600
2020-12-10,200.7288360595703,203.16976955673482,200.5762740787197,201.92069925538198,26733300
2020-12-11,203.34140014648438,203.39862180374632,199.38441997558107,200.28070346756314,30979400
2020-12-14,204.23773193359375,206.15425780448263,202.9791316093424,203.18890075490353,28798400
2020-12-15,204.1709442138672,205.40094067047508,202.36884758495555,205.1625680235338,27000600
2020-12-16,209.0814208984375,209.8728198548005,204.733506021788,204.76210957630974,35023300
2020-12-17,209.2149200439453,210.6165524859304,207.7846840459289,209.64398793352765,32515800
2020-12-18,208.4235076904297,209.4723531747455,205.97304440305473,208.4235076904297,63354900
2020-12-21,212.23748779296875,213.58191314877274,207.1744545903805,207.43190114873119,37181900
2020-12-22,213.52471923828125,215.13612092122844,211.53192707791726,212.33285580996105,22612200
2020-12-23,210.74050903320312,213.16236889979098,210.53073992478457,212.73330101406674,18699600
2020-12-24,212.3900604248047,213.2100630357943,210.91214688127394,211.12191600611644,10550600
2020-12-28,214.49728393554688,215.5175114649636,212.64750956636644,214.01099434520955,17933500
2020-12-29,213.72494506835938,216.61402086713673,213.18146290824112,215.78448857316525,17403200
2020-12-30,211.3697509765625,215.13604980433124,211.16952613429635,214.7546449038802,20272300
2020-12-31,212.07537841796875,212.62840471424002,209.46280892505516,211.38886401908798,20942100
2021-01-04,207.5653839111328,212.62841698318834,204.81932615715849,212.18027520947413,37130100
2021-01-05,207.76564025878906,208.3568144503453,205.66796340095462,207.15540672652605,23823000
2021-01-06,202.37838745117188,206.42119298469675,202.08280768192805,202.30210645441338,35930700
2021-01-07,208.137451171875,209.13861918523918,203.77047714250094,204.08511622896737,27694500
2021-01-08,209.40562438964844,210.32098186986488,206.93608695061204,208.50934079732144,22956200
2021-01-11,207.3747100830078,208.72866521274221,206.65004779588634,208.3091269515907,23031300
2021-01-12,204.93374633789062,207.00283393154243,203.39864029923487,206.43073369979606,23249300
2021-01-13,206.27816772460938,206.67863205947245,203.98025172181406,204.06607693930206,20087100
2021-01-14,203.11256408691406,207.34606452038847,202.8455878928311,205.86815123585768,29480800
2021-01-15,202.75975036621094,204.53324329007845,202.16859090795862,203.58929700017367,31746500
2021-01-19,206.37351989746094,206.88839845005378,202.74072282622367,203.80862770514977,30480900
2021-01-20,213.90611267089844,215.28867135702768,207.18399993248087,207.5749346341582,37777300
2021-01-21,214.5068359375,215.77498050354257,212.0754313800234,214.24938933634903,30709400
2021-01-22,215.4412078857422,219.3695992284759,215.29819010893078,216.5186569680968,30172700
2021-01-25,218.85470581054688,219.09307847095562,213.79167283132318,218.46377115568953,33152100
2021-01-26,221.52447509765625,223.2884239961353,219.3791212258297,221.07633334716795,49169600
2021-01-27,222.0679473876953,229.2572744153323,219.43631865864182,226.93075510239115,69870600
2021-01-28,227.81747436523438,231.35493046258668,224.15607439835333,224.65189352379872,49111200
2021-01-29,221.1717071533203,226.94985841468173,220.59007724966867,225.01427347529136,42503100
2021-02-01,228.50401306152344,231.22146705062914,221.61980986829332,224.1274947645994,33314200
2021-02-02,228.3705596923828,231.04033664840065,227.58870485867922,230.0773162479899,25916300
2021-02-03,231.69822692871094,233.69101888663997,228.132166675749,228.42776099720072,27158100
2021-02-04,230.75428771972656,231.9270918000538,229.19056349507096,231.37406542742858,25296100
2021-02-05,230.93544006347656,231.96521174500666,229.23822781496764,230.96404361998185,18054800
2021-02-08,231.19288635253906,232.34660192788067,229.61008833189024,231.84125303139,22211900
2021-02-09,232.43240356445312,233.37634993048727,230.1535616523339,230.62076272671874,23565000
2021-02-10,231.52664184570312,234.48245458099242,229.6863970456526,233.60524479540956,22186700
2021-02-11,233.11892700195312,233.74821975404504,230.88774789305762,233.39543288023918,15751100
2021-02-12,233.595703125,233.89128292843307,231.44080472737835,232.58499071287687,16561100
2021-02-16,232.3656768798828,234.68266680852793,231.6219553099753,233.6338212360362,26728500
2021-02-17,233.37867736816406,233.48380348312867,230.26314413417265,230.6263097281633,21653500
2021-02-18,232.98683166503906,233.12062720680663,230.18667690425352,231.08502464867303,16925600
2021-02-19,230.29180908203125,233.05374286763362,229.53680847582015,232.94861675471643,25262600
2021-02-22,224.11807250976562,227.38651912425996,222.1015730817524,226.899124179311,36446900
2021-02-23,222.9330291748047,224.4238980172316,218.59420361274584,220.12330808748274,30228700
2021-02-24,224.15631103515625,224.7775015366936,218.85224710793744,219.81748539347333,26339700
2021-02-25,218.8426971435547,224.1945337785198,217.78188435010034,221.79576547197954,39542200
2021-02-26,222.08248901367188,224.93998302961114,219.36832759287157,221.2701494526982,37819200
2021-03-01,226.44039916992188,226.9469119322539,222.8183385683915,225.4464768789382,25324000
2021-03-02,223.50643920898438,226.78445210469692,223.10505255325617,226.50729480119938,22812500
2021-03-03,217.47607421875,223.22931252952912,217.18936527759203,221.87223909617876,34029500
2021-03-04,216.68284606933594,222.18761091263715,214.32229870294404,216.69241226941966,44727800
2021-03-05,221.3369903564453,222.93298499752456,216.42476252675235,219.3491607662519,41872800
2021-03-08,217.31361389160156,223.02861668898058,217.06514058132345,221.11724315034732,35267400
2021-03-09,223.42042541503906,224.94952989865914,221.40392598629288,222.56031325714096,33080500
2021-03-10,222.12074279785156,226.4977904561598,221.75757711717822,226.4977904561598,29746800
2021-03-11,226.62200927734375,228.571603879023,223.92696557628574,224.54817072866422,29907600
2021-03-12,225.3031463623047,225.3700514329935,222.89481172208454,223.6402462040966,22653700
2021-03-15,224.40480041503906,224.7679660415921,221.53774020361377,224.54816217518373,26034900
2021-03-16,227.17626953125,229.42212430580386,225.48470015547667,225.80963010169157,28092200
2021-03-17,226.53594970703125,227.9790458343157,222.89478602257378,225.6853891995927,29562100
2021-03-18,220.49607849121094,223.81231313700073,220.1233611906888,222.2545388535398,34833000
2021-03-19,220.1424560546875,222.16850736597712,219.18676927273987,220.78276444867765,46430700
2021-03-22,225.53250122070312,226.40216500266618,219.9417283999428,220.0659723327752,30127000
2021-03-23,227.05203247070312,230.36826626043398,226.5646375366449,226.96602417339062,31638400
2021-03-24,225.02597045898438,227.4534079764984,224.89217491995007,227.31006082132592,25620100
2021-03-25,222.04421997070312,226.4403841405182,221.30835179207864,224.87305870810607,34061900
2021-03-26,226.00079345703125,226.22061190405913,221.28926488550835,221.28926488550835,25479900
2021-03-29,224.81576538085938,226.3066344377287,221.60465718813197,226.1059337957856,25227500
2021-03-30,221.57595825195312,223.48733157452293,220.85919325598945,223.1815048432536,24792000
2021-03-31,225.3222198486328,228.5046577799914,222.09199467370163,222.58895575814168,43623500
2021-04-01,231.61068725585938,232.07896442554832,227.50123135762215,227.9026180384794,30338000
2021-04-05,238.0329132080078,238.8834738585947,231.94517850543008,232.00251737898964,36910600
2021-04-06,236.87649536132812,238.3482463965933,235.93992652070483,236.63757369710436,22931900
2021-04-07,238.8260955810547,239.8104516951834,236.23619284363235,236.82871391899718,22719800
2021-04-08,242.0276641845703,242.87822479030498,240.8330557729979,241.56893863766072,23625200
2021-04-09,244.51246643066406,244.646261995429,241.25357103856228,241.66450935083208,24326800
2021-04-12,244.56979370117188,246.25181167284637,243.3369496576039,243.42297254578972,27148700
2021-04-13,247.03550720214844,247.704499724663,245.44906338567884,245.86003093449534,23837500
2021-04-14,244.2639617919922,247.3603773878888,243.85302350789357,246.0702236664277,23070900
2021-04-15,248.00071716308594,248.41165547510374,246.30916207730016,246.50028193242102,25627500
2021-04-16,249.1857147216797,249.43420257052728,246.18487396395932,247.9720032393097,24878600
2021-04-19,247.2743682861328,249.89296968561638,246.39515285160775,248.66012567205544,23209300
2021-04-20,246.81568908691406,248.66972386310928,245.45860096089334,246.39518455013285,19722900
2021-04-21,249.03282165527344,249.12839615609698,245.85039785107426,247.46551066969045,24030400
2021-04-22,245.7739715576172,250.17967342609856,244.31175743059978,248.67923824586626,25606200
2021-04-23,249.5775604248047,249.9216227814362,245.86949159186986,246.45247560871377,21462600
2021-04-26,249.95985412597656,250.81042932030428,248.6410309291481,250.0649948328601,19763300
2021-04-27,250.3612060546875,251.527144809431,248.59318010848577,249.98847430178904,31014200
2021-04-28,243.27960205078125,245.1718722009615,241.74094589292326,244.73223532354257,46903100
2021-04-29,241.32049560546875,244.75142268394788,237.96603981207957,244.13978364685235,40589000
2021-04-30,241.00509643554688,241.86522332728813,238.53943726071017,238.67323283285344,30945100
2021-05-03,240.6992645263672,243.07892977459548,239.99205108430252,242.17101569943725,19626600
2021-05-04,236.8096160888672,240.07807764415418,234.8695731306713,239.84870757177288,32756100
2021-05-05,235.54808044433594,238.44380971230865,234.9268899795364,238.0233052697771,21901300
2021-05-06,238.6636199951172,238.7878639244805,233.8469657565455,235.52896898947418,26491100
2021-05-07,241.27272033691406,243.031180726864,240.03987607400504,240.9764451495572,27032900
2021-05-10,236.22666931152344,240.57504740895237,236.16933043356653,239.7531561321139,29299900
2021-05-11,235.31871032714844,235.67232428967642,231.82090841094862,233.71316381907252,33641600
2021-05-12,228.4091339111328,233.55073330745444,227.52035223071903,231.4386591674871,36684400
2021-05-13,232.2605438232422,234.71666570840435,230.72188761127558,231.08505323354785,29624300
2021-05-14,237.1536407470703,238.13799684815163,234.61152529388377,234.69753359414418,23901100
2021-05-17,234.31527709960938,235.66279895566683,232.7288481318082,235.62457790092228,24970200
2021-05-18,232.30831909179688,235.4907574747066,232.13628790705022,235.35696192329095,20168000
2021-05-19,232.88308715820312,232.98845603876603,228.55341861359128,229.23351488389122,25739800
2021-05-20,236.1016082763672,237.50971302479425,233.5919317445322,233.68772695017472,21800700
2021-05-21,234.84674072265625,237.8736876013957,234.43485354561165,237.14569382470793,21863100
2021-05-24,240.2205352783203,240.5845394923802,237.08821938185093,237.35642839759134,21411500
2021-05-25,241.12095642089844,242.1075855706364,240.25885810514714,241.16885401983907,17704300
2021-05-26,240.90061950683594,242.28956203132947,240.19177311991052,240.8431336244148,17771600
2021-05-27,238.8124237060547,240.89105082585857,238.75495243524915,240.59410618250013,24426200
2021-05-28,239.1668243408203,241.46577734023427,239.05188180655244,240.43125068294205,18270200
2021-06-01,236.98284912109375,240.70905429967564,236.56138825332587,240.65158302753886,23213300
2021-06-02,236.8870391845703,238.77409033945722,235.48850839860341,237.68209245529417,19406700
2021-06-03,235.36402893066406,235.96749192379863,232.76813099742398,234.89465583263,25307700
2021-06-04,240.23011779785156,241.05390683833082,237.08822811237158,237.3277015006935,25281100
2021-06-07,243.12294006347656,243.39114906663502,239.2913661711621,239.45420630763013,23079200
2021-06-08,241.93521118164062,245.2303677441482,241.87772528376647,244.4161522783516,22455000
2021-06-09,242.91220092773438,244.7705165933857,242.54821134914607,243.1229386598986,17937600
2021-06-10,246.4084930419922,246.61923076287093,242.9888211464486,243.58271038731033,24563600
2021-06-11,247.03114318847656,247.60585584294424,245.8050115720476,247.1269091424967,18999700
2021-06-14,248.94691467285156,249.00438593476218,245.98699852152964,247.04068704419933,19150500
2021-06-15,247.4813232421875,249.04269415162125,246.82996275008827,248.8319564356378,18038900
2021-06-16,246.5426025390625,249.60784381199792,243.70723170634307,248.47753664071396,27220000
2021-06-17,249.91445922851562,250.72867471594614,245.23037425998697,245.2878455430907,27565500
2021-06-18,248.50631713867188,251.25546695524517,247.8549565392409,248.6979075420769,37202200
2021-06-21,251.57154846191406,252.42405838745256,247.05987873047914,248.87987034499417,26696100
2021-06-22,254.3303680419922,254.5985771112199,251.3513034059237,251.65783640863998,24694100
2021-06-23,254.1004180908203,255.59472972906184,253.29579099581272,254.79010263405425,19518700
2021-06-24,255.4606475830078,256.5718076715313,254.2920162168532,254.95296514220416,21446900
2021-06-25,253.86090087890625,255.99701370596514,253.61186847057874,255.01997295194124,25611100
2021-06-28,257.4050598144531,257.57747357325474,254.7133822825889,254.9815912071404,19590000
2021-06-29,259.9722900390625,260.2117634140492,256.6963106394944,257.5488206535005,19937800
2021-06-30,259.4933776855469,259.9340005688029,258.248127663591,259.2922282090203,21656500
2021-07-01,260.163818359375,260.3937033900851,258.24803181657046,258.25759087112823,16725300
2021-07-02,265.9591064453125,266.2943749941608,261.02596110039144,261.33249401548636,26458000
2021-07-06,265.96875,267.6067399294796,262.7502121878958,266.3231659674658,31565600
2021-07-07,268.14312744140625,268.871135874846,265.48018461117033,267.6354450424523,23260000
2021-07-08,265.7388610839844,266.9936993883383,263.2962148119462,265.24073769242233,24618600
2021-07-09,266.2369384765625,266.3422927365469,263.72726202590263,264.1104136034873,23916700
2021-07-12,265.64306640625,267.98988824180765,264.9342052474398,267.40558716373033,18931700
2021-07-13,269.1488952636719,270.94015122587615,265.7100615012556,265.83456308659123,26120100
2021-07-14,270.61456298828125,271.7161349148636,268.7370702579605,270.4612964858512,23113700
2021-07-15,269.1967468261719,270.6144394017585,268.0472631992008,270.12590447540833,22604200
2021-07-16,268.9286193847656,272.1375686860977,267.6929284961445,270.19304591114116,26186800
2021-07-19,265.3461608886719,268.5646699036841,262.8939551917299,267.1853005450795,32935600
2021-07-20,267.558837890625,269.13935642812294,264.6276859170567,266.3231470052684,26259700
2021-07-21,269.5512390136719,269.66618156241043,265.6143105564195,267.15650513964744,24364300
2021-07-22,274.0917053222656,274.3599143771926,271.48623340329215,271.88853236938525,23384100
2021-07-23,277.4730529785156,277.7795567148543,274.43651739318557,275.2698801509867,22768100
2021-07-26,276.879150390625,277.49221636391906,274.5706523975375,276.8312674007215,23176100
2021-07-27,274.4747619628906,277.3867366280159,271.035928428635,277.2430584755565,33604100
2021-07-28,274.1683349609375,277.9328501720767,271.8789549948285,276.82168997630873,33566900
2021-07-29,274.43646240234375,276.467191757566,274.0341343071643,274.187400760919,18168300
2021-07-30,272.9134216308594,274.58973513938895,271.9555281974139,273.16248327798326,20944800
2021-08-02,272.8271789550781,274.69505336581767,271.79263781236295,274.3023136016928,16267400
2021-08-03,275.0303955078125,275.1357790008344,272.0417722643763,273.4019939880385,17879000
2021-08-04,274.446044921875,275.4805569222393,272.66434801294275,274.1682476532474,16191300
2021-08-05,277.3293762207031,277.4347597296867,274.05339610482133,274.80055202884665,13900200
2021-08-06,277.2718505859375,277.31017451192804,275.5093300140489,276.3618692799431,16589300
2021-08-09,276.18939208984375,279.2738100175353,275.6912980438974,277.549613584763,16117600
2021-08-10,274.3789367675781,277.07061438199986,273.19115852707347,276.63955073919414,18616600
2021-08-11,274.8675537109375,276.50554342388034,273.82342406292844,275.1165861447633,13955900
2021-08-12,277.60711669921875,277.76038316922904,274.28322503938256,274.5610223433131,14561300
2021-08-13,280.5191650390625,280.5670480291717,277.11862499606184,277.29106807216334,18249000
2021-08-16,282.1954040527344,282.40614177195425,277.80823587058995,280.84477083854165,22507600
2021-08-17,280.739501953125,281.07477062953905,278.82371435372914,280.0785821253244,20075300
2021-08-18,279.0214538574219,282.9467339501036,278.5799583297278,280.27869394112855,21813000
2021-08-19,284.8182678222656,285.490088665484,277.01570926895175,277.0636839198015,29850500
2021-08-20,292.10260009765625,293.52300710937357,286.0563295513358,287.64948045556423,40817600
2021-08-23,292.380859375,293.1006547103833,289.6936351716544,291.0372472733272,22830200
2021-08-24,290.4326171875,293.34058919776106,289.8375910575891,292.7359564242879,18175800
2021-08-25,289.84722900390625,292.32331236094075,288.3212662286274,292.0449832645035,20006100
2021-08-26,287.04486083984375,290.25034679976966,286.91051423562993,288.86833701855477,17666100
2021-08-27,287.6494445800781,288.7531250293206,284.87581884584097,286.94883316309097,22605700
2021-08-30,291.3635559082031,291.968188686325,288.9354474406273,288.99302872534867,16348100
2021-08-31,289.7224426269531,292.23692312498054,289.35774161636004,292.16015783837884,26285300
2021-09-01,289.6744384765625,292.8991369938273,289.34813475379116,290.6725629329241,18983800
2021-09-02,289.0218505859375,291.14283957172955,288.0909139976585,290.02958175450493,16285600
2021-09-03,289.0122985839844,290.4134922673868,288.1677338580256,288.8683160554501,14747900
2021-09-07,288.0909423828125,288.96429776620096,286.1907010174333,288.8875324668998,17180400
2021-09-08,288.1197509765625,288.5036360740859,285.4901073055441,287.7070752289388,15046800
2021-09-09,285.2789306640625,289.9720110672176,285.03899884685137,288.70516404309024,19927000
2021-09-10,283.8008728027344,287.84134470048576,283.48417576872026,286.4017541506048,19633400
2021-09-13,285.0293884277344,286.51698324787736,282.2365785977501,285.56683334808685,23652900
2021-09-14,287.7166748046875,289.2522444456008,286.0947332155957,287.49592696697243,21853400
2021-09-15,292.5440979003906,293.02396157546303,289.66491584995623,291.0469255772491,28356300
2021-09-16,292.9279479980469,293.0143199346179,288.647572728406,291.52675443497674,19550800
2021-09-17,287.79339599609375,292.2369376988319,287.4670922568032,291.92024060405146,41372500
2021-09-20,282.44775390625,286.6897617780861,277.86025823894886,284.395999300158,38278700
2021-09-21,282.9276123046875,285.5572851714307,282.22703008079156,283.78178370843756,22364100
2021-09-22,286.5554504394531,288.12941774283956,282.64938141421806,284.7799778318743,26626300
2021-09-23,287.4958801269531,288.781911071233,285.5476350659735,286.81448200996863,18604600
2021-09-24,287.29437255859375,287.72623226962907,284.9718196101101,286.2194826708354,14999000
2021-09-27,282.3230285644531,284.53038991922193,281.14255329173125,284.21369275698544,23571700
2021-09-28,272.1017761230469,279.0694031985472,271.3627969105256,278.1288602374401,43186200
2021-09-29,272.5625,275.22093355823574,271.6123795307858,273.6182056816531,26353700
2021-09-30,270.5663757324219,276.2383391909567,270.2784399241369,274.20372168206217,32343600
2021-10-01,277.4571838378906,278.301748595393,269.96171554788884,270.7582763645691,30086300
2021-10-04,271.70831298828125,276.1614605902717,268.9635076643741,275.8255502626874,31350700
2021-10-05,277.130859375,278.7047968877301,272.61052278816857,272.61052278816857,24993000
2021-10-06,281.3056335449219,281.80471044780717,274.0117300480355,274.270845855537,28002600
2021-10-07,282.9755859375,284.6935059183277,282.08304662293614,283.2922830435044,20430500
2021-10-08,282.9755859375,284.6935059183277,281.92948674808355,284.2904075857707,17685700
2021-10-11,282.3805236816406,285.9698937714107,280.96011698698385,281.1232834858587,19298600
2021-10-12,281.0849609375,283.5418606976777,280.57630659547624,283.4458821015579,17974100
2021-10-13,284.3768310546875,285.3077678287941,281.6703926860201,283.03321851694517,23416300
2021-10-14,290.55743408203125,291.05648172385895,285.83556297646015,287.1599913093113,27262900
2021-10-15,291.95867919921875,292.18903370330804,288.41728256762934,290.16399355489904,25384800
2021-10-18,294.9146728515625,295.79760575348956,290.49992047624994,291.3444853657865,22729300
2021-10-19,295.8168029785156,296.843689092521,294.8474688799696,295.9319655865493,17682100
2021-10-20,295.02972412109375,297.22750747620495,293.7820612638545,296.7572212605968,16537100
2021-10-21,298.2447814941406,298.49429060596367,294.0219591273545,294.7993649678428,16918100
2021-10-22,296.70928955078125,298.56155617287357,295.40404521926826,297.8993420062516,17449300
2021-10-25,295.7207946777344,296.939637875098,294.11803710740327,296.90124058009036,17554500
2021-10-26,297.6210021972656,299.81878579139044,296.1718339720267,298.4751735047065,28107300
2021-10-27,310.1550598144531,312.9670535510442,303.2738027325777,303.2738027325777,52588700
2021-10-28,311.28753662109375,311.7865842427679,308.417932252952,311.2683233315921,26297900
2021-10-29,318.26470947265625,318.6294104720148,310.8556147805,311.07636256657173,34766000
2021-11-01,316.1053466796875,318.1399636800593,313.2261650477916,318.0151944565091,27073200
2021-11-02,319.7139587402344,320.02107850414706,316.71000761817237,317.00752073679007,26487100
2021-11-03,320.54888916015625,321.4126377941951,317.3337971387141,320.45291058114077,21500100
2021-11-04,322.890625,322.98660357874707,316.23972246138726,319.4836051186062,23992200
2021-11-05,322.52593994140625,325.1460058993081,320.95200246852335,324.8772834386426,22570100
2021-11-08,323.4185485839844,324.0519722245829,320.9712552672445,323.7160617546137,20897000
2021-11-09,322.4204406738281,325.07887510156485,321.0576148411244,323.53369871472705,21307400
2021-11-10,317.4776916503906,321.1534625982001,316.6331564614686,321.09588131914967,25500900
2021-11-11,319.0420837402344,320.32811458361215,317.1994240467713,317.90961275273645,16849800
2021-11-12,323.159423828125,323.64889419343916,320.34742946636004,320.4721987193662,23831000
2021-11-15,322.5355224609375,324.2726263246895,320.5776708005054,323.94632259604236,16723000
2021-11-16,325.8370361328125,326.95032335349225,321.99812680159425,322.16126404658087,20886800
2021-11-17,326.0581359863281,329.0098960712893,324.9812796361216,325.8850760747881,19053400
2021-11-18,328.1253356933594,329.25990808153233,324.1351865907532,325.15435635646554,22463500
2021-11-19,329.8945007324219,331.8078723346504,329.0195768042026,329.44263177761013,21963400
2021-11-22,326.7408142089844,336.2018344650954,326.47160009386823,331.3463268296399,31031100
2021-11-23,324.67364501953125,326.3754890891575,320.7123388682241,324.06790589930085,30427600
2021-11-24,324.8948059082031,325.13517671876446,321.0488729392215,323.3275835286007,21661300
2021-11-26,316.9818420410156,324.91408013533686,315.48193027600644,321.4719824546479,24217200
2021-11-29,323.6640930175781,325.9716468199308,321.84687569261206,322.03918406869917,28563500
2021-11-30,317.8566589355469,324.7697239982536,316.31828027928486,322.40448405275345,42885600
2021-12-01,317.3663024902344,326.21195801552415,316.70290620086416,322.22180934894953,33337600
2021-12-02,316.79913330078125,320.6450666242844,315.17422412422974,317.5779324514192,30766000
2021-12-03,310.5686340332031,319.8854066749846,305.78043811748984,319.2027326168605,41779300
2021-12-06,313.62615966796875,314.83763770524575,306.9342458292847,311.47244701692887,30032600
2021-12-07,322.01995849609375,322.8660390443126,317.38560254163633,318.8662948497607,31021900
2021-12-08,322.06793212890625,322.57751689845855,318.0585354762929,322.3948327978521,24761000
2021-12-09,320.2700500488281,323.52946273979535,319.327785978313,321.52959065515364,22214200
2021-12-10,329.3464050292969,329.7886790069199,321.894911553193,322.0775956761069,38095700
2021-12-13,326.32733154296875,330.5482560904691,326.01964993405755,327.5580286364802,28899400
2021-12-14,315.693359375,321.75072054562577,311.6262752750999,320.3854016251195,44438700
2021-12-15,321.7602844238281,322.2794934666321,312.00123771055326,315.9529188096588,35381100
2021-12-16,312.3858337402344,323.7890378493558,310.57824093079836,322.77946305235776,35034800
2021-12-17,311.32818603515625,312.4050716507524,305.0304840740271,308.52067208536005,47750300
2021-12-20,307.58807373046875,310.36674473714834,305.3382067120296,307.72266611167277,28326500
2021-12-21,314.6838073730469,315.10686227817746,307.48227910762097,310.8378750297764,24740600
2021-12-22,320.3661804199219,320.760362669551,313.2031195933652,315.6548897596977,24831500
2021-12-23,321.79876708984375,323.4333000256045,319.91426851160736,319.9334876096026,19617800
2021-12-27,329.25994873046875,329.2887920541107,322.51031757686,322.53916090050194,19947000
2021-12-28,328.1061706542969,330.5675655138853,327.21199824231996,329.93298302540904,15661500
2021-12-29,328.7791748046875,331.0386367329647,326.5965892757154,328.1541872836197,15042000
2021-12-30,326.2504577636719,329.9137060860202,325.76971620596595,328.7406955115323,15994500
2021-12-31,323.3660888671875,326.2889771388825,322.9141905168314,325.47173976117205,18000800
2022-01-03,321.8564453125,324.98126516990294,317.0778734645708,322.433341000755,28865100
2022-01-04,316.3375549316406,322.28913749513237,313.55885476913005,321.93336411107276,32674300
2022-01-05,304.19403076171875,313.5108044365724,303.8094433864934,313.308871857317,40054300
2022-01-06,301.7903137207031,306.42466920650463,299.49235507622586,301.08842050942394,39646100
2022-01-07,301.94415283203125,304.30939297872214,298.1462829521569,302.0499018859666,32720000
2022-01-10,302.16534423828125,302.59802345743225,292.95434719242326,297.56945526670665,44289500
2022-01-11,302.8480224609375,304.41521560321814,297.95407595164454,301.30964330202585,29386800
2022-01-12,306.0111999511719,310.95323691547827,304.8670327735876,307.3572996957186,34372200
2022-01-13,293.0600280761719,308.5206922774309,292.2908533568236,308.1264806975711,45366000
2022-01-14,298.2521057128906,298.8482206128136,292.0505272250826,292.53126883368355,39846400
2022-01-18,290.9928283691406,297.8674260520063,290.1178753051929,292.3581471597959,42333200
2022-01-19,291.6466979980469,301.8192070990576,291.0409882048272,294.49270951204926,45933900
2022-01-20,289.9833068847656,299.6462002381442,289.541032877528,297.16558676731063,35380700
2022-01-21,284.6278381347656,292.39660859622313,284.22400232617673,291.03131903917586,57984400
2022-01-24,284.9547119140625,285.6661999443274,265.41737031888897,280.9453442370806,85731500
2022-01-25,277.3782043457031,283.6278434641429,274.18610328061175,280.29149648415216,72848600
2022-01-26,285.28167724609375,296.6175725961171,281.74342604783857,296.1272067657119,90428900
2022-01-27,288.2911071777344,295.4637633356451,286.45467082104994,291.0024967310887,53481300
2022-01-28,296.38677978515625,296.5983072336974,283.1087009699881,288.666071926605,49743700
2022-01-31,299.0020446777344,300.34811523788875,294.5695920371354,297.05023502997614,46444500
2022-02-01,296.86761474609375,298.66558395346516,293.37742541783444,298.4540564383542,40950400
2022-02-02,301.386474609375,302.9825400250582,296.98289506365415,297.7040073654435,36636000
2022-02-03,289.6467590332031,299.2423701113963,288.40643772478234,297.5693697082304,43730000
2022-02-04,294.1561279296875,296.9059553802916,288.4160729228112,288.64681946632084,35096500
2022-02-07,289.3583068847656,295.9829091831595,288.34873217729285,294.3772490807872,28533300
2022-02-08,292.8293151855469,293.79079836630905,288.3968918064597,289.64680820459523,32421200
2022-02-09,299.2231750488281,299.91544411863055,295.55033156667764,297.9347910965561,31284700
2022-02-10,290.7331848144531,297.21356974340233,289.1179006911391,292.3292498442019,45386200
2022-02-11,283.676025390625,292.56974542474626,282.88760208602713,291.51210798469305,39175600
2022-02-14,283.637451171875,285.3296704395343,280.1280445088522,282.4548166597546,36359500
2022-02-15,288.8968200683594,289.2140965718555,285.57969173022536,288.4545460706531,27058300
2022-02-16,288.5596008300781,289.8795515618136,282.95219184742473,287.47087375855756,29982100
2022-02-17,280.1098937988281,285.9581395746982,279.4065494858051,285.5342100439442,32461600
2022-02-18,277.41229248046875,283.1256704001954,275.8514736331867,282.34526097655436,34264000
2022-02-22,277.2099304199219,280.8903974019096,274.1075520292779,274.58928762159644,41736100
2022-02-23,270.0321044921875,281.04460436118626,269.8683308283759,279.58010909240227,37811200
2022-02-24,283.82891845703125,284.37810398388814,261.60163542289047,262.55549170711595,56989700
2022-02-25,286.44952392578125,286.75784166291743,280.99627523672604,284.3588085894467,32546700
2022-02-28,287.87548828125,288.2127089883334,282.29698334683417,283.5591279167411,34627500
2022-03-01,284.1758117675781,289.0124260885947,281.4780750548052,285.5728272162815,31217800
2022-03-02,289.22442626953125,290.4576682481348,282.9715074955346,284.57084383733564,31873000
2022-03-03,285.1104431152344,292.0570630305392,283.3087270663971,291.8258393249391,27314500
2022-03-04,279.2716979980469,284.8598476008339,276.6799879839054,283.539896997228,32356500
2022-03-07,268.7217102050781,279.10792679805024,268.35558650691434,277.99029686784587,43157200
2022-03-08,265.7735290527344,273.58726615536074,260.1372168079997,267.6522801991081,48159500
2022-03-09,277.96136474609375,279.0211886551483,270.5233679518194,273.0862041672424,35204500
2022-03-10,275.1577453613281,276.1308607136372,270.33074508462164,272.6816172407287,30628000
2022-03-11,269.8393249511719,278.93449337232187,269.22268940942564,277.44109570873076,27209300
2022-03-14,266.342041015625,274.9747366839514,265.74469344120354,270.099573663449,30660700
2022-03-15,276.6607360839844,277.3062746946172,268.5483254301358,270.10914399569396,34245100
2022-03-16,283.63623046875,283.8096481851476,272.854988057363,278.54907556535204,37826300
2022-03-17,284.43597412109375,284.81171260660994,278.7996616158856,282.5764817272433,30816600
2022-03-18,289.4556579589844,290.0048436231841,282.0369470428673,284.5804958303675,43390600
2022-03-21,288.23199462890625,289.17620681599607,284.12759866402473,287.9718680378315,28351200
2022-03-22,292.9530334472656,293.8586986740922,287.85626286698505,288.84863696836237,27599700
2022-03-23,288.54998779296875,292.1533901687108,286.84465430957243,289.53274726035676,25715400
2022-03-24,292.9916076660156,293.0879606698215,287.4227451186162,288.2127985858923,24484500
2022-03-25,292.58697509765625,294.34050002683153,288.3573511232307,294.0803733450445,22566500
2022-03-28,299.35052490234375,299.4468485037341,293.2131884282858,293.2131884282858,29578200
2022-03-29,303.88848876953125,304.2835155341289,297.7607959614938,302.443281807603,30393400
2022-03-30,302.39508056640625,304.40876140768165,300.1983672332794,302.298756961056,28163600
2022-03-31,297.04779052734375,303.6283150055242,296.643149106342,302.4335907750661,33422100
2022-04-01,298.1173095703125,298.801365976558,294.3790361342476,298.0691183624966,27110500
2022-04-04,303.4644775390625,303.59934819649135,298.39661041143324,298.7627341145734,24289600
2022-04-05,299.5240173339844,303.3682591165135,298.5509017337688,301.82669887347197,23156700
2022-04-06,288.5596008300781,295.7856342398464,285.8715081688589,294.04175386251336,40110400
2022-04-07,290.361328125,292.55804141565983,285.52471299808303,285.82338673563873,31411200
2022-04-08,286.12200927734375,290.1204083993762,285.4572118764955,289.46525511827485,24361900
2022-04-11,274.83978271484375,281.921271966205,274.5892708132743,281.13124798929533,34569300
2022-04-12,271.75665283203125,280.11957482236716,270.24399616662504,278.6743681898196,30966700
2022-04-13,277.1135559082031,278.0384799408657,271.0244114373308,272.40219747053607,21907200
2022-04-14,269.608154296875,277.7784013045191,269.1168039398963,277.56643644763085,28221600
2022-04-18,270.2729187011719,272.14205510022083,268.17255863306326,268.7217442498862,20778000
2022-04-19,274.8782958984375,275.7165404624221,268.2399952405621,269.1745633932946,22297700
2022-04-20,275.89959716796875,279.1176168323527,274.9457700942281,278.8285578322928,22906700
2022-04-21,270.5523376464844,282.5860831842899,269.82973426697856,278.0384980731543,29454600
2022-04-22,264.0199279785156,272.8549690161298,263.39367777780495,271.3904744390606,29405800
2022-04-25,270.4656677246094,270.84140624661075,260.8791164146194,263.3070829372568,35678900
2022-04-26,260.34918212890625,268.19182220528097,260.13721729425794,267.3632511079873,46518400
2022-04-27,272.8742980957031,280.34119944845656,268.96260761022705,271.7952151207864,63477700
2022-04-28,279.05010986328125,280.3508015911793,271.1785388721603,274.7722962798131,33646600
2022-04-29,267.3824768066406,279.2909943451643,266.3997469147851,278.0673672865681,37073900
2022-05-02,274.0786437988281,274.5314764230111,266.1300066784379,267.56556930704056,35151100
2022-05-03,271.48687744140625,273.7510403407447,269.91641488989063,273.5872373213016,25978600
2022-05-04,279.3874206542969,280.2545389514792,266.6214258152803,272.2673535703565,33599300
2022-05-05,267.21875,275.88999102064156,264.318692205309,275.10958168100854,43260400
2022-05-06,264.69451904296875,269.0493993625889,261.3608866937314,264.77158382085645,37780300
2022-05-09,254.91519165039062,262.41099624830406,253.70123795853172,260.1950242973113,47726000
2022-05-10,259.65545654296875,263.75020864058513,255.38728670730274,261.7654605643178,39336400
2022-05-11,251.0324249267578,261.4475468907718,249.82808585226212,255.97503719293763,48975900
2022-05-12,246.02235412597656,250.38687708360916,240.88705133910193,248.27687299785254,51033800
2022-05-13,251.58154296875,253.43142022710913,246.0223258803733,247.9492678815467,34925100
2022-05-16,251.9477081298828,256.1099105942852,246.43665192316664,250.46395431193443,32550900
2022-05-17,257.0734558105469,258.5282776861266,252.8727050568493,256.38936992042704,28828800
2022-05-18,245.36895751953125,254.56257176339622,244.10387277067719,253.98313666002718,31356000
2022-05-19,244.4611358642578,248.8358391110842,243.2443400632524,245.19507408358177,32692300
2022-05-20,243.90101623535156,249.67600344933274,237.9908442252686,248.4205560699694,39199300
2022-05-23,251.7136688232422,252.53453266305888,244.74120368329199,246.73058943517603,33175400
2022-05-24,250.71893310546875,252.3702975662189,244.80876179643943,249.0482649536474,29043900
2022-05-25,253.51956176757812,255.50893286369595,248.31437179357388,249.2897536459207,28547900
2022-05-26,256.7836608886719,257.9521680064266,252.46691284814418,253.2781100641193,25002100
2022-05-27,263.8720397949219,263.96861721941957,258.3867839504424,259.2752549960121,26910800
2022-05-31,262.54901123046875,265.3495796777819,259.709805919586,263.1863868585538,37827700
2022-06-01,263.08013916015625,268.16944748829445,260.78173234380733,265.7648261496329,25292200
2022-06-02,265.166015625,265.23362274910033,252.63105360262074,255.38334728727818,44008200
2022-06-03,260.7623596191406,264.0747845426284,259.2075725800062,261.04242522746756,28059000
2022-06-06,259.53594970703125,264.7797759619563,258.0584066884809,262.73246453455715,22400300
2022-06-07,263.15740966796875,263.76581500022235,256.82231988834405,257.49833236224606,22860700
2022-06-08,261.1390075683594,263.64020598603173,260.3664178533954,262.39442533216015,17372300
2022-06-09,255.71173095703125,263.36017868447857,255.5572129915601,258.5992099165968,26439700
2022-06-10,244.31629943847656,251.64605970485297,243.87206395245485,251.64605970485297,31422800
2022-06-13,233.95416259765625,240.4824068795414,233.24919461693813,236.70645685368288,46135800
2022-06-14,236.1077117919922,237.3148557778769,233.2298699199791,235.49930650770008,28651500
2022-06-15,243.1284637451172,246.54710394987805,237.97154789524555,239.79674911112798,33111700
2022-06-16,236.57125854492188,238.9372578860195,234.6881168136664,237.5466256119709,33169200
2022-06-17,239.15933227539062,241.91162613162422,235.66344842154882,236.3104757531048,43084800
2022-06-21,245.04058837890625,246.01595545881753,240.95560233610817,241.67988876042264,29928300
2022-06-22,244.4514923095703,248.35298995386094,241.7861089374633,243.254000161548,25939900
2022-06-23,249.98500061035156,250.47752474998597,244.93432941875366,246.8078191002136,25861400
2022-06-24,258.52197265625,258.79237173531016,252.74698510975713,252.8338959418169,33923200
2022-06-27,255.8083038330078,259.1013666061605,254.2534870945373,259.0144557779908,24615100
2022-06-28,247.68666076660156,257.7590638663584,247.53214278827687,254.9295252245594,27295500
2022-06-29,251.3370361328125,252.9884007989355,246.99130319168566,248.75856369685934,20069800
2022-06-30,248.02459716796875,250.63203973702053,244.22934388273976,248.2370556696788,31730900
2022-07-01,250.68032836914062,250.86381660731956,245.88073757874744,247.599724121051,22837700
2022-07-05,253.83819580078125,253.96374346725312,246.00624649481796,247.3775600381912,22941000
2022-07-06,257.0830078125,258.8019795069243,253.40363564931488,254.70735692498906,23824400
2022-07-07,259.1979675292969,259.8353431316474,255.9338452648158,256.0304226841945,20859900
2022-07-08,258.4833068847656,258.9082238859461,254.2631366183598,255.71170926657888,19658800
2022-07-11,255.44137573242188,257.39211012267776,253.19124247116224,256.54227590235445,19455200
2022-07-12,244.97299194335938,256.8223224888686,243.39887133033,256.764381930095,35868500
2022-07-13,244.0555419921875,244.8570873615849,239.603594413408,241.61228376039588,29497400
2022-07-14,245.36895751953125,246.39261343125602,237.508035172027,241.9793019510687,25102800
2022-07-15,247.91839599609375,251.44325042079436,246.03525438925857,246.9526808402148,29774100
2022-07-18,245.5330810546875,251.89714046464383,244.6156545937457,250.84451446983314,20975000
2022-07-19,250.63204956054688,250.8155377951831,244.9826100870289,248.74889324561178,25012600
2022-07-20,253.278076171875,255.7889412022588,250.03328774217377,250.98933621319566,22788300
2022-07-21,255.76004028320312,255.80834373168997,248.2178060367972,250.88318973487608,22404700
2022-07-22,251.43359375,256.23319944277154,250.1878423691355,256.1462886118709,21881300
2022-07-25,249.95602416992188,252.5344964316374,248.00529029472085,252.05163888587902,21056000
2022-07-26,243.26365661621094,250.97007463688564,241.01355313399756,250.9507414709721,39348000
2022-07-27,259.5262756347656,260.79136010238045,249.97536828625238,252.2061678876976,45994000
2022-07-28,266.9333801269531,268.3143459872542,258.68616288804407,260.50171243898495,33459300
2022-07-29,271.1148986816406,272.33170936707273,267.1458230211277,268.17914544538223,32152800
2022-08-01,268.478515625,271.63639399506593,266.38290049065427,268.2950273632756,21539600
2022-08-02,265.3977966308594,268.3625486786498,263.0414497330181,266.5373332288023,22754200
2022-08-03,272.7856140136719,273.7802996377368,267.12650678074345,267.2713876591738,23518900
2022-08-04,273.9251403808594,274.0699917823572,270.5644699809408,272.1385611722735,18098700
2022-08-05,273.21051025390625,273.9251301220604,269.1255240569013,269.5794114121241,16774600
2022-08-08,270.7092590332031,276.11726939013334,269.74354395058293,274.3113574297538,18739200
2022-08-09,272.62139892578125,273.3746556298809,268.09219211802474,270.05262233660574,23405200
2022-08-10,279.2461853027344,279.8738942312327,277.10229657539446,278.2901367727336,24687800
2022-08-11,277.1795959472656,281.2259454287706,276.6871011826993,280.8783020655473,20065900
2022-08-12,281.90191650390625,281.90191650390625,277.10231096943915,278.58952057102715,22619700
2022-08-15,283.408447265625,284.09409682100915,280.1636287959346,281.02312948938925,18085700
2022-08-16,282.674560546875,283.95897859670816,280.4630933901731,281.9792442454268,18102900
2022-08-17,281.9293212890625,283.8938831580585,280.1389500408416,280.4002359720042,18253400
2022-08-18,280.81640625,282.5003080383182,279.76151632304703,280.8357509194147,17186200
2022-08-19,276.9259338378906,279.9260110820991,276.35495606289055,279.58728744368415,20570000
2022-08-22,268.7967224121094,273.3548871851572,268.28380815555704,272.9871317684134,25061100
2022-08-23,267.52899169921875,269.8709667468448,266.5225077065828,267.52899169921875,17527400
2022-08-24,266.8999328613281,268.29351690361904,266.24183017802443,266.5321774149117,18137000
2022-08-25,269.861328125,270.02583166772644,265.6708883290783,268.3903061400595,16583400
2022-08-26,259.4481506347656,271.3032734990673,259.3417106465169,270.0838799821935,27549300
2022-08-29,256.6803283691406,258.7803619357156,255.34480790841272,257.2803379595906,20338500
2022-08-30,254.49314880371094,258.4416167849743,252.25761414315465,258.0738909142503,22767100
2022-08-31,253.04147338867188,258.499651717729,252.90597213510085,256.83512454875284,24791800
2022-09-01,252.00596618652344,252.48019105573172,247.17682893710062,250.5252871170985,23263400
2022-09-02,247.80592346191406,256.20611724920184,246.26718053225406,253.2641326770218,22855400
2022-09-06,245.08645629882812,249.5188064622745,243.81868666646542,247.941374513476,21328200
2022-09-07,249.77047729492188,250.48661397846638,245.0574662441124,246.48975437812405,24126700
2022-09-08,250.18661499023438,252.0350498159717,246.57685541782593,249.20919235362013,20319900
2022-09-09,255.9351348876953,256.6803328721326,251.8995711991458,252.10279358860814,22084700
2022-09-12,258.05462646484375,258.82885647053934,256.6126655341521,257.21267532990686,18747700
2022-09-13,243.86709594726562,252.00598798329736,243.47998110571493,250.49627701855277,33353300
2022-09-14,244.0896759033203,246.03487812902216,241.8057500396919,245.35744562009026,23913000
2022-09-15,237.47019958496094,243.2961347228246,236.1540384880937,241.71868768706014,31530900
2022-09-16,236.8507843017578,237.39273027700912,234.25716671987198,236.3862465227536,39791800
2022-09-19,236.63792419433594,237.23793382536144,233.0862280822725,234.65400280433187,26826900
2022-09-20,234.6345977783203,235.66042621279018,231.91518076360506,234.26685715668725,26660300
2022-09-21,231.24745178222656,239.6766917207571,231.19906057717108,236.3959688481416,28625600
2022-09-22,233.2119903564453,235.99915810009645,229.91192314451845,230.20224081204793,31061200
2022-09-23,230.25067138671875,233.35720386281167,227.61834912688556,231.81844612716222,34176000
2022-09-26,229.79580688476562,233.66686706312993,229.263533156856,229.40870677369827,27694200
2022-09-27,228.789306640625,234.0055589313427,226.94087211261905,232.24421970145121,27018700
2022-09-28,233.2991180419922,234.5184966384645,227.16347665591098,229.17642964868273,29029700
2022-09-29,229.8441619873047,232.21518302073704,226.85377201329916,231.18935459731148,27484200
2022-09-30,225.39247131347656,232.78619560885667,225.22795302914213,230.60872427461211,35694800
2022-10-03,232.979736328125,233.8216870981845,227.09572373714803,227.82154744014306,28880400
2022-10-04,240.8573455810547,242.28963357290925,237.08305341434055,237.18950814956145,34888400
2022-10-05,241.1670684814453,242.50258909201375,236.23147515733956,238.06055067024138,20347100
2022-10-06,238.83474731445312,242.27031644163847,238.14764234917035,239.93799895986987,20239900
2022-10-07,226.68931579589844,233.5410948826366,225.65379998930908,233.13462052161643,37769600
2022-10-10,221.86013793945312,226.99896799750226,219.42136587622,225.5376480865996,29743600
2022-10-11,218.14390563964844,221.67624187674608,216.8858082240652,220.28265795591057,30474000
2022-10-12,218.47296142578125,220.5149462849339,216.74066847271945,218.13423774935973,21903900
2022-10-13,226.68931579589844,228.48935957942223,212.0663836762347,212.7631757709487,42551800
2022-10-14,221.19235229492188,229.59255965182822,220.9794428267959,227.94734744050535,30198600
2022-10-17,229.8732147216797,231.2571263231049,227.5602570081076,228.21834487388986,28142300
2022-10-18,230.81195068359375,236.06690750411659,227.7828415320167,235.39916206358598,26329600
2022-10-19,228.85707092285156,231.88618020226818,226.7376631373762,229.39901697875123,19985700
2022-10-20,228.5377197265625,233.53139112693572,227.29898159472276,228.16997903446602,21811000
2022-10-21,234.31527709960938,235.166915097807,226.9409118947973,227.17318083073934,26299700
2022-10-24,239.27987670898438,239.85085446829365,233.52167838261744,235.90237181871956,24911200
2022-10-25,242.57997131347656,242.94771196115997,237.90566472884615,239.28956155004425,34775500
2022-10-26,223.86341857910156,230.61841449713438,222.64402516459023,223.71824496136685,82543200
2022-10-27,219.44070434570312,226.15699552057893,218.50197115457948,223.592409520333,40424600
2022-10-28,228.26669311523438,228.9731720961837,218.7632498558245,218.94712754218335,40647700
2022-10-31,224.64732360839844,227.34738181471067,223.69890315195386,226.22477072356645,28357300
2022-11-01,220.81495666503906,228.14094541319034,220.00203754140927,227.0376938120004,30592300
2022-11-02,213.0050506591797,223.8440140902892,212.94697236362157,222.0633302997546,38407000
2022-11-03,207.3436279296875,213.3050632032554,207.0823272743383,212.99537134996444,36633900
2022-11-04,214.2534942626953,214.447044310669,206.5500783111964,210.5372801806807,36789100
2022-11-07,220.52459716796875,221.04719851693054,214.14702961237924,214.83414923285227,33498000
2022-11-08,221.49237060546875,224.18275612145348,218.5600438397234,221.32785232766216,28192500
2022-11-09,217.27293395996094,221.26013615245242,217.09874333274988,220.04074269428185,27852900
2022-11-10,235.14752197265625,235.48624560984527,227.42476185380536,227.84089369162848,46268000
2022-11-11,239.1444091796875,239.99604710310476,234.1313788126477,235.15722211445575,34620200
2022-11-14,233.76365661621094,236.0475827819004,231.49908988674315,234.1894756115481,31123300
2022-11-15,234.1700897216797,239.03794631342942,232.29262332719875,237.74114480461608,31390100
2022-11-16,234.5971221923828,236.60604855552322,233.3257795259496,235.62584176038104,24093300
2022-11-17,234.54855346679688,236.07223336578542,230.6180718084606,230.7636397185708,23123500
2022-11-18,234.10215759277344,236.547802374884,231.97677705188883,236.32457848011174,27613500
2022-11-21,234.90769958496094,237.45038505549468,234.07307548881437,234.30598419845745,26394700
2022-11-22,237.79971313476562,238.0714497781423,233.60719434514203,236.40220193537894,19665700
2022-11-23,240.27452087402344,240.9538626225825,237.06219325627018,237.87740335454106,19508500
2022-11-25,240.18714904785156,241.36143645953254,239.44956540890726,240.01245273021934,9200800
2022-11-28,234.626220703125,239.37192761122702,233.69455635778226,238.81875468278062,24778200
2022-11-29,233.23843383789062,235.6258367832805,231.18099474535325,234.27685297681788,17956300
2022-11-30,247.61138916015625,247.79578505485316,232.7822689392651,233.4713249444162,47594200
2022-12-01,247.17469787597656,248.5624948221186,243.51593758658888,246.37888704446783,26041500
2022-12-02,247.49497985839844,248.5042854543991,242.32225350861475,242.44842226131698,21528500
2022-12-05,242.81719970703125,246.3303923254423,240.74034652754588,244.57378861196725,23435300
2022-12-06,237.8870849609375,244.42820886485632,236.58662873937655,243.41890331596056,22463700
2022-12-07,237.15921020507812,238.89639979977625,235.0629579890975,237.60564320065706,20481500
2022-12-08,240.09982299804688,241.4002941181583,235.88788937538192,237.61536472861388,22611800
2022-12-09,238.17823791503906,240.98296029845363,236.95542284837845,237.47948221736485,20609700
2022-12-12,245.0590057373047,245.08811932166867,239.8765804009923,240.14831706074776,30665100
2022-12-13,249.33888244628906,256.13232821113195,245.60248135221084,253.96811982675712,42196900
2022-12-14,249.63003540039062,254.8415744130712,246.80589919892807,249.54269464575677,35410900
2022-12-15,241.6623077392578,246.69916567601095,240.04158720461845,246.2333334693487,35560400
2022-12-16,237.4697723388672,242.4678019516118,236.3245836806278,241.21587335248572,86102000
2022-12-19,233.35488891601562,237.97444210459676,231.66624165874438,237.63476384948163,29696400
2022-12-20,234.66505432128906,235.74230142731602,231.38478542376703,232.33586378495446,25150800
2022-12-21,237.21742248535156,238.37231067567322,233.02490350803566,234.55828309775762,23690600
2022-12-22,231.16152954101562,234.84940270404203,226.96899630931352,234.14093276638013,28651700
2022-12-23,231.6856231689453,231.82149149891836,227.03697155694044,229.1429380757911,21207000
2022-12-27,229.96788024902344,231.8797366085177,228.87121912390276,231.65652750812146,16688600
2022-12-28,227.60955810546875,232.6464155156222,227.26018028486453,229.8999205275325,17457100
2022-12-29,233.8983612060547,234.7815128184782,228.69652150065144,228.69652150065144,19770700
2022-12-30,232.7434539794922,232.87932229950997,229.67669497504897,231.18096089501935,21938500
2023-01-03,232.51055908203125,238.49849510687616,230.39487805775428,235.90728230837536,25740000
2023-01-04,222.33981323242188,225.99855889308043,219.29246770974694,225.42597193507248,50623400
2023-01-05,215.7501678466797,220.8355534662342,215.21639405316571,220.49587519530553,39585600
2023-01-06,218.2928009033203,219.0983111969919,212.87746752170884,216.41975808716526,43613600
2023-01-09,220.41824340820312,224.41668242466997,219.72920205241053,219.76801523516428,27369800
2023-01-10,222.09716796875,224.48457072526574,220.62201553173728,221.0393201111181,27033900
2023-01-11,228.81298828125,228.98766979827053,224.2904903213458,224.4651718383663,28669300
2023-01-12,231.47213745117188,232.8211212975009,226.66820302336927,228.3180371449277,27269500
2023-01-13,232.17091369628906,232.30678205223143,227.98809344348456,230.00671959501415,21333300
2023-01-17,233.25784301757812,233.80131636600996,230.09402846864725,230.94806647820474,29831300
2023-01-18,228.85179138183594,235.22793302598163,228.57035512507287,234.4418366169308,30028700
2023-01-19,225.08628845214844,228.57036731781892,223.8731729886452,226.8817052615486,28623000
2023-01-20,233.1317138671875,233.63637412295736,227.59019507344655,227.92987337817524,35389800
2023-01-23,235.42202758789062,237.93559913009912,232.57847740404011,233.98570310784828,31934000
2023-01-24,234.89794921875,236.7515930613996,233.34517042755766,235.34438219144687,40234400
2023-01-25,233.51016235351562,236.1207891156233,224.08667522306712,227.5610395748184,66526600
2023-01-26,240.68211364746094,240.98296392015405,234.85915928502237,236.4604658112775,33454500
2023-01-27,240.83737182617188,242.45809218411858,239.54661529494882,241.6428822092,26498900
2023-01-30,235.54820251464844,238.35292478678218,235.05324194345323,237.2950768809861,25867400
2023-01-31,240.4977569580078,240.63362532295534,235.78116256262737,236.26640883866017,26541100
2023-02-01,245.2919158935547,247.6502049501311,238.22673350670416,240.68207771157887,31259900
2023-02-02,256.7922668457031,256.8796075980904,249.65914256333582,251.18282257259764,39940400
2023-02-03,250.72671508789062,256.4041014975154,249.51359959938435,251.88160340231477,29077300
2023-02-06,249.1933135986328,250.67816573061054,247.26204327207444,249.84355651391297,22518000
2023-02-07,259.66485595703125,260.83914306930143,252.4055646091288,252.84229788758566,50841400
2023-02-08,258.8594665527344,268.5935048183664,258.3547915146365,265.13855400297484,54686000
2023-02-09,255.84120178222656,265.8955184484022,255.0453909060254,265.72080730740066,42375100
2023-02-10,255.3365936279297,256.2973717666834,252.96858945697053,253.812913229461,25818500
2023-02-13,263.3139953613281,266.49720913120274,259.26702917112374,259.742590569191,44630900
2023-02-14,264.138916015625,266.856282749665,261.33417890703004,264.62416219078045,37047900
2023-02-15,262.0277099609375,263.39953537520864,258.9727165508735,261.05478666212923,28922400
2023-02-16,255.05177307128906,259.5174863332623,254.8085423074043,256.8711344345461,29603600
2023-02-17,251.07252502441406,253.0475576685139,249.06830587586964,252.36652933438805,30000100
2023-02-21,245.82850646972656,248.57215705654002,244.7777476181148,247.58949511011687,28397400
2023-02-22,244.69989013671875,247.45326436545926,243.56157186049097,247.21003358389876,22491100
2023-02-23,247.8716278076172,249.88557094928385,243.69777930306105,248.64023054148305,29219100
2023-02-24,242.47190856933594,244.2037105882477,241.38223939221282,243.19187704458037,24990900
2023-02-27,243.38648986816406,245.97446934082075,242.6373347901569,245.6242163682384,21190000
2023-02-28,242.66650390625,244.68046206564443,241.99518451978517,242.32598969202303,22491000
2023-03-01,239.60177612304688,244.13558648881542,239.1347623459425,243.9701913432016,27565300
2023-03-02,244.31072998046875,244.592871158647,238.95965271701235,239.8742028427946,24808200
2023-03-03,248.3775634765625,248.69862992215678,244.58316883886687,245.3615103876745,30760100
2023-03-06,249.9147491455078,253.07674918507004,249.04884819003743,249.48666061100502,24109800
2023-03-07,247.26840209960938,250.71255821742662,246.528985881538,249.36018084473946,21473200
2023-03-08,246.83059692382812,247.64784879607657,244.0188496513126,247.16138722750551,17340200
2023-03-09,245.48797607421875,252.53193017156482,244.76800759955387,248.8932070956166,26653400
2023-03-10,241.8589630126953,245.9452372856859,240.89577859254197,244.2815470078051,28333900
2023-03-13,247.0446319580078,250.92660047438005,239.07638938766013,240.70116918441778,33339700
2023-03-14,253.72860717773438,254.00102444049244,248.9320888847483,249.79798979400664,33620300
2023-03-15,258.25274658203125,259.26459506275955,252.19142412250247,252.9405940179142,46028000
2023-03-16,268.72137451171875,269.0716125790634,256.15119488258745,258.0289293565625,54768800
2023-03-17,271.8638610839844,275.6582547664565,268.8380848690044,270.72555782486927,69527400
2023-03-20,264.85888671875,269.96673338942173,262.5433248107774,269.4802718017387,43466600
2023-03-21,266.3669128417969,267.5538803349331,262.2222505034053,267.4371343013886,34558700
2023-03-22,264.9172668457031,273.43034485869043,264.81022985408475,265.9971973475459,34873300
2023-03-23,270.1418762207031,273.4498093699548,267.7484933121212,270.4142935461412,36610900
2023-03-24,272.9730529785156,273.03142599171395,267.8262812456373,269.7332022897182,28172000
2023-03-27,268.8965148925781,273.83895161321755,268.05978551317787,272.90495366822654,26840200
2023-03-28,267.77764892578125,268.6630125541161,264.68373074732534,268.32248351379377,21878600
2023-03-29,272.9146728515625,273.527619165426,270.8715283691032,271.4066242065595,25087000
2023-03-30,276.3588562011719,276.75775832392577,273.8584658428931,276.5340049635184,25053400
2023-03-31,280.4936828613281,281.4374193382453,275.3372029511124,276.0474474143603,32766000
2023-04-03,279.4527893066406,280.4646082302999,276.261601851509,278.7619923385716,24883300
2023-04-04,279.404052734375,282.58553031935185,277.9349590223858,279.4527167048261,25824300
2023-04-05,276.6409912109375,279.3749031470758,275.2594568336865,278.11011480832366,22064800
2023-04-06,283.704345703125,284.1713297291427,274.3934656981096,275.5415076837403,29770300
2023-04-10,281.5542297363281,281.7585352734682,277.00092706983764,281.37908101323706,23103000
2023-04-11,275.17181396484375,278.23654533423,274.01406284794314,278.0127623432296,27276600
2023-04-12,275.8139953613281,279.23870411334195,274.32542401576865,277.0788133677007,27403400
2023-04-13,281.99200439453125,282.0503774003979,275.50262448189994,275.9112355229667,24222700
2023-04-14,278.3923034667969,280.6689405579413,276.00862936698525,279.22900330153806,20987900
2023-04-17,280.9801940917969,283.7043967289592,278.4116924129814,282.07960200286976,23836200
2023-04-18,280.5618591308594,283.86008303886325,279.2386978273748,283.67522525510293,20161800
2023-04-19,280.6396789550781,281.22340905975057,276.8355460862607,278.2462667608946,17150300
2023-04-20,278.3630065917969,281.2039550334732,277.3608970127179,277.52630699953454,23244400
2023-04-21,278.02252197265625,278.51869257683563,275.3956176560884,277.2928296281938,21676400
2023-04-24,274.14056396484375,277.234482358,271.173160031667,274.45190651995864,26611000
2023-04-25,267.9624938964844,273.9751515427264,267.91382992661585,271.941745821894,45772200
2023-04-26,287.3723449707031,291.4586346304273,284.80384294642164,288.6663495624961,64599200
2023-04-27,296.576171875,296.9361784067996,287.2555804982626,287.95608640380885,46462600
2023-04-28,298.9404296875,300.5651950095922,295.0973706856419,295.77842888815917,36469600
2023-05-01,297.2864074707031,300.24410228095644,296.8875053999733,298.6582327311371,21294100
2023-05-02,297.1404113769531,300.80832032877777,295.6810269045357,299.426786321991,26404400
2023-05-03,296.1578063964844,300.25380462015016,295.8562025897096,298.3176970170622,22360800
2023-05-04,297.1404113769531,299.426786321991,295.1848266827128,297.9479243875394,22519900
2023-05-05,302.2385559082031,303.5228215296377,296.03130176252597,297.4420521379096,28197100
2023-05-08,300.292724609375,301.8007733081372,297.8020437181864,301.7326615616671,21318600
2023-05-09,298.68743896484375,301.6451339704267,298.0161195443124,299.6603622188009,21340800
2023-05-10,303.8536376953125,304.52495706862396,299.33928955394174,300.2635487654328,30078000
2023-05-11,301.71319580078125,302.695857722587,297.9674652772338,301.7034867589505,31680200
2023-05-12,300.6040344238281,302.2385380136494,298.2982115576061,302.1412397708911,19774700
2023-05-15,301.080810546875,301.50889913783726,299.26144888091557,300.7305724404115,16336500
2023-05-16,303.2990417480469,305.2157014683238,301.4407550392499,301.4407550392499,26730300
2023-05-17,306.1656494140625,306.58491370331046,302.986977417283,304.4983225212711,24315000
2023-05-18,310.57293701171875,311.07998209113083,305.89270858681226,306.68249676156313,27276000
2023-05-19,310.39739990234375,310.7971739556616,308.47655029580653,308.83731401909836,27546700
2023-05-22,313.1665344238281,314.54135841802827,310.0756427593572,310.6509186565906,24115700
2023-05-23,307.3942565917969,314.66812088311536,307.38449657033,312.0452341385488,30797200
2023-05-24,306.0194091796875,308.60328539686515,304.8103271006574,306.8774578305602,23384900
2023-05-25,317.788330078125,318.7438600972789,312.0160206042334,315.175173290878,43301700
2023-05-26,324.5844421386719,325.0816974555801,315.79923121389265,315.93572275471354,36630600
2023-05-30,322.9463195800781,327.3632951279749,322.2735326633113,326.866039835357,29503100
2023-05-31,320.1966247558594,327.5582389963064,319.16304457072476,323.9993131036145,45950600
2023-06-01,324.2821350097656,325.2084444667975,316.6182558412687,317.7980580790412,26773900
2023-06-02,327.0317687988281,329.0793797798021,324.25287030723234,325.9104672337744,25873800
2023-06-05,327.5583190917969,330.11294548453895,326.31025620693947,326.8562818593042,21307100
2023-06-06,325.3547058105469,327.0025428376745,323.88240041372416,326.96353250247705,20396200
2023-06-07,315.3116149902344,326.144404188158,314.45356638917923,323.37526627503576,40717100
2023-06-08,317.1447448730469,318.49031851672504,315.2823959646681,315.8576718437754,23277700
2023-06-09,318.6366271972656,321.7567696311191,316.3160032224107,316.8815191818162,22529000
2023-06-12,323.57037353515625,323.8141360540533,317.0472861489783,320.3819407440362,24260300
2023-06-13,325.94952392578125,328.5724112174238,322.1468342809254,326.12502581181246,22951300
2023-06-14,328.9233703613281,330.58096729872784,324.50639495848685,325.9982202996805,26003800
2023-06-15,339.4149169921875,341.1114945004108,328.78687775426107,329.0598905688736,38899100
2023-06-16,333.788818359375,342.70078870657477,333.4183243934552,342.55453717316414,46552000
2023-06-20,329.6156311035156,333.54508130008793,327.48026928452794,330.84420359010136,26375400
2023-06-21,325.2377014160156,329.3036733312241,323.784886322757,327.9775897528391,25117800
2023-06-22,331.2342224121094,331.63399647710884,325.0231587622799,325.7836965611128,23556800
2023-06-23,326.6612243652344,329.52787360599757,325.13041855453594,326.0176878258627,23146900
2023-06-26,320.4014587402344,327.72406452687306,320.29418775939905,325.39371033432894,21520600
2023-06-27,326.22247314453125,327.76303899280276,321.0839407974331,323.58006632131827,24354100
2023-06-28,327.4705505371094,329.5474118113246,325.48144019271336,326.3102386492254,20259500
2023-06-29,326.6905212402344,327.7240719566855,324.3211566594738,326.35900777987905,16997000
2023-06-30,332.04351806640625,334.17887983586667,328.78685480648323,329.32312037613315,26832800
2023-07-03,329.55718994140625,332.39458944231734,328.1726353949494,330.72726202126387,12508700
2023-07-05,329.7131652832031,333.12584042536054,326.3785108077479,326.7295145394102,18172400
2023-07-06,332.75531005859375,334.43239728548525,327.1292821478824,328.88436028376566,28161200
2023-07-07,328.80633544921875,333.2623207283037,328.5918232764179,330.8539462339244,21214800
2023-07-10,323.55084228515625,326.8660362322845,319.41663962980306,326.25174994494995,32791400
2023-07-11,324.1748962402344,324.55515029230673,318.84137119543414,322.80007207810127,26698200
2023-07-12,328.7868957519531,333.12585071299276,327.2950703339859,328.201859758283,29995300
2023-07-13,334.110595703125,335.1636364816071,330.5613998542952,331.08793512161674,20567200
2023-07-14,336.62628173828125,342.661844143398,335.7194923009407,338.91765538868515,28352700
2023-07-17,337.1040344238281,338.33257714303016,333.6621092446477,337.05526407197954,20363900
2023-07-18,350.5206604003906,357.6287821253503,333.63281964458815,337.20147590350757,64738600
2023-07-19,346.220703125,353.41657610071684,343.6465868791131,352.7242990079896,39732900
2023-07-20,338.2156066894531,349.0386682151087,336.7530316118285,344.74845393864297,33778400
2023-07-21,335.1929016113281,341.55997642385313,331.35120253084744,340.4386749626526,69405400
2023-07-24,336.49951171875,338.2643797019485,333.7693834548789,337.2210689969038,26678100
2023-07-25,342.22308349609375,343.11038262849917,336.4605340248674,338.4496147386664,41637700
2023-07-26,329.3426513671875,336.0705206538034,324.79891447113727,332.92109821610006,58383700
2023-07-27,322.46856689453125,332.81383406452954,320.84022015182325,331.9850652931189,39635300
2023-07-28,329.92767333984375,331.52676966933615,324.8574310459994,325.3449560601863,28484900
2023-07-31,327.53875732421875,329.27434485965733,325.04260234307225,328.5138071701092,25446000
2023-08-01,327.9483337402344,330.093455775555,325.374217054016,326.8270321220212,18311900
2023-08-02,319.3288879394531,325.3059494426346,318.2173166114524,325.3059494426346,27761300
2023-08-03,318.50982666015625,321.64948875271074,317.8175495134228,317.86629010944046,18253700
2023-08-04,319.60186767578125,326.7782506968959,319.0753323772253,323.5995783751702,23741500
2023-08-07,321.873779296875,322.84882941223,319.34840306884576,320.1772016181311,17741500
2023-08-08,317.9150390625,320.54768595225426,314.9411484793251,318.80233812895545,22327600
2023-08-09,314.1903381347656,318.94855662350545,313.039756644874,318.32454016439254,22373300
2023-08-10,314.8729248046875,320.06995855318496,313.16658711260004,317.88582607311884,20113700
2023-08-11,313.0008544921875,314.3659187348988,311.2457463891283,312.2695668882884,24355500
2023-08-14,315.9552001953125,315.974690482468,312.09398089474894,313.37132372944086,18836100
2023-08-15,313.8295593261719,316.97898134379494,312.8935197157339,314.9411305404492,16966300
2023-08-16,313.06744384765625,316.9954627703804,312.4811692512175,313.4582836388938,20698900
2023-08-17,309.6280517578125,314.50384363723833,308.97337191344144,313.2042944549321,21257200
2023-08-18,309.2371826171875,311.0936940527994,304.4199858602723,307.29270464284144,24755000
2023-08-21,314.51361083984375,315.383227213463,309.7843803763491,310.65399674996837,24040000
2023-08-22,315.0802917480469,318.61744100027846,314.1031773769701,318.0507277854862,16084600
2023-08-23,319.51641845703125,321.66608212966844,316.05742502712076,316.40920172771865,21166400
2023-08-24,312.64727783203125,325.35954498918005,312.63749714645934,325.2325153533981,23281400
2023-08-25,315.58843994140625,317.9139473148537,311.5040788241883,314.11298756039173,21684100
2023-08-28,316.2919616699219,318.68587419815776,314.3572643100924,318.20709765634393,14808500
2023-08-29,320.8941345214844,321.45109687018396,314.51357886440167,314.51357886440167,19284600
2023-08-30,321.2655029296875,322.26214904101624,318.97905844898986,321.14825395413936,15222100
2023-08-31,320.2590637207031,323.33696848625215,319.3014807588833,321.6661110110973,26411000
2023-09-01,321.1383972167969,324.3921747944003,319.30141751711045,323.7277442108601,14942000
2023-09-05,325.91650390625,327.18677054781415,321.13842988312655,321.47064520868975,18553900
2023-09-06,325.2618408203125,326.80566842614127,322.62362005663084,325.7503980121673,17535800
2023-09-07,322.35980224609375,325.45723807010125,321.49993683780025,323.7082248346301,18381000
2023-09-08,326.6200256347656,328.4667861972207,321.92010767166425,322.5356945258159,19530100
2023-09-11,330.2060546875,330.67508035139593,327.7534879124914,329.5220626550476,16583300
2023-09-12,324.1772766113281,329.0824106320826,323.89393486766744,328.13460834601074,17565500
2023-09-13,328.3690490722656,329.1409777651763,323.59097536312447,323.7277558674077,16544400
2023-09-14,330.9486999511719,333.059241074138,328.86744125187914,331.38838359380287,20267000
2023-09-15,322.6627502441406,329.6784251727831,322.10578782450574,329.2094292987057,37679800
2023-09-18,321.529296875,322.8386267343985,318.8910757818205,320.2981230556272,16834200
2023-09-19,321.128662109375,321.85174708859677,317.0834237409372,318.7054373268487,16505900
2023-09-20,313.4289855957031,322.04714204193704,313.1749561204339,321.96898600781554,21436500
2023-09-21,312.2173767089844,317.9041899225686,307.79104947595397,311.95356654433346,35560400
2023-09-22,309.7550354003906,314.0934255806642,308.9147015377864,313.96639594173394,21447900
2023-09-25,310.27294921875,310.39997887585656,307.7910700190704,309.34467850848546,17836000
2023-09-26,304.9964904785156,308.6508886408052,302.92498298833925,307.9180528712019,26297600
2023-09-27,305.631591796875,307.10701412032984,302.6025314876758,305.1527855104158,19410100
2023-09-28,306.462158203125,308.26004502387354,302.36804670236813,303.87278132742597,19683600
2023-09-29,308.52386474609375,312.1587314237549,307.77149741019485,310.4780935014134,24147300
2023-10-02,314.4353332519531,314.52329976958754,307.96684210913077,309.04167367798914,20570000
2023-10-03,306.2178955078125,314.03481069195016,304.0877634575696,313.48759919542874,21033500
2023-10-04,311.660400390625,312.71570064039577,306.8139213204077,306.84323355961436,20720100
2023-10-05,312.05126953125,312.6571055637684,307.6933472507753,311.78745935358154,16965600
2023-10-06,319.7704772949219,321.65630098463043,309.06128169271835,309.3055602997531,25673600
2023-10-09,322.2718505859375,322.7408463729551,315.78379722001137,317.31787385142707,19891200
2023-10-10,320.87457275390625,323.5225441036011,320.1710492794707,323.3857337911902,20557100
2023-10-11,324.8123779296875,325.20321772099476,321.60744393030456,323.6300480505899,20063200
2023-10-12,323.5811767578125,325.9946502834495,321.1970154685532,323.0046828962765,19313100
2023-10-13,320.22967529296875,326.1900485749301,318.89100367469473,324.7732507534645,21072400
2023-10-16,325.0273132324219,328.4472132631376,323.03399172229655,323.47367526332005,22158000
2023-10-17,324.46063232421875,325.828586634413,319.9170559493173,322.0471583622745,18338500
2023-10-18,322.55523681640625,327.909834737972,320.7866620472197,324.8807739787621,23153600
2023-10-19,323.7375793457031,329.1703335138683,323.33695882729216,324.5485712503718,25052100
2023-10-20,319.1940002441406,324.3238512632102,318.0019193859901,324.12841643957864,25027700
2023-10-23,321.7833251953125,325.1152889172781,316.96615830256553,318.0214287466955,24374700
2023-10-24,322.9656066894531,324.24562410946174,320.1026687848026,323.7179740081932,31153600
2023-10-25,332.87359619140625,338.2770379621599,329.89337919706037,337.1240202368528,55053800
2023-10-26,320.3861389160156,333.81168474928864,319.45786806501036,332.74663335239325,37828500
2023-10-27,322.2621154785156,329.0139799295623,320.8843805209721,322.8679216685348,29856500
2023-10-30,329.59051513671875,331.6815546418734,324.235916527097,325.7797742554051,22828100
2023-10-31,330.3721618652344,331.24180806391223,327.03044704898707,331.09524685603606,20265300
2023-11-01,338.1499938964844,339.46910432501784,331.8769062105877,332.01371654234873,28158800
2023-11-02,340.3484802246094,340.8467882699962,336.87970636333785,339.29318001958046,24348100
2023-11-03,344.7259826660156,346.2796209573482,339.3811651738514,341.62854640879175,23637700
2023-11-06,348.3706359863281,349.35753118619317,345.2634189928444,345.36113640793855,23828300
2023-11-07,352.2790832519531,354.16490704694723,349.44545721598166,351.17493911544506,25833900
2023-11-08,354.887939453125,355.54258936078696,352.2985626023582,353.40270657525184,26767800
2023-11-09,352.4354248046875,356.441600143659,352.11296032697913,354.00856480709007,24847300
2023-11-10,361.20989990234375,361.6300519453443,352.8067099465058,353.21708130319655,28042100
2023-11-13,358.288330078125,360.03737334526807,357.5261819771122,359.7930947254669,19986500
2023-11-14,361.79608154296875,363.43765614067746,358.9429246401338,362.5191663628601,27683900
2023-11-15,361.9430236816406,365.3306930182784,359.4365063311856,363.5193564786247,26860100
2023-11-16,368.30718994140625,368.48342035388106,362.4423744800686,363.20606948048294,27182300
2023-11-17,362.1192932128906,366.544804095545,359.3288587696676,365.80068027610133,40157000
2023-11-20,369.5506591796875,370.9507617987498,363.24526724468734,363.46066994605786,52465100
2023-11-21,365.2719421386719,368.35609354646346,363.36268990163154,367.81760182816333,28423100
2023-11-22,369.9520263671875,371.85147806167527,367.1322205576516,370.0988850281661,23345300
2023-11-24,369.5407409667969,370.06946195265203,367.29862933432463,369.4428252465004,10176600
2023-11-27,370.6961364746094,372.683733332582,368.336537498751,368.9044009726802,22179200
2023-11-28,374.7007141113281,374.994431479148,370.2556020402747,370.4416329997911,20453100
2023-11-29,370.9311218261719,376.2671856758015,369.5505906614915,375.738494499301,28963400
2023-11-30,370.9898986816406,372.1452267516367,367.6218003340975,370.578664516551,30554400
2023-12-01,366.68182373046875,370.2555237215733,363.5486996979007,368.88479316220673,33040500
2023-12-04,361.42413330078125,361.79616532164505,355.31454343634607,361.3849610271203,32063300
2023-12-05,364.7334289550781,365.28172122334854,357.9776614584204,358.7903292029664,23065000
2023-12-06,361.0912170410156,366.3587674073999,360.33732257448145,365.7321604216408,21182100
2023-12-07,363.1962585449219,363.68580733396766,358.6630319776083,360.5331119373255,23118900
2023-12-08,366.40771484375,366.6328881744278,360.53312909562084,361.4828549867559,20154400
2023-12-11,363.5389709472656,363.8327181906465,358.44768073859893,360.77793808950827,27708800
2023-12-12,366.5545654296875,366.59373770012405,362.7164896784692,363.0983520859286,24838300
2023-12-13,366.5447692871094,369.7464376106383,363.0200118977458,368.16027437565873,30955500
2023-12-14,358.2811584472656,365.94750897813526,356.5187948133364,365.50690312981,43277500
2023-12-15,362.9808654785156,364.6159417445296,358.6238691889497,359.1819619943408,78502300
2023-12-18,364.8607177734375,365.2034079122954,360.97369907312446,361.72762335454945,21802900
2023-12-19,365.4579772949219,365.4579772949219,362.1094503782396,363.7249554315047,20603700
2023-12-20,362.8731689453125,368.1700908565403,362.78505374172363,367.1616214647713,26316700
2023-12-21,365.7322082519531,366.5840185750745,362.30536588005253,364.77268163113104,17708000
2023-12-22,366.7503967285156,367.3378613138971,364.91948884316713,365.86921479028837,17107500
2023-12-26,366.8287048339844,369.0610461329153,365.69294804965995,367.1615944273694,12673100
2023-12-27,366.25103759765625,367.2203346368523,365.0173650898164,365.8789757378514,14905400
2023-12-28,367.4356994628906,368.5910273130214,366.3391150709235,367.52381465013616,14327000
2023-12-29,368.17987060546875,369.2764551389083,365.67338313483896,368.140698335078,18730800
2024-01-02,363.117919921875,368.0427796247224,359.1036138103624,366.0454121665628,25258600
2024-01-03,362.85357666015625,365.45797986261033,360.8072662610182,361.2968150611858,23083500
2024-01-04,360.24920654296875,365.30135421024977,359.49531207816057,362.92215399405467,20901500
2024-01-05,360.0631408691406,364.2830491168241,358.8392688743441,361.25764113124956,21004600
2024-01-08,366.8580322265625,367.3573814961304,361.29676578624895,361.58068253824956,23134000
2024-01-09,367.93505859375,368.13086016631314,363.43120410921466,364.23407123187167,20830000
2024-01-10,374.7691955566406,376.1399561660862,368.45403366179033,368.50297659226095,25514200
2024-01-11,376.5903015136719,382.5138298348758,372.42913685903,377.93166039806545,27850800
2024-01-12,380.3500671386719,380.55566927985785,376.6099069263744,377.43234537080764,21661200
2024-01-16,382.1124572753906,385.7938742722587,379.51785428757296,385.4316128958056,27202300
2024-01-17,381.3291320800781,381.9557389879291,376.7665338147622,379.87028626114164,22234100
2024-01-18,385.6371765136719,385.75466344784127,381.96556042243856,383.5321225973024,23392100
2024-01-19,390.33685302734375,390.33685302734375,385.2749052923237,387.48767542805655,29331100
2024-01-22,388.22198486328125,392.24606151114637,385.3630068278654,391.6585969965062,27016900
2024-01-23,390.5620422363281,391.03201985975426,385.6959257751216,387.47789064929606,20525900
2024-01-24,394.1454772949219,397.1513137154345,392.0795959641375,393.14680862672975,24867000
2024-01-25,396.4072570800781,398.5025403738,394.1161721859946,395.8687653294727,21021200
2024-01-26,395.4869384765625,397.6801377075614,394.01829188316384,395.9177438676681,17803300
2024-01-29,401.1558837890625,401.41045873539736,395.8785331996652,397.57238286313674,24510200
2024-01-30,400.04949951171875,404.41626660201007,397.9542461080957,403.64280098293807,33477600
2024-01-31,389.2696533203125,406.6388669659615,388.9073919493629,398.4535945955144,47871100
2024-02-01,395.3399963378906,399.4717890769623,393.401372487154,393.430744217634,30657700
2024-02-02,402.62451171875,404.0246140998081,395.12462060191353,395.36939499914837,28256700
2024-02-05,397.1709289550781,402.5657662041655,395.5456233801517,401.3320936868834,25352300
2024-02-06,397.0142822265625,399.4424550677267,394.4882235276778,397.39614463854895,18382600
2024-02-07,405.3953552246094,405.64012962816963,398.88436206584436,398.9235343367266,22340500
2024-02-08,405.4541015625,406.8738050650789,403.90714046810643,405.3953580956046,21225300
2024-02-09,411.75946044921875,412.02383590927224,406.4135962217608,406.57025541446654,22032800
2024-02-12,406.5801086425781,411.9455447595813,406.0807592685953,411.7693143498308,21202900
2024-02-13,397.826904296875,401.4985199304189,394.95815578632363,396.4757449629813,27824900
2024-02-14,401.67205810546875,402.0153819358465,396.84600689910087,400.2791853329973,20401200
2024-02-15,398.7980041503906,401.31894521125486,396.5713534874336,400.3478557485238,21825500
2024-02-16,396.34576416015625,400.4950166150196,395.737605866878,400.17130014605374,22296500
2024-02-20,395.0999755859375,396.7675013679842,390.41123614122415,395.5413662628297,24307900
2024-02-21,394.5016784667969,394.60959394201785,389.63638185870155,392.53007321174096,18518900
2024-02-22,403.79083251953125,404.9482969480148,400.76964859968683,402.3587150074255,27009900
2024-02-23,402.5058288574219,407.92043082910567,401.1619895410124,407.7340858290021,16295900
2024-02-26,399.75933837890625,404.2911294979053,399.5827521513917,403.60448178020243,16193500
2024-02-27,399.70050048828125,400.5244598178457,396.13979878680874,400.2007433350152,14835800
2024-02-28,399.9358825683594,401.48570431449235,397.5817089338175,400.38709194736896,13183100
2024-02-29,405.74285888671875,406.2921650523384,398.1702468207432,400.8383181687279,31947300
2024-03-01,407.5673522949219,407.93028353505224,403.03556125394095,403.4180998812608,17823400
2024-03-04,406.9984436035156,409.38204334564557,404.4480762959748,405.54668869062186,17596000
2024-03-05,394.9626770019531,406.3412180011649,392.991071894389,406.0567462440755,26919200
2024-03-06,394.4133605957031,397.4247558475786,390.7840183450358,395.27656457076307,22344100
2024-03-07,401.3288269042969,401.9565926355365,394.5605358436286,398.3664647487739,18718500
2024-03-08,398.46453857421875,402.58436507476455,396.61060766849016,400.171309298901,18002200
2024-03-11,396.7969665527344,397.9348236347475,393.5992262388283,396.05149669102667,16120800
2024-03-12,407.3515625,407.63603426425436,399.02366133031137,399.8378019777306,22457000
2024-03-13,407.175048828125,410.19623327648054,403.59473945406836,410.1177737824093,17115900
2024-03-14,417.10174560546875,419.6521126654565,410.0097692297409,412.2168124659908,34157300
2024-03-15,408.4698181152344,414.53182378938754,404.9091164524236,411.28501994441507,45079900
2024-03-18,409.3526306152344,412.69753127897746,405.8802070917239,406.34123515822085,20106000
2024-03-19,413.36456298828125,413.6196087209555,407.6164248857175,409.8528945727863,19837900
2024-03-20,417.1116638183594,417.82770774754715,412.62890552421754,413.94331910643774,17860100
2024-03-21,421.1725158691406,422.59484462108253,419.00471729967956,421.6237252238155,21296200
2024-03-22,420.55462646484375,421.6532390012991,417.9356179957843,421.4963200117596,17648500
2024-03-25,414.78680419921875,419.24995422394994,413.5606690168653,417.1213703760103,18060500
2024-03-26,413.5999755859375,417.8571139836089,413.305715072137,417.48436404283126,16725600
2024-03-27,413.3841247558594,416.34648660093063,411.0103437373624,416.33666794000516,16705000
2024-03-28,412.687744140625,413.81578270674646,411.1182848623514,412.92315255513495,21871200
2024-04-01,416.4642028808594,419.720825298805,414.15906261710444,415.856044584665,16316000
2024-04-02,413.3939514160156,414.31600751259526,409.8626759328322,412.08932675524255,17912000
2024-04-03,412.4228515625,415.17920112214335,411.0888008867087,411.71659648353796,16502300
2024-04-04,409.9018859863281,420.48589287991564,409.5978068668824,416.87612828288866,19370900
2024-04-05,417.3960266113281,418.36714603884514,410.33350586860576,411.99124304246095,16554800
2024-04-08,416.48382568359375,419.12247124179834,415.21844567326013,417.0527692258899,14272400
2024-04-09,418.1416320800781,419.57374996409226,413.5705953381399,418.2985810164692,12496900
2024-04-10,415.1792297363281,415.93451830181,411.68719880938414,414.1296507389469,16216600
2024-04-11,419.7600402832031,421.1725504908495,414.2963744060529,417.69033834286756,17966400
2024-04-12,413.8451843261719,417.06256218596104,411.75584496590756,415.9541310748391,19253800
2024-04-15,405.74285888671875,418.6712210349568,405.53684662340567,418.45542004596757,20273500
2024-04-16,406.6648864746094,410.4119627811132,405.8311384974836,406.6550977488978,16765600
2024-04-17,403.9772033691406,410.88280503231437,402.49602250375233,409.2839199801292,15855500
2024-04-18,396.5517578125,404.02630364117994,396.23788993068626,402.7903496970384,21029900
2024-04-19,391.5000915527344,397.738683518828,390.1758594431205,396.31635459832717,30565800
2024-04-22,393.304931640625,395.1588624515417,388.1944084543801,392.441727661041,20286900
2024-04-23,399.78875732421875,400.4067342721825,395.3648518176367,396.5223162949651,15734500
2024-04-24,401.25030517578125,404.5952057239604,399.01383568119996,401.7407592748994,15065300
2024-04-25,391.421630859375,392.25540884693,380.6218216022703,386.507271018032,40586500
2024-04-26,398.5626525878906,405.1151126000372,398.0133463554319,404.30097191316094,29694700
2024-04-29,394.5703125,398.562615947593,391.56873588609426,397.5130370183344,19582100
2024-04-30,381.89697265625,394.4820415046003,381.74005368851095,393.82481984555585,28781400
2024-05-01,387.39990234375,394.05045900742965,382.85829240714,385.11436938308555,23562500
2024-05-02,390.24444580078125,392.29453998465783,387.11534680040717,390.06788954033726,17709400
2024-05-03,398.8961181640625,399.37675358596374,394.18774100881984,394.5997356096934,17446700
2024-05-06,405.6448059082031,406.02734455936377,398.61168058742396,400.9560656726651,16996600
2024-05-07,401.52496337890625,406.75322090554647,401.27973632622934,406.74340224425765,20018200
2024-05-08,402.70208740234375,404.3598247646084,398.9451919846881,400.37733960441915,11792300
2024-05-09,404.4481201171875,404.84047745279514,401.28959417288524,402.7315305808264,14689700
2024-05-10,406.8218688964844,407.44966453116945,403.93799631140473,405.0562460600837,13402300
2024-05-13,405.8213195800781,410.36292908810583,402.9766919421273,410.0294239104783,15440200
2024-05-14,408.60711669921875,409.51935413927424,403.69275704643184,404.15378509704203,15109300
2024-05-15,415.75115966796875,416.46852499785643,410.0418061194269,410.6608977071615,22239500
2024-05-16,413.6973876953125,418.05067177577746,413.0684896947791,414.49335406459187,17530100
2024-05-17,412.9309387207031,415.59401656244523,410.78870878728935,415.2205942827064,15352200
2024-05-20,417.9720458984375,419.37726753163014,412.7147152549324,412.9309055053418,16272100
2024-05-21,421.60791015625,425.46982504988637,417.4904895481765,419.4361715614018,21453300
2024-05-22,423.0623474121094,424.919622461389,419.7310859592396,422.6398032435963,18073700
2024-05-23,419.6032409667969,426.0889176680517,418.05062390261264,425.46982612085486,17211700
2024-05-24,422.70855712890625,423.59296088139126,417.05816150216543,419.7900037534496,11855300
2024-05-28,422.86578369140625,423.35712243524114,419.2102222377172,422.1877338257991,15718000
2024-05-29,421.7356872558594,423.4750155168305,418.31595899186647,418.31595899186647,15517100
2024-05-30,407.48687744140625,416.95003623481153,407.0643033400361,416.95003623481153,28394500
2024-05-31,407.93890380859375,409.53083651523417,397.5028738526741,409.53083651523417,47995300
2024-06-03,406.3567810058594,409.21637607324783,401.83648858598,408.3319723384426,17484700
2024-06-04,408.86260986328125,409.226195718034,402.58328662384173,405.2856495851976,14348900
2024-06-05,416.66510009765625,416.7338647316788,409.0886349128657,410.57248754759564,16988000
2024-06-06,417.16619873046875,417.942522272772,413.294447378338,416.66505364933033,14861300
2024-06-07,416.5078430175781,418.8957420228007,415.67256118761725,418.81714102196315,13621700
2024-06-10,420.4581604003906,420.6645142506478,416.54712367097056,417.3430899394673,13982900
2024-06-11,425.18487548828125,425.3224647271418,417.8835891699695,418.10961578141064,14551100
2024-06-12,433.4197692871094,435.7192312163597,425.74505981738713,427.7792095971262,22366200
2024-06-13,433.9306945800781,435.709368351957,431.7589858154619,433.21335923548196,15960600
2024-06-14,434.9035339355469,435.46366723778004,429.15486528231924,430.68783959132213,13582000
2024-06-17,440.6031188964844,443.1286073434569,433.0856417971322,434.92324397820295,20790000
2024-06-18,438.6083068847656,442.3424996772447,437.18344238899346,441.9199255268032,17112500
2024-06-20,437.9793701171875,438.79497924029823,433.6260860366594,438.5689526211533,19877400
2024-06-21,441.9886474609375,442.77477739903867,438.77530310305696,439.6302276576991,34187100
2024-06-24,439.91522216796875,444.90721036131976,438.6770389987755,442.0082999216464,15913700
2024-06-25,443.138427734375,443.60028735592437,439.01117026568124,440.4851865060809,16413400
2024-06-26,444.3274841308594,445.7425422004591,440.4262530619795,441.222219477512,16507000
2024-06-27,445.0055236816406,448.2680202655606,443.94421515967235,444.3471165440364,14806300
2024-06-28,439.2076721191406,447.49163533200266,438.67701793083796,445.2216529567904,28362300
2024-07-01,448.81829833984375,449.447196335744,437.94005138791704,440.88808384173325,17662800
2024-07-02,451.3241882324219,451.6288159036861,445.2610539590883,445.3495213375318,13979800
2024-07-03,452.788330078125,453.0339994689676,449.9484075142332,450.2530351597629,9932800
2024-07-05,459.4606628417969,460.2369864186551,451.0194672052492,451.6483651745115,16000300
2024-07-08,458.16351318359375,459.59824381659064,456.41434856608595,458.4681407863274,12962300
2024-07-09,451.57965087890625,459.23468742094946,450.0663190511327,458.9104170237532,17207200
2024-07-10,458.17340087890625,458.3797547644369,450.9113994976311,453.2305340754163,18196100
2024-07-11,446.8234558105469,456.72883147324404,443.7279978013262,454.96002402992053,23111200
2024-07-12,445.6933288574219,448.4546499899947,442.84357035631416,446.45981604032585,16324300
2024-07-15,446.0962829589844,449.3391368001631,443.61011000854984,445.44771219074863,14429400
2024-07-16,441.73321533203125,446.4304129687703,438.9227718455909,446.3518119574386,17175700
2024-07-17,435.83709716796875,437.1440749862863,431.5722805813875,434.92321432561624,21778000
2024-07-18,432.74169921875,436.9475578488645,426.8751131633182,436.6429302135875,20794800
2024-07-19,429.5381164550781,433.4983352820313,424.51664918921864,425.5976003585523,20940400
2024-07-22,435.2671813964844,436.898429671943,431.306992206013,434.1371082507153,15808800
2024-07-23,437.1441345214844,440.6228216077749,435.4244487287082,436.21057880982977,13107100
2024-07-24,421.4703674316406,433.8324669900576,420.18306232506063,432.82031037979385,26805800
2024-07-25,411.1523132324219,422.35483218497876,410.27774573844266,421.3721545577555,29943800
2024-07-26,417.9032287597656,421.49002544679837,410.04180915234855,410.95572197330205,23583800
2024-07-29,419.3379821777344,424.66407745687695,417.34314804369717,424.10394408211863,15125800
2024-07-30,415.593994140625,421.6177822082065,410.13027948455533,420.31083428857175,32687600
2024-07-31,411.1031188964844,414.47369536650564,405.0694649339739,413.21586942488864,42891400
2024-08-01,409.8846435546875,420.05536281702473,405.9342903580987,413.5009199514555,30296400
2024-08-02,401.4139099121094,407.81114983489476,397.3358044115477,405.3446197900361,29437900
2024-08-05,388.3050231933594,394.09300828762184,378.90079195613237,382.4286307082766,40709200
2024-08-06,392.687744140625,398.6427974223072,391.59698650264767,393.07100276300895,24946500
2024-08-07,391.5281982421875,402.97638538590667,390.58483621712907,401.5613573427881,20650900
2024-08-08,395.71441650390625,398.82948747665125,393.01205329948556,395.4687471216862,20203000
2024-08-09,398.9867248535156,400.9815590644515,395.2918776876415,397.0312061411671,19276700
2024-08-12,399.76300048828125,401.67923346079886,397.2375123110676,400.0086698442997,16762900
2024-08-13,406.8383483886719,407.762067699129,402.4752575998139,402.49490035510087,19414300
2024-08-14,409.638916015625,410.484034234621,405.30533476037385,407.61460282522484,18267000
2024-08-15,414.4823913574219,414.5611340262228,411.16480439429694,413.27150876832536,20752100
2024-08-16,411.9622497558594,414.787612725286,410.8104315549657,414.05913029915934,22775600
2024-08-19,414.97467041015625,415.19125033166955,409.9835081573214,412.4446299731582,15234000
2024-08-20,418.19378662109375,419.23729981689326,415.082955234779,415.14201975205145,16387600
2024-08-21,417.5440673828125,419.7689009161739,415.1616884163413,417.48497282390196,16067300
2024-08-22,409.08758544921875,420.1528076484466,408.16220140309326,417.7605748245769,19361900
2024-08-23,410.308349609375,412.73993890763575,405.68142906839694,410.4953972510095,18493800
2024-08-26,407.0596923828125,410.7907614506505,404.94313363943934,409.89490950861074,13152800
2024-08-27,407.4042663574219,407.9161688910183,403.8700989564779,406.43949576869113,13492900
2024-08-28,404.21466064453125,408.54622911327857,400.975815861933,408.42810007077503,14882700
2024-08-29,406.6954650878906,415.4865852646763,404.2146650393698,408.48716903331825,17045200
2024-08-30,410.6529235839844,410.99745657650817,405.7208262421071,409.1368642535232,24308300
2024-09-03,403.0726623535156,413.3503087826454,400.7001374742272,411.41094371784055,20313600
2024-09-04,402.541015625,404.8446216814279,398.08146478954603,399.5975240045065,15135800
2024-09-05,402.0389404296875,406.6756844883359,399.81407718881024,401.28089585134387,14195500
2024-09-06,395.4530944824219,404.26389320560224,394.5670665291359,402.6986232207198,19609500
2024-09-09,399.4104919433594,402.294919165343,395.8960031892495,400.90684301767806,15295100
2024-09-10,407.7586669921875,409.85551750473985,401.3597503882825,401.8519747424291,19594300
2024-09-11,416.461181640625,417.39638986900843,403.21048066101315,409.03843011648604,19266900
2024-09-12,420.359619140625,420.7238603737511,413.22236565404535,416.7270008247058,17395700
2024-09-13,423.8937683105469,425.11447510259467,418.84354159900835,419.20778281644255,15874600
2024-09-16,424.632080078125,426.7880250402565,421.5606050753592,423.9035976857479,13834700
2024-09-17,428.3829040527344,434.9787232569042,425.54768660429113,433.38392095290345,18874200
2024-09-18,424.1103515625,429.2491750935579,423.71657808226,428.2351941115192,18898000
2024-09-19,431.8677978515625,434.63409626466625,430.1056262859268,434.36830593406904,21706600
2024-09-20,428.5010070800781,432.4092699149114,427.46734788448686,430.4206942067389,55167100
2024-09-23,426.76837158203125,429.67247726227924,423.6968964015023,427.52638627626743,15128900
2024-09-24,422.495849609375,426.61083784634445,419.4735849772464,426.2662748026867,17015800
2024-09-25,425.3901062011719,426.384408985251,421.9051794925785,423.14556440453987,13396400
2024-09-26,424.6025695800781,428.5305103087993,422.45647860828996,428.32378449228514,14492000
2024-09-27,421.36370849609375,425.1341637224931,420.8222737453315,424.80927883764434,14896100
2024-09-30,423.6082763671875,423.7264354508624,418.75495134014767,421.55078212730024,16807300
2024-10-01,414.147705078125,421.81656847562806,412.2969368087723,421.78703621784,19092900
2024-10-02,410.6430969238281,416.24461251055664,410.22961524498584,416.00832438993655,16582300
2024-10-03,410.062255859375,413.02542591560956,407.84724636027164,411.1353013004486,13686400
2024-10-04,409.5896911621094,413.2223089798081,408.5166457695598,411.7357819472086,19169700
2024-10-07,403.1711120605469,410.6233655735784,402.6395013728588,409.5306419831522,20919800
2024-10-08,408.2607116699219,409.19594995144206,401.82243880752753,404.5099645290717,19229300
2024-10-09,410.9679260253906,413.84252930935924,407.8570646785986,409.3928021729279,14974300
2024-10-10,409.3731689453125,410.8596961873674,406.7249993762307,408.7726696220669,13848400
2024-10-11,409.845703125,410.64310419410805,406.82343830885475,409.66850956364067,14144900
2024-10-14,412.621826171875,417.4456186019399,411.02699410502277,411.27310627026066,16653100
2024-10-15,412.22802734375,415.9098858066577,408.80216519233556,415.61453317923247,18900200
2024-10-16,409.6488037109375,409.88506179410496,404.0965284555642,408.7135954364056,15508900
2024-10-17,410.239501953125,415.92961477123424,409.12707001088165,415.79177751966756,14820000
2024-10-18,411.65704345703125,413.1238623045801,409.7865970653071,410.6529166681237,17145300
2024-10-21,412.26739501953125,412.4445885621628,407.3156196249642,409.64875806524304,14206100
2024-10-22,420.8617248535156,423.88395989968774,411.53899332193106,411.9819772653469,25482200
2024-10-23,417.9969177246094,424.37612597688815,415.95910173602493,424.1595460644349,19654400
2024-10-24,418.1249084472656,419.35546932603506,415.83112614516494,418.7155536346828,13581600
2024-10-25,421.4917297363281,425.7937660019832,419.9363139175779,420.12336158504047,16899100
2024-10-28,419.9559326171875,425.2227387354677,419.6704341057476,424.9470943239702,14882400
2024-10-29,425.23260498046875,426.43363353122214,419.17822176857095,421.3440208086144,17644100
2024-10-30,425.8035888671875,431.68074872313076,425.3802831426112,430.6372355196224,29749100
2024-10-31,400.03076171875,409.6882017012257,399.9815212546983,408.9006246633273,53971000
2024-11-01,403.9881896972656,409.0384161036912,401.162826864631,402.64935394725995,24230400
2024-11-04,402.1078796386719,404.0374205874987,399.26283871579096,403.42703719981586,19672300
2024-11-05,405.06121826171875,408.4477238969609,401.7337771398714,402.0192756499378,17626000
2024-11-06,413.6456298828125,413.91145024796907,404.1358522419557,406.00632872643234,26681800
2024-11-07,418.8139953613281,420.2119257079772,413.35031719618456,414.7285393416903,19901800
2024-11-08,415.9690246582031,419.86743368435936,415.2208339199428,418.7057912540039,16891400
2024-11-11,411.5094299316406,418.20366938728347,409.5306783384117,415.94927334689254,24503300
2024-11-12,416.4513244628906,417.8394007087299,410.71200186963034,411.7456609678349,19401200
2024-11-13,418.58758544921875,422.65333320998997,411.70626883397995,415.0829505962656,21502200
2024-11-14,420.2513122558594,421.51140536702854,413.4684464166278,418.39068982634956,30246900
2024-11-15,408.54620361328125,416.2248913266483,407.2073678244848,413.2912534776132,28247600
2024-11-18,409.29443359375,411.8933627455597,405.6913474607701,408.41825976061074,24727000
2024-11-19,411.2928161621094,411.4404774532615,405.149836063281,406.6855735772408,18133500
2024-11-20,409.028564453125,410.8005900683197,404.19491792354364,410.3871084118776,19191700
2024-11-21,407.26287841796875,414.0790385036892,404.71793020151534,413.80284233986384,20780200
2024-11-22,411.33685302734375,411.73141473144454,405.4775199069054,405.7833074853181,24814600
2024-11-25,413.10247802734375,415.36135617252853,409.2159842267064,412.69804256956826,27691100
2024-11-26,422.17755126953125,423.21330950979313,413.161695275106,413.891635863064,23458900
2024-11-27,417.2454528808594,421.42789081016514,416.28862504102557,419.33665679394954,18332400
2024-11-29,417.7090759277344,419.10980447039015,412.1259395107062,414.384847961252,16271900
2024-12-02,425.1269836425781,427.11953971126485,415.58829615007085,415.84477479075025,20207200
2024-12-03,425.3439636230469,426.5967051479557,421.93093157664276,424.00241788094525,18302000
2024-12-04,431.4794616699219,433.69890467425466,426.75450568960144,427.1490673141917,26009400
2024-12-05,436.60888671875,438.62119043191433,430.2465005729482,431.9727342727058,21697800
2024-12-06,437.5459289550781,440.041568082756,435.7703565069421,436.29315742766124,18821000
2024-12-09,439.9626770019531,442.2413029263077,434.51765390142566,436.5891402244184,19144400
2024-12-10,437.3092041015625,443.51378920495125,435.6027181772746,438.3548361326827,18469500
2024-12-11,442.89239501953125,444.23394093068583,438.01948123467236,438.01948123467236,19200200
2024-12-12,443.4546203613281,449.96499320791463,443.01071967285327,443.01071967285327,20834800
2024-12-13,441.1957092285156,445.2992167545738,439.5286583553318,442.34983294961415,20177800
2024-12-16,445.4570617675781,446.03904550783295,439.2327587604127,441.1957234184863,23598800
2024-12-17,448.2880554199219,449.1068002031095,443.4644812477741,444.8849272856994,22733500
2024-12-18,431.44989013671875,446.50262602359174,431.08488976149135,445.19070178831043,24444500
2024-12-19,431.0947570800781,437.1612287919841,430.39440791706704,435.6224173363725,22963700
2024-12-20,430.67059326171875,437.71361011588573,422.80883168125047,427.2279700671991,64263700
2024-12-23,429.33892822265625,431.7063281244541,426.95178067217284,430.80868309982753,19152500
2024-12-24,433.363525390625,433.6298778354008,428.2933464556966,428.74709084992185,7164500
2024-12-26,432.16009521484375,434.9516783695283,430.7002140852734,433.1169230295789,8194200
2024-12-27,424.68304443359375,429.30935275325726,420.5598195240772,428.69777768381334,18117700
2024-12-30,419.0604553222656,421.7435167493127,416.17025429217676,420.27376177490316,13158700
2024-12-31,415.77569580078125,420.9346790911402,414.94710727917607,420.313230174155,13246500
2025-01-02,412.89532470703125,420.2836247921959,409.21600045312425,419.7509500092328,16896500
2025-01-03,417.6005859375,418.27134378737713,413.8423310893823,415.3613950253171,16662900
2025-01-06,422.0394592285156,428.4215926337743,419.7016505493917,422.1874160873605,20573600
2025-01-07,416.6339111328125,424.8014616583564,415.085225621156,423.1738758487943,18139100
2025-01-08,418.7941589355469,421.1714329663283,415.81518360520914,417.7090917280971,15054600
2025-01-10,413.26031494140625,418.94206877538755,409.3836648034606,418.86316848876044,20201100
2025-01-13,411.52423095703125,412.8164377086338,406.690782868284,409.6007014640922,17604800
2025-01-14,410.02484130859375,414.0395441747234,405.14205471322043,412.13576253291507,16935900
2025-01-15,420.5203857421875,422.3353935398116,412.5895665870108,413.43790279096226,19637800
2025-01-16,418.8138732910156,423.6571954367501,418.62648132777844,422.87794590094956,15300000
2025-01-17,423.20343017578125,428.57942688248704,422.3551241092644,428.1947089431654,26197500
2025-01-21,422.68060302734375,425.0480029513297,419.819993531564,424.35752761269225,26085700
2025-01-22,440.1402587890625,441.1957044539868,430.0787709144918,431.6175824572203,27803800
2025-01-23,440.643310546875,440.68277574358376,435.50407496539947,435.9972845633218,18389300
2025-01-24,438.029296875,440.5841189283991,435.40541825453283,439.1143639891968,15549500
2025-01-27,428.6583251953125,429.28964793288844,417.74853125025015,418.2516146753107,35647800
2025-01-28,441.12664794921875,442.2906153004339,425.5214900534852,428.6977608632086,23491700
2025-01-29,436.32281494140625,440.81104060450724,434.41903300783486,440.62361853818396,23581400
2025-01-30,409.3540954589844,417.1172097708342,407.54896156269734,413.0827588425547,54586300
2025-01-31,409.4231262207031,414.97667080056476,409.2751693701902,413.2899024984714,34161900
2025-02-03,405.3393859863281,409.7683985075356,403.1100689884043,406.01014380943144,25679100
2025-02-04,406.7696533203125,408.2986210393196,404.1753661823544,407.085314667825,20532100
2025-02-05,407.6772155761719,408.2098602907994,404.8264495269334,406.74997908357795,16316700
2025-02-06,410.1728515625,412.5205341470821,408.3775613386283,408.3775613386283,16309800
2025-02-07,404.1852111816406,412.96433482426625,402.5576257478421,410.8238223146822,22886800
2025-02-10,406.6217346191406,409.81772327895646,405.3394016663598,408.0914896331453,20817900
2025-02-11,405.8523254394531,406.88805357704496,403.741373863551,404.07678288840276,18140600
2025-02-12,403.4849548339844,405.17172339110687,398.8783635040398,401.6797906754277,19121700
2025-02-13,404.9645690917969,405.4183135199023,400.84131373042015,401.472636502677,23891700
2025-02-14,402.8832092285156,403.35670130819824,400.3678521686821,402.25191655873215,22758500
2025-02-18,404.0767517089844,405.0237056562673,400.9793811541372,402.4590098668831,21423100
2025-02-19,409.1370544433594,409.84727742582396,402.11375500738893,402.3406422459273,24114200
2025-02-20,411.30169677734375,414.4447923675228,407.75335474991726,410.47144681938056,23508700
2025-02-21,403.4735412597656,413.19936436928833,403.15727713591093,412.49761092708707,27524800
2025-02-24,399.31243896484375,404.62012670611466,394.6867476536957,403.77011965609864,26443700
2025-02-25,393.283203125,397.25657880262406,392.09714469383994,396.44608593506547,29387400
2025-02-26,395.0919494628906,398.9170410828285,389.6755229646048,393.3919053914201,19619000
2025-02-27,387.97552490234375,401.03224256641477,387.6197164134029,396.61410618114576,21127400
2025-02-28,392.38372802734375,393.01631660620876,382.0846478468725,388.10398215130573,32845700
2025-03-03,383.9823913574219,394.1925506012372,381.6794393165997,394.1925506012372,23007700
2025-03-04,384.1009521484375,388.02488953137174,376.5792652913011,378.9514121108331,29342900
2025-03-05,396.3669738769531,397.0094560898268,384.2986543499986,384.822503579622,23433100
2025-03-06,392.28497314453125,397.48392182528505,388.1237992789094,389.70524080724994,23304600
2025-03-07,388.7464599609375,390.2191619837315,381.0666253730808,387.76795648683793,22034100
2025-03-10,375.7490539550781,381.91664235119805,372.8431639999478,381.3631423753148,32840100
2025-03-11,376.03570556640625,381.5212976511773,372.53677123025375,374.6025176419591,30380200
2025-03-12,378.8229675292969,380.75035405096787,374.55311473502826,378.5067033632867,24253600
2025-03-13,374.3751525878906,380.8491715851453,373.07049136146827,378.71423026442886,20473000
2025-03-14,384.05157470703125,385.7022111357248,375.10659301872727,375.3734493768336,19952800
2025-03-17,384.1899719238281,388.15342385678485,381.0962841175908,382.2131776873556,22474300
2025-03-18,379.07000732421875,382.8753418143747,376.6781034710803,382.57883477918654,19486900
2025-03-19,383.3201904296875,385.1585946525035,379.5445060727477,381.0567525075918,19185500
2025-03-20,382.3515625,387.244140619299,378.8328709429988,381.26431956643484,18470500
2025-03-21,386.72027587890625,387.19468720298374,378.35841433019584,378.7735544022507,39675900
2025-03-24,388.51910400390625,390.81219242783766,385.2870564688155,390.81219242783766,21004500
2025-03-25,390.57501220703125,391.7610706609813,388.0842623065983,389.34940942223693,15775000
2025-03-26,385.4452209472656,390.72325787798576,384.0614710304359,390.4168571879551,16108400
2025-03-27,386.0480651855469,387.6888077325019,382.9049701422927,385.60330465875484,13766800
2025-03-28,374.40484619140625,384.61500612887534,372.5565482590105,383.5771709738401,21632000
2025-03-31,371.034423828125,372.694923815259,362.9789628551185,368.2174858935481,35184700
2025-04-01,377.7555236816406,378.4078694453165,368.89949332324585,370.3030004386035,19689500
2025-04-02,377.7060546875,380.6119141988697,372.25008378933455,373.5844258095808,16092600
2025-04-03,368.78082275390625,373.10014336261634,365.0644702169303,370.4413527847735,30198000
2025-04-04,355.664794921875,370.2436515761853,355.30898645827625,359.90502676066706,49209900
2025-04-07,353.7077941894531,366.6953473866903,340.78946619633433,346.808801297969,50425000
2025-04-08,350.4460754394531,369.3145725706382,346.18608632628985,363.98712785508354,35868900
2025-04-09,385.95916748046875,388.66739600040677,349.00301621371585,349.43791334353114,50199700
2025-04-10,376.92523193359375,379.44563241847453,363.5324334212975,377.6269854135807,38024400
2025-04-11,383.9428405761719,385.52425170247653,374.49376732812806,376.22346214057205,23839200
2025-04-14,383.31024169921875,390.07087362207807,379.7520064336394,388.6574731382522,19251200
2025-04-15,381.25439453125,387.342923812398,379.7026039659422,384.00213704858294,17199900
2025-04-16,367.2982177734375,377.1821883945702,363.7301188576812,376.25312290658945,21967800
2025-04-17,363.5126647949219,369.9767899290697,362.6330071079686,369.41339637295704,21120200
2025-04-21,354.9531555175781,360.25097956592975,351.54320368031085,358.6102367890087,20807300
2025-04-22,362.5638122558594,363.5027713530303,355.6845470865514,359.1637239988867,19485000
2025-04-23,370.0460205078125,375.9764033603888,368.69189108581185,371.6966268435602,20545500
2025-04-24,382.80615234375,383.9428330432701,370.8366789549492,371.34077108557176,22232300
2025-04-25,387.303466796875,387.60986752999173,380.13758676487225,382.50973412207856,18973200
2025-04-28,386.62139892578125,388.18305301396595,382.1538550582223,387.41210451108003,16579400
2025-04-29,389.468017578125,390.5157161336794,385.8504804253008,386.75978890275064,14974000
2025-04-30,390.673828125,392.05757796403765,379.979364791359,385.77135703314644,36461100
2025-05-01,420.464111328125,431.91962985286955,419.9699127886788,426.1078502028247,58938100
2025-05-02,430.2295227050781,434.34125858777406,425.00089318437847,426.73058824697114,30757400
2025-05-05,431.1092224121094,434.40057183462085,427.0963020072091,427.84749353573557,20136100
2025-05-06,428.2823181152344,432.65104629505106,426.16716413896285,427.18521188154574,15104200
2025-05-07,428.3218688964844,433.0365119798482,426.10783898687293,428.8061738000786,23295300
2025-05-08,433.0859680175781,438.5221520354275,430.60508165893515,432.8487322038109,23491300
2025-05-09,433.63946533203125,435.6261229679929,430.8225275981773,434.89471877509555,15324200
2025-05-12,444.0472412109375,444.1559504013246,434.6772268904453,440.76575596614896,22821900
2025-05-13,443.9287414550781,445.44098799372756,440.19257101001426,442.58450555211783,23618800
2025-05-14,447.6845703125,448.6334230518337,442.940276452347,442.940276452347,19902800
2025-05-15,448.6946105957031,451.7246558325709,446.0210270484144,446.3576953837484,21992300
2025-05-16,449.82342529296875,449.91254071320964,444.3376746324017,447.6251542704443,23849800
2025-05-19,454.37841796875,455.0913715701619,446.3874026485213,446.46663650360125,21336500
2025-05-20,453.6852722167969,453.8535912700005,449.87295142774695,451.13050930908776,15441800
2025-05-21,448.1401062011719,453.2991005803846,447.38753565613104,450.12052955644793,19216900
2025-05-22,450.40765380859375,455.74490907390424,449.4570590917957,450.4967994491365,18025600
2025-05-23,445.7734680175781,449.2491205375805,444.51591011589574,445.5754438212613,16883500
2025-05-27,456.1806335449219,456.43809825868186,451.6553587930952,452.0118507212909,20974300
2025-05-28,452.8831787109375,457.9926743719098,452.45739496057166,456.7054113344306,17086300
2025-05-29,454.1902770996094,457.2005290082406,450.8532686393741,457.0321797296883,13974800
2025-05-30,455.8537902832031,457.16087682654637,451.08099341488645,455.2200705832806,34770500
2025-06-02,457.44805908203125,457.58667299374565,452.41779739511384,452.66535029783114,16626500
2025-06-03,458.43829345703125,459.5968543955761,456.3489311405408,456.9529759669727,15743800
2025-06-04,459.3294982910156,461.1316908447896,458.4878122988585,459.4582306475514,14162700
2025-06-05,463.1021728515625,465.05289099241804,459.487906406924,460.40879598021155,20131700
2025-06-06,465.7757568359375,468.7067748339504,464.19141216551986,465.4885869985769,15285600
2025-06-09,468.12255859375,468.7958952647425,464.0329796350046,465.10242514198006,16469900
2025-06-10,466.3104553222656,468.1720277278758,462.38919566775553,466.5778015728124,15375900
2025-06-11,467.99383544921875,470.81594475736864,465.0628173622344,465.4192790589967,16399200
2025-06-12,474.1826477050781,475.7174938929388,468.88500933710617,470.37032681118086,18950600
2025-06-13,470.3109130859375,474.48960742449077,468.13246560456287,471.74673205457395,16814500
2025-06-16,474.4499816894531,475.98479752096426,470.3504913231842,470.55842728964666,15626100
2025-06-17,473.36077880859375,474.0539088222925,469.4395189734987,470.7466055851971,15414100
2025-06-18,475.53924560546875,476.291816149254,469.8158233270243,473.3211811212961,17526500
2025-06-20,472.72705078125,478.72773115460745,472.2022397987241,477.50979012623617,37576200
2025-06-23,481.24285888671875,482.97572926336846,467.8849134818946,473.52910172023695,24864000
2025-06-24,485.3125915527344,487.0355802812341,482.03499358247046,484.16397269221426,22305600
2025-06-25,487.4514465332031,489.7190395262925,484.5996625495302,487.22371720850634,17495100
2025-06-26,492.580810546875,493.1650318097281,487.98621386300664,488.15456314430565,21578900
2025-06-27,491.0855407714844,494.41263722515527,488.20402140418383,492.6797669341534,34539200
2025-06-30,492.5411682128906,495.8583832017286,490.4815111095117,492.17479474651304,28369000
2025-07-01,487.233642578125,493.1749126279045,486.17413905224953,491.61039147776194,19945400
2025-07-02,486.28302001953125,488.66943364597034,483.9164299655294,485.1937811955959,16319600
2025-07-03,493.9571533203125,495.2345347518064,488.6100166980764,488.9763901568408,13984800
2025-07-07,492.84814453125,493.86806132382594,490.38252718836065,492.51147619590915,13981600
2025-07-08,491.7589416503906,493.32349309723224,489.2735005525455,492.3728680843929,11846600
2025-07-09,498.5815124511719,501.81949389446856,494.8483949293652,495.40291107466015,18659500
2025-07-10,496.5713806152344,499.50239882384955,492.87788004768845,498.125990037999,16492100
2025-07-11,498.39337158203125,500.0866251667708,492.92738353199496,493.590838682584,16459500
2025-07-14,498.09625244140625,499.0369655948213,496.1257409313552,496.6109349689791,12058800
2025-07-15,500.86883544921875,503.3245408608939,497.8684955298327,498.09622485625505,14927200
2025-07-16,500.6708068847656,501.7600457375481,496.9773367906475,500.2351113436526,15154400
2025-07-17,506.6913146972656,508.34495123446135,500.67081092720053,500.7302212088446,17503100
2025-07-18,505.05743408203125,509.6025320949179,502.4630844244223,509.4440643876484,21209700
2025-07-21,505.0673522949219,507.0775109565722,500.6014880788464,501.75013722027745,14066800
2025-07-22,500.32421875,506.19619667447284,500.32421875,505.968437121084,13868600
2025-07-23,500.9183654785156,501.82937349813983,495.7989881406536,501.78975657062705,16396600
2025-07-24,505.87933349609375,508.6420022469781,502.334358860161,503.7899711970312,16107000
2025-07-25,508.681640625,513.2167663968169,505.3643953860848,507.4537274302719,19125700
2025-07-28,507.4834899902344,509.9590192096989,505.1267813382861,509.04804137949895,14308000
2025-07-29,507.55279541015625,512.5533521818816,506.5526719682665,510.4838436674275,16469200
2025-07-30,508.2162780761719,510.89977372470673,504.45348544577774,510.12737953565073,26380400
2025-07-31,528.2778930664062,550.0130499577134,526.6935786680993,549.795171976257,51617300
2025-08-01,518.9797973632812,530.5553736121248,515.7616096000787,529.7632164041114,28977600
2025-08-04,530.39697265625,532.981410508703,522.960473635689,523.0991177691142,25349000
2025-08-05,522.5841674804688,532.0406760929504,522.0791498987046,531.9218555369729,19171600
2025-08-06,519.8017578125,526.495598904166,518.9006917137275,525.7034415927023,21355700
2025-08-07,515.7418212890625,522.9208551796034,512.483986539974,521.6434435727333,16079100
2025-08-08,516.9299926757812,519.5243419856868,514.3257315807846,517.4845087014622,15531000
2025-08-11,516.6627197265625,522.4257584225397,514.6327376205326,517.1875004407061,20194400
2025-08-12,524.0596313476562,525.7825900386109,517.5836685759962,518.6233787752558,18667000
2025-08-13,515.4844360351562,527.4857972911225,514.2862580919234,526.901545781552,19619200
2025-08-14,517.3657836914062,520.8018496782777,515.0487221853349,517.445017549053,20269100
2025-08-15,515.078369140625,520.9503168823401,513.9990723038397,517.6529556536844,25213300
2025-08-18,512.0384521484375,517.7024945692299,508.98864359035275,516.4845535034275,23760600
2025-08-19,504.7801818847656,510.11740696385556,503.5721224631474,509.9589996924715,21481000
2025-08-20,500.7698669433594,505.9981835608303,499.50239716393804,504.87923949406314,27723000
2025-08-21,500.1250915527344,503.48744166230597,498.617506554828,499.57959198776825,18443300
2025-08-22,503.09075927734375,506.5621975190336,498.3100856343386,500.13506667774504,24324200
2025-08-25,500.1449890136719,504.04291093011733,500.00611695670057,502.4956437530773,21638600
2025-08-26,497.9430847167969,500.8590951140394,494.44189267773186,500.24412923099453,30835700
2025-08-27,502.604736328125,503.1502662118434,495.8205578102606,497.9034268047853,17277900
2025-08-28,505.4810791015625,506.91922816363694,501.3748491905692,502.95187030654046,18015600
2025-08-29,502.5551452636719,505.44140176386463,500.3730863144936,504.5090702372647,20961600
2025-09-02,500.9979248046875,501.87074834041937,492.75574161607386,496.38587753866574,18128000
2025-09-03,501.22607421875,503.64616490840893,498.220801883355,499.6788070917271,16345100
2025-09-04,503.8247375488281,504.00326140342247,499.04406365219614,500.18467308127,15509500
2025-09-05,490.9605712890625,507.7920894589463,488.3520284612672,504.9157608525771,31994800
2025-09-08,494.1344299316406,497.1099483047291,490.990285532587,494.0451377441344,16771000
2025-09-09,494.34271240234375,498.15137232357364,493.63851485593227,497.33805669614713,14410500
2025-09-10,496.2867431640625,499.1234199731124,492.6665349159027,498.8754600894228,21611800
2025-09-11,496.9215087890625,499.0638857033828,493.8170463660224,498.15138006137016,18881600
2025-09-12,505.73895263671875,508.367321245748,499.73833579713096,502.5154742767582,23624900
2025-09-15,511.15435791015625,511.26344571936806,502.8625947427051,504.6379958107742,17143800
2025-09-16,504.8859558105469,513.0090929577493,504.449544036503,512.6619733694059,19711900
2025-09-17,505.8579406738281,507.1175961354426,501.80132099339164,506.4530503919847,15816600
2025-09-18,504.30078125,508.883074673213,503.5172196080818,507.31595138937655,18913700
2025-09-19,513.7034301757812,515.0622454615835,506.1456179521661,506.39357782967863,52474100
2025-09-22,510.2518615722656,513.5149918534414,508.3574141571104,511.38257317258103,20009300
2025-09-23,505.0744323730469,510.3907077578639,503.17008724169204,509.60711582016205,19799600
2025-09-24,505.98687744140625,508.29784998729696,502.7832554652563,506.21501140620444,13533700
2025-09-25,502.8923645019531,505.84805701475193,500.9186136455738,504.15198973027213,15786500
2025-09-26,507.28619384765625,509.74596656687834,502.4856945681329,505.8976246789574,16213100
2025-09-29,510.4005432128906,512.6321819161793,504.7272507672145,507.3258652143003,17617800
2025-09-30,513.7232666015625,513.9315141469417,505.5009089039439,509.05168089535164,19728200
2025-10-01,515.4688720703125,516.2623314762835,507.51430077675985,510.5989067561486,22632300
2025-10-02,511.53125,517.3434144406598,506.51254498360566,513.4157691025699,21222900
2025-10-03,513.1280517578125,516.2424417743944,510.7972535535121,512.8800919259904,15112300
2025-10-06,524.256591796875,526.6965386672223,513.9712214168786,514.377848960065,21388600
2025-10-07,519.7040405273438,525.4765536672338,517.1847899970462,523.9788663400786,14615200
2025-10-08,520.56689453125,522.6497936321297,518.8213080060119,519.0097599169904,13363400
2025-10-09,518.1369018554688,520.0511445409561,513.1777050939771,518.0773939158137,18343600
2025-10-10,506.790283203125,519.3073226434543,505.47115003636685,515.3994727403434,24133800
2025-10-13,509.8551025390625,512.1958293204747,507.50444767633473,512.1958293204747,14284200
2025-10-14,509.3789367675781,511.07500383118867,501.87070570435134,506.06619700641784,14684300
2025-10-15,509.2401428222656,512.9694689959882,505.83814063109804,510.75768630195654,14694700
2025-10-16,507.4349365234375,512.6321652486282,503.983354813105,508.3970522124076,15559600
2025-10-17,509.3889465332031,511.2734052578957,503.1700935064365,504.8859867353243,19867800
2025-10-20,512.5726318359375,514.4670788802013,509.2400661752128,510.4104293345006,14665600
2025-10-21,513.4356079101562,514.4572316509175,508.8533142722573,513.2769402267872,15586200
2025-10-22,516.2920532226562,520.9437823737373,513.4851913413816,516.8971212574951,18962700
2025-10-23,516.3119506835938,519.6743010066873,514.3778516149157,518.1964698863214,14023500
2025-10-24,519.3370361328125,521.0628270774097,516.4607380708425,518.5237205252405,15532400
2025-10-27,527.1825561523438,530.2175826339089,524.6930292943027,527.4404441110845,18734700
2025-10-28,537.6463623046875,549.2012543795508,536.356983260493,545.5116410650497,29986700
2025-10-29,537.1305541992188,541.8120671168963,532.3498815675878,540.4929039137475,36023000
2025-10-30,521.469482421875,530.6042843733296,517.8591725476514,526.150935240438,41023100
2025-10-31,513.5843505859375,525.0004316167937,510.896444053691,524.5640198650095,34006400
2025-11-03,512.8107299804688,520.676008789008,510.3906395365282,515.5680119038287,22374700
2025-11-04,510.1328430175781,511.342858187808,503.6957838776707,507.5838081580189,20958700
2025-11-05,503.02130126953125,510.6287232020861,502.4460174356622,509.11117977922714,23024300
2025-11-06,493.04339599609375,501.5732213085109,491.7639146320967,501.53353925537283,27406500
2025-11-07,492.76568603515625,495.30479262227396,489.2248119110569,492.89463000746537,24019800
2025-11-10,501.8707580566406,502.7138276367279,494.72950196106785,495.95940345274505,26101500
2025-11-11,504.5289001464844,505.4414057875519,498.2505695472254,500.68055811559174,17980000
2025-11-12,506.9688415527344,507.494515261433,495.0469117437556,505.203338237195,26574900
2025-11-13,499.1828918457031,509.3095642884979,497.1992129195551,506.1455939798088,25273100
2025-11-14,506.01666259765625,507.4250879884235,493.38063720960855,494.1641988801248,28505700
2025-11-17,503.3486022949219,507.94082387806293,500.7896697837805,504.300789978241,19092800
2025-11-18,489.76043701171875,498.87544447228873,482.8076324047851,491.3275301094218,33815100
2025-11-19,483.14483642578125,491.14898819063853,478.88983663624714,486.1005289347495,23245300
2025-11-20,475.41387939453125,490.45844852333465,472.50235794747454,489.60385435710714,26802500
2025-11-21,469.1436767578125,475.9008266883901,465.31794169549005,475.48346109105705,31769200
2025-11-24,471.0118103027344,473.89352206444323,465.0694984877541,472.0055061050608,34421000
2025-11-25,473.9829406738281,476.12932719889915,461.9592459889855,471.08136597664605,28019800
2025-11-26,482.4393005371094,485.2315832491155,478.16642081896737,483.24419169180504,25709100
2025-11-28,488.9082946777344,489.5243812398697,483.5820692635899,484.5260924315005,14386700
2025-12-01,483.6715087890625,486.77183499200703,481.59468809959253,485.3608038657598,23964000
2025-12-02,486.91094970703125,490.38888506208144,483.2541563831954,483.6516286444489,19562700
2025-12-03,474.7182922363281,481.18723109312356,472.2042431453193,473.3171775583083,34615100
2025-12-04,477.8086853027344,478.2856702042714,473.4861025034468,476.7355071807625,22318200
2025-12-05,480.1140441894531,480.35252146637674,475.8610275749173,479.47806435073966,22608700
2025-12-08,487.9245300292969,489.1964595164875,481.32640529111774,481.8331998835391,21965900
2025-12-09,488.918212890625,489.0175885389743,485.4204144751398,486.01663804004494,14696100
2025-12-10,475.5430603027344,481.19719183884354,472.084987996716,480.97857754952304,35756200
2025-12-11,480.422119140625,482.96597801292137,472.86007818396723,473.6252433732215,24669200
2025-12-12,475.5132751464844,479.4085762318817,473.3370788032073,476.79515128743174,21248100
2025-12-15,471.82666015625,477.6894594742654,469.5411415575728,477.0733729131614,23727700
2025-12-16,473.3867492675781,474.87729294411884,467.9114757916915,468.93498123657525,20705600
2025-12-17,473.1184387207031,476.9739832708393,472.0055042784347,473.903466892556,24527200
2025-12-18,480.9289245605469,486.51349034093164,474.87732052138307,475.1754171439269,28573500
2025-12-19,482.856689453125,484.7745151206103,479.44828972039977,484.2875835443981,70836100
2025-12-22,481.86297607421875,485.6489546100234,479.6470235443271,483.05539282771,16963000
2025-12-23,483.78082275390625,484.7546252629152,481.6841087754749,481.9226163967179,14683600
2025-12-24,484.94342041015625,486.0762481946253,481.77352833631136,482.61817584356095,5855900
2025-12-26,484.6354064941406,485.04282544173617,482.8964387136479,483.64171061957336,8842200
2025-12-29,484.02923583984375,485.27135560420123,481.1276307272214,481.80333660098637,10893400
2025-12-30,484.4068603515625,486.5929730105466,482.43933166580535,482.8666136001516,13944500
2025-12-31,480.5711669921875,485.06269150087525,480.25317705215497,484.7645645601486,15601600
2026-01-02,469.95849609375,481.6046121327098,467.1960229709088,481.3363251826272,25571600
2026-01-05,469.86907958984375,473.0687813775576,466.5401924921144,471.071443053882,25250300
2026-01-06,475.4933776855469,475.7219083069673,466.78859294331005,470.81304872472026,23037700
2026-01-07,480.422119140625,486.6128550141313,474.936929133209,476.73551614076564,25564200
2026-01-08,475.0959167480469,479.6172511411785,472.86010104573086,478.20618966596595,18162600
2026-01-09,476.258544921875,476.7951491709672,469.2231916595613,471.07145138115897,18491000
2026-01-12,474.1717529296875,477.95773148860775,472.68120923483104,473.6649886945649,23519900
2026-01-13,467.70281982421875,472.7805908527595,463.01257439213845,471.68751939768345,28545800
2026-01-14,456.4840087890625,465.24841354789686,454.2879494306214,463.51936213123724,28184300
2026-01-15,453.7811279296875,461.32327541703046,453.02590941718984,461.1940901109254,23225800
2026-01-16,456.9609680175781,460.2699922453042,453.6023014516422,454.94376661538865,34246700
2026-01-20,451.65460205078125,453.92022725149957,446.44764578645413,448.37541805572727,26130000
2026-01-21,441.3102111816406,449.8361378186282,435.9144504613163,449.74670883889326,37980500
2026-01-22,448.2959289550781,449.9851935867555,441.89652570286836,444.79810039972057,25349400
2026-01-23,463.0125732421875,468.1301005814363,447.6897705604439,449.02131930234236,38000200
2026-01-26,467.3152770996094,471.2602507862521,459.0874767807031,462.3766075757791,29291200
2026-01-27,477.5503234863281,479.82589540353166,470.17711748937944,470.7137217228436,29213900
2026-01-28,478.59368896484375,480.69037244143027,474.9865685400099,480.1637149068934,36875400
2026-01-29,430.76715087890625,439.7104135269112,418.36581575660404,437.2162272399066,128855300
2026-01-30,427.5773620605469,436.8286672682951,423.7615739365565,436.4013853645445,58566800
2026-02-02,420.70098876953125,428.02452201181774,419.58805431821895,427.5276741085398,42219900
2026-02-03,408.6176452636719,419.3893041977899,405.9843574339844,419.34957819955315,61424100
2026-02-04,411.5788879394531,417.15350712085007,406.6600813351222,408.4089957411405,45012400
2026-02-05,391.1882629394531,405.7260079125925,389.8467674620769,404.87144402823185,66289200
2026-02-06,398.61114501953125,399.25704122003975,390.4429643868461,396.6535630940219,53515300
2026-02-09,410.99261474609375,412.2744908996196,398.3428555009064,402.2977759502542,45480500
2026-02-10,410.6646423339844,421.009018998737,410.09825878894065,416.9746165751398,44857900
2026-02-11,401.8207702636719,413.8345489802859,398.4819668946231,413.5563153661985,42491000
2026-02-12,399.3067321777344,403.6392618034954,395.50089045865866,402.44681466699853,40802400
2026-02-13,398.7900085449219,402.98340606348665,395.54060384789733,401.90028127287496,34091600
2026-02-17,394.3581237792969,397.9950542597942,392.04282577248057,396.7032617740463,32078800
2026-02-18,397.0808410644531,400.02217209191446,393.8215201082963,395.6201070500213,23223400
2026-02-19,396.8517761230469,402.7976819572589,395.0690225854118,399.07278661262325,28234000
2026-02-20,395.6267395019531,398.5050592846536,393.56508699389525,394.51123443489973,34015200
2026-02-23,382.9182434082031,393.7642745182822,381.55377772275136,393.405742102137,43238300
2026-02-24,387.429931640625,387.78846403174964,380.1693467763097,382.5895619940176,33884700
2026-02-25,398.9831237792969,399.84960746436826,388.5852587696308,388.95376053046306,43625500
2026-02-26,400.0986022949219,405.8453028142193,397.1306190557743,403.0765245044552,34405900
2026-02-27,391.15484619140625,395.2183958601928,388.30640407164015,389.30236795593413,51367200
2026-03-02,396.9413757324219,399.57073485574693,389.0533591512552,391.2743390590049,35474900
2026-03-03,402.2996826171875,405.05852201627056,391.0851500003899,391.5532542396072,38199200
2026-03-04,403.5645751953125,409.3710312257941,398.69429724653685,399.6504140582061,35808000
2026-03-05,409.0224304199219,409.9486695143622,402.7677785996419,402.78771732924594,39001300
2026-03-06,407.30938720703125,411.38287590243635,406.8612216895844,407.54843921074234,31123900
2026-03-09,407.757568359375,408.55432729115563,401.8714182880504,403.2857003455267,30131900
2026-03-10,404.122314453125,408.5443965203919,401.30371964643086,408.37506928692744,31706400
2026-03-11,403.245849609375,407.35918518479474,399.96912002302975,403.9330670994013,25512100
2026-03-12,400.2380065917969,404.4808221962511,400.0886180975,402.9968458288957,27263900
2026-03-13,393.9534912109375,403.16615688192843,392.65875035547907,399.3815063856616,26848000
2026-03-16,398.33575439453125,399.01300251860397,393.1965772756644,396.4633374914087,27733700
2026-03-17,397.7979431152344,402.7677932271478,396.1446394015159,398.6544574759768,26228300
2026-03-18,390.20867919921875,396.3936061005556,389.42185925959103,395.5271224277118,25908500
2026-03-19,387.4498596191406,390.90585551603124,385.4977789148814,388.52551763585893,25138800
2026-03-20,380.3287048339844,385.43800417098345,378.58576812261686,385.2288602760525,50853200
2026-03-23,381.4541931152344,385.64719283721575,380.1395134056624,382.3505545919761,29680100
2026-03-24,371.2355651855469,380.9263046350485,370.34917314154325,380.8167328036651,42733600
2026-03-25,369.5424499511719,375.5381416220395,368.13813722010167,375.39872248264555,31181200
2026-03-26,364.4928894042969,373.2075730440749,363.7160388213271,369.32332012922615,36836600
2026-03-27,355.3300476074219,360.9871459448897,355.07111764854045,360.43934753557875,37883400
2026-03-30,357.5111999511719,363.88536295562653,354.84202394218255,360.43933630538186,44797000
2026-03-31,368.67596435546875,371.3949263066763,361.6046146993887,363.07862179545566,45244400
2026-04-01,367.8791809082031,372.48052926345224,366.7139201659809,371.98254731341393,29417200
2026-04-02,371.9526672363281,372.1319638369453,362.680245817395,365.7278929006101,24099100
2026-04-06,371.3750305175781,372.22160592655575,368.0086676124431,371.9825539180967,16146600
2026-04-07,370.78741455078125,370.9467724245638,365.080530373921,368.8452727581139,21443300
2026-04-08,372.8191223144531,383.44606961738685,369.91092498913014,383.4261612830284,33064800
2026-04-09,371.5642395019531,371.9924966612836,365.5685176937085,370.9965328148009,30435300
2026-04-10,369.37310791015625,374.1238749235223,368.5365019241105,371.47460743717505,28111100
2026-04-13,382.8186340332031,382.98796126737693,369.5225100750242,372.10205289266787,35745800
2026-04-14,391.5233459472656,393.09698589720546,384.95994763093,386.3543213772784,37504500
2026-04-15,409.5602722167969,412.69755239260473,395.1287651714373,396.3936283702306,45063400
2026-04-16,418.56378173828125,419.12151906860663,410.4765600541581,418.16537187855886,41642400
2026-04-17,421.0835876464844,429.83808848207923,418.99205736838906,423.10539315661504,48568200
2026-04-20,416.38262939453125,421.6213787702164,414.6197538627068,419.4501847919345,27582200
2026-04-21,422.4480285644531,425.45582843737157,415.516128706763,418.5438369146158,32048500
2026-04-22,431.1726989746094,431.9495495900464,421.9600330275293,424.4698510786937,29378200
2026-04-23,414.0719909667969,421.9500690544079,409.7495112929088,418.19529609754903,38308000
2026-04-24,422.90618896484375,423.23487407473965,414.12178001797366,415.28707116170386,27457400
2026-04-27,423.1053771972656,425.38611256831246,415.3866572294081,420.6752229306716,30867300
2026-04-28,427.5174865722656,428.1847957314844,420.197146128082,422.8563830057505,30438100
2026-04-29,422.746826171875,425.0973167681131,418.59367375245296,422.8663369761165,38288300
2026-04-30,406.1341552734375,412.74737011555624,396.4035989759817,409.15192465494977,70909400
2026-05-01,412.76727294921875,415.4264794885345,408.7834174283456,411.1338775963461,31372400
2026-05-04,411.9505615234375,419.0816663151199,409.14193618030583,409.87897009526375,28066500
2026-05-05,409.7196044921875,415.09780308537887,407.1500007946646,413.6437044066962,25700900
2026-05-06,412.2891845703125,416.73120520087787,403.4748984673602,406.3532485673598,30285900
2026-05-07,419.07171630859375,426.25263786097554,417.06984955189336,418.41437649189606,34942400
2026-05-08,413.44451904296875,416.9403619714099,412.32904436576047,415.70537649227293,33383800
2026-05-11,410.99444580078125,411.02432350049145,403.86334099070683,406.22377045102496,35657900
2026-05-12,406.1241760253906,413.8229876767416,404.9987623844293,412.8071154720842,38594200
2026-05-13,403.57452392578125,404.6700902960666,399.41140211310335,401.57265715241186,29667100
2026-05-14,407.7774658203125,410.17774231087935,399.2619871856725,402.8474630718804,27077500
2026-05-15,420.2170715332031,426.4418454559798,411.2434277199191,412.5979239362014,50771200
2026-05-18,421.83056640625,423.40417602339767,413.9325494355234,414.93848271907115,32564100
2026-05-19,415.7352600097656,430.9535870211983,414.808990493047,428.16486989475214,33018700
2026-05-20,419.36053466796875,420.3963455784958,409.63991780241736,412.49835957243755,27864000
2026-05-21,418.3025207519531,425.5388979071037,414.92886694253497,423.9518891931334,31393500
2026-05-22,417.7835388183594,423.60257118762803,415.54772693408205,418.7517174636334,22390300
2026-05-26,415.248291015625,418.9812539216563,412.24393696715845,415.6475333356961,30398000
2026-05-27,411.8946228027344,415.15846763645,408.8104019854481,410.23773822181624,28901500
2026-05-28,426.18768310546875,428.68298564682067,411.89461329838434,412.2040283766931,47250500
2026-05-29,449.3940124511719,449.48383969057267,431.54760317786213,431.7372486144539,79654400
2026-06-01,459.6546936035156,465.4438139523178,457.40892124774234,463.96658383705716,53628900
2026-06-02,440.48077392578125,452.64787129328397,439.6024225764256,446.0403151791343,37036800
2026-06-03,426.53704833984375,439.56254639446627,423.45285793258154,437.62618910935214,39037000
2026-06-04,427.2456970214844,435.33048350032107,425.60879436274143,434.9911260035114,26899500
2026-06-05,415.8870849609375,428.66302140752947,413.6213308264138,427.5351398188391,34782200
2026-06-08,410.9663391113281,416.37616844333525,407.79232157753756,413.3618539280056,32086700
2026-06-09,402.6520080566406,411.20591258759293,397.7312786929967,408.26144336727174,35317300
2026-06-10,396.61334228515625,404.2789346443135,396.41373636313654,397.80110870103243,32576000
2026-06-11,389.6065673828125,396.1043451719433,383.278483574852,394.46741202742857,47224100
2026-06-12,390.00579833984375,391.003919361718,381.55171206615995,390.6945042817559,34865800
2026-06-15,399.0088806152344,400.99513175706005,392.11186050588947,396.05442037645633,32266400
2026-06-16,393.0899963378906,396.094350419825,389.9559121071713,395.0463355104342,31506800
2026-06-17,378.1980285644531,389.6364865987809,376.6110198431126,389.51671695343225,41987800
2026-06-18,378.6871032714844,380.6534028700893,372.5786075934489,377.11008548581106,59714200
2026-06-22,366.6497802734375,380.9129385065033,366.3802985575179,375.0339909424311,45171100
2026-06-23,373.23736572265625,376.51120135394876,369.9735210485466,371.6802994138851,40647600
2026-06-24,364.7733154296875,378.16811350773463,364.09460041679364,370.87185096853153,44509900
2026-06-25,352.1670227050781,363.5456265920902,348.54386902384044,362.0883479855026,66179000
2026-06-26,372.2691955566406,375.90234020580533,354.762144454129,356.4789138154501,186201600
2026-06-29,367.8774719238281,379.7850483907747,359.2237492715265,376.790685328561,51229900
2026-06-30,372.319091796875,373.44697342275583,366.7595808670141,370.3328407149792,44945700
2026-07-01,383.5579528808594,388.09939143880604,374.18561213385976,380.1144231011508,48065800
2026-07-02,389.7562561035156,391.4630649298244,382.97903650468743,383.7575696594082,42128900
2026-07-06,386.0133056640625,388.418780928489,380.5036887115837,386.31276024010407,34224500
2026-07-07,388.109375,394.8267404517197,387.4905448392632,391.75251064257776,29297500
2026-07-08,382.6197204589844,384.58602015004215,380.6134873969759,383.3084264217563,25908300
2026-07-09,383.6377868652344,383.92725049460796,372.64849496928053,373.74643420118315,31083200
2026-07-10,384.37640380859375,391.1736053926777,380.783162110783,387.07131223677504,24644600
2026-07-13,390.2553405761719,392.91034623109437,383.4281962321871,387.02143811329415,28914900
2026-07-14,384.20672607421875,387.46061042423804,377.93852713765,382.1007052927433,27863900
2026-07-15,394.8866271972656,398.2103568181361,385.6739591427675,387.07132248997675,36253700
2026-07-16,400.3463439941406,405.2271399033625,391.31333055964967,397.56157784187184,37047400
2026-07-17,393.08001708984375,397.64143734197864,388.6583483977542,394.1180409920291,33049800
2026-07-20,401.53411865234375,402.4224305318551,388.91785418191677,390.67455694621333,27915800
2026-07-21,397.00262451171875,400.7156358198418,395.57531880381754,398.0606303262699,24126600
2026-07-22,389.6065673828125,400.246541441447,386.2329133568751,398.8291961465565,28142500
2026-07-23,380.8630065917969,391.04385321150613,376.68090752842744,389.23725659651495,30351800
2026-07-24,380.9828186035156,388.29903252889795,379.9347732203772,386.32274187573427,27659400
2026-07-27,388.368896484375,393.45931979821836,387.2609663085435,389.3470355932277,27856200
2026-07-28,392.61090087890625,399.56780545733704,390.5647345556998,392.4212554523594,32367500
2026-07-29,389.8061828613281,400.4960502148319,388.00954678983055,392.6607942930367,47209000
2026-07-30,450.2524108886719,457.8281459885008,431.6274684759506,437.07720086969465,110160700
2026-07-31,463.8468017578125,465.962813447145,448.4857046349594,449.1544591210436,60846000
2026-08-03,486.73370361328125,490.7261876465455,474.10747895013026,475.2353605631651,66762100
2026-08-04,491.884033203125,498.50158065157444,478.2696778930625,479.99640781848416,50455500
2026-08-05,486.5440673828125,497.3038108374591,484.7674131728324,495.42733843271316,33388900
2026-08-06,498.9207458496094,500.61756372489685,487.60205742358346,487.6319998350186,36441500
2026-08-07,499.0505065917969,504.23075699317457,497.79289485093346,498.2719734340298,28846200
2026-08-10,505.109130859375,512.7647021753171,501.32624359045303,502.4940586092805,31206100
2026-08-11,502.86334228515625,504.38047525067043,498.61133704649393,503.3823542433026,23049800
2026-08-12,491.5047302246094,500.557695253814,490.59643643442394,499.0505227551261,29001500
2026-08-13,495.9463806152344,500.3979918654044,492.0836571155829,492.34314786956145,23039000
2026-08-14,494.4691467285156,499.07050046550256,492.991947114923,495.42733437790497,16217600
2026-08-17,479.44744873046875,491.73431632358415,477.51109147171053,489.21906226283284,29635800
2026-08-18,480.72503662109375,483.36006030134655,476.2534434403709,480.6352093836093,24087600
2026-08-19,483.3999938964844,488.3806080919379,478.4592826108848,479.16797047398614,19961900
2026-08-20,481.1499938964844,484.1600036621094,479.5,483.29998779296875,20020800
2026-08-21,483.239990234375,486.3599853515625,478.5299987792969,479.8800048828125,22510800
2026-08-24,487.30999755859375,490.6099853515625,481.8599853515625,483.2099914550781,17230800
2026-08-25,491.7099914550781,492.44000244140625,484.29998779296875,485.44000244140625,19519000
2026-08-26,496.3699951171875,497.3999938964844,487.30999755859375,487.8500061035156,20758900
2026-08-27,505.05999755859375,506.4800109863281,490.0799865722656,494.8800048828125,28688800
2026-08-28,513.530029296875,517.780029296875,504.8699951171875,505.3299865722656,29207300
2026-08-31,507.2900085449219,512.1900024414062,506.3900146484375,510.3800048828125,27208900
2026-09-01,501.0199890136719,505.9700012207031,496.7799987792969,497.5199890136719,21046900
2026-09-02,496.82000732421875,500.2699890136719,493.80999755859375,499.8500061035156,15336100
2026-09-03,510.1199951171875,515.6500244140625,500.79998779296875,501.6600036621094,24125900
2026-09-04,499.70001220703125,511.0,499.3599853515625,510.0,18101800
2026-09-08,493.95001220703125,495.19000244140625,490.1499938964844,493.010009765625,18882300
2026-09-09,491.6499938964844,494.3900146484375,489.79998779296875,493.07000732421875,12889600
2026-09-10,492.44000244140625,494.5199890136719,486.0,488.32000732421875,16038800
2026-09-11,495.6300048828125,498.9700012207031,492.5799865722656,495.6499938964844,14510500
2026-09-14,505.4100036621094,509.95001220703125,495.3399963378906,497.05999755859375,23091900
2026-09-15,497.1199951171875,505.8999938964844,495.5400085449219,500.05999755859375,17794600
2026-09-16,490.29998779296875,495.9700012207031,487.2300109863281,493.0299987792969,16670300
2026-09-17,497.75,501.4700012207031,493.1700134277344,497.79998779296875,17841600
2026-09-18,493.7799987792969,498.6499938964844,491.1000061035156,497.9700012207031,39622300
2026-09-21,501.6099853515625,501.8699951171875,491.3299865722656,494.95001220703125,27959900
2026-09-22,498.0,508.5,493.6499938964844,507.32000732421875,21652800
2026-09-23,500.5899963378906,509.44000244140625,495.8800048828125,500.760009765625,19445600
2026-09-24,497.92999267578125,498.8999938964844,491.2200012207031,495.07000732421875,16657600
2026-09-25,516.1699829101562,519.4000244140625,497.25,499.0400085449219,38193100
2026-09-28,509.2200012207031,513.3300170898438,502.2200012207031,505.4700012207031,19626900
2026-09-29,508.9599914550781,513.6400146484375,502.3999938964844,508.30999755859375,21341800
2026-09-30,512.9000244140625,519.8300170898438,510.30999755859375,511.6099853515625,27223300
2026-10-01,512.7999877929688,522.8499755859375,512.1699829101562,519.8800048828125,19731900
2026-10-02,517.530029296875,522.5,513.6599731445312,519.3900146484375,17822300
2026-10-05,525.1799926757812,532.3499755859375,521.469970703125,521.6199951171875,26604800
2026-10-06,529.2999877929688,535.6900024414062,528.780029296875,531.6799926757812,21107500
2026-10-07,529.760009765625,531.72998046875,524.6900024414062,530.72998046875,16790200
2026-10-08,522.6099853515625,533.510009765625,518.7899780273438,529.3900146484375,19593392
