Date,Close,High,Low,Open,Volume
2019-01-02,3.3692824840545654,3.425181565714648,3.2166730234265524,3.2312661611270252,508752000
2019-01-03,3.165719509124756,3.3430631258197834,3.1582993402427686,3.3091773655520575,705552000
2019-01-04,3.368539810180664,3.406630187786242,3.2080153346393385,3.2386855425128216,585620000
2019-01-07,3.5468735694885254,3.58372745732404,3.3744765933643506,3.4256764133698905,709160000
2019-01-08,3.4585723876953125,3.6304747038239435,3.3861013522102255,3.6282484402620594,786016000
2019-01-09,3.5265910625457764,3.573833229853513,3.459314176096234,3.5097716640211716,617260000
2019-01-10,3.5921359062194824,3.600792809796477,3.44694665967206,3.507298015282002,523156000
2019-01-11,3.6811792850494385,3.703934678034914,3.5421734584487603,3.569875552926927,874764000
2019-01-14,3.7210018634796143,3.7462307306964666,3.605493492266632,3.6289909781981615,730168000
2019-01-15,3.7069032192230225,3.792977863679628,3.688599879066131,3.7536505090263956,617012000
2019-01-16,3.681427240371704,3.767007245811411,3.675985891209524,3.73411100191694,470104000
2019-01-17,3.7526612281799316,3.792483229582444,3.6213229974567955,3.6485306844730516,493436000
2019-01-18,3.8815250396728516,3.907495985840966,3.7509289287920735,3.802375938747029,651336000
2019-01-22,3.679694890975952,3.8629747583201457,3.6495193296018464,3.851349739237238,661552000
2019-01-23,3.6925573348999023,3.8234009202373347,3.6613924746342406,3.734852805681426,591020000
2019-01-24,3.904033660888672,3.921594675016262,3.772200801083401,3.7769002971674324,708972000
2019-01-25,3.9611704349517822,3.97922633700885,3.7422735821569137,3.844672762283812,1154572000
2019-01-28,3.4135560989379883,3.5033409413140952,3.240170086234414,3.3774443033526267,2511528000
2019-01-29,3.2550101280212402,3.4157820482550845,3.240416993564743,3.3675503542434573,1153932000
2019-01-30,3.3982205390930176,3.4125662312413483,3.25154711797746,3.3309436610046244,974228000
2019-01-31,3.555529832839966,3.5911469796792517,3.3732392490819145,3.3950053487845215,842852000
2019-02-01,3.5797693729400635,3.6307217454259466,3.526591208758648,3.5740805833765674,625048000
2019-02-04,3.6898365020751953,3.72693759200291,3.573586058614457,3.5955993656813554,528592000
2019-02-05,3.70888090133667,3.7454873368415127,3.6680696167812545,3.701707937419983,542424000
2019-02-06,3.78432035446167,3.8486291221777678,3.7365835431549708,3.7420248909658316,702464000
2019-02-07,3.6463046073913574,3.7402943105003184,3.6035147240832255,3.738068282657456,637120000
2019-02-08,3.6648552417755127,3.675490733915483,3.5649293111998634,3.579275006850071,461604000
2019-02-11,3.6223127841949463,3.6749963090987583,3.5740810791827355,3.620828608348077,495180000
2019-02-12,3.7390575408935547,3.7546402074135017,3.6463045732075137,3.6606505051856875,591060000
2019-02-13,3.7813520431518555,3.854317711220307,3.7548864496887444,3.768490290275961,605372000
2019-02-14,3.822164297103882,3.850361278446487,3.737326147698302,3.7803637076114875,827264000
2019-02-15,3.891666889190674,4.053180443209422,3.868911494579695,4.030425284481418,1516748000
2019-02-19,3.87435245513916,3.954738534007125,3.8619855838206583,3.8810307732281477,551892000
2019-02-20,3.9215948581695557,3.9886243049191528,3.892408823077938,3.9035389607620914,540988000
2019-02-21,3.8528342247009277,3.9586961457160683,3.8382410884779223,3.934209605693475,448548000
2019-02-22,3.937424421310425,3.956222405060103,3.8909243443573844,3.904528185631433,401740000
2019-02-25,3.925058126449585,4.088055860925728,3.9164009851696213,4.020779204193187,656020000
2019-02-26,3.8857297897338867,3.976256701346992,3.852338675175435,3.9203576384481607,488464000
2019-02-27,3.8439295291900635,3.8978497746961795,3.7870409327595858,3.871384416411005,500256000
2019-02-28,3.819417953491211,3.8600238468726964,3.797134499315095,3.8377401565705016,324944000
2019-03-01,3.8736422061920166,3.915733337999445,3.8110003107422297,3.869185325885127,357188000
2019-03-04,3.881812334060669,3.93479784486016,3.825360256341027,3.912018998445061,409992000
2019-03-05,3.8753747940063477,3.9135044323983146,3.811990055268509,3.866213574596318,362924000
2019-03-06,3.7646989822387695,3.8748791799768414,3.7619755042596372,3.8664610498022225,403524000
2019-03-07,3.69562029838562,3.7508343739462235,3.6495674434551257,3.7411779968734797,450104000
2019-03-08,3.729787588119507,3.7404342749313018,3.585191323925314,3.6064846975489036,422416000
2019-03-11,3.9897639751434326,4.012542584049862,3.7062663031150236,3.7533096983593306,859728000
2019-03-12,4.023933410644531,4.070233493127263,3.9414835993356263,4.01749566802252,579576000
2019-03-13,4.174966812133789,4.204183169950624,4.053892196545153,4.061320252215489,768900000
2019-03-14,4.0992021560668945,4.196012444273688,4.091526640746061,4.1841277449219305,519384000
2019-03-15,4.204430103302002,4.247016384503142,4.138816807769409,4.142283138474759,661484000
2019-03-18,4.183136463165283,4.289602867842203,4.156148199585518,4.235874273040399,486992000
2019-03-19,4.35051155090332,4.394831471395088,4.260634409266724,4.277470670939343,854972000
2019-03-20,4.318077087402344,4.432713945030418,4.2834133044747515,4.379480733777656,719148000
2019-03-21,4.5542826652526855,4.58052807605089,4.336150834187309,4.341102869772194,824312000
2019-03-22,4.39483118057251,4.575576236911883,4.380965858141229,4.527047608402401,747644000
2019-03-25,4.302724361419678,4.4183514863027975,4.236616164799966,4.354224386835064,525212000
2019-03-26,4.379233360290527,4.500060029751345,4.3230287371521126,4.444103339017081,703508000
2019-03-27,4.370070934295654,4.451034773354926,4.300744330698513,4.404734708346293,474372000
2019-03-28,4.388641834259033,4.454254662605151,4.335656084598918,4.396069416485582,480264000
2019-03-29,4.445836067199707,4.470100855017658,4.404982950293312,4.4552447468224665,456896000
2019-04-01,4.513182640075684,4.543389305207008,4.465891780679068,4.537446956234204,483824000
2019-04-02,4.531009674072266,4.575329599601486,4.49436573598606,4.537199956058425,440920000
2019-04-03,4.670158386230469,4.729086484341547,4.575576665988681,4.580528702250554,783504000
2019-04-04,4.661245822906494,4.703584653343044,4.5986039239933945,4.654808080315493,457376000
2019-04-05,4.727847099304199,4.745179222042119,4.66792917508908,4.704325641109393,481744000
2019-04-08,4.748646259307861,4.773653426197541,4.6733768262720625,4.69739368045108,424192000
2019-04-09,4.6860032081604,4.726361392638495,4.643911858807516,4.715219550978849,439972000
2019-04-10,4.756320953369141,4.782070970973484,4.680804537988265,4.685261180986691,444772000
2019-04-11,4.742456912994385,4.790243170654756,4.693185422101398,4.7587982565709135,374600000
2019-04-12,4.704573631286621,4.785042557326087,4.695907805067246,4.7810808343748965,471708000
2019-04-15,4.573100566864014,4.701850673879405,4.5334852219749955,4.696898637705237,440092000
2019-04-16,4.660006523132324,4.6788238817913825,4.579538064717605,4.612220746124993,394964000
2019-04-17,4.637228012084961,4.715715846704068,4.614944322265305,4.6949178621396275,351004000
2019-04-18,4.612715721130371,4.67783362459838,4.5849850753044725,4.643913169936649,380988000
2019-04-22,4.666444778442383,4.682043268252985,4.557750270062491,4.589194709830857,279936000
2019-04-23,4.720913887023926,4.752111326502161,4.669909254094242,4.679565390771123,346856000
2019-04-24,4.733295440673828,4.773901097116765,4.670653554500126,4.731314342912897,318204000
2019-04-25,4.627819061279297,4.715468110164845,4.548340918566325,4.693184421651426,499296000
2019-04-26,4.409439563751221,4.478766651432413,4.290840992639793,4.47430953565299,868988000
2019-04-29,4.440141677856445,4.467872324386639,4.3453120284149875,4.41736259516939,391920000
2019-04-30,4.481489658355713,4.506991743956133,4.3888885777669655,4.407953395005332,362920000
2019-05-01,4.4683685302734375,4.575825277390426,4.468120597847033,4.533733907422859,354280000
2019-05-02,4.535713195800781,4.577309160901699,4.434941681120272,4.478023351332537,394684000
2019-05-03,4.531257152557373,4.554035763436946,4.469853037182209,4.544132163305182,336824000
2019-05-06,4.453015327453613,4.46514748160283,4.308171385571487,4.345310700431619,422176000
2019-05-07,4.286135673522949,4.404734211002168,4.238101976595866,4.404734211002168,555220000
2019-05-08,4.306191444396973,4.386164973810182,4.246768436734894,4.258653132717726,419168000
2019-05-09,4.21383810043335,4.247016172854094,4.095240009746013,4.237360033834992,660248000
2019-05-10,4.17991828918457,4.248502530035827,4.0605768553508845,4.183137160102314,569500000
2019-05-13,3.923161268234253,4.071223904026611,3.9073150816915914,4.04819735886475,656912000
2019-05-14,4.01204776763916,4.047206466862857,3.9241510195799183,3.96277581335092,524880000
2019-05-15,3.951138973236084,3.9875354446133415,3.897410612695974,3.956585929261325,502320000
2019-05-16,3.9662423133850098,4.008829068263898,3.903353202214998,3.9456920247122484,781088000
2019-05-17,3.8756229877471924,4.053397147563898,3.8362553328985705,3.924399560038237,1022068000
2019-05-20,3.7572712898254395,3.8320453318194754,3.7325115825736925,3.7770789611764095,572064000
2019-05-21,3.8392257690429688,3.8550719546521734,3.779307593697431,3.8179326268462255,361848000
2019-05-22,3.768413543701172,3.8265985550973993,3.7575191579868314,3.8006010721733703,325868000
2019-05-23,3.647585868835449,3.706266024229984,3.587915164687212,3.706266024229984,591844000
2019-05-24,3.593857526779175,3.701561699555245,3.5871723262011903,3.6664030037492,357584000
2019-05-28,3.548795461654663,3.644120030658878,3.5468146000057823,3.6114373482718416,428356000
2019-05-29,3.4747636318206787,3.536167262021237,3.440100094150143,3.5012562642688305,559800000
2019-05-30,3.4482409954071045,3.5136809634789703,3.410067601899992,3.477986413949264,394300000
2019-05-31,3.357764959335327,3.4665837474737495,3.356029815893333,3.3994086383387545,389720000
2019-06-03,3.31612229347229,3.4075894322198153,3.286872590658536,3.3689203095444507,478644000
2019-06-04,3.544666290283203,3.5498717215125177,3.358013521019817,3.380074668095808,641836000
2019-06-05,3.5020313262939453,3.62373984584108,3.46584104857377,3.6182864353641984,511616000
2019-06-06,3.5640006065368652,3.588540596250872,3.5037660648392492,3.5062449089870698,408140000
2019-06-07,3.6066365242004395,3.6408436826410946,3.5508637006176267,3.5699505210681837,348856000
2019-06-10,3.6792638301849365,3.7476783604791355,3.662655860005159,3.662655860005159,402780000
2019-06-11,3.736772298812866,3.776680841998807,3.697359713615589,3.7390031641794126,383872000
2019-06-12,3.6239869594573975,3.6995900468198903,3.608866389264014,3.6933929368091096,358892000
2019-06-13,3.6750500202178955,3.693392898309219,3.628448651725786,3.6460480657400254,308080000
2019-06-14,3.585317611694336,3.6063873115745735,3.540699604485733,3.5820953038139884,394428000
2019-06-17,3.594985008239746,3.6319189777669725,3.560777625103327,3.583582468395753,276040000
2019-06-18,3.789569854736328,3.8448467027624322,3.645304496180876,3.656211078416756,581920000
2019-06-19,3.7955198287963867,3.83617183775806,3.769492434784261,3.8247695314867194,331644000
2019-06-20,3.8198113441467285,3.899876165789767,3.8054344736815104,3.885995016872234,350168000
2019-06-21,3.761807680130005,3.854018743770108,3.7553628271980513,3.8049387644565194,434428000
2019-06-24,3.784116744995117,3.8136144224712325,3.7360282095377864,3.7831253019121576,282948000
2019-06-25,3.7548677921295166,3.863934590363492,3.7521412049121383,3.789075185635976,311868000
2019-06-26,3.947716474533081,4.008694948974044,3.8691390588718604,3.882028763883153,584072000
2019-06-27,4.046123504638672,4.065210078949406,3.9972912820059228,4.033233802497638,445440000
2019-06-28,4.070912837982178,4.099171095213199,4.024311700565911,4.089999418724976,397668000
2019-07-01,4.119001865386963,4.31185152757884,4.081571927225259,4.277644134618608,709756000
2019-07-02,4.021337509155273,4.123463733399671,4.008200058086192,4.102393790372585,400228000
2019-07-03,4.03422737121582,4.050339625580504,3.9744887733772436,4.044638235416951,246636000
2019-07-05,3.9717612266540527,3.9804369447260943,3.908551883224979,3.9759752144020695,396552000
2019-07-08,3.896901845932007,3.931109235231609,3.866908681042539,3.9122703968576604,329788000
2019-07-09,3.899380922317505,3.927391202558349,3.8421209396168536,3.8547626680172926,342860000
2019-07-10,3.9675474166870117,4.024807158528224,3.9288782974941214,3.942759447031385,452076000
2019-07-11,4.12172794342041,4.162379948970753,4.003241741369174,4.040423459528527,682560000
2019-07-12,4.154695510864258,4.225589129805736,4.149490079981708,4.149490079981708,506392000
2019-07-15,4.146268367767334,4.191878069186944,4.118010578897881,4.175766288148709,289840000
2019-07-16,4.1415581703186035,4.16857676853829,4.086033099999635,4.131395050866482,341444000
2019-07-17,4.20674991607666,4.2136904899657095,4.114043138797341,4.143292835270089,348204000
2019-07-18,4.218399524688721,4.281112898528538,4.160643838195463,4.2171603392476245,442192000
2019-07-19,4.175269603729248,4.263018703350953,4.169320472162421,4.256574086615086,344896000
2019-07-22,4.246656894683838,4.2595465954376,4.189148962644671,4.196585492122568,315940000
2019-07-23,4.354238510131836,4.356221396581559,4.270207432340897,4.285824199703994,428176000
2019-07-24,4.4286017417907715,4.434303131051249,4.321518313945671,4.397369154134487,366236000
2019-07-25,4.2977213859558105,4.399847588394193,4.274420818683589,4.387205625277258,392700000
2019-07-26,4.339612007141113,4.38621313051203,4.324739418846175,4.324739418846175,274160000
2019-07-29,4.333416938781738,4.3495291919370125,4.245420084948997,4.3324254955214725,248160000
2019-07-30,4.349033355712891,4.3611793633760145,4.27268654903913,4.287063658693779,197772000
2019-07-31,4.182209014892578,4.3185425722487985,4.1400696204793555,4.317550656604295,359416000
2019-08-01,4.088016510009766,4.282849034536858,4.0359617263873595,4.192621089638232,421212000
2019-08-02,3.995558500289917,4.064716996215121,3.94821388668555,3.995558500289917,428348000
2019-08-05,3.7377634048461914,3.8136142340433463,3.6909142937551334,3.8123748120530925,589156000
2019-08-06,3.776433229446411,3.8577374884867206,3.728840642356631,3.8123757669799567,361272000
2019-08-07,3.814605951309204,3.8265042141545442,3.6983508551753905,3.7157022914951865,372560000
2019-08-08,3.922929048538208,3.9241684706234805,3.81485394849571,3.87211392501999,309300000
2019-08-09,3.8217949867248535,3.8854998239839995,3.7714755786567715,3.88202953628245,341816000
2019-08-12,3.7541236877441406,3.821794526165038,3.7323102845376672,3.769739980519211,279200000
2019-08-13,3.868147850036621,3.914005523627661,3.713719586465195,3.7526364487941066,351956000
2019-08-14,3.719916343688965,3.7913054492057885,3.676289773160059,3.7801508866940603,419880000
2019-08-15,3.6876916885375977,3.7585850650011694,3.653484540473427,3.7387547862750132,477200000
2019-08-16,3.9551539421081543,4.004233693390105,3.888722278874881,3.9499485103601346,1007960000
2019-08-19,4.233273983001709,4.24913849495694,4.052074827439502,4.068187082034116,815112000
2019-08-20,4.161141872406006,4.228317009260872,4.140071927065026,4.227821051162303,463188000
2019-08-21,4.244427680969238,4.29945679431367,4.205510818927859,4.22707624393112,427244000
2019-08-22,4.250624179840088,4.296481607546231,4.211459110233813,4.254094466555244,303488000
2019-08-23,4.0265421867370605,4.228563495368226,4.006711906139541,4.1742780845028475,568056000
2019-08-26,4.10115385055542,4.129164364303277,4.062980690288697,4.1051200958053276,318208000
2019-08-27,4.010677337646484,4.142052742653511,3.981427644240295,4.139326156453118,290968000
2019-08-28,4.000256538391113,4.052858819281227,3.945172959795155,3.9843768009846867,255612000
2019-08-29,4.143673419952393,4.1759293506395405,4.088093380399166,4.091567103292539,357976000
2019-08-30,4.156325340270996,4.239447133416653,4.138212298092732,4.189822139903513,290616000
2019-09-03,4.073451995849609,4.116625522376984,4.050624820718381,4.083625171547683,296140000
2019-09-04,4.187343120574951,4.194787015628675,4.133996389171437,4.133996389171437,227728000
2019-09-05,4.45978307723999,4.465986085467713,4.287584880726188,4.289321741960317,695676000
2019-09-06,4.432737827301025,4.493279990414334,4.394774863116284,4.4364595380613325,376976000
2019-09-09,4.478640556335449,4.564988124663979,4.462264366813369,4.463753240386079,417524000
2019-09-10,4.545137882232666,4.571686777215572,4.436211123418617,4.445887854419998,352812000
2019-09-11,4.573672294616699,4.621808437111051,4.530746736211372,4.559777403712635,361512000
2019-09-12,4.572183132171631,4.6746584193729,4.564243262622348,4.620071283804986,327840000
2019-09-13,4.514370918273926,4.54265715133636,4.470700919514769,4.505686610745012,324592000
2019-09-16,4.471445083618164,4.505934323774935,4.429015973241978,4.4394371416410685,231832000
2019-09-17,4.492783069610596,4.497001228439258,4.431744470381749,4.47814374423788,223048000
2019-09-18,4.465736389160156,4.501466501744262,4.379389326970494,4.485834754960863,258152000
2019-09-19,4.390308856964111,4.490054873234589,4.379639226776708,4.471693360171343,245476000
2019-09-20,4.284855365753174,4.412887601997053,4.274682658844729,4.389315980085497,350244000
2019-09-23,4.338202953338623,4.383609818109418,4.281382493719975,4.285104678215491,249712000
2019-09-24,4.280885696411133,4.398992741117697,4.245404032758619,4.369466098255861,317268000
2019-09-25,4.42231559753418,4.441917517803333,4.235726083182854,4.2803884946278545,308432000
2019-09-26,4.400233268737793,4.421324066519282,4.349367839482623,4.412639759567855,234564000
2019-09-27,4.261781215667725,4.40916694978113,4.201238569050939,4.358549497883577,362056000
2019-09-30,4.319096088409424,4.329269267332629,4.256320627008765,4.287584600438513,186184000
2019-10-01,4.3173604011535645,4.4910475069552,4.312646265369863,4.342172912447982,366008000
2019-10-02,4.293540000915527,4.307434891111473,4.221335790853704,4.295524850012319,293372000
2019-10-03,4.498737335205078,4.504940341880381,4.267733902360388,4.298004972473487,450588000
2019-10-04,4.515115261077881,4.544393918211177,4.435963597026066,4.500971908211548,265524000
2019-10-07,4.573672294616699,4.673169841237255,4.571190996489656,4.5798753033046955,480984000
2019-10-08,4.397503852844238,4.482114082791431,4.379390802700661,4.482114082791431,444436000
2019-10-09,4.483850955963135,4.5332279835979445,4.445392018572494,4.4741742246574345,292412000
2019-10-10,4.541415214538574,4.592280635404591,4.476406917044007,4.4816175003554894,309124000
2019-10-11,4.614861011505127,4.697982369452037,4.606424692488743,4.625282179727991,446404000
2019-10-14,4.628259181976318,4.64910151719913,4.575160446115078,4.606175961127843,200040000
2019-10-15,4.872413158416748,4.944865829725938,4.704433116791738,4.718328480278698,664124000
2019-10-16,4.818819046020508,4.943129583323917,4.807405452379285,4.838420971426894,428944000
2019-10-17,4.820803165435791,4.908142667329887,4.766463550442048,4.863232267535024,263436000
2019-10-18,4.726517200469971,4.853805019195491,4.652328127600214,4.821300624617464,307440000
2019-10-21,4.863480567932129,4.876879481697929,4.768945154666601,4.787802639758155,261868000
2019-10-22,4.853556156158447,5.025257908542597,4.845864274299775,4.920301321615547,328720000
2019-10-23,4.840653419494629,4.854796296784841,4.739914997500526,4.771674947710298,279916000
2019-10-24,4.884571075439453,4.918067411363147,4.8478485319089915,4.881841316678145,232020000
2019-10-25,5.075130462646484,5.095972796196652,4.957271420404589,4.964963301585127,423092000
2019-10-28,5.1309590339660645,5.1833128612970585,5.089521876933053,5.118800531489562,330792000
2019-10-29,5.034934043884277,5.123514432062237,5.015580584244966,5.1170629633430345,211236000
2019-10-30,5.036920070648193,5.067439613786123,4.968934011699565,5.0617325803737,205960000
2019-10-31,4.987790584564209,5.036919146033415,4.908142958818643,5.016076812063298,209732000
2019-11-01,5.0267462730407715,5.059002197409222,4.927496255656585,4.952556747800937,283640000
2019-11-04,5.223013401031494,5.235419893040115,5.0845604523339585,5.107635628277362,376716000
2019-11-05,5.200929164886475,5.248816837915492,5.153041018598312,5.222763922024642,300868000
2019-11-06,5.151800632476807,5.2024175912470945,5.0644606569634405,5.1768611240691085,269012000
2019-11-07,5.169416427612305,5.252786219188606,5.124754022365748,5.2381468962804165,280340000
2019-11-08,5.15552282333374,5.187034786552671,5.1150785661477896,5.152545549764464,189100000
2019-11-11,5.1654486656188965,5.18852384014965,5.068679926912906,5.154779035818744,243436000
2019-11-12,5.200929164886475,5.256757179837685,5.168672768132822,5.2036584503713526,283504000
2019-11-13,5.175124168395996,5.197206913033918,5.108874987963954,5.1696651242392395,300188000
2019-11-14,5.2053961753845215,5.207629485656896,5.124259667709916,5.184057390287869,518080000
2019-11-15,5.066446781158447,5.254772716233634,4.978362355062665,5.20316285160327,1053628000
2019-11-18,5.267177581787109,5.293726469408185,5.056024053301111,5.059001326145493,574588000
2019-11-19,5.160734176635742,5.259735754780786,5.102673310673208,5.23616413074978,414564000
2019-11-20,5.239885330200195,5.3235031346345885,5.125252009839649,5.137906487994394,472588000
2019-11-21,5.2150726318359375,5.290998551465639,5.19348586004434,5.235418991269967,288388000
2019-11-22,5.232690811157227,5.284052222975251,5.209118712049796,5.237652934895209,224100000
2019-11-25,5.488752841949463,5.493715437128339,5.34757017994659,5.360472643456192,506476000
2019-11-26,5.3842949867248535,5.475852681972898,5.377843515626544,5.47113807259193,385244000
2019-11-27,5.419056415557861,5.46399996004786,5.392736101303444,5.42973391735485,215784000
2019-11-29,5.381810188293457,5.41657304466473,5.357972530434071,5.388266417967206,141556000
2019-12-02,5.195827007293701,5.388265430503943,5.1806805399113,5.37485663201326,372036000
2019-12-03,5.15634822845459,5.160320856261252,4.975332231378648,5.012578221912661,465232000
2019-12-04,5.200047969818115,5.262124754628618,5.171492705638278,5.239777074208175,273424000
2019-12-05,5.183165073394775,5.237544320755254,5.152623012378893,5.221901034014239,184884000
2019-12-06,5.268333911895752,5.30111093009585,5.2422617681542905,5.252194284022518,232236000
2019-12-09,5.268333911895752,5.322961801954157,5.236799168591819,5.245489883172307,211880000
2019-12-10,5.3132781982421875,5.36492614669927,5.245738318316837,5.298379423689103,256388000
2019-12-11,5.396707534790039,5.402170606689801,5.321222420910559,5.323705549299849,233796000
2019-12-12,5.563819408416748,5.581945822911809,5.358966249624642,5.367905134665788,404348000
2019-12-13,5.561832904815674,5.6857383315718675,5.507950004779443,5.566799162383771,454704000
2019-12-16,5.59063720703125,5.662894702865185,5.5812015056423645,5.609260438974921,320976000
2019-12-17,5.668605327606201,5.6912011848591,5.599824125402804,5.609259825760161,321196000
2019-12-18,5.698897838592529,5.759236487706067,5.694924738269037,5.703367280451248,343548000
2019-12-19,5.846641540527344,5.860050342253355,5.7284473483987375,5.733413606342329,445360000
2019-12-20,5.943730354309082,5.969057514210457,5.893820547013858,5.912940120759926,603044000
2019-12-23,5.930072784423828,6.00431658720451,5.919395756254453,5.972285029087965,355060000
2019-12-24,5.925105571746826,5.94223882710578,5.880410205351006,5.9146767160689135,138864000
2019-12-26,5.9392595291137695,5.967317982505401,5.909710630228528,5.928582028747246,182852000
2019-12-27,5.881653308868408,5.967815946285022,5.855332519465852,5.954407143953665,254644000
2019-12-30,5.768672466278076,5.865015772917134,5.73738589814169,5.859801344894404,258056000
2019-12-31,5.842668533325195,5.852104233361392,5.714293662838255,5.733413233709171,231004000
2020-01-02,5.957139015197754,5.957139015197754,5.877929415784326,5.928335567557279,237536000
2020-01-03,5.861786842346191,5.905489047506633,5.812870209888905,5.8377010190393435,205384000
2020-01-06,5.8863701820373535,5.891584610374977,5.742600672952375,5.7686728146404915,262636000
2020-01-07,5.95763635635376,6.003324897973445,5.869735559750391,5.914679115146857,314856000
2020-01-08,5.968808650970459,6.010027738144992,5.913436250059325,5.953413535981772,277108000
2020-01-09,6.034361362457275,6.106618845916107,5.980727107752627,6.054970904760999,255112000
2020-01-10,6.0666422843933105,6.171676330159924,6.052488968749053,6.141382911321963,316296000
2020-01-13,6.256845474243164,6.281924462411108,6.1269806168674785,6.149576949548927,319840000
2020-01-14,6.140140533447266,6.239463317637183,6.126979903415702,6.214135687983089,359088000
2020-01-15,6.09768009185791,6.17515201126615,6.07185611872183,6.152804323990373,263104000
2020-01-16,6.1811113357543945,6.187070750514712,6.127725247332513,6.151066091140248,284192000
2020-01-17,6.189802169799805,6.207680414425977,6.142375495222458,6.200231027429631,253792000
2020-01-21,6.156529426574707,6.190050958426522,6.122511079468189,6.153301311440246,217916000
2020-01-22,6.210411071777344,6.2968218681187,6.182848958433113,6.201720357984873,239240000
2020-01-23,6.278696060180664,6.2871386039958095,6.161743668888831,6.250389431731005,244516000
2020-01-24,6.219598770141602,6.443571968511958,6.165467698754059,6.393910339538206,373512000
2020-01-27,5.964338779449463,6.015241734130673,5.766437730526591,5.915670309087849,470536000
2020-01-28,6.157273292541504,6.1895530171885635,5.977001849970545,6.030139760177138,310976000
2020-01-29,6.096935272216797,6.1788766302299125,6.057205684032846,6.142871972143197,258848000
2020-01-30,6.103638172149658,6.117046971026673,5.944473569825535,5.999349145534883,290504000
2020-01-31,5.870728015899658,6.069870434686681,5.829012581248318,6.0579516037553045,370420000
2020-02-03,5.96756649017334,5.98693422980452,5.846392374463058,5.852599959031598,255564000
2020-02-04,6.136415958404541,6.155536003954367,6.059192684593247,6.109102487177571,271544000
2020-02-05,6.226550579071045,6.267272844623342,6.14336743176508,6.257092159833184,208220000
2020-02-06,6.313210487365723,6.313210487365723,6.179869829185719,6.26081803092759,218284000
2020-02-07,6.2471604347229,6.2953320882230726,6.221832806853207,6.273232574934326,189752000
2020-02-10,6.5297322273254395,6.530476739450623,6.264788210136057,6.26975446595328,529608000
2020-02-11,6.651901721954346,6.766371455351388,6.575919776508791,6.637748408041317,638556000
2020-02-12,6.767364025115967,6.773820254487021,6.66580628678317,6.704542242184371,374644000
2020-02-13,6.723662376403809,6.790705436408653,6.6821951180236105,6.709509062531158,528016000
2020-02-14,7.195693016052246,7.324316034279077,7.1015846769682796,7.132871241875488,1041924000
2020-02-18,7.364046096801758,7.382421154368142,7.073278500086372,7.092646240797741,620164000
2020-02-19,7.81422758102417,7.831857654033963,7.486213974968702,7.486213974968702,694332000
2020-02-20,7.665243148803711,7.854453011250892,7.358583618194485,7.766304072638066,810052000
2020-02-21,7.301970481872559,7.578336639966872,7.217297816442467,7.553257651855542,768180000
2020-02-24,6.785738945007324,6.999035117860609,6.654632773657176,6.709012016382708,856916000
2020-02-25,6.506890773773193,6.922557012925543,6.40533302083709,6.860728377866259,1055496000
2020-02-26,6.645941734313965,6.839621511425255,6.505648514112078,6.507138012452967,747732000
2020-02-27,6.275990962982178,6.63376729934586,6.1838138273651895,6.3331356595572315,906416000
2020-02-28,6.710043907165527,6.7694249063788705,6.007411321078499,6.02405771475287,1133252000
2020-03-02,6.868061542510986,6.896882687253615,6.4846945394968625,6.87973918151174,890744000
2020-03-03,6.6061906814575195,6.983346455321464,6.520970249489787,6.923717127040646,652792000
2020-03-04,7.068812847137451,7.0782541898391145,6.638735826633761,6.713272817524511,597408000
2020-03-05,6.790045261383057,7.03626464202494,6.745571483242945,6.869799320775565,540328000
2020-03-06,6.609917640686035,6.668304901044976,6.410158979847586,6.610911391781522,515412000
2020-03-09,6.098097801208496,6.444941989409287,5.917718976759138,5.960453109775377,614160000
2020-03-10,6.486680030822754,6.486680030822754,6.111760737255846,6.37388104872094,580648000
2020-03-11,6.123687267303467,6.3753730040323875,6.026789699293367,6.347048975596242,499964000
2020-03-12,5.374345779418945,5.866536307886631,5.361674389912644,5.60168251557704,816540000
2020-03-13,5.9838080406188965,5.98828015680967,5.456336697644329,5.726904703049222,634836000
2020-03-16,4.8796706199646,5.61758447680324,4.8200412987671255,5.277448221100597,726972000
2020-03-17,5.398197174072266,5.487393064419589,4.745504279805291,4.991723701502606,833632000
2020-03-18,5.039177417755127,5.216077814958566,4.489096905227361,4.971597639823064,874268000
2020-03-19,5.291362285614014,5.384781510391298,4.804885885483796,5.017812074847171,765512000
2020-03-20,5.111976146697998,5.7224315012787486,5.096571825269619,5.441179660332024,804636000
2020-03-23,5.284404754638672,5.378569879183568,4.932343026928404,5.11098266460325,643876000
2020-03-24,6.1910200119018555,6.277482978063412,5.6660332856046995,5.689636410549801,1101644000
2020-03-25,6.102570056915283,6.505068097115809,6.053872469466768,6.305806578905943,793432000
2020-03-26,6.391274929046631,6.51500567196271,6.211392763360578,6.309284089634278,696108000
2020-03-27,6.279221534729004,6.53736691560444,6.178596798409605,6.211392945580001,638828000
2020-03-30,6.598735332489014,6.607928356954407,6.300588285202859,6.344564958091358,602252000
2020-03-31,6.54929256439209,6.84247037341055,6.403945729901024,6.6387362963410945,949960000
2020-04-01,6.03921365737915,6.497863134076744,5.994740340164623,6.351771317564638,656912000
2020-04-02,6.3472981452941895,6.360466172613561,6.020330439771605,6.06828211430881,675764000
2020-04-03,6.060083389282227,6.351273226478855,5.922935826420933,6.309781168533182,663212000
2020-04-06,6.668551445007324,6.705323069101554,6.284190233065796,6.341583727049638,727884000
2020-04-07,6.4357476234436035,6.913279673254459,6.392764706231681,6.889676079722989,784520000
2020-04-08,6.632524490356445,6.65737015384119,6.474755072203678,6.544571154388917,542444000
2020-04-09,6.533143043518066,6.780853326872135,6.47028368318691,6.75799563614717,525564000
2020-04-13,6.704577445983887,6.7132733578706585,6.385311898450525,6.47351356124016,398408000
2020-04-14,7.054900169372559,7.088938386369082,6.804953590184453,6.832532189824277,530948000
2020-04-15,6.977630138397217,7.060365936147796,6.841973436906401,6.8871921794394515,366148000
2020-04-16,7.3219895362854,7.42882556643318,7.119498475685138,7.132666503087581,745620000
2020-04-17,7.262856483459473,7.425346330441237,7.129187301845266,7.403979032140469,539120000
2020-04-20,7.131922245025635,7.292176316616049,7.087697246879658,7.136643154464146,449388000
2020-04-21,6.696130752563477,7.075273983417711,6.636501431378573,7.0141542727746815,735160000
2020-04-22,7.109560489654541,7.152295094093899,6.842470870529456,6.8879379344289635,483356000
2020-04-23,7.05639123916626,7.283231356281936,7.031297251133406,7.151550117397166,424160000
2020-04-24,7.195029258728027,7.1970167604675614,6.971667519957497,7.0462045218903055,352328000
2020-04-27,7.38112211227417,7.540630723793758,7.304597615042217,7.3291949610384926,479388000
2020-04-28,7.239005088806152,7.558022301469902,7.233539222714368,7.528207409397369,442904000
2020-04-29,7.415409088134766,7.46808167070093,7.298386285060615,7.373419918837021,379160000
2020-04-30,7.26186466217041,7.415410319910699,7.247951201131384,7.361495184492748,375916000
2020-05-01,7.025829792022705,7.1778845491023535,6.977629328735813,7.064837231995706,342096000
2020-05-04,7.23726749420166,7.250932636320567,6.978624966589477,6.978624966589477,317556000
2020-05-05,7.2981367111206055,7.460378227167245,7.237264865759854,7.341119623810354,368896000
2020-05-06,7.3987627029418945,7.503362917200423,7.339630499507867,7.37739587501728,323464000
2020-05-07,7.574668884277344,7.637776560709775,7.486467223583362,7.53764894288539,373732000
2020-05-08,7.764242172241211,7.770453471200657,7.612435694125016,7.646225596444798,339216000
2020-05-11,8.015680313110352,8.062389929650758,7.730701230129176,7.7592735868249,469060000
2020-05-12,7.754302024841309,8.122016340245983,7.744612362664973,8.073319236258097,493060000
2020-05-13,7.731943130493164,8.028598882068218,7.547837139628314,7.868593603118008,625852000
2020-05-14,7.980894565582275,7.98636043186477,7.640012928874342,7.793310242924899,602312000
2020-05-15,8.438302040100098,8.447991229472853,7.825361531965535,7.841014174290787,987660000
2020-05-18,8.696197509765625,8.861420771854155,8.626878538742194,8.706384284090324,774460000
2020-05-19,8.751108169555664,9.031365836913162,8.70862188133378,8.735952164581962,717320000
2020-05-20,8.914589881896973,8.987138893483177,8.83384159798782,8.935460067603975,587536000
2020-05-21,8.721041679382324,8.996578319036958,8.683524635851711,8.995585042419636,761068000
2020-05-22,8.97049617767334,9.036834396731516,8.659429801781899,8.770737510355502,1038764000
2020-05-26,8.663898468017578,9.125032953045377,8.61843140772294,9.100186813930394,770780000
2020-05-27,8.472587585449219,8.579422656009472,7.947351723829937,8.57172096969217,1175892000
2020-05-28,8.434574127197266,8.706384140840894,8.327488838944653,8.360284982055731,734896000
2020-05-29,8.820673942565918,8.820673942565918,8.4325860729438,8.501656726855527,745256000
2020-06-01,8.751852035522461,8.786139044935808,8.635823453606509,8.778685676901018,389876000
2020-06-02,8.770736694335938,8.78266265454262,8.60452010486707,8.741916492638026,391320000
2020-06-03,8.71532917022705,8.811481787736001,8.64625851321786,8.767753908839891,365440000
2020-06-04,8.716325759887695,8.892063372207687,8.62783444992384,8.67804533176041,424280000
2020-06-05,8.868946075439453,8.945505028883574,8.658159572680956,8.744164653127928,481748000
2020-06-08,8.754606246948242,8.838870419678996,8.636038460046933,8.82644215114005,387736000
2020-06-09,8.994224548339844,9.057609939303413,8.701162292308348,8.749633194746389,468488000
2020-06-10,9.31313705444336,9.445624603112948,9.101107479710079,9.115276667601618,632180000
2020-06-11,8.745903968811035,9.208241690060559,8.73571254486415,9.097628518391415,583652000
2020-06-12,8.881372451782227,9.134664575727575,8.653434667947968,9.11005648138736,570908000
2020-06-15,9.121243476867676,9.129694925278905,8.693704301366452,8.76479584104821,400004000
2020-06-16,9.016593933105469,9.213709970031696,8.788159278394854,9.172198981222923,535716000
2020-06-17,9.183136940002441,9.245776080449938,9.0183351251666,9.061587043912771,408304000
2020-06-18,9.165239334106445,9.229370011265214,9.062331373041776,9.174187646326033,254408000
2020-06-19,9.208242416381836,9.390940867747382,9.174437570476622,9.189600491316718,524160000
2020-06-22,9.472222328186035,9.476696958868198,9.220173275389165,9.24677073049293,398468000
2020-06-23,9.395910263061523,9.587308552735838,9.353653978073853,9.496331996252083,375108000
2020-06-24,9.182640075683594,9.50180290042588,9.092160369035703,9.422011483078405,449372000
2020-06-25,9.435683250427246,9.450597738483603,9.129694924322715,9.302201948489339,376072000
2020-06-26,9.102601051330566,9.445626707798452,9.072773021964302,9.445626707798452,592084000
2020-06-29,9.147342681884766,9.151817312552694,8.849059572517856,9.117266222856149,342248000
2020-06-30,9.443387985229492,9.471724465250414,9.213461781076331,9.26068956384979,367892000
2020-07-01,9.475456237792969,9.520945009112733,9.359126241090184,9.466259489767404,326648000
2020-07-02,9.557234764099121,9.681767761145823,9.523428968107915,9.58383127402163,364056000
2020-07-06,9.782934188842773,9.852036371881187,9.656909656197096,9.685992386533162,315892000
2020-07-07,9.815248489379883,10.01236361484961,9.79436877481935,9.889322168841927,357800000
2020-07-08,10.1575288772583,10.16647813998509,9.908462873664314,9.936550928389142,365480000
2020-07-09,10.448850631713867,10.509501363844844,10.174927184561719,10.320837695475568,494548000
2020-07-10,10.419272422790527,10.594264737914497,10.31934752397019,10.528145636030475,497676000
2020-07-13,9.99471378326416,10.730478013100093,9.967619466000675,10.534357598250097,457076000
2020-07-14,10.317606925964355,10.343209704716779,9.729492105255805,10.01733538240931,542676000
2020-07-15,10.168712615966797,10.373284483795743,9.998194021875896,10.35464256132505,403984000
2020-07-16,10.076743125915527,10.148330579277705,9.838862314759108,9.957678504058652,344964000
2020-07-17,10.143109321594238,10.189840238076629,10.030010888799213,10.16697211899285,266284000
2020-07-20,10.450589179992676,10.47097202569656,10.098615287459245,10.215443053252137,284852000
2020-07-21,10.269384384155273,10.499560010526949,10.227873386769945,10.452828136180505,277036000
2020-07-22,10.379002571105957,10.541815020884213,10.232595203292092,10.308160418707741,367292000
2020-07-23,10.071773529052734,10.48663511726598,9.973837034694547,10.390190166748868,411660000
2020-07-24,10.136152267456055,10.305427789555091,9.721042262613368,9.81848093979742,473292000
2020-07-27,10.361849784851074,10.381983248600125,10.159265399080933,10.173683018649735,292132000
2020-07-28,10.157032012939453,10.322579150159058,10.150818353408443,10.31487394684012,271636000
2020-07-29,10.405598640441895,10.456057943379921,10.287777140002785,10.33127653908729,284508000
2020-07-30,10.553250312805176,10.562198626174778,10.23632432247183,10.31561792819607,308880000
2020-07-31,10.553996086120605,10.704878102033073,10.37328604155994,10.50279052923152,386080000
2020-08-03,10.94723129272461,11.03522477261038,10.653919693105369,10.671071020858617,412720000
2020-08-04,11.163487434387207,11.163487434387207,10.843579291958523,10.986755156389975,310336000
2020-08-05,11.222148895263672,11.306662426415594,11.102338977036846,11.179644171241007,249924000
2020-08-06,11.270622253417969,11.292993515023817,11.114769668219672,11.284790497851256,244316000
2020-08-07,11.135398864746094,11.43890190925991,10.974326380325055,11.24775201691962,342516000
2020-08-10,11.101096153259277,11.342953785393757,10.794361590484725,11.269377922253069,427796000
2020-08-11,10.787899017333984,11.073007607753555,10.733958811085435,11.010367521177148,354512000
2020-08-12,11.374773025512695,11.401369537124475,10.895531365569134,10.92784561988187,464412000
2020-08-13,11.377503395080566,11.654658327351312,11.290753031765972,11.479913541646958,374460000
2020-08-14,11.497811317443848,11.637755639070226,11.37501832276075,11.464005528623535,366436000
2020-08-17,12.266387939453125,12.338721639164778,11.749613132917666,11.78341797703203,621300000
2020-08-18,12.190573692321777,12.424477676202287,12.01707295308066,12.378740485765862,503448000
2020-08-19,12.069022178649902,12.244511302879308,12.028753354306133,12.226117814732458,622624000
2020-08-20,12.07150936126709,12.30417023970523,11.810760432923727,11.906460065788977,921388000
2020-08-21,12.6109037399292,12.735436709967265,12.125447608200558,12.131910646894115,999868000
2020-08-24,12.647444725036621,12.8385946165752,12.435911984887685,12.810008752365281,490564000
2020-08-25,12.677023887634277,12.688209041803288,12.501782219926314,12.558456133077177,289076000
2020-08-26,12.699892044067383,12.79484543135099,12.605187089337212,12.725991685415721,321244000
2020-08-27,12.555970191955566,12.776451226157715,12.494573218918223,12.708342781689355,317604000
2020-08-28,13.072495460510254,13.072743893029559,12.570137408216738,12.6024516518253,537160000
2020-08-31,13.29794979095459,13.497301743517985,12.963127187794592,13.107296770619834,500840000
2020-09-01,13.746004104614258,13.9178162444731,13.36358999116668,13.406853896827913,511316000
2020-09-02,14.26865291595459,14.646839567379729,13.824574955850318,14.623963657510243,874012000
2020-09-03,12.944875717163086,13.809159857079546,12.808867526231621,13.753712472441025,945128000
2020-09-04,12.554010391235352,13.103512283664935,11.641239770900325,12.714384609698111,1463684000
2020-09-08,11.848360061645508,12.481903777414194,11.640742968653129,11.67082842971862,795728000
2020-09-09,12.646005630493164,12.739743935097291,12.165377241772093,12.332714361952345,736200000
2020-09-10,12.24494457244873,12.994355926622518,12.10097942091234,12.91876810424412,698684000
2020-09-11,12.098495483398438,12.58384750491688,11.831203535061007,12.417753831428957,636928000
2020-09-14,12.802403450012207,13.242751020108157,12.562711914830903,13.010021471853284,1201744000
2020-09-15,12.920507431030273,13.226587244377473,12.758143300838443,13.207938797341011,727556000
2020-09-16,12.446595191955566,13.02170750232912,12.445849671255177,12.88694277948844,556384000
2020-09-17,12.395873069763184,12.521438302822826,11.969449429392025,12.066420242616426,792512000
2020-09-18,12.123112678527832,12.563957364700686,11.923701028791086,12.525417920772094,698460000
2020-09-21,12.44933032989502,12.454551820156114,11.839905113708335,11.86029406096583,721044000
2020-09-22,12.56917667388916,12.579371147984176,12.08954412011194,12.506767294795011,646452000
2020-09-23,12.057965278625488,12.657942495758004,12.013707338704753,12.507263849012158,647012000
2020-09-24,12.280999183654785,12.501297716658009,11.948811835757942,12.006746195509242,731240000
2020-09-25,12.803895950317383,12.81359341042278,12.179304208660158,12.37995930307491,588016000
2020-09-28,12.964269638061523,12.980929083477617,12.680816250113036,12.969491127871112,573808000
2020-09-29,13.153983116149902,13.369805617191266,12.86307076343371,12.867297276741818,621460000
2020-09-30,13.457080841064453,13.548581635739456,13.078894186765016,13.086104679681076,689184000
2020-10-01,13.540623664855957,13.688068843858796,13.387707541359429,13.68334531688609,525004000
2020-10-02,12.991371154785156,13.44613964716638,12.980181706832932,13.153238276064698,552496000
2020-10-05,13.568471908569336,13.57021240499254,13.15099937684781,13.164177827694674,479820000
2020-10-06,13.661961555480957,14.065261604653339,13.590849709737089,13.754954333953476,784420000
2020-10-07,13.88823127746582,14.042639439434828,13.788276482852954,13.92378768544491,418084000
2020-10-08,13.763659477233887,14.008076438662577,13.683348120251452,13.998627485782533,378900000
2020-10-09,13.688071250915527,13.749238090470126,13.586625429092514,13.692298713449562,346892000
2020-10-12,14.148808479309082,14.26915221248606,13.837010100395466,13.913591958690121,434744000
2020-10-13,14.170939445495605,14.27064573492429,13.942684887481585,14.218927839781706,344604000
2020-10-14,14.018768310546875,14.264924826969352,13.884252095509092,14.212958430202395,276100000
2020-10-15,13.894194602966309,13.929750050585785,13.693041597740345,13.735808486117728,267224000
2020-10-16,13.736557006835938,14.04487533293222,13.717660049634887,13.960585020449875,242392000
2020-10-19,13.424511909484863,13.907625493896074,13.334005118727905,13.82756263343774,298068000
2020-10-20,13.571456909179688,13.724870061313956,13.433708226033241,13.509793060688235,229212000
2020-10-21,13.451363563537598,13.716666494155783,13.404370150058263,13.55106984318131,219596000
2020-10-22,13.288503646850586,13.537892674582903,13.159954430178722,13.449127329584885,290480000
2020-10-23,13.516508102416992,13.519492082140397,13.219130715639897,13.377018906592749,233484000
2020-10-26,13.069944381713867,13.618452225556153,12.96775208441768,13.354144270624808,336896000
2020-10-27,13.324058532714844,13.369062941628298,13.119921500790154,13.233800259493728,250520000
2020-10-28,12.55848503112793,13.188050708710339,12.540583049206013,13.126386851090986,376520000
2020-10-29,12.953330039978027,13.121164188121782,12.680816637076695,12.768836445909805,320080000
2020-10-30,12.465989112854004,12.86630429338477,12.233258625540165,12.780274436354883,416820000
2020-11-02,12.512486457824707,12.767096951899822,12.32774434236848,12.589068316716522,299652000
2020-11-03,12.948853492736816,13.033889318221213,12.534364903155558,12.639541166978166,272900000
2020-11-04,13.719399452209473,13.75246983604854,13.264630929698608,13.316597320732134,410228000
2020-11-05,14.083163261413574,14.261191852809048,13.91508063453166,14.085650226791655,319028000
2020-11-06,14.48298454284668,14.50958900610018,13.819603973147315,14.033188045302696,383348000
2020-11-09,13.556785583496094,14.611779675899903,13.536894602102251,14.473533988039739,582976000
2020-11-10,12.700706481933594,13.532666592405809,12.559725327444882,13.532666592405809,644068000
2020-11-11,13.345193862915039,13.362101817836644,12.877992334373559,12.98292010915212,404744000
2020-11-12,13.383732795715332,13.69130466553018,13.243746581825867,13.40586224042425,365812000
2020-11-13,13.224848747253418,13.59458146386751,12.988388755362086,13.55330655700008,346312000
2020-11-16,13.441915512084961,13.575436751077367,13.084614759446428,13.101024751247351,413776000
2020-11-17,13.349416732788086,13.522472345327744,13.231559991334292,13.478959935350014,312028000
2020-11-18,13.355884552001953,13.531924181183586,13.11345753865842,13.392186477279536,510924000
2020-11-19,13.36732006072998,13.414313464918354,13.028916331604549,13.14105457354579,565936000
2020-11-20,13.016733169555664,13.421275773566174,12.994105766643468,13.380995847364288,341088000
2020-11-23,13.068702697753906,13.30988624770573,12.944877961621113,13.099783135245094,361356000
2020-11-24,12.887439727783203,13.090580823661265,12.815084388554446,13.071186853481274,346500000
2020-11-25,13.162938117980957,13.19749954950545,12.949354010397753,12.961785995769935,259916000
2020-11-27,13.189289093017578,13.33474620723655,13.099031794104278,13.302422298687965,167276000
2020-11-30,13.32878303527832,13.339723978938197,12.901862386621666,13.1930242779278,286952000
2020-12-01,13.317346572875977,13.455343795104646,13.15647343473755,13.41904186585619,296948000
2020-12-02,13.471004486083984,13.599304211301206,13.162437699845077,13.278056936052282,283360000
2020-12-03,13.327249526977539,13.589894576674254,13.260593943208093,13.517766430386201,199520000
2020-12-04,13.488665580749512,13.490406591655205,13.320035154421149,13.379478105518432,202244000
2020-12-07,13.536917686462402,13.660779007324052,13.430716006232535,13.531446072669704,223244000
2020-12-08,13.281484603881836,13.528957686598924,13.213335648092489,13.515278179379305,271920000
2020-12-09,12.864385604858398,13.34515509436293,12.802206372644868,13.232237965404359,401300000
2020-12-10,12.905672073364258,13.001677197887197,12.78355178644564,12.802952434607922,207764000
2020-12-11,12.94646167755127,12.95317714039091,12.75718771417098,12.900697287883272,209264000
2020-12-14,13.240446090698242,13.320035433419807,13.010383117244352,13.020829182897314,270156000
2020-12-15,13.29193115234375,13.394899381914428,13.119072953503997,13.370773808172196,193016000
2020-12-16,13.17453670501709,13.368287035609647,13.144689988892607,13.3536122578648,223116000
2020-12-17,13.272778511047363,13.310832168465264,13.110863557414445,13.29814698347281,231384000
2020-12-18,13.203882217407227,13.33619902252071,13.003416470104648,13.310332443875872,342064000
2020-12-21,13.263823509216309,13.30138000486994,12.900945634831366,13.007645399918461,302332000
2020-12-22,13.210103988647461,13.268801207944161,12.987005029007529,13.250893935500397,185580000
2020-12-23,12.942483901977539,13.206869957358288,12.938256138787487,13.187967415608872,179144000
2020-12-24,12.92706298828125,13.065100970275514,12.872345904910631,12.97033968408649,97884000
2020-12-28,12.833792686462402,12.9954590638984,12.69774525994913,12.9954590638984,212564000
2020-12-29,12.876822471618652,13.005409659646398,12.776340989904284,12.858666619881392,170372000
2020-12-30,13.078280448913574,13.1459312845116,12.830558825412934,12.923578131372935,225396000
2020-12-31,12.987998962402344,13.083505986905843,12.84871713388404,13.069080738298597,192424000
2021-01-04,13.046196937561035,13.582431124501683,12.895971895425573,13.036994722740106,560640000
2021-01-05,13.335951805114746,13.374502622372711,13.019832636772176,13.032516872741898,322760000
2021-01-06,12.549758911132812,13.177022849780169,12.521405575778882,13.154638288108194,580424000
2021-01-07,13.275514602661133,13.309091919233424,12.820363118117218,12.900946780331147,461480000
2021-01-08,13.208610534667969,13.352120129783836,12.975065526063036,13.293921024459769,292528000
2021-01-11,13.551590919494629,13.889348941876813,13.293920349716162,13.349881280512768,518344000
2021-01-12,13.415543556213379,13.683909741204818,13.276511249736272,13.68191920101054,291476000
2021-01-13,13.462301254272461,13.555072944184918,13.316304914526613,13.420765571709692,210028000
2021-01-14,13.132501602172852,13.529951129095025,13.112853322479959,13.505328397210821,283120000
2021-01-15,12.793501853942871,13.256861253737839,12.78255862740494,13.160110379541644,277780000
2021-01-19,12.958401679992676,13.026798268994698,12.778081329831359,12.949447095978456,226188000
2021-01-20,13.297151565551758,13.36156896001884,12.98973747053328,13.044454541839137,258572000
2021-01-21,13.796326637268066,13.927400548792576,13.184980456371806,13.349630731667151,337780000
2021-01-22,13.642122268676758,13.770709436142702,13.557309900202496,13.669481280851628,246820000
2021-01-25,13.583176612854004,13.75752722329833,13.168565561333795,13.71101709190849,251112000
2021-01-26,13.366297721862793,13.574721885748612,13.318792314418362,13.510801637996689,163980000
2021-01-27,12.85145378112793,13.164836718249127,12.728089628381658,13.162100437127794,371272000
2021-01-28,12.984016418457031,13.271285077100378,12.893981023989753,12.929547927045675,228316000
2021-01-29,12.923081398010254,13.266310987846254,12.845233076128466,13.007893762775277,271552000
2021-02-01,13.169063568115234,13.202639933895902,12.836528607721643,12.986256485316742,217204000
2021-02-02,13.487174987792969,13.50234597862409,13.217316363082297,13.329985875476133,220440000
2021-02-03,13.46105670928955,13.860247226982565,13.44712862336559,13.566014514279491,245408000
2021-02-04,13.594120025634766,13.603322239769158,13.269295813752072,13.46155368214579,201340000
2021-02-05,13.521247863769531,13.666748000470225,13.476230156579192,13.654560923062117,169152000
2021-02-08,14.364645004272461,14.39946521890189,13.656796531061007,13.656796531061007,434624000
2021-02-09,14.190045356750488,14.508402678677383,14.14950400191793,14.2671469869661,287560000
2021-02-10,14.68847370147705,14.828501247250246,14.267893903608194,14.389018911932702,485352000
2021-02-11,15.172479629516602,15.193869871578354,14.84840204460825,14.903368657320849,450828000
2021-02-12,14.884465217590332,15.212771494540394,14.699170418654422,14.972759615299346,374756000
2021-02-16,15.251569747924805,15.29360353659292,14.873271342590193,14.98693515502818,321960000
2021-02-17,14.829497337341309,15.14536793027898,14.704143611075722,15.093136657546811,274756000
2021-02-18,14.752893447875977,14.796915880160729,14.500196394226357,14.653406299348754,233868000
2021-02-19,14.849893569946289,15.099107664393724,14.770552807333134,14.947390182953654,271724000
2021-02-22,14.282074928283691,15.055584871762557,14.25148246713284,14.698924251693013,325884000
2021-02-23,14.06942081451416,14.165674533529184,13.32078225361046,14.003012864242908,391780000
2021-02-24,14.424586296081543,14.432297029257633,13.685399568921875,14.050268009256117,448320000
2021-02-25,13.2391996383667,14.300972267995904,13.148418506907399,13.973411797379338,824436000
2021-02-26,13.644112586975098,13.78339344846942,13.292426514142514,13.68191671453805,500932000
2021-03-01,13.770709991455078,13.853532772184092,13.483690829892343,13.80378919793109,353184000
2021-03-02,13.337443351745605,13.84905380194332,13.327245868076808,13.828658834605728,264116000
2021-03-03,12.739033699035645,13.382463937464099,12.733063976194641,13.35734404205113,377592000
2021-03-04,12.306760787963867,12.908407604408795,12.02173124079755,12.735051323937004,573344000
2021-03-05,12.397542953491211,12.48558876020493,11.619307359237807,12.48558876020493,542840000
2021-03-08,11.533750534057617,12.40724370649822,11.507137260717878,12.386102995034543,543112000
2021-03-09,12.460289001464844,12.556326294503087,12.001496357835444,12.07215642710723,521824000
2021-03-10,12.408540725708008,12.917839263049766,12.397842388909234,12.779007652547866,384376000
2021-03-11,12.931276321411133,12.983774296200266,12.673516798492331,12.88798468790623,299916000
2021-03-12,12.79443359375,12.82702688570475,12.529707651427094,12.587678172940858,243964000
2021-03-15,13.128076553344727,13.143502391712138,12.706107314755066,12.803140232452149,221988000
2021-03-16,13.22760009765625,13.447790141533767,13.0539352931175,13.292537069306986,272128000
2021-03-17,13.277361869812012,13.388825038522612,12.927295957365558,12.977305373429337,243864000
2021-03-18,12.661574363708496,13.12086450040622,12.656100861548346,13.073592309996888,293896000
2021-03-19,12.784233093261719,12.85962068483066,12.552100433738472,12.688941772839797,299208000
2021-03-22,13.123104095458984,13.330356884079693,12.844942543154177,12.850914326975841,297804000
2021-03-23,13.008155822753906,13.280594218123273,12.958892409753085,13.190776400457926,222048000
2021-03-24,12.582450866699219,13.096229093383043,12.57623136813373,13.088267034255027,245840000
2021-03-25,12.4752197265625,12.65386069712674,12.2132310027731,12.439641491398485,295144000
2021-03-26,12.777763366699219,12.794682152334557,12.314244068153682,12.494377029182635,363968000
2021-03-29,12.88624095916748,12.999944000887075,12.63917981486877,12.75885368993943,273520000
2021-03-30,12.81010913848877,12.913113858096398,12.644157722970252,12.780501735531377,200204000
2021-03-31,13.284327507019043,13.405991674241122,12.92032872070121,12.953170680778484,314776000
2021-04-01,13.745604515075684,13.803575025912174,13.446542774975873,13.507251459714412,308276000
2021-04-05,13.920515060424805,13.946887903270396,13.667233455346796,13.801089845669066,255672000
2021-04-06,13.795122146606445,13.986949114755042,13.707544199324758,13.93271046732124,191744000
2021-04-07,14.07576847076416,14.175289010956332,13.645837117597932,13.814276132527263,251284000
2021-04-08,14.248437881469727,14.402198005906836,14.180762736178757,14.184495575099847,244416000
2021-04-09,14.331038475036621,14.339000535339244,14.107116562396575,14.145929352242257,195172000
2021-04-12,15.136163711547852,15.278976816323755,14.071536912958104,14.221316464351995,869324000
2021-04-13,15.604413032531738,15.624815043568274,15.053314813963015,15.158558477798532,676212000
2021-04-14,15.203840255737305,15.645215941609269,15.154576843590075,15.550173290053323,385500000
2021-04-15,16.05997085571289,16.13660177459163,15.556642200301264,15.587493880373994,598480000
2021-04-16,15.836297035217285,16.08833436820493,15.789272566562536,15.976123314232588,335208000
2021-04-19,15.288183212280273,15.731798779412195,15.160049939654558,15.46209667219749,404420000
2021-04-20,15.09859561920166,15.422785011070824,14.891342877489341,15.24986717123968,334132000
2021-04-21,15.286941528320312,15.28893180639827,15.029928007995823,15.04634851396947,216776000
2021-04-22,14.779131889343262,15.364564899484545,14.712701033462228,15.301368600728402,277788000
2021-04-23,15.192147254943848,15.261563065807191,14.828895411965819,14.86273203688158,227500000
2021-04-26,15.403879165649414,15.40487477930476,15.052569911420672,15.112283003056701,197796000
2021-04-27,15.308088302612305,15.59545520137398,15.28096851185869,15.503895773425132,164572000
2021-04-28,15.203591346740723,15.457868581848174,15.1426349303623,15.290921556787088,209416000
2021-04-29,15.251360893249512,15.362575381790093,14.999323566610313,15.326250200272115,173196000
2021-04-30,14.937621116638184,15.291418896124943,14.925181167243966,15.101831865428135,201912000
2021-05-03,14.765698432922363,15.173734835232782,14.716684635138343,15.052568004352894,203912000
2021-05-04,14.282524108886719,14.567403422368976,13.94315749215213,14.567154756246032,405324000
2021-05-05,14.38925838470459,14.742558788944459,14.318598303856616,14.63855847088675,292024000
2021-05-06,14.453451156616211,14.501470291554716,14.1499124041879,14.42583403228446,193380000
2021-05-07,14.741315841674805,14.89905652104171,14.601488612944612,14.737335285779373,229328000
2021-05-10,14.19743537902832,14.735098103324498,14.181760869560858,14.716437701832533,268904000
2021-05-11,14.237740516662598,14.286008322864332,13.684154640398528,13.75879529407013,285584000
2021-05-12,13.692614555358887,14.191961809722272,13.643600748872887,13.942412041061676,303408000
2021-05-13,13.599809646606445,14.013320537107868,13.394547147231089,13.9665447300379,285404000
2021-05-14,14.174792289733887,14.25938527455248,13.68266022181972,13.823483068810868,258616000
2021-05-17,14.097665786743164,14.101397677374242,13.787160527483039,14.089206391729224,216980000
2021-05-18,13.948630332946777,14.335270069717708,13.936936381971368,14.19867739521661,186256000
2021-05-19,13.998392105102539,14.012076335077285,13.478394213384284,13.501532501812244,344000000
2021-05-20,14.542521476745605,14.613430225210289,14.202159294293685,14.234005637482559,321592000
2021-05-21,14.919953346252441,15.149101021619929,14.798289203895255,15.09112955927418,672992000
2021-05-24,15.537237167358398,15.66959967521389,15.1033242794954,15.139649464230473,554816000
2021-05-25,15.572813987731934,15.742745944567211,15.408355532354786,15.690497590957026,435408000
2021-05-26,15.6248140335083,15.718115073854618,15.511609264757215,15.658900271738665,370440000
2021-05-27,15.41382884979248,15.67457423164348,15.385963061533063,15.624564822611564,581476000
2021-05-28,16.166706085205078,16.199548993346383,15.426767817068965,15.426767817068965,644536000
2021-06-01,16.186609268188477,16.30976731502325,15.827089363864259,16.19208371844466,472804000
2021-06-02,16.69790267944336,16.837730875688383,16.157752372791514,16.17442249509747,594168000
2021-06-03,16.888479232788086,17.17634530010888,16.50358215503388,16.620768402840024,580008000
2021-06-04,17.494068145751953,17.576420274353822,17.013630109860085,17.030546995580625,617120000
2021-06-07,17.53462028503418,17.727194109995963,17.11041308265878,17.48710039214021,575756000
2021-06-08,17.37339973449707,17.53711123572053,17.16838498606947,17.443312869189647,323848000
2021-06-09,17.279081344604492,17.4948438746544,17.17704981871262,17.435864226348606,381656000
2021-06-10,17.345521926879883,17.41221766926679,17.097658994706585,17.270865149198386,287772000
2021-06-11,17.743955612182617,17.857436015238456,17.364195263212135,17.399781657404368,416308000
2021-06-14,17.936567306518555,17.957222713161077,17.582191993695638,17.82433244551483,321376000
2021-06-15,17.707372665405273,17.934084751440924,17.64714938991083,17.833296821293477,243032000
2021-06-16,17.729021072387695,17.872862771783062,17.50430069412692,17.70961117675783,307124000
2021-06-17,18.572154998779297,18.749093928519862,17.675265325334816,17.693431602265857,809656000
2021-06-18,18.553743362426758,19.286635432932194,18.499242623103743,18.698331232193887,968856000
2021-06-21,18.34320068359375,18.451953396972375,17.741458073623015,18.351163617302614,672384000
2021-06-22,18.80061149597168,18.877261882587188,18.302145702434846,18.38725647206684,580144000
2021-06-23,18.970333099365234,19.065398486357704,18.82151504268745,18.921059344157953,332356000
2021-06-24,19.117904663085938,19.331426768379632,19.001188991925353,19.14005430634004,320924000
2021-06-25,18.944204330444336,19.257270776737716,18.80832746643894,19.192566694456715,278364000
2021-06-28,19.89384651184082,19.987168906312956,19.230883856970173,19.272940830439254,495436000
2021-06-29,19.935413360595703,20.00708358846568,19.56734872951691,19.791820384449192,367632000
2021-06-30,19.911273956298828,20.070544083019442,19.77315668561849,19.90803865725093,326568000
2021-07-01,20.119823455810547,20.36271018206327,19.927702838765846,20.03322032396428,480136000
2021-07-02,20.393564224243164,20.411732403859773,20.195223675024934,20.347028318463767,342764000
2021-07-06,20.604095458984375,20.746940344072726,20.257434361701367,20.642917142581126,446708000
2021-07-07,20.278837203979492,20.779792073320536,20.239269348710295,20.758390496324644,418428000
2021-07-08,19.81197738647461,20.041176667969573,19.61089900392695,19.76593893142942,503300000
2021-07-09,19.95880126953125,19.988665125073833,19.664151776378613,19.871452007779578,296624000
2021-07-12,20.418949127197266,20.43910519307565,20.09567932268978,20.147690934282892,321984000
2021-07-13,20.15764617919922,20.36793303880323,20.02226675099357,20.307459143346122,290708000
2021-07-14,19.751008987426758,20.324630982790477,19.662664809285303,20.264905154039226,380100000
2021-07-15,18.879749298095703,19.75648307783893,18.772490778787795,19.721394132584212,550564000
2021-07-16,18.078174591064453,19.069632541055025,17.990576575321715,18.943710274759216,688224000
2021-07-19,18.694101333618164,18.955154278049445,17.78401966527489,17.833544044539046,749060000
2021-07-20,18.52711296081543,18.752082041477266,18.081156267494258,18.644574810811843,434687000
2021-07-21,19.321474075317383,19.43794103502016,18.656521440989437,18.795882316770854,371017000
2021-07-22,19.504638671875,19.796301675105028,19.188088165739423,19.552420095289794,323826000
2021-07-23,19.468801498413086,19.61015406998916,19.162205646075567,19.56635412004103,195672000
2021-07-26,19.20600128173828,19.353325073529764,18.827733386815776,19.222923942720286,203943000
2021-07-27,19.12039566040039,19.532507034154946,18.655524613503584,19.17713490295772,248863000
2021-07-28,19.414051055908203,19.556398512743925,18.908368517411507,19.230890227163382,202191000
2021-07-29,19.572324752807617,19.762453610725807,19.239846550542488,19.429975408460677,190781000
2021-07-30,19.41006851196289,19.540469658257,19.17514481205662,19.32943666500641,183497000
2021-08-02,19.659929275512695,19.86996744142398,19.27270338750117,19.61015806212333,217444000
2021-08-03,19.724628448486328,20.129771796246487,19.132340904279957,19.649969748387328,301811000
2021-08-04,20.181529998779297,20.22532993655027,19.737563166718967,19.89882493422417,231309000
2021-08-05,20.542879104614258,20.638441941721155,20.249224447514635,20.40650479203226,211435000
2021-08-06,20.273109436035156,20.476179458259256,20.117820818881334,20.430389736170728,178497000
2021-08-09,20.202436447143555,20.414464320594274,20.051129279869148,20.35274682348764,146443000
2021-08-10,19.845073699951172,20.336820073696575,19.744532624439724,20.229312853870223,179238000
2021-08-11,19.60915756225586,19.957561686039927,19.34138529513122,19.951588533994844,185925000
2021-08-12,19.814218521118164,19.937651633578177,19.53051849296908,19.77937830002264,151652000
2021-08-13,20.09592628479004,20.121808676083944,19.760463380904792,19.814217948269306,183063000
2021-08-16,19.8590145111084,20.194477444097572,19.364279545633938,20.043170247358894,210876000
2021-08-17,19.36925506591797,19.679832352567306,19.179126204409833,19.595219037943533,204585000
2021-08-18,18.953161239624023,19.544451924086907,18.91334276455746,19.41106231099318,285913000
2021-08-19,19.707704544067383,20.40152612998121,18.67642838900111,19.405090193128377,766555000
2021-08-20,20.72106170654297,20.76983801312774,19.8420894983611,19.899823633457626,675741000
2021-08-23,21.857851028442383,21.89667271123658,20.85444903468081,20.875353163773784,575807000
2021-08-24,21.693607330322266,21.858850614050873,21.43678457528005,21.653790746731485,297299000
2021-08-25,22.1116886138916,22.367516438446174,21.62292877853246,21.63785975782843,347701000
2021-08-26,21.96735382080078,22.238112654688,21.69062183507276,22.098751769400412,237940000
2021-08-27,22.53276252746582,22.61837074338963,22.06590165626173,22.08282432095886,304722000
2021-08-30,22.584524154663086,22.937904612772638,22.448149850901924,22.725876717636822,262580000
2021-08-31,22.286832809448242,22.59547280041693,22.022995550957603,22.59547280041693,259850000
2021-09-01,22.342588424682617,22.597466292510102,22.258957158391045,22.386396092304786,201767000
2021-09-02,22.29778480529785,22.493921385599155,22.197227896388572,22.419249529951113,187834000
2021-09-03,22.74282455444336,22.885197091806518,22.102644720659796,22.227096544764898,280532000
2021-09-07,22.562620162963867,22.798580352130667,22.423232818730735,22.73286979951559,198107000
2021-09-08,22.241037368774414,22.510848859948066,21.88062343636692,22.414274113005263,254434000
2021-09-09,22.07974624633789,22.43916319750874,22.033948443162565,22.214154452621685,196856000
2021-09-10,22.379430770874023,22.52678058064279,22.172342704078865,22.249999779634756,248376000
2021-09-13,22.05485725402832,22.86329666367151,21.762145909437695,22.58452386410975,297500000
2021-09-14,22.144460678100586,22.31172320295667,21.989144662598154,22.17731500306125,199755000
2021-09-15,22.24302864074707,22.268915596417685,21.869673111075127,22.211169379062365,166538000
2021-09-16,22.144460678100586,22.179307037445604,21.83084154501127,22.085719401064107,156033000
2021-09-17,21.8039608001709,22.223114103504372,21.734268077405748,22.202206286674826,294503000
2021-09-20,21.020414352416992,21.33901075751113,20.57139190308022,21.053268680937446,349440000
2021-09-21,21.152830123901367,21.331044106280054,20.8581286447772,21.32307976600177,204688000
2021-09-22,21.844783782958984,21.863699567380518,21.103049939355934,21.272304527219312,268726000
2021-09-23,22.383413314819336,22.43618040031982,21.79400836896139,22.04291208043508,248555000
2021-09-24,21.984161376953125,22.051863947465133,21.765126888268995,21.973209937366487,217655000
2021-09-27,21.565013885498047,21.70340426569089,21.231483878149266,21.614793860062722,245215000
2021-09-28,20.60822868347168,21.32507250371504,20.560438842257536,21.120971560225616,343069000
2021-09-29,20.427024841308594,20.92483213876471,20.3772429721725,20.848170149177676,218394000
2021-09-30,20.62515640258789,20.97362197253502,20.59727930891089,20.67692841927155,221009000
2021-10-01,20.651044845581055,20.76753046725814,20.114406955736236,20.65900918749452,240978000
2021-10-04,19.645465850830078,20.451913071808047,19.469242037073293,20.414079614104015,345635000
2021-10-05,20.361316680908203,20.557453280437706,19.766934576510337,19.86251425727249,279282000
2021-10-06,20.60922622680664,20.629137078715868,19.99194424199397,20.03176974378131,297202000
2021-10-07,20.98258399963379,21.22850061256001,20.880035030674634,20.999507750816413,256919000
2021-10-08,20.739646911621094,21.113002383054678,20.683892737623648,21.008463306809464,151258000
2021-10-11,20.604244232177734,20.970630442278978,20.42105112712711,20.48477154135317,163388000
2021-10-12,20.580352783203125,20.964659771807728,20.437980218130104,20.736663894521275,162134000
2021-10-13,20.8471736907959,20.8979506288575,20.622164953970238,20.826265874944212,180652000
2021-10-14,21.650634765625,21.659594172572046,21.029370725954077,21.194643109467265,243589000
2021-10-15,21.766124725341797,21.83482237210731,21.567002955469743,21.714352723357937,226994000
2021-10-18,22.124544143676758,22.1932417829094,21.549077981154067,21.65361894028156,189494000
2021-10-19,22.1922550201416,22.28086353804833,21.94036421502088,22.178314574588498,161473000
2021-10-20,22.006071090698242,22.334623846905142,21.88560143025834,22.207184914348492,146276000
2021-10-21,22.592485427856445,22.61140310749031,21.986156894632483,22.000095437948342,187590000
2021-10-22,22.6263370513916,23.028564678129815,22.462061631178194,22.722911788353617,249384000
2021-10-25,23.064414978027344,23.25258537246077,22.670151571513273,22.87226051368251,230235000
2021-10-26,24.608612060546875,25.14823704248469,23.819090189484406,23.883805688435576,485898000
2021-10-27,24.343774795532227,24.97997251638669,24.175515291453934,24.36667464722999,245990000
2021-10-28,24.83162498474121,24.840586291381936,24.415458790011783,24.768901535208865,234204000
2021-10-29,25.454883575439453,25.596261077566012,24.890370533831586,24.89136560174538,292503000
2021-11-01,25.713741302490234,25.78044692731383,25.11637208457716,25.536522381847643,265740000
2021-11-02,26.285228729248047,26.56101448906626,25.686864325955028,25.708769115248437,294112000
2021-11-03,26.481355667114258,26.666540795814445,26.119948614532124,26.55304041683537,239910000
2021-11-04,29.67031478881836,31.227455386633288,26.999079939655886,27.109593234066324,1153631000
2021-11-05,29.62152862548828,31.262300425460428,29.28102744943848,30.05462047753978,851260000
2021-11-08,30.668914794921875,30.963616262925747,29.775847185212836,30.016786509890455,503101000
2021-11-09,30.52255630493164,32.16830901202429,29.832596497880946,32.140431924829684,646746000
2021-11-10,29.329818725585938,30.714719784134914,28.65180522750998,29.22727165268206,636206000
2021-11-11,30.256731033325195,30.455854738894605,29.646420236957336,30.334390000111334,332172000
2021-11-12,30.256731033325195,30.5454602165024,29.500063610739595,29.878398271524592,413054000
2021-11-15,29.893329620361328,30.509614574948284,29.11874154072653,30.41801896863416,384909000
2021-11-16,30.070552825927734,30.25673306637881,29.57573253019145,29.62850151207324,264484000
2021-11-17,29.132680892944336,30.375209109979387,28.673702083946914,30.28460666991569,428508000
2021-11-18,31.536096572875977,32.616337669436994,31.183648858814088,32.225063319518526,781711000
2021-11-19,32.84035110473633,32.94290005570085,31.765087317217567,32.10160442864808,533867000
2021-11-22,31.815866470336914,34.495065927789035,31.76011228365292,33.37002012110695,754335000
2021-11-23,31.60678482055664,32.21809257052514,30.744581358909567,31.39670967652622,532163000
2021-11-24,32.53071212768555,32.71091813220103,30.792368699348174,31.323032237725272,435162000
2021-11-26,31.364849090576172,32.5665548230208,31.212520168167917,32.45703660205331,283069000
2021-11-29,33.229637145996094,33.265478577950766,31.895513237231377,32.22406792574834,454964000
2021-11-30,32.53270721435547,33.20674036434526,31.72426963928221,33.02354533082021,622066000
2021-12-01,31.300979614257812,33.1470772684117,31.24621379716434,33.07737601000796,484368000
2021-12-02,31.989032745361328,32.33953320579173,30.89272694054253,31.08092223246618,472890000
2021-12-03,30.56214714050293,31.992025853618237,30.00154575602389,31.863574209549956,544325000
2021-12-06,29.908945083618164,30.112073950169314,27.91846679531978,29.752612926604016,658938000
2021-12-07,32.288753509521484,32.310662878163335,30.52032598088665,30.825023080342124,593053000
2021-12-08,31.69031524658203,32.15233775708551,31.287041214384153,31.86257802352817,475551000
2021-12-09,30.36000633239746,32.06769651903593,30.29827039453706,31.59870204936308,488507000
2021-12-10,30.069257736206055,31.171538646110985,29.733694564449017,31.01719876919537,488825000
2021-12-13,28.040937423706055,30.16484489291169,27.9961292011688,30.12003667037444,598344000
2021-12-14,28.216188430786133,28.555734222401295,27.13382283364954,27.580907982463,667035000
2021-12-15,30.329143524169922,30.369969093174348,27.7193173668591,28.278921661014024,698297000
2021-12-16,28.265974044799805,31.027152355261656,27.97322876019045,31.01918703981043,707366000
2021-12-17,27.682477951049805,28.79869913534146,27.641652379691788,27.86569352805653,713758000
2021-12-20,27.60081672668457,28.024003930739724,27.029264634092446,27.188582303799077,461847000
2021-12-21,28.95104217529297,28.995850397906604,27.284177433595826,28.25303061151138,524385000
2021-12-22,29.274654388427734,29.428994238441074,28.327708710251994,28.767825605381404,395184000
2021-12-23,29.51363182067871,29.9308460734299,29.305523238717626,29.628141300237914,343022000
2021-12-27,30.813066482543945,30.954461266705604,29.51363001268846,29.53354519901358,403686000
2021-12-28,30.192729949951172,31.196432007116783,29.884050192927987,31.178509095241882,420591000
2021-12-29,29.873098373413086,30.41776726936443,29.240805294787176,30.143940036691394,343139000
2021-12-30,29.459861755371094,30.32714857163771,29.414058345471055,29.699833486975336,308864000
2021-12-31,29.28561019897461,29.901972573947273,29.205951342168785,29.547489426670328,266530000
2022-01-03,29.992582321166992,30.58006706522169,29.658014384020838,29.687887165643172,391547000
2022-01-04,29.165128707885742,30.338106033190847,28.228140493093743,30.147920339641463,527154000
2022-01-05,27.486310958862305,29.290585804595278,27.41561451686952,28.825575893064034,498064000
2022-01-06,28.0578670501709,28.316758809179447,26.949613182894534,27.522160621764158,454186000
2022-01-07,27.130836486816406,28.300828200556737,26.94164598984423,28.02102606266158,409939000
2022-01-10,27.283180236816406,27.351886299717222,25.53466639311799,26.467671784773447,594681000
2022-01-11,27.698402404785156,27.945346157388915,26.724573342620975,27.206509077115893,404089000
2022-01-12,27.8796329498291,28.473090803821655,27.490299148101247,27.94734193759673,383413000
2022-01-13,26.46169662475586,28.35857332545509,26.38502335400236,28.258004112252298,540171000
2022-01-14,26.82713508605957,27.081048984239747,26.098255540756934,26.187871987265602,395832000
2022-01-18,25.79256248474121,26.524429421318242,25.660130107362825,26.14804076534196,424270000
2022-01-19,24.960128784179688,26.42983583830402,24.94519334293258,25.96781525631739,488315000
2022-01-20,24.047039031982422,25.46994751510898,23.97534549383341,25.19612032401024,435181000
2022-01-21,23.27434730529785,24.717169013281726,23.163820484440176,23.406779692719766,718958000
2022-01-24,23.27235221862793,23.280317532923434,20.79894360351648,22.23479501258407,913982000
2022-01-25,22.22882080078125,22.845183070459672,21.906202770713605,22.44987442301741,664616000
2022-01-26,22.674915313720703,23.954436811095526,22.204927473512953,23.140920495841154,755959000
2022-01-27,21.850444793701172,23.89270120895478,21.582590638157097,23.46752162349448,573353000
2022-01-28,22.74262237548828,22.76054528347654,21.205204558448763,21.918151515078176,543774000
2022-01-31,24.381608963012695,24.40451162128033,22.95372251615152,23.083167451846627,564680000
2022-02-01,24.532958984375,25.03779741322022,23.78814690915183,24.996971847725337,518925000
2022-02-02,25.134380340576172,25.706927666454995,24.448316839792206,25.68402691294979,543419000
2022-02-03,23.84589958190918,24.97008589250318,23.678616565700732,24.353725465820713,410178000
2022-02-04,24.215316772460938,24.529969498879858,23.531245506923437,23.869796077051603,354829000
2022-02-07,24.622577667236328,25.074640699200273,24.098819192519745,24.26809450688,376868000
2022-02-08,25.000951766967773,25.12243136129767,23.877760740156685,24.255144583805702,410359000
2022-02-09,26.591148376464844,26.61106356618626,25.244913078299707,25.512765352949764,524282000
2022-02-10,25.713903427124023,26.81020934447509,25.490859383243375,25.884175827584478,513200000
2022-02-11,23.846895217895508,26.040503963564735,23.671646883125344,25.80551006541594,605472000
2022-02-14,24.163543701171875,24.76895144242699,23.653725456398867,23.831963183959466,440424000
2022-02-15,26.38204002380371,26.43182609028829,24.67833439160507,24.84262993037753,699869000
2022-02-16,26.397972106933594,26.468670452357063,25.443061093040882,26.147047583163317,732676000
2022-02-17,24.402515411376953,25.675066590866578,24.06197445592718,25.52072674309447,810595000
2022-02-18,23.541202545166016,24.8794722652551,23.001513544155017,24.562827267983952,761255000
2022-02-22,23.290283203125,23.96140959530918,22.90194645789285,22.936797094043573,633422000
2022-02-23,22.29155158996582,24.052015226751326,22.205919711751882,23.700519613094333,566511000
2022-02-24,23.64675521850586,23.698533574396834,20.800939822460943,20.92540691455172,735801000
2022-02-25,24.05401039123535,24.113754059814244,23.28131966006848,23.6198702807105,528866000
2022-02-28,24.281036376953125,24.559843299003468,23.605927486955995,23.889712256178317,477319000
2022-03-01,23.376907348632812,24.27307180434672,23.033378906753704,24.187438016478104,412056000
2022-03-02,24.120845794677734,24.309073132263915,23.319142955312046,23.658746550677243,389642000
2022-03-03,23.61692237854004,24.226416539633046,23.372924502534758,24.162677458354135,365095000
2022-03-04,22.84210777282715,23.583061545150027,22.389965840443992,23.288273750720784,431415000
2022-03-07,21.264591217041016,22.938711412053266,21.24268191605436,22.723594140609173,450821000
2022-03-08,21.42593002319336,22.281412867963464,20.565466582728256,21.221769289134286,557467000
2022-03-09,22.91978645324707,23.124942518382856,22.15592615939423,22.295352427006858,492742000
2022-03-10,22.56524085998535,22.694707814341992,21.792416770807563,22.438759982660397,428066000
2022-03-11,22.00952911376953,23.050251249791206,21.955749323787682,22.927753683517206,367209000
2022-03-14,21.2426815032959,22.170865393438028,21.072381995476352,21.779474563363422,385354000
2022-03-15,22.878948211669922,22.943682633821695,21.234708325518596,21.429905051370763,491996000
2022-03-16,24.395719528198242,24.49630589121448,23.077140259936503,23.403796625061247,671422000
2022-03-17,24.664615631103516,24.74030282145656,23.808135623978337,24.021260266549067,471941000
2022-03-18,26.344715118408203,26.46024140287963,24.523203464655897,24.69748635130546,730719000
2022-03-21,26.624557495117188,27.040847486368627,25.860697187971265,26.398487485905324,591727000
2022-03-22,26.415420532226562,27.12649837424718,25.965271190591476,26.617588642474022,547007000
2022-03-23,25.52906036376953,26.503055368285953,25.470301882639813,26.019044893201844,502120000
2022-03-24,28.03476333618164,28.20406749144338,25.800945365640167,26.058885884967737,877379000
2022-03-25,27.578638076782227,28.241912070470075,27.159361974596653,27.77184415178732,579016000
2022-03-28,28.103477478027344,28.134350707606135,27.094623991150144,27.64237355173041,425494000
2022-03-29,28.538686752319336,28.827498547867677,27.8654536027074,28.57752665145035,488984000
2022-03-30,27.576644897460938,28.379345100642087,27.390410153130244,28.188131660804462,463487000
2022-03-31,27.174299240112305,28.132361016808318,27.15836589385924,27.66826906522798,523440000
2022-04-01,26.602649688720703,27.383440643848896,26.15947167732759,27.26293568960486,517235000
2022-04-04,27.247995376586914,27.44518476682431,26.50405367248858,26.618582662321668,397120000
2022-04-05,25.82484245300293,27.207160692640215,25.714296808195737,27.142426260215576,436615000
2022-04-06,24.307083129882812,25.19642705051053,23.904737678545857,24.831926142575206,703833000
2022-04-07,24.108901977539062,24.620797799219233,23.381890771561523,24.340947967952697,557992000
2022-04-08,23.024354934692383,23.825064370958277,22.96758907146771,23.819088417079787,524781000
2022-04-11,21.82727813720703,22.228628253478472,21.571330249174363,22.123063188914138,575207000
2022-04-12,21.415971755981445,22.63197418552907,21.194880405154606,22.44474404870181,662258000
2022-04-13,22.112112045288086,22.40789716930999,21.36717475813151,21.639057958013215,516943000
2022-04-14,21.170978546142578,22.683761433038065,21.076368118078577,22.412873619780424,569097000
2022-04-18,21.693824768066406,21.9975745504491,20.992706362195054,21.11321129596641,525701000
2022-04-19,22.107126235961914,22.28140906472453,21.226744362071575,21.631082424341212,512781000
2022-04-20,21.394062042236328,22.577198594461343,21.113216842382243,22.42482503392664,468974000
2022-04-21,20.100379943847656,22.300336872596574,19.918128505755924,21.620132221860942,656209000
2022-04-22,19.43510627746582,20.402131736554576,19.420168294323013,20.21988036414399,624713000
2022-04-25,19.820528030395508,19.863351272784346,19.01782777863427,19.12339284572606,641566000
2022-04-26,18.711088180541992,19.706994507674615,18.593571203547693,19.637281368701824,653143000
2022-04-27,18.339616775512695,19.088537274074934,18.215128478854176,18.521866304544144,499460000
2022-04-28,19.701017379760742,19.954974541798094,18.414306664090166,18.88935323961421,570327000
2022-04-29,18.4710750579834,20.045602297833724,18.441197185099483,19.32257448999954,500435000
2022-05-02,19.45303726196289,19.493867882415657,18.315712153889976,18.46509770793821,572049000
2022-05-03,19.521753311157227,19.743841875684236,19.0546734235437,19.320580585935083,475751000
2022-05-04,20.25075340270996,20.31648318728987,18.67423393178185,19.841436712225097,648855000
2022-05-05,18.766860961914062,19.843435208726394,18.424269280704653,19.78567397204199,626331000
2022-05-06,18.59855079650879,19.432124326152934,17.916355461387795,18.659301905995807,633297000
2022-05-09,16.880611419677734,18.180267458938104,16.75811385880719,17.960173412210224,644455000
2022-05-10,17.52297592163086,18.12350823893866,16.955309464255052,17.616591005148855,761474000
2022-05-11,16.561920166015625,17.680323983243905,16.50017560428246,17.275985907406866,670167000
2022-05-12,16.108779907226562,16.719271193750508,15.5032701645604,16.15260039731434,708728000
2022-05-13,17.633514404296875,17.854605700388568,16.525071846466627,16.719273249889806,670437000
2022-05-16,17.19332504272461,17.715180072849822,17.035972816221634,17.437322904145635,521446000
2022-05-17,18.102588653564453,18.295794716695035,17.561812268275418,18.00000966759252,585830000
2022-05-18,16.868663787841797,18.04383374535337,16.794967300527965,17.632524260224322,545161000
2022-05-19,17.05389976501465,17.614594729725628,16.665495022322716,16.867665016255632,621310000
2022-05-20,16.62565803527832,17.338726466049714,15.690502001783667,17.26104666528793,739105000
2022-05-23,16.828826904296875,16.845757510491026,16.112770346149613,16.20738076943158,639889000
2022-05-24,16.087867736816406,16.529054964044875,15.715399228807048,16.44241123290059,588550000
2022-05-25,16.90550994873047,17.040952887419728,15.934500919066734,15.954419501105296,781132000
2022-05-26,17.777921676635742,18.017934299435986,15.95640873833212,15.970351364556697,996575000
2022-05-27,18.73399543762207,18.80370857918977,18.02590557198039,18.111553959995266,738379000
2022-05-31,18.59556770324707,19.121406232166063,18.27488529749239,18.90230557875584,664100000
2022-06-01,18.24500274658203,18.97500185230617,18.047813348721185,18.6473501146243,544514000
2022-06-02,19.511791229248047,19.538681119252402,18.123499032376543,18.217114068339008,648656000
2022-06-03,18.64336395263672,19.25285997901017,18.446174564570704,19.00388342136499,598779000
2022-06-06,18.709096908569336,19.257841926957315,18.48800556646816,19.060652505586596,422406000
2022-06-07,18.84852409362793,18.92222057056187,18.11354434422296,18.396382141540013,388914000
2022-06-08,18.575584411621094,19.105518070674538,18.463022361325056,18.72599710190359,363252000
2022-06-09,17.977914810180664,18.859478331118886,17.97094202357339,18.409233910241724,395574000
2022-06-10,16.908084869384766,17.62827677855805,16.8034911776423,17.53165334233973,465248000
2022-06-13,15.586241722106934,16.24865943434733,15.545400563694251,15.937870682447913,604153000
2022-06-14,15.774505615234375,16.003612016416973,15.35215136745031,15.669912860368118,469680000
2022-06-15,16.46282196044922,16.80249737716836,15.86415501064633,16.03249841468416,563936000
2022-06-16,15.540417671203613,15.880094046952882,15.341194505792407,15.79841174165895,545749000
2022-06-17,15.818336486816406,15.932889702329279,15.268479912389294,15.587237016415061,630334000
2022-06-21,16.501670837402344,16.94195389912008,16.343287871553795,16.411024604098987,483089000
2022-06-22,16.296472549438477,16.59729988882193,16.117171209417034,16.162992114105894,437135000
2022-06-23,16.16199493408203,16.5205956784527,15.79143880496092,16.454851986991518,463680000
2022-06-24,17.059497833251953,17.07344340934076,16.24666644132576,16.435929188204064,472153000
2022-06-27,16.80349349975586,17.2627037776178,16.561437091028537,17.24477402510874,427968000
2022-06-28,15.919938087463379,17.135199826222774,15.88308111450523,16.834372525159395,461149000
2022-06-29,15.481648445129395,15.758568817578366,15.111093222281093,15.752592549454855,482352000
2022-06-30,15.100136756896973,15.506552451888224,14.804290100614665,15.301352039966417,686070000
2022-07-01,14.466602325439453,15.004505295287302,14.3361114733893,14.841142600357397,577610000
2022-07-05,14.905892372131348,14.912865159719473,14.000422705433717,14.11995661407491,651397000
2022-07-06,15.071248054504395,15.259514268350555,14.73157165387112,14.951714146500859,529066000
2022-07-07,15.796419143676758,15.883081194089858,15.329240527095354,15.395980736594536,492903000
2022-07-08,15.776498794555664,15.974726402731946,15.329241976596508,15.37008313178978,467972000
2022-07-11,15.093162536621094,15.466706345467303,14.97960489954158,15.465709825855997,437321000
2022-07-12,15.023433685302734,15.371078433295626,14.819229812840817,15.208711284952944,458483000
2022-07-13,15.10511302947998,15.315294091621414,14.408828056730547,14.53334264284129,521918000
2022-07-14,15.31230640411377,15.412914028547368,14.670807164690196,15.04933164322953,456235000
2022-07-15,15.700790405273438,15.72071224388811,15.385021045983054,15.598190703976384,385935000
2022-07-18,16.03847885131836,16.83138747265714,15.939864245998463,16.238698571143832,670517000
2022-07-19,16.9260196685791,17.043561498221212,16.109204079525067,16.421983978769592,702366000
2022-07-20,17.73784637451172,17.863358410865057,16.735754521982237,16.881187445109386,760538000
2022-07-21,17.979907989501953,18.073542834559365,17.476869827222348,17.815549700814543,557049000
2022-07-22,17.25174903869629,17.897231611980214,17.07045465118201,17.823519553288822,536671000
2022-07-25,16.95789337158203,17.057505436276674,16.584349553933702,16.95291172337914,480748000
2022-07-26,16.468795776367188,16.85329644344221,16.414009062416476,16.823412263121405,397865000
2022-07-27,17.72092056274414,17.86635353894504,16.84732523587989,16.965862630194085,569776000
2022-07-28,17.91416358947754,18.069557945364984,17.372277332995978,17.90519966314176,474646000
2022-07-29,18.092470169067383,18.173155009470385,17.623298471299282,17.743828897049305,435460000
2022-08-01,18.36939239501953,18.772820437934747,17.920143444250357,18.111397333511174,476469000
2022-08-02,18.454059600830078,18.864460391381805,18.021744878238078,18.051629067336524,489527000
2022-08-03,18.81963539123535,18.89434491533446,18.066570532098716,18.113388905855146,418146000
2022-08-04,19.140384674072266,19.199155581116848,18.68715160109545,18.77580669644715,409652000
2022-08-05,18.915260314941406,19.154328094688672,18.59351466678954,18.736954574661173,386068000
2022-08-08,17.723907470703125,18.16817666184887,17.175048359813875,17.434038984708703,981859000
2022-08-09,17.0196475982666,17.3792457290548,16.659053898124192,17.185003308258562,668263000
2022-08-10,18.026723861694336,18.047642220988486,17.24975215946494,17.629273135163704,597422000
2022-08-11,17.872325897216797,18.634356491462075,17.80658220790549,18.06059303930121,509327000
2022-08-12,18.636350631713867,18.645316458949107,17.883285741988434,18.089482668919175,478094000
2022-08-15,18.95809555053711,19.089582944835495,18.540723865569156,18.628381495120706,457666000
2022-08-16,18.805688858032227,19.067668063926604,18.42915644764587,18.846530011794016,451240000
2022-08-17,18.263797760009766,18.61542757380385,18.074536965563848,18.451069315475372,446799000
2022-08-18,18.700105667114258,18.791747491250643,18.112396469035968,18.229938308651626,415447000
2022-08-19,17.77968978881836,18.448083694133654,17.70099608999701,18.334526059114626,441588000
2022-08-22,16.967853546142578,17.489818903609883,16.900116815044345,17.42208217251165,409593000
2022-08-23,17.114280700683594,17.397178237368543,16.904099637165128,16.92302685754724,369986000
2022-08-24,17.155120849609375,17.33840632607673,16.8293910435938,16.945935367801415,522661000
2022-08-25,17.843441009521484,17.877309377171127,16.767634901441976,16.7785918674599,770691000
2022-08-26,16.196857452392578,17.8543951679038,16.173946054363714,17.787655912695254,769127000
2022-08-29,15.739640235900879,16.27455462835807,15.705772821557588,15.957790614919103,496132000
2022-08-30,15.40793514251709,15.976716986717125,15.123045485635457,15.898024237946384,530181000
2022-08-31,15.035387992858887,15.479656218449705,14.900911986576217,15.324261848963653,573710000
2022-09-01,13.882881164550781,14.324160780710457,13.21847139112477,14.153824316249922,1178865000
2022-09-02,13.594006538391113,14.115970968690647,13.538223289757255,14.045247525726571,743157000
2022-09-06,13.412713050842285,13.725493859595561,13.299155414870102,13.67767991813969,535751000
2022-09-07,13.664804458618164,13.788360189278626,13.298124529340985,13.514346107743526,512657000
2022-09-08,13.939814567565918,13.957750598170398,13.321042892410091,13.410719244419383,624873000
2022-09-09,14.335390090942383,14.422077892391746,14.07532668659429,14.10621466793855,486612000
2022-09-12,14.45296573638916,14.494814885628871,14.1470668903582,14.317453934016807,484159000
2022-09-13,13.08389663696289,13.872059562410795,13.052011836426038,13.752490135017588,714956000
2022-09-14,13.080906867980957,13.242325437341442,12.866677974239867,13.20645432739914,588507000
2022-09-15,12.882622718811035,13.185532151778458,12.744121381866282,12.96831467201239,523625000
2022-09-16,13.150655746459961,13.164605464480621,12.571739597842733,12.6962911946005,670751000
2022-09-19,13.333998680114746,13.414708459666146,12.963333304125877,12.965325985679057,569685000
2022-09-20,13.128734588623047,13.434633475375263,13.010161983326146,13.167595196842449,524818000
2022-09-21,13.213430404663086,13.98066875064519,13.06297204241683,13.165603203916465,807679000
2022-09-22,12.515939712524414,13.101830672720805,12.383417402056564,13.023113598616863,759162000
2022-09-23,12.47110366821289,12.565763159913388,12.213032901606326,12.375448310956983,663309000
2022-09-26,12.184136390686035,12.61359104915648,12.170186671175692,12.446193464778984,547343000
2022-09-27,12.368473052978516,12.690314364148412,12.21402932430884,12.462135725855696,553854000
2022-09-28,12.690312385559082,12.777000185243523,12.309682759242014,12.365481627957845,542414000
2022-09-29,12.176164627075195,12.455159943744142,11.903147353863744,12.403346432766009,532763000
2022-09-30,12.095454216003418,12.58768254393533,12.031683671272111,12.043640707800058,565638000
2022-10-03,12.467116355895996,12.632521236553906,12.061575828714862,12.302708290891008,547478000
2022-10-04,13.119766235351562,13.172576558568696,12.832799262641858,12.832799262641858,584182000
2022-10-05,13.16161823272705,13.273216946351093,12.575728074524495,12.86468779072066,507131000
2022-10-06,13.082900047302246,13.607013197671234,13.055996476257599,13.172577350446693,644157000
2022-10-07,12.032683372497559,12.624552546428419,11.978877170345068,12.460144442558734,672478000
2022-10-10,11.628137588500977,12.080508526082841,11.367077348214593,11.993820717893747,698699000
2022-10-11,11.544439315795898,11.803505925509853,11.242525784323794,11.51952842526829,667482000
2022-10-12,11.458745956420898,11.69290259691748,11.304302255253075,11.537463030403634,492590000
2022-10-13,11.917095184326172,12.03467190597719,10.774209577256476,10.931642766403442,850103000
2022-10-14,11.186727523803711,12.067556325773387,11.163810263463406,12.013750129635845,713432000
2022-10-17,11.845354080200195,11.90513926216049,11.475685618444233,11.476681483829186,580774000
2022-10-18,11.924073219299316,12.447189613338601,11.576325138914761,12.29972073933894,659362000
2022-10-19,12.007769584655762,12.305697731615245,11.791548012253855,11.836386661619711,523131000
2022-10-20,12.150259971618652,12.723197238005833,12.061578518105204,12.069550194346302,652398000
2022-10-21,12.421282768249512,12.453168520670618,11.844360180299446,12.054602792053803,609494000
2022-10-24,12.553805351257324,12.664407237339118,12.020724633774568,12.463132178101741,517457000
2022-10-25,13.213430404663086,13.252291014913888,12.618571815177777,12.64846488467942,505482000
2022-10-26,12.849738121032715,13.33997279819463,12.662412806623726,12.822835502603272,532953000
2022-10-27,13.128734588623047,13.788360510627266,13.07492839668743,13.581106467465899,583113000
2022-10-28,13.784374237060547,13.800317586774417,13.014147382415905,13.05699335304701,521040000
2022-10-31,13.448582649230957,13.78835995245815,13.24930028897117,13.728574769253589,486341000
2022-11-01,13.49441909790039,13.875048766316969,13.470505022876246,13.761457385078938,432817000
2022-11-02,13.171582221984863,14.159027598253079,13.16361149639749,13.800319289979248,672628000
2022-11-03,13.372857093811035,13.73156634689156,12.90952589233768,12.996213708431235,500065000
2022-11-04,14.105220794677734,14.177958888937177,13.647866699718021,13.935830529915377,612576000
2022-11-07,14.249698638916016,14.360300516988321,13.90394423701555,14.176960552458848,410061000
2022-11-08,14.54962158203125,14.837584472787446,14.165005566889713,14.74790715863396,595292000
2022-11-09,13.726582527160645,14.160022506058544,13.70964331218987,14.111197542274558,454414000
2022-11-10,15.693502426147461,15.716419686091069,14.49481769622729,14.746910406367014,700819000
2022-11-11,16.268434524536133,16.33021240348013,15.426466233654237,15.750300264782156,655487000
2022-11-14,16.23654556274414,16.480667518589406,15.864883468839679,16.159822116780518,527852000
2022-11-15,16.60621452331543,16.937022370999905,16.32323291950231,16.662013391587355,545876000
2022-11-16,15.852927207946777,16.30330545087524,15.816060231495598,16.104024034799696,649547000
2022-11-17,15.62076473236084,16.207652616827055,15.479273906047151,15.658628528149201,710894000
2022-11-18,15.353724479675293,15.94459765168975,15.065760685221573,15.908725591523805,492072000
2022-11-21,15.262054443359375,15.42148033094182,15.025904158444272,15.092664200239714,404739000
2022-11-22,15.98046875,16.000397462317586,15.067754251325974,15.273015617031902,472866000
2022-11-23,16.459745407104492,16.467718033836586,15.99043611685495,16.040256006522444,427241000
2022-11-25,16.211639404296875,16.42786007515215,16.113991359394493,16.259467561128588,167934000
2022-11-28,15.770223617553711,16.29832303773038,15.668590235782947,15.968509153770949,303741000
2022-11-29,15.58289909362793,15.874848252781751,15.464326492119582,15.770224418844657,298384000
2022-11-30,16.866607666015625,16.873584309435355,15.54502609510109,15.644692293883454,565298000
2022-12-01,17.077905654907227,17.207471652755714,16.579571676885983,16.942359132252317,470977000
2022-12-02,16.81976318359375,16.876574351409886,16.390199657775565,16.60348724039677,371389000
2022-12-05,16.554651260375977,16.93836855658918,16.41711062983356,16.623421575647185,352255000
2022-12-06,15.933728218078613,16.51777502605684,15.766287810992363,16.474919041618143,352694000
2022-12-07,16.066287994384766,16.132068063074126,15.614796399611805,15.719447027343028,372388000
2022-12-08,17.111791610717773,17.121758517727503,15.905822476444317,16.218777273371813,515456000
2022-12-09,16.944351196289062,17.524412670631218,16.918438757387204,17.102821795051945,465338000
2022-12-12,17.47657012939453,17.479560391399467,16.74103030994318,16.98023035941477,457328000
2022-12-13,18.011783599853516,18.727391594817203,17.65198641095761,18.469253821514982,656589000
2022-12-14,17.61510467529297,18.191179623464766,17.36195136904166,17.927061390913362,496888000
2022-12-15,16.895511627197266,17.26228539533921,16.64435244524807,17.088865417042985,478542000
2022-12-16,16.515777587890625,16.984212566313406,16.355314807354187,16.80780235933555,478232000
2022-12-19,16.199832916259766,16.553649415100338,16.09119690622741,16.516773965424804,354039000
2022-12-20,16.03139877319336,16.255649382131462,15.799176351187127,16.010468843091985,403260000
2022-12-21,16.446012496948242,16.571593975514052,16.04834193364069,16.060302979691098,325025000
2022-12-22,15.287885665893555,16.084223899243984,14.832408745526728,16.040369896727526,565045000
2022-12-23,15.155329704284668,15.287885933378956,14.833406075775102,15.145362798947778,349326000
2022-12-27,14.073944091796875,15.049681806653775,14.009160162650081,15.023768425094323,464902000
2022-12-28,13.989226341247559,14.214473046032854,13.837732443942748,13.880589370206216,351066000
2022-12-29,14.554337501525879,14.634070838145426,14.17959100951328,14.354008039804668,354923000
2022-12-30,14.565303802490234,14.580253211433105,14.18557284700013,14.286236129267657,310490000
2023-01-03,14.267298698425293,14.946030156445817,14.049028593833635,14.801512873667992,401277000
2023-01-04,14.699851989746094,14.803505525216863,14.193545359327329,14.518459253168668,431324000
2023-01-05,14.2174654006958,14.515468836750369,14.100854699285643,14.442712138646769,389168000
2023-01-06,14.809486389160156,14.959983243102146,13.987235680701085,14.425769075047109,405044000
2023-01-09,15.575922012329102,16.00249525698764,15.090544411674909,15.233068483772803,504231000
2023-01-10,15.855986595153809,15.908809480593666,15.42044254309106,15.455325759984621,384101000
2023-01-11,15.94767951965332,15.97458997371224,15.511139335336974,15.787216717511937,353285000
2023-01-12,16.455982208251953,16.581561807242853,15.440377637088012,16.046352430023713,551409000
2023-01-13,16.842687606811523,16.865611678653806,16.11113426118995,16.22375667699758,447287000
2023-01-17,17.643014907836914,17.66892924665794,16.842691082523842,16.842691082523842,511102000
2023-01-18,17.31909942626953,17.813445107525506,17.224414756280385,17.608132137463713,439624000
2023-01-19,16.709136962890625,17.13969861173823,16.675251759415424,16.979233876223773,452932000
2023-01-20,17.779556274414062,17.796499823469546,16.768935260471654,16.954314377855656,564967000
2023-01-23,19.129043579101562,19.180870344101777,17.75862551866824,18.00380415598392,655163000
2023-01-24,19.200803756713867,19.430038785893963,18.757286908397305,18.76426355229002,496204000
2023-01-25,19.25861167907715,19.30545594731295,18.518087479978714,18.84997803686339,449537000
2023-01-26,19.736011505126953,20.09879882435529,19.21375752485205,19.635348246628528,489535000
2023-01-27,20.297138214111328,20.559262315315294,19.34033810009434,19.39714737022937,542142000
2023-01-30,19.0981502532959,20.072890161486782,19.086189204794305,19.883524636147044,488611000
2023-01-31,19.47190284729004,19.621402663078598,18.886858853449024,19.10612512320602,498017000
2023-02-01,20.873212814331055,21.1213817226709,19.545650683627567,19.62538402504865,660477000
2023-02-02,21.63665771484375,21.875857723454107,20.631021178314572,20.930020713829347,564276000
2023-02-03,21.02968978881836,21.672540940249053,20.71972529905481,20.93002263417135,429366000
2023-02-06,21.01872444152832,21.498120569952917,20.716732749173072,20.736666558099405,452197000
2023-02-07,22.0991153717041,22.184829243176587,21.07952350178786,21.31075078020512,664150000
2023-02-08,22.131006240844727,22.80176393868283,21.934662201742093,22.312398971746344,559651000
2023-02-09,22.2625675201416,22.943292158985646,22.046291560362647,22.530672149758068,523876000
2023-02-10,21.194135665893555,22.00442614178306,20.741650010159365,21.617720531696698,550737000
2023-02-13,21.715396881103516,21.974530722285284,20.89214911284721,21.466229945466377,474919000
2023-02-14,22.89445686340332,22.972196070287414,21.294803588437638,21.506097057062863,675474000
2023-02-15,22.688146591186523,22.77884296898915,22.032340112236056,22.473862854052438,420575000
2023-02-16,21.928682327270508,22.474854630211915,21.853931493512214,22.059244404818788,412026000
2023-02-17,21.316728591918945,21.667554896645086,20.905104738152975,21.5589188659097,465888000
2023-02-21,20.58617401123047,21.422377090666945,20.54929664883601,20.93002371650124,410015000
2023-02-22,20.684843063354492,21.03367717070481,20.3529525061691,20.6380006960692,513184000
2023-02-23,23.585145950317383,23.808400461151948,22.94827529850247,23.361893340475753,1117995000
2023-02-24,23.208406448364258,23.39578162812699,22.870537254569477,23.14761079034492,589716000
2023-02-27,23.422685623168945,23.800422369181604,23.375843263094975,23.59112307758857,452994000
2023-02-28,23.138633728027344,23.745605429194818,23.1286668242865,23.294114004597965,455963000
2023-03-01,22.622365951538086,23.1785071533375,22.432998534976818,23.11471933360439,460026000
2023-03-02,23.236312866210938,23.30209292749656,22.357251874394603,22.41306693029748,389415000
2023-03-03,23.810392379760742,23.82035928556431,23.052924647625705,23.24229205590769,412393000
2023-03-06,23.475509643554688,24.167195304458623,23.40873157565337,23.811386520323765,437429000
2023-03-07,23.214340209960938,24.04869267419401,23.167487988654617,23.525353628386604,515154000
2023-03-08,24.104511260986328,24.12345216474366,23.349905807399413,23.412706254207755,513573000
2023-03-09,23.36187171936035,24.376651390603612,23.309037961330453,24.09853264786072,501257000
2023-03-10,22.892362594604492,23.55226936391661,22.654118224508185,23.334958480231546,474866000
2023-03-13,22.893360137939453,23.224310780832916,22.226477404613806,22.680038203014842,421890000
2023-03-14,23.986888885498047,24.14239559716936,23.385795524923413,23.421682859195702,474910000
2023-03-15,24.151371002197266,24.209186218115047,23.28611632940407,23.68584709694348,524486000
2023-03-16,25.46021270751953,25.507063024700976,23.818421001130595,23.95100163776788,583253000
2023-03-17,25.643630981445312,26.3154988744337,25.58681016478867,25.89981804779798,848547000
2023-03-20,25.818077087402344,25.94168541899632,25.050512165831673,25.533978703666488,432747000
2023-03-21,26.116132736206055,26.30852307379936,25.300721156644958,26.097193730071265,547408000
2023-03-22,26.384281158447266,27.501735683439474,26.1540109224766,26.341415997809847,797295000
2023-03-23,27.104995727539062,27.412022096248382,26.605580921982124,27.02923590014394,564889000
2023-03-24,26.694297790527344,27.08107103959281,26.27163910855887,26.945501524795564,454920000
2023-03-27,26.447080612182617,26.91459699343309,26.281605317466703,26.752112468073136,361026000
2023-03-28,26.326467514038086,26.42914237361527,25.768239273478084,26.363351140587802,356104000
2023-03-29,26.89864730834961,26.99234984404029,26.51287227864152,26.74015174035028,393694000
2023-03-30,27.29638671875,27.412020935167096,27.01627538766958,27.142874491555478,364516000
2023-03-31,27.689146041870117,27.74596496867875,27.019270592429944,27.054159740701206,433933000
2023-04-03,27.87654685974121,27.911436002639256,27.249536675681906,27.421989811329777,398716000
2023-04-04,27.36616325378418,27.911433934646436,27.22062515381667,27.877541083680732,368592000
2023-04-05,26.79597282409668,26.91260141633157,26.311510037121913,26.74413726044268,515015000
2023-04-06,26.951488494873047,26.994351765106284,26.343417183973795,26.499920216386336,397654000
2023-04-10,27.491769790649414,27.53363676470612,26.584648216789198,26.738160454997114,395279000
2023-04-11,27.083065032958984,27.702101097960746,27.04019987081764,27.636309871277366,314378000
2023-04-12,26.411195755004883,27.381117678822534,26.36434353627186,27.28342808388289,446259000
2023-04-13,26.379295349121094,26.801953999694348,26.24572032443633,26.649438069211914,353615000
2023-04-14,26.673364639282227,26.79796926788527,26.13706621130104,26.420168322960834,395660000
2023-04-17,26.916593551635742,26.920580610646343,26.349393053761112,26.480975507689482,321471000
2023-04-18,27.57949447631836,28.021094144407137,27.270475478407395,27.445919417841186,604812000
2023-04-19,27.842649459838867,27.91143144498237,27.145861103762027,27.274452766776474,358660000
2023-04-20,27.01827049255371,27.94134215983428,26.914599351934957,27.583476516154896,427713000
2023-04-21,27.03322410583496,27.097022758549475,26.637480426106034,26.866752496922075,345103000
2023-04-24,26.956464767456055,27.279439347819814,26.586637967974482,26.927557165010345,339282000
2023-04-25,26.157995223999023,27.160813620648227,26.142046990265335,26.99234756795708,378527000
2023-04-26,26.870737075805664,27.243554654828017,26.620531540784825,26.916593006788613,406337000
2023-04-27,27.1398868560791,27.408037041245223,26.540787923231075,27.276454573793355,377161000
2023-04-28,27.66123390197754,27.67020431051468,26.98537693252425,27.13889108167587,292216000
2023-05-01,28.818557739257812,28.96609033128575,27.692132757184343,27.751942445275365,570329000
2023-05-02,28.120769500732422,28.744790786364405,27.994172302997715,28.58928408497182,402730000
2023-05-03,27.714061737060547,28.277275162589756,27.385105610028088,27.75194164873796,383387000
2023-05-04,27.474821090698242,27.77088065437449,27.153839081492926,27.563538380203276,321850000
2023-05-05,28.589282989501953,28.66404461724112,27.643285351598674,27.737984173927828,361494000
2023-05-08,29.058792114257812,29.127574105075855,28.26032704979517,28.4317819808544,344979000
2023-05-09,28.480632781982422,28.881361734032257,28.360017101599922,28.807596379642145,314869000
2023-05-10,28.793638229370117,29.020917714127965,28.37097953587767,28.9132576098521,369350000
2023-05-11,28.487606048583984,28.858431044188475,28.15665734572962,28.80460099601504,322149000
2023-05-12,28.2503604888916,28.688969297483915,27.957289789783168,28.438761858901234,274222000
2023-05-15,28.861419677734375,28.877369814441632,28.06295457930079,28.4178275338678,293926000
2023-05-16,29.12059783935547,29.775521221273998,28.740804336785136,28.749774743963638,449405000
2023-05-17,30.08254623413086,30.103479719693794,29.336912970483333,29.49042519794485,432535000
2023-05-18,31.577802658081055,31.727327831009532,30.224098180923058,30.31381366494329,748725000
2023-05-19,31.165111541748047,31.48011201484415,30.818212695710137,31.43625056372688,473908000
2023-05-22,31.077390670776367,31.420302459294863,30.582959233506156,30.803258976791746,372000000
2023-05-23,30.590932846069336,31.189035411939713,30.534113929383956,30.901946256374558,356253000
2023-05-24,30.441410064697266,30.510192064798854,29.71172499125114,30.114446491845936,721419000
2023-05-25,37.85987091064453,39.35512649385782,36.519123854187846,38.401152701662475,1543911000
2023-05-26,38.822811126708984,39.04610163074743,37.43122683133464,37.770151547520655,714397000
2023-05-30,39.984127044677734,41.80534782144874,39.822640705708025,40.46659728547173,923401000
2023-05-31,37.71432876586914,40.1675430373075,37.70236568816468,39.36309641035941,1002580000
2023-06-01,39.64420700073242,39.92332013723305,38.21872982052202,38.367256795979486,635873000
2023-06-02,39.20261001586914,40.37190020075976,38.934459847678006,39.970174994520356,482731000
2023-06-05,39.04710388183594,39.439854864368684,38.58457081030142,38.78593155134608,396094000
2023-06-06,38.531742095947266,39.03614220536465,38.02734198652988,38.707187926911864,388729000
2023-06-07,37.36033630371094,39.378145544208294,37.241700924960675,38.795932772814304,511998000
2023-06-08,38.39216995239258,38.74508691604915,37.390247671514786,37.60857556261879,417772000
2023-06-09,38.651363372802734,39.589481974633344,38.44898543973068,38.917544642963016,427717000
2023-06-12,39.36119079589844,39.40904425940009,38.49983605891858,39.08005597622932,388701000
2023-06-13,40.896484375,40.975245031840466,39.618409221786045,40.06304374400525,613208000
2023-06-14,42.865440368652344,42.86842954641151,40.42791802705582,40.69908893155934,740465000
2023-06-15,42.52248764038086,43.15654315104166,42.01803541267758,42.471645001516485,568622000
2023-06-16,42.56137466430664,43.58722551638536,42.53046747800974,43.31705479881207,655709000
2023-06-20,43.67395782470703,43.85540396507537,42.543428689005886,42.86643864335991,451153000
2023-06-21,42.91328430175781,43.481543651220214,41.951240766861545,43.36789026011788,551603000
2023-06-22,42.893348693847656,43.293118838626924,42.10476872123709,42.12370778383283,417737000
2023-06-23,42.0798454284668,42.678007983073286,41.88643880055925,42.33406622553571,358140000
2023-06-26,40.50767135620117,42.633147684220695,39.97729771593512,42.33107342513513,594322000
2023-06-27,41.747867584228516,41.81167093605906,40.3242393713419,40.674163315350505,462175000
2023-06-28,40.99119186401367,41.71696498768914,40.39402564201727,40.535589450400664,582639000
2023-06-29,40.69708251953125,41.47270170333191,40.47576172197274,41.430830406659986,380514000
2023-06-30,42.17256164550781,42.419803905460185,41.3740138694354,41.55246701356272,501148000
2023-07-03,42.28322219848633,42.76673879586181,42.07286928017555,42.38690406882019,198209000
2023-07-05,42.18751907348633,43.04488443654503,41.95622669958026,42.00607294813804,323618000
2023-07-06,41.97416305541992,42.04993070405074,41.21947954905815,41.7159567359003,303582000
2023-07-07,42.372947692871094,43.08177451798843,42.050937955304576,42.19250176000006,355881000
2023-07-10,42.050941467285156,42.6800113034601,41.521564138261944,42.52648316911527,353908000
2023-07-11,42.27524948120117,42.62717002333906,41.938286237141114,42.35101715208972,298244000
2023-07-12,43.76766586303711,43.80056583036438,42.64610822063504,42.90132541025079,481277000
2023-07-13,45.836307525634766,46.013760426479244,44.355851147667266,44.381772558956264,478204000
2023-07-14,45.32987594604492,47.94086182574558,44.92212700668265,46.44046575236375,772075000
2023-07-17,46.31884002685547,46.3537327838852,45.1235111481618,46.147369222609534,510488000
2023-07-18,47.34867477416992,47.74944513877749,45.59406179064249,46.55810196861849,569164000
2023-07-19,46.932945251464844,47.67167893614477,46.598971255607864,47.31876207580257,427502000
2023-07-20,45.38072204589844,46.942928804835816,44.92412321467116,46.36470161642384,537865000
2023-07-21,44.17341995239258,45.72565880367255,43.965059822678604,45.64789454996022,963769000
2023-07-24,44.475494384765625,44.970975292246095,43.90524600694248,44.594129747804274,382516000
2023-07-25,45.53923034667969,46.04168599596265,44.78554306973034,44.803489544215395,348081000
2023-07-26,45.312923431396484,45.912086196628444,44.493440026375104,45.88018262099463,364237000
2023-07-27,45.759552001953125,47.24997638304764,45.61000946610031,46.37665740516835,455976000
2023-07-28,46.60694885253906,46.88310168130462,46.23907847934213,46.52519903560094,331194000
2023-07-31,46.58601760864258,46.98579159307672,46.363700375175576,46.61094263427025,251055000
2023-08-01,46.36469268798828,46.75649169459333,45.88616190163857,46.31783562150429,237858000
2023-08-02,44.133544921875,45.69973706046443,43.25424373168055,45.69076572472491,530142000
2023-08-03,44.378787994384766,44.97994351428875,43.665975669938696,43.665975669938696,324176000
2023-08-04,44.54328918457031,45.502343664999096,44.257168589781394,44.84735625489334,362666000
2023-08-07,45.27802658081055,45.4006513036196,44.42663967720104,44.97296316545108,322154000
2023-08-08,44.52733612060547,45.10356664242382,43.92119480836412,44.715756986658505,353843000
2023-08-09,42.423797607421875,44.176418044924525,42.005080711454916,44.13853230621531,586449000
2023-08-10,42.25830078125,43.440672654633964,41.70699146291927,42.03099778159967,492705000
2023-08-11,40.72998809814453,41.889431464332574,40.51464942799337,41.623246353337215,533085000
2023-08-14,43.61912155151367,43.665978621737146,40.187655955736346,40.36211972462702,690286000
2023-08-15,43.805545806884766,45.12948515568442,43.5762500445296,44.423651395520004,676512000
2023-08-16,43.35293960571289,44.53830062758481,43.27318256792619,44.38377612065419,527451000
2023-08-17,43.21138000488281,43.9271816143304,42.86942718654306,43.83546405438668,452395000
2023-08-18,43.1665153503418,43.44466100868814,41.53253035360765,42.50454556890945,583768000
2023-08-21,46.82329177856445,46.92099149712555,44.086691857163586,44.35785896625514,692573000
2023-08-22,45.52827072143555,48.03956444214232,45.194296620228705,47.9877215973081,755293000
2023-08-23,46.97182846069336,47.05557105969461,45.06966590460551,45.72565339980645,779046000
2023-08-24,47.01868438720703,50.11219017259599,47.014698817328394,50.0623439279402,1156044000
2023-08-25,45.877197265625,47.6587282173918,44.88623538665841,46.8681553415664,925341000
2023-08-28,46.691688537597656,46.836245308048305,44.75064756794707,46.339768044393274,685192000
2023-08-29,48.63473129272461,48.93082341552477,46.249051833640735,46.52321191086775,701397000
2023-08-30,49.113258361816406,49.7742278710723,48.276824895402335,48.89393031688107,735206000
2023-08-31,49.203983306884766,49.5917929853516,48.80819868484659,49.22890833319217,528570000
2023-09-01,48.360565185546875,49.64761519313272,47.994687598350154,49.60973326514342,463830000
2023-09-05,48.399452209472656,48.70152648362675,47.71355763922135,48.07544589025944,382653000
2023-09-06,46.920860290527344,48.404428217365016,46.44129363976494,48.29675192445169,468670000
2023-09-07,46.10331344604492,46.20600739114076,45.01755536389115,45.389445810595745,433330000
2023-09-08,45.436302185058594,46.46722371434069,45.13619975911865,45.80520320149125,473069000
2023-09-11,45.04348373413086,46.0255476981088,44.18006112661073,46.01059296919965,473966000
2023-09-12,44.73638153076172,45.53699169402587,44.398390331728955,44.604774641138675,349256000
2023-09-13,45.349552154541016,45.7932266977616,44.3704741721049,44.46718544034271,398355000
2023-09-14,45.44527816772461,45.8500674873585,44.99661733815953,45.81317890696642,370097000
2023-09-15,43.7692756652832,45.46321387121769,43.67754676368698,45.20598272428771,506831000
2023-09-18,43.83509063720703,44.1102698195922,41.87494480679798,42.62071872871877,500271000
2023-09-19,43.390411376953125,43.835082475156234,42.87395226873784,43.70247908606619,373064000
2023-09-20,42.113216400146484,43.772262694137574,42.09726520219276,43.47016358744601,367108000
2023-09-21,40.89486312866211,41.97463849257789,40.85797455001659,41.45917965283468,450736000
2023-09-22,41.4860954284668,41.98959271748376,41.10822239223327,41.44820657571994,479236000
2023-09-25,42.09627914428711,42.409343350786685,41.054388777119094,41.46715750384496,419091000
2023-09-26,41.78620147705078,42.692495155477644,41.53096324756663,41.87593363739022,402282000
2023-09-27,42.3415412902832,42.744341431006085,41.50504268914909,42.20395553022343,444935000
2023-09-28,42.960689544677734,43.316624912259975,41.989590912054574,42.333560978932496,424663000
2023-09-29,43.369468688964844,44.01254845640997,43.17803909015806,43.696491084144924,397830000
2023-10-02,44.648651123046875,45.04047860898654,43.73039221652358,43.89888769595612,433298000
2023-10-03,43.38741683959961,44.995616545503985,43.11722389309479,44.67457296774722,470850000
2023-10-04,43.90986251831055,44.0115599865903,43.16309221624776,43.611753042966086,361821000
2023-10-05,44.554935455322266,44.76630599321606,43.75731831894087,43.91883469559828,393483000
2023-10-06,45.625732421875,45.65265244811673,43.894901766019856,44.06140429622766,434436000
2023-10-09,45.13818359375,45.46919568500271,44.23587974540924,44.70846728115123,409675000
2023-10-10,45.6616325378418,46.121258407060864,44.95374754155894,45.17508663765547,368582000
2023-10-11,46.6666259765625,46.71946955859621,45.91287659330196,46.05844175921358,378137000
2023-10-12,46.805213928222656,47.46723822927066,46.19204731268838,46.63771490362162,481325000
2023-10-13,45.32563018798828,46.97570471236393,45.145169391645375,46.82016719199545,474115000
2023-10-16,45.95774459838867,46.08735476029038,44.77826474104746,44.928816083518186,375099000
2023-10-17,43.807159423828125,44.620731393430276,42.35350093093971,43.86897507163302,812333000
2023-10-18,42.070350646972656,43.090307040885016,41.700456999229225,42.464174898094846,627294000
2023-10-19,41.97563552856445,43.16807328895168,41.75728589082115,42.683520414055806,501233000
2023-10-20,41.263763427734375,42.34353877331354,40.95568161669413,41.76526400722088,477266000
2023-10-23,42.8470344543457,43.119224175669935,40.82308027803106,41.10623502417962,478530000
2023-10-24,43.53297805786133,43.566877207845934,42.563876171456435,42.94872451539136,401463000
2023-10-25,41.65459442138672,43.52002535417708,41.43126239759443,43.26877302407248,398379000
2023-10-26,40.20591354370117,42.13016650700399,39.76124253765396,41.728366721150465,541001000
2023-10-27,40.37940216064453,41.08330116511961,39.895845748458264,41.00752725918924,416784000
2023-10-30,41.03843307495117,41.64163109365404,40.3604576251133,40.96465592174652,388028000
2023-10-31,40.6585693359375,40.75727737613491,39.11318548755272,40.329553945294535,517969000
2023-11-01,42.19896697998047,42.25479998188949,40.747301323669774,40.762256048704266,437593000
2023-11-02,43.3764533996582,43.75332619208585,42.76627622905822,43.19898202777144,409172000
2023-11-03,44.87098693847656,45.174078747791896,43.59280293696078,43.888919424366684,424610000
2023-11-06,45.614768981933594,45.798223011195105,44.765304753189504,45.15015696243412,400733000
2023-11-07,45.81816101074219,46.080374555632474,45.02353336587058,45.582863690228386,343165000
2023-11-08,46.43532180786133,46.72744863605115,45.831123444068034,45.96273036829276,346719000
2023-11-09,46.810203552246094,48.08639103748271,46.61079830684319,47.32566244139073,540496000
2023-11-10,48.19107437133789,48.32766746778713,47.14220871523475,47.358561621942854,421245000
2023-11-13,48.4752311706543,48.969756503887815,47.955782557805634,48.176125191900496,384136000
2023-11-14,49.50813293457031,49.68560428700353,48.89396993275051,49.53206353654858,416954000
2023-11-15,48.74242401123047,49.811230458479834,48.05647298035821,49.78630718435211,475497000
2023-11-16,49.33265686035156,49.37752483605111,48.1860836388323,48.53404340494231,339756000
2023-11-17,49.151206970214844,49.56895804695832,48.861073108178935,49.37653194691317,325205000
2023-11-20,50.25890350341797,50.397489558773835,49.03455933420522,49.165169788318394,414120000
2023-11-21,49.79527282714844,50.366564552562664,49.075422737368264,49.97673006124724,565747000
2023-11-22,48.57093811035156,50.18511670142029,47.547992253967436,49.703557028583894,899420000
2023-11-24,47.63373947143555,48.77533048753054,47.60282974083701,48.32567320692598,294645000
2023-11-27,48.098350524902344,48.38549115302334,47.51010721393193,47.65766532815117,395662000
2023-11-28,47.67859649658203,48.1791043355462,47.33163320625364,48.09236161129522,401491000
2023-11-29,47.996646881103516,48.6167963168034,47.717481889258046,48.234937402003986,382005000
2023-11-30,46.63072204589844,47.966731753942284,46.28375879615818,47.880985514214636,526247000
2023-12-01,46.62574768066406,47.05945375436282,46.04946966832762,46.38646445632827,369317000
2023-12-04,45.37448501586914,45.93979802137365,44.87597384591377,45.93979802137365,437543000
2023-12-05,46.43142318725586,46.46532151700449,45.140163841646064,45.33459997495961,371718000
2023-12-06,45.37149429321289,47.25005219470193,45.280757679582,47.07854839373765,380590000
2023-12-07,46.461334228515625,46.49423979899288,45.47220061553475,45.56792383673814,350823000
2023-12-08,47.368717193603516,47.60303869679262,46.41547857412716,46.46035051057807,359224000
2023-12-11,46.492244720458984,47.39363144924944,45.69755100849952,47.35374994188855,509728000
2023-12-12,47.519264221191406,47.52823708369172,45.91292023901418,45.91292023901418,372387000
2023-12-13,47.94902801513672,48.45356620387965,47.47041566072205,47.49135487990882,447792000
2023-12-14,48.210262298583984,48.52933716331639,47.28494671232897,48.25014760759364,391232000
2023-12-15,48.74870681762695,49.261221291787095,47.980931668648175,48.05471911639448,479948000
2023-12-18,49.93227767944336,50.28724783914224,49.00795855556237,49.25723605827901,412587000
2023-12-19,49.46064376831055,49.55636699628033,48.75369315436852,49.281163666785375,464444000
2023-12-20,47.971961975097656,49.85450624808912,47.958999057496804,49.511498623849185,397894000
2023-12-21,48.84842300415039,48.95311910291898,48.27907021417121,48.66993945324694,300425000
2023-12-22,48.68887710571289,49.24027646361489,48.32692345139222,49.05282008065704,252507000
2023-12-26,49.13657760620117,49.456649028909844,48.81849930781512,48.82647560877794,244200000
2023-12-27,49.27418518066406,49.536425600159234,48.94314392704513,49.36791528650649,233648000
2023-12-28,49.37887191772461,49.739825186065204,49.26918922882445,49.499524396983624,246587000
2023-12-29,49.37887191772461,49.85250136491419,48.610100337003374,49.669031240795064,389293000
2024-01-02,48.02878952026367,49.15253129584884,47.457447488056715,49.10167999879026,411254000
2024-01-03,47.431522369384766,48.04474284454288,47.183241449788504,47.34776550065434,320896000
2024-01-04,47.85928726196289,48.35983539054749,47.37070168440111,47.62895205059956,306535000
2024-01-05,48.95510482788086,49.40380504311915,48.166390532700504,48.321941715696894,415039000
2024-01-08,52.10198974609375,52.12392933182719,49.3360082047019,49.368913779629096,642510000
2024-01-09,52.986419677734375,54.16799628302355,51.54060955653382,52.249557041176296,773100000
2024-01-10,54.19292449951172,54.442201988108685,53.334412767924995,53.46104844034716,533796000
2024-01-11,54.66355895996094,55.186046630349715,53.40520900250216,54.84004936433209,596759000
2024-01-12,54.55188751220703,54.811138243808735,54.172988448593486,54.46214745952533,352994000
2024-01-16,56.21905517578125,56.670745116790805,54.74133972907017,54.8589987377964,449580000
2024-01-17,55.8910026550293,56.30779386315222,54.58179762947745,56.18415168775575,474394000
2024-01-18,56.94195556640625,57.43353079531085,55.94484563035105,57.094513264905174,491650000
2024-01-19,59.31906509399414,59.32803795704181,57.05961145486245,57.82140334356974,543501000
2024-01-22,59.481597900390625,60.15664330232137,58.89928603895681,59.87545679775879,452955000
2024-01-23,59.6999626159668,59.73685443495751,58.41568304614902,59.39783691409728,294654000
2024-01-24,61.184661865234375,62.66736391279241,59.76477747230483,60.12972084943654,560271000
2024-01-25,61.43891525268555,62.53773144131916,60.67412993486616,62.16979463798042,482777000
2024-01-26,60.8546142578125,61.60444363196895,60.39794153183259,60.78382030493906,390309000
2024-01-29,62.28446960449219,62.308398507444245,60.730973730437555,61.055031402652325,348733000
2024-01-30,62.59257888793945,63.309502714007664,62.08006442941247,62.71821799882993,410735000
2024-01-31,61.349185943603516,62.08904212424609,60.52457632784889,61.262435580323725,453795000
2024-02-01,62.844852447509766,63.00837994825412,61.471833071842404,61.92052952927185,369146000
2024-02-02,65.96880340576172,66.40752664709339,63.5059366044878,63.78911624931711,476578000
2024-02-05,69.13162994384766,69.29615400361993,67.01077810938553,68.02782694293316,680078000
2024-02-06,68.02583312988281,69.55240673067756,66.10839412447636,69.42876454653677,683111000
2024-02-07,69.89640045166016,70.01705293105977,67.40462245828914,68.12154618534456,495575000
2024-02-08,69.43972778320312,70.58939534958982,69.2542683281726,69.87147502102263,414422000
2024-02-09,71.9245376586914,71.9763817179636,70.00908414671076,70.32915559936207,436637000
2024-02-12,72.03919219970703,74.39536169687851,71.04407549243956,72.39017224345903,613710000
2024-02-13,71.91954040527344,73.23771827831571,69.41879318637284,70.19653768234375,602580000
2024-02-14,73.6864242553711,74.0214517262709,71.73009661007124,72.99044348203591,504917000
2024-02-15,72.44800567626953,73.76120070674112,72.19075571305264,73.65551186894326,420122000
2024-02-16,72.40315246582031,74.18698384135303,72.29147662486973,73.88585465278437,495327000
2024-02-20,69.25128936767578,71.74805069531128,67.53825202114858,71.7390740272432,704833000
2024-02-21,67.27700805664062,68.68891622407938,66.05654635382845,67.8094614044966,673755000
2024-02-22,78.31102752685547,78.34791554573746,74.00550573707999,74.80817959484354,865100000
2024-02-23,78.5892333984375,82.15589232862996,77.34583537657274,80.5565313325956,829388000
2024-02-26,78.86343383789062,80.41294376465017,78.27812461798902,79.46967086730548,503973000
2024-02-27,78.47354888916016,79.25030450092336,76.93900277777333,79.1515839793688,391705000
2024-02-28,77.43856048583984,78.70488691297152,76.9021132659983,77.39568548362723,393110000
2024-02-29,78.88336181640625,79.75882270864132,78.12356300049603,78.86541608909434,507289000
2024-03-01,82.04119873046875,82.0621417492055,79.20541661950624,79.76878610572811,479135000
2024-03-04,84.99066162109375,87.44155809825308,83.47705094561937,83.88685863778845,615616000
2024-03-05,85.71957397460938,85.85219903908474,83.17981882492465,85.02754699331318,520639000
2024-03-06,88.44780731201172,89.46889796984821,86.78255724053227,87.7717411927185,582520000
2024-03-07,92.40552520751953,92.50324615104638,89.34724386412462,89.90166281939615,608119000
2024-03-08,87.27913665771484,97.12306982330983,86.26003928547323,94.86750020038097,1142269000
2024-03-11,85.5301284790039,88.5445284611464,83.92669865835357,86.18326495849031,678364000
2024-03-12,91.65166473388672,91.69852817689657,85.90505025020566,87.79865287127926,668075000
2024-03-13,90.62958526611328,91.24383116033475,88.18355678072699,90.79611026460987,635713000
2024-03-14,87.69396209716797,90.38828336998239,86.35378152826699,89.32232245586333,602318000
2024-03-15,87.58726501464844,89.29140572149215,86.01176295929899,86.68284605628648,642086000
2024-03-18,88.20349884033203,92.14226481208601,86.83739140527486,90.13100142686399,668976000
2024-03-19,89.14380645751953,90.28654400179565,84.76828290241504,86.45347234751878,672171000
2024-03-20,90.11505126953125,90.15294523438696,87.97215934887909,89.54168157483528,479063000
2024-03-21,91.17501831054688,92.38457441104313,90.14794815065484,92.03756431354115,480372000
2024-03-22,94.02091217041016,94.50852022791372,90.57573384993215,90.88186017417289,586719000
2024-03-25,94.73189544677734,96.49088009677016,93.24414062902237,93.67391499463383,552136000
2024-03-26,92.29782104492188,96.10097979295517,92.23899068459922,95.57846759747075,513648000
2024-03-27,89.99340057373047,92.97489725482532,88.8696059634602,92.8472628285773,586067000
2024-03-28,90.09911346435547,91.04042984029452,88.93941795794628,89.74412280119583,435212000
2024-04-01,90.10607147216797,91.96277679415357,88.9503702442798,90.04225806770008,452441000
2024-04-02,89.19767761230469,89.83785060298682,87.37088554101891,88.19652672274349,433064000
2024-04-03,88.7110366821289,90.1170311402006,88.14864498506111,88.23240577431382,370067000
2024-04-04,85.6607437133789,90.3763015666953,85.63581327474101,90.1489453998678,434965000
2024-04-05,87.75777435302734,88.22942906906539,85.68169327218381,86.61901544259366,399678000
2024-04-08,86.88526153564453,88.57743512523471,86.4854007087341,88.44779987998065,283220000
2024-04-09,85.1113052368164,87.38582540473588,82.7859427996773,87.19337337953033,501700000
2024-04-10,86.79153442382812,87.15150809881327,83.4710003679758,83.68738625967652,431929000
2024-04-11,90.35835266113281,90.48100403591603,86.67884945614712,87.17144056555283,431637000
2024-04-12,87.93526458740234,89.91861544290224,87.2811315064311,89.44396327846418,426805000
2024-04-15,85.7564697265625,90.35535577476978,85.68467584656017,88.84466403718538,443077000
2024-04-16,87.16645812988281,87.86745463811035,85.81930143123056,86.18724795044986,370453000
2024-04-17,83.79605865478516,88.52257881551526,83.71129364888468,88.08881052064652,495400000
2024-04-18,84.43025207519531,85.94493790164843,82.16770633584548,84.72840551757585,447260000
2024-04-19,75.98334503173828,84.08424741361141,75.3910397359179,82.91358934859076,875198000
2024-04-22,79.29190063476562,79.84532288255929,76.18276995811692,77.8819196640173,596341000
2024-04-23,82.18863677978516,82.5336536404488,80.03577904129997,80.53934039659947,438559000
2024-04-24,79.45045471191406,83.84292866853282,78.95785602564062,83.71130021339918,512208000
2024-04-25,82.3970718383789,83.08610152779464,78.00060291462616,78.64376576074403,424641000
2024-04-26,87.48554992675781,88.07985603184983,83.1499127117647,83.57968703669025,551011000
2024-04-29,87.50748443603516,87.74180926182623,85.0235621625501,87.34594249418755,388971000
2024-04-30,86.15633392333984,88.5664614931565,86.05462655663052,86.99194868469957,363709000
2024-05-01,82.80489349365234,85.75547993219622,81.02396844600167,84.83510772715242,559863000
2024-05-02,85.572998046875,85.99180203592717,82.96343457532701,84.20888384405981,377898000
2024-05-03,88.53654479980469,89.0271426544853,86.79251724081982,87.53938813243457,398341000
2024-05-06,91.8780288696289,91.95780324115003,88.80180099005936,89.13584761213842,376203000
2024-05-07,90.29651641845703,91.52002490638361,88.75790456935259,90.83896831159944,437342000
2024-05-08,90.15492248535156,90.9346966114085,89.1657387845337,89.22856317850216,325721000
2024-05-09,88.49466705322266,90.81305333122494,87.9801353538175,90.27159797496299,378013000
2024-05-10,89.62244415283203,91.14111635473476,88.97329419694542,90.04823199188911,335325000
2024-05-13,90.14196014404297,90.73925596432326,88.27727459241008,90.22073028011366,289680000
2024-05-14,91.09625244140625,91.39041184902159,88.68113417048747,89.34424430460986,296507000
2024-05-15,94.36093139648438,94.5922739920117,91.33855134424653,92.2090701983953,417735000
2024-05-16,94.09071350097656,95.54656142094716,93.83543705567772,94.64014935721045,323952000
2024-05-17,92.216064453125,94.47063766933178,91.54498136339171,94.10069789533013,359691000
2024-05-20,94.51050567626953,94.92930964167746,93.17431942252952,93.48343554827802,318764000
2024-05-21,95.11479187011719,95.1287520032466,92.915062881723,93.33287026664621,328946000
2024-05-22,94.68001556396484,95.74697281531282,92.9838557882849,95.18757094825777,548648000
2024-05-23,103.5038833618164,106.0177117858919,101.23135605250833,101.73791493789797,835065000
2024-05-24,106.16627502441406,106.1722546778935,102.70713677897801,104.15201429523188,429494000
2024-05-28,113.5771484375,114.61219912037285,109.57057499198291,109.93054862844438,652728000
2024-05-29,114.4985122680664,115.16361558831227,110.58567348866953,112.72856525449089,557442000
2024-05-30,110.18580627441406,115.4896825683004,109.35118819369168,114.32400776010651,484553000
2024-05-31,109.3212890625,112.39652011050696,106.63594514688756,112.20007402311614,613263000
2024-06-03,114.67301940917969,114.67301940917969,111.68453916444382,113.29794252397816,438392000
2024-06-04,116.1059341430664,116.26847269779265,113.72073695926161,115.38699108204422,403324000
2024-06-05,122.09187316894531,122.10084264977675,117.13400975669744,118.03444216742467,528402000
2024-06-06,120.65396881103516,125.22991785379394,117.98358173920542,123.69529221491227,664696000
2024-06-07,120.54429626464844,121.34601121410144,117.6864474461413,119.42947108598517,412386000
2024-06-10,121.44373321533203,122.75000624942898,116.67732470758293,120.0277723195335,313434100
2024-06-11,120.57611846923828,122.53070514239239,118.41210500224047,121.43373663493091,222551200
2024-06-12,124.85427856445312,126.52963983604721,122.23154359875069,122.72018841720352,299595000
2024-06-13,129.25209045410156,129.44156821528892,126.8088590238474,129.03269675342705,260704500
2024-06-14,131.5158233642578,132.47316384016574,127.9656566008486,129.60112719578945,309320400
2024-06-17,130.6183319091797,133.36073857025062,129.22220369566065,132.6227916073861,288504400
2024-06-18,135.2056121826172,135.95354113797538,130.3291160023479,130.7778703322321,294335100
2024-06-20,130.4188690185547,140.3713064535189,129.16235380151105,139.41396587386305,517768400
2024-06-21,126.22048950195312,130.2692833981682,123.95676122395307,126.76897377617152,649445800
2024-06-24,117.78385162353516,124.1163152101961,117.71404522588668,122.89968290118539,476060900
2024-06-25,125.74180603027344,126.1506774907381,118.99050434542877,120.86531009404065,414192600
2024-06-26,126.05096435546875,127.76620840809865,122.26145451808375,125.7817056647018,362975900
2024-06-27,123.64762115478516,126.0609445300648,122.58057607711103,123.75731801767638,252571700
2024-06-28,123.19886779785156,127.35735127952529,122.41104832536521,124.23599694106169,315516700
2024-07-01,123.9567642211914,124.49526638375627,118.50186772113265,123.12905433583957,284885500
2024-07-02,122.33126068115234,123.06922274393042,120.69578993975959,120.79551228090267,218374000
2024-07-03,127.92576599121094,127.92576599121094,121.02487672675784,121.32405134915433,215749000
2024-07-05,125.48253631591797,128.49420118342798,125.3329490025218,127.02825159880693,214176700
2024-07-08,127.84599304199219,130.4089036996468,126.68920015386854,127.13795450709301,237677300
2024-07-09,131.01722717285156,133.45049207075732,128.29475452643044,129.99007251430768,285366600
2024-07-10,134.5374755859375,134.72695337207693,132.0543457649315,133.6599006676726,248978600
2024-07-11,127.0482177734375,135.7740491933907,126.69918573397183,135.37515978161727,374782700
2024-07-12,128.8831329345703,131.5557253023775,126.86870653322082,127.90582806874107,252680500
2024-07-15,128.08534240722656,131.02719355977734,126.82881950170466,130.19948360408995,208326200
2024-07-16,126.01107025146484,128.68366239858466,124.2359867587292,128.0853283678797,214769500
2024-07-17,117.66417694091797,121.51351843622722,116.39768730256174,121.01489915039261,390086200
2024-07-18,120.75562286376953,122.0620106514847,116.23813305693453,121.51352635797906,320979500
2024-07-19,117.6043472290039,121.26421102849133,117.04589605324009,120.01766279092804,217223800
2024-07-22,123.19886779785156,123.72740308245356,119.52902914046476,120.01767396475167,258068900
2024-07-23,122.25147247314453,124.34567955387372,121.76282770486009,122.44095023584373,173911000
2024-07-24,113.93452453613281,119.61878223552345,113.12676360209511,118.84093724595712,327776900
2024-07-25,111.9699478149414,116.30793416547407,106.00646529957123,112.72785127466838,460067000
2024-07-26,112.747802734375,115.87913158113766,111.27189374853045,115.8691646723326,293399100
2024-07-29,111.28185272216797,115.95890423286832,110.99266022089631,113.3760598876514,248152100
2024-07-30,103.44355773925781,111.68074265241845,102.25684143468115,111.21203931839821,486833300
2024-07-31,116.69686126708984,118.01321595584747,110.57381668062193,112.58824297616627,473174200
2024-08-01,108.90843200683594,119.82819978465332,106.51505772619602,117.20545726694776,523462300
2024-08-02,106.97377014160156,108.41977052611269,101.0900691005783,103.47346849787236,482027500
2024-08-05,100.17261505126953,103.12444802394918,90.43957172286065,91.80578374541406,552842400
2024-08-06,103.96212005615234,107.41256456659957,100.27234042123098,103.55324859386288,409012100
2024-08-07,98.63688659667969,108.49957704375008,98.41749285839052,107.51230522144884,411440400
2024-08-08,104.68013763427734,105.208672877848,97.2507054584759,101.71833775867768,391910000
2024-08-09,104.46074676513672,106.30563671378638,103.14439207443418,105.348288539487,290844200
2024-08-12,108.71895599365234,110.76329830179426,105.96658275414626,106.02641463942724,325559900
2024-08-13,115.81930541992188,115.90906086189524,111.27189924867696,112.12952516459809,312646700
2024-08-14,117.7539291381836,118.27248983356148,113.75500044516707,118.2026834397928,339246400
2024-08-15,122.52074432373047,122.89969228155606,117.1456284695593,118.43206727440648,318086700
2024-08-16,124.23597717285156,124.6548155270241,120.84536466885129,121.6032680775869,302589900
2024-08-19,129.64102172851562,129.64102172851562,123.07918972579691,123.93681555512863,318333600
2024-08-20,126.89862060546875,129.52136317375601,125.54237540722741,128.04543898793298,300087400
2024-08-21,128.14512634277344,128.99278501613637,126.31021145414125,126.96838480042898,257883600
2024-08-22,123.39830780029297,130.38895283197962,122.7600756761678,129.66097288180268,376189100
2024-08-23,129.01275634765625,129.2421321879317,124.87422213092064,125.51245424374224,323230300
2024-08-26,126.11080169677734,130.8975427630235,124.0265765218376,129.21222218734667,331964700
2024-08-27,127.94571685791016,128.843225521312,123.5379164141598,124.70469137157046,303134600
2024-08-28,125.26315307617188,127.97564354365645,122.30135293496008,127.76621672239743,448101100
2024-08-29,117.2652816772461,124.08639756190335,116.38771446055243,121.02487540717718,453023300
2024-08-30,119.04037475585938,121.41379989153823,116.89631023816276,119.19992897597831,333751600
2024-09-03,107.70177459716797,115.88910303086084,106.99373606605621,115.68965834345619,477155100
2024-09-04,105.91670989990234,112.95721192187169,103.83248489547353,105.11892359162538,372470300
2024-09-05,106.91395568847656,109.34722045042044,104.47072401794104,104.70008464878364,306850700
2024-09-06,102.54605865478516,107.85136830211154,100.67124500554577,107.74167143504636,413638100
2024-09-09,106.1760025024414,106.25578342210773,103.40368021481835,104.59038905946406,273912000
2024-09-10,107.8014907836914,109.09790400275718,104.66018768236026,107.5122906776436,268283700
2024-09-11,116.58717346191406,116.86639906475774,107.12337325723898,109.0879346022382,441422400
2024-09-12,118.8211669921875,120.4667529234298,115.0712270559041,116.52731901421612,366052700
2024-09-13,118.78128051757812,119.6389797203674,117.28529459768677,118.76133738659651,238358300
2024-09-16,116.46749877929688,117.8637539403752,114.05397645754886,116.47747415009144,248772300
2024-09-17,115.28067779541016,118.48209453930119,114.52271703198278,117.85377554798693,231925900
2024-09-18,113.06661987304688,117.38502682895009,112.91701975753097,115.57987289959789,310318900
2024-09-19,117.55458068847656,119.33979153223306,116.93623707940027,117.0359679559666,293506400
2024-09-20,115.68958282470703,118.30257441739377,115.0812145821692,116.74674381909426,382462400
2024-09-23,115.94888305664062,116.67692526968904,114.55262802291854,116.23810791147417,206228500
2024-09-24,120.54655456542969,121.47406618937484,115.07124032940908,116.20818908018337,354966800
2024-09-25,123.17948150634766,124.60565503965537,121.28456450552947,121.69346336275538,284692900
2024-09-26,123.70804595947266,127.32832864041526,121.47404276183455,126.46066179788725,302582900
2024-09-27,121.07512664794922,123.6980858451405,118.94085404604166,123.63824884420143,271009200
2024-09-30,121.11503601074219,121.17487301933534,117.83383894759385,117.99340684016849,226553700
2024-10-01,116.68689727783203,122.11234177416986,115.48013626179672,121.44412897274735,302094500
2024-10-02,118.53195190429688,119.06053238913914,114.831880901423,116.12840510154699,221845900
2024-10-03,122.52124786376953,124.0272091849403,120.01796257527629,120.59641230247804,277118000
2024-10-04,124.58570861816406,124.70539023390367,121.50398120040512,124.60565935860969,243678100
2024-10-07,127.37821197509766,130.29039598837593,124.61562046227938,124.65551433206126,346250200
2024-10-08,132.53436279296875,133.12278019873037,129.07364789501582,129.91139625758697,285722500
2024-10-09,132.29501342773438,134.16001952786942,131.02842299164354,133.75111306364067,246191600
2024-10-10,134.44923400878906,134.63872798675436,130.64943234270237,131.55700075403345,242311300
2024-10-11,134.43927001953125,135.4166432187145,133.30232133780012,133.6513755856735,170209500
2024-10-14,137.7005157470703,139.22642006970023,135.9352482142016,136.10479144805439,232347700
2024-10-15,131.2478485107422,138.19919822128062,128.3955011745818,137.5010592255131,377831000
2024-10-16,135.35682678222656,136.25441237650753,131.2279056562099,133.62147738626442,264879700
2024-10-17,136.5635528564453,140.51296215395072,136.50371585796043,138.96710708195366,306435900
2024-10-18,137.63070678710938,138.52829226592988,136.9126323168706,138.2989120156457,176090200
2024-10-21,143.325439453125,143.325439453125,137.63071268872676,137.76036967912168,264554500
2024-10-22,143.2057342529297,144.03351491090646,141.40058044009385,142.52756130979012,226311600
2024-10-23,139.1865234375,142.04883820987033,137.09215234233463,141.649914730207,285930000
2024-10-24,140.0342559814453,140.9717429059513,138.08947737101022,140.44316244306268,172354900
2024-10-25,141.1612091064453,143.74428940833508,140.42319920700885,140.55284095753052,205122100
2024-10-28,140.1439666748047,142.7569505719539,139.67522319765803,142.6173258267159,173586700
2024-10-29,140.87200927734375,141.8793009979601,138.52829188537018,139.91457158033694,157593600
2024-10-30,138.96710205078125,139.95445814390004,136.44387391965424,139.1665637778278,179418100
2024-10-31,132.40472412109375,137.24175143875112,131.756469630996,137.2317836775648,270039600
2024-11-01,135.0376434326172,136.94253564166783,134.2098780275083,134.33951978002003,207127800
2024-11-04,135.6859130859375,138.58812914709054,135.2072018980832,136.8428124063768,187528200
2024-11-05,139.53561401367188,139.99437456292023,136.962516091939,137.082190110359,160537400
2024-11-06,145.2203369140625,146.09798683530676,141.58011068537002,142.57743460752744,242043900
2024-11-07,148.48158264160156,148.53143666074,145.77882825788768,145.9982407267333,207323300
2024-11-08,147.23495483398438,149.3692276989738,145.86861053297918,148.37190364583935,175665800
2024-11-11,144.87127685546875,148.45168153400843,143.18581210072784,148.28212306443757,182325600
2024-11-12,147.8931427001953,149.2495037052901,145.61924560605905,146.3871892091523,198634700
2024-11-13,145.8785858154297,148.93039482211316,145.50956558703103,148.67109606044525,191903300
2024-11-14,146.3672637939453,148.60127501764129,145.16051028397845,147.24491377788954,194463300
2024-11-15,141.6000518798828,144.85133773586546,139.70514243904907,144.4823175216733,250132900
2024-11-18,139.7749481201172,141.17121080701085,136.78297621414575,139.12669362767247,221205300
2024-11-19,146.61659240722656,146.73628163269873,140.61271302151263,140.9418317601378,227834900
2024-11-20,145.49960327148438,147.16513258851916,142.34805565960622,147.0155400700263,309871700
2024-11-21,146.27748107910156,152.48083638169973,140.32345672847936,148.95031679761973,400946600
2024-11-22,141.57012939453125,146.7661937868221,140.72241318136372,145.539474391015,236406200
2024-11-25,135.65602111816406,141.66988390343687,135.45655935237875,141.610046895497,344941900
2024-11-26,136.5535888671875,138.9272246590056,135.30693397114106,137.33150030488406,190287700
2024-11-27,134.9778289794922,136.85280300357402,131.44730865073987,134.64871022731037,226370900
2024-11-29,137.88002014160156,138.977082446908,135.68591074894266,136.41395288721657,141863200
2024-12-02,138.25901794433594,140.07413953973298,137.45118801543165,138.45847968192444,171682800
2024-12-03,139.88465881347656,140.16390831614373,137.58084280749418,137.89001081273594,164414000
2024-12-04,144.7515869140625,145.39984134699782,139.91456002292938,141.61999054867616,231224300
2024-12-05,144.68179321289062,146.15793025557377,143.57468662612678,144.73166589534063,172621200
2024-12-06,142.06861877441406,145.3201135010368,140.94156015213164,144.2229906612707,188505600
2024-12-09,138.4480743408203,139.58510137793925,136.77246195727844,138.60766082087318,189308600
2024-12-10,134.71783447265625,141.4502349567079,133.44115786086326,138.6475487860502,210020900
2024-12-11,138.94676208496094,139.8045203384501,134.85746151474785,137.00184953896905,184905200
2024-12-12,136.98191833496094,138.0790564611993,135.445940177233,136.72260169557995,159211400
2024-12-13,133.8999786376953,139.2360360155149,132.19443031399229,138.57775313836598,231514900
2024-12-16,131.65582275390625,134.04955889819416,130.07994062496547,133.8301313094174,237951100
2024-12-17,130.05001831054688,131.24688636654815,126.52922370948323,128.75340490862754,259410300
2024-12-18,128.5738983154297,136.3435808551527,127.94553603601128,133.51098920213212,277444500
2024-12-19,130.33926391601562,133.68053537391728,129.212220572867,131.41644980197495,209719200
2024-12-20,134.34878540039062,134.92727495716574,127.88568536239204,129.4715360054975,306528600
2024-12-23,139.3058319091797,139.42551415908295,134.76769223262775,135.92467137837366,176053500
2024-12-24,139.85440063476562,141.53001300601622,138.28848684636677,139.63497303105362,105157000
2024-12-26,139.56515502929688,140.48276971800976,137.37089410442982,139.33575896662117,116205600
2024-12-27,136.6527557373047,138.65752461945982,134.35876491420703,138.1887488761999,170582600
2024-12-30,137.1315155029297,139.9042657427297,133.67056192681179,134.47844750631418,167734700
2024-12-31,133.9398651123047,137.71002369221526,133.48107297196478,137.67011945974758,155659200
2025-01-02,137.9493865966797,138.51790776015002,134.2789886408903,135.64541181631114,198247200
2025-01-03,144.0933074951172,144.52217900012494,139.36566117903786,139.64492988439244,229322500
2025-01-06,149.04037475585938,151.7632676182901,147.43458721714921,148.2025685915748,265377400
2025-01-07,139.77459716796875,152.73073241075815,139.6449312609891,152.63098706400407,351782200
2025-01-08,139.74468994140625,143.57467420574872,137.20133554653654,142.20825109505992,227349900
2025-01-10,135.55563354492188,139.55517244006612,133.870037595658,137.09161147098868,207602500
2025-01-13,132.8826141357422,133.1419459563911,129.17231238202828,129.6510717959939,204808900
2025-01-14,131.41647338867188,136.0244385977051,129.71094017737934,135.6952971385594,195590500
2025-01-15,135.88479614257812,136.09424010113995,130.94768976753863,133.30153730793728,185217300
2025-01-16,133.2217559814453,138.38824308482273,133.14196273572836,138.27852927433761,209235600
2025-01-17,137.3509521484375,138.13888566634566,135.10681862678206,136.33360735729912,201188800
2025-01-21,140.46282958984375,141.46022238799446,136.73257504591786,138.79718544321284,197749000
2025-01-22,146.6865692138672,147.40467804215123,143.29542449743752,144.28284886721386,237651400
2025-01-23,146.83615112304688,146.8461195709751,143.34527675360425,144.67181084027297,155915500
2025-01-24,142.2481231689453,148.58157206293976,141.5100624088345,147.98313043457708,234657600
2025-01-27,118.11124420166016,128.06521929651885,116.39572750391632,124.47461463210544,818830900
2025-01-28,128.65367126464844,128.6636397113665,115.94688462361518,121.49238479939024,579666400
2025-01-29,123.37747192382812,126.55915701971556,119.7369947161038,126.17017448185184,467120600
2025-01-30,124.32499694824219,124.67408285834512,117.79207196266405,122.77903527699785,392925500
2025-01-31,119.7569351196289,127.51664871512425,118.8792323275003,123.45726093608867,388161100
2025-02-03,116.35582733154297,118.26084328911304,112.71534272693829,114.45080376447106,371235700
2025-02-04,118.34063720703125,120.88398385074507,116.39571701060105,116.65504122535879,256550000
2025-02-05,124.5045394897461,124.67409443189278,120.44515127942377,121.44254403487892,262230800
2025-02-06,128.34449768066406,128.4342745987464,124.8835510706209,127.08778823658054,251483600
2025-02-07,129.50144958496094,130.03006643749526,124.67407312607986,128.88307105233656,228186300
2025-02-10,133.2217559814453,134.64802029874645,129.6211675706223,129.75081827828257,216989100
2025-02-11,132.4537353515625,134.12934755153938,130.67837780772868,132.23430777027943,178902400
2025-02-12,130.79808044433594,131.89521852186024,128.7434538800678,129.68100547013307,160278600
2025-02-13,134.937255859375,136.14410776005724,130.8280026783839,131.2169852346524,197430000
2025-02-14,138.4879913330078,138.88694235090182,135.14671948687393,136.12416013401827,195479600
2025-02-18,139.0365447998047,143.06602007700403,137.57037622357197,140.90167961185236,219176600
2025-02-19,138.86697387695312,140.99142508356047,136.86222013681927,139.1462426003846,167536000
2025-02-20,139.74468994140625,140.29325896288867,136.43333891646114,139.6648967001902,143903600
2025-02-21,134.07948303222656,141.09116717483585,133.68053207054632,139.6748562571626,228217600
2025-02-24,129.94033813476562,138.22867021014434,129.74086261032588,136.20396396001723,251381100
2025-02-25,126.29981994628906,129.8605111604116,124.11553536570229,129.64108357480436,271428700
2025-02-26,130.9376983642578,133.38130717279842,128.15497972672858,129.6510686159171,322553800
2025-02-27,119.83673858642578,134.65798762212813,119.69710421233928,134.64801917362388,443175800
2025-02-28,124.59429931640625,124.76385425600982,116.09651651556653,117.71228788508736,389091100
2025-03-03,113.76260375976562,123.37746834229016,111.98724605192426,123.18796891235903,411381400
2025-03-04,115.68757629394531,118.9989197292815,109.82291000037466,110.36150296756519,398163300
2025-03-05,116.9941635131836,117.97160407078815,114.21143704412195,117.27343224392774,284337900
2025-03-06,110.28170013427734,115.04923557314471,109.93261424409908,113.2339813347161,321181900
2025-03-07,112.39617919921875,113.18412029909872,107.27955007853643,110.95993136050063,341755500
2025-03-10,106.70106506347656,111.5583622176382,105.18502403072868,109.61344966651625,366487400
2025-03-11,108.47642517089844,111.94734728122161,104.49682307629253,106.71103594468934,354865700
2025-03-12,115.4488525390625,116.46629097878981,112.59604629385464,113.83293253862912,323857500
2025-03-13,115.28925323486328,117.46376961532557,113.50375517662202,116.73560262668995,299033100
2025-03-14,121.36392211914062,121.57339292473429,117.85278046649132,118.31162236591584,277593500
2025-03-17,119.22930908203125,122.58085727393843,117.73308248243704,122.43123309193861,255501500
2025-03-18,115.1396255493164,118.7205909220559,114.25186503478537,117.70316017412442,299686900
2025-03-19,117.22435760498047,120.14698705841565,115.3889900516623,116.97498651717953,273426200
2025-03-20,118.23182678222656,119.89762393291265,116.17701131755277,116.25681189739694,248829700
2025-03-21,117.4039077758789,117.6931791575635,115.1296446207881,116.64582513098318,266498500
2025-03-24,121.1045913696289,121.91255134314885,119.03979124138472,119.5784337604655,228452500
2025-03-25,120.38639068603516,120.98487978418257,118.62083909476823,120.24674348347415,167447200
2025-03-26,113.47383117675781,118.54104631031402,112.42646947850851,118.43133002412056,293463300
2025-03-27,111.1496810913086,114.16208047077859,110.38162149260253,111.0698805170997,236902100
2025-03-28,109.39411163330078,112.58606625933987,108.79562251910656,111.20953292547101,229872500
2025-03-31,108.10736083984375,110.68087252083329,103.38926370156523,104.86553641067388,299212700
2025-04-01,109.87290954589844,109.92277920039626,106.20216660392524,108.2470050831867,222614000
2025-04-02,110.14221954345703,111.69830029652357,106.5213541109438,107.0200962834212,220601200
2025-04-03,101.5439224243164,105.36428217323731,101.34442096353821,103.24961996040646,338769400
2025-04-04,94.07276916503906,99.87812916933382,91.87830611304719,98.6612043631732,532273800
2025-04-07,97.39437103271484,101.49403230771996,86.40209687721266,87.23998007579976,611041300
2025-04-08,96.05774688720703,105.5837179566193,94.2223717079774,103.54884894952201,476243400
2025-04-09,114.04239654541016,114.8104562069238,97.28465510127192,98.6412345329499,612918300
2025-04-10,107.29939270019531,110.58111717003517,98.9005761841806,109.09486759895934,437812400
2025-04-11,110.65095520019531,111.26939832601622,107.2096367407114,108.2270675758849,313417300
2025-04-14,110.4314956665039,114.00249160148302,108.79562187923341,113.82294410726054,264705000
2025-04-15,111.9177474975586,113.33418114021705,110.22202704858428,110.69084593782598,228966900
2025-04-16,104.22714233398438,106.52135948725393,100.1973044637503,104.2869965726397,397016900
2025-04-17,101.23468780517578,104.20719461222582,99.79831546993584,104.1872406628714,292517500
2025-04-21,96.66621398925781,99.18984822876095,94.80091547691985,98.52152791683338,288501100
2025-04-22,98.64122772216797,99.55891150664588,97.03527729423074,98.53150383378456,241004800
2025-04-23,102.45162200927734,104.53636836662163,101.76335533667917,104.25706634151078,247526000
2025-04-24,106.16226196289062,106.2719858525715,102.85061415392688,103.21968611105362,220815000
2025-04-25,110.7307357788086,111.63844254684066,105.46401982086034,106.58119738151521,251064700
2025-04-28,108.45648193359375,110.09235573735528,105.75329251827114,109.4140660423662,207708500
2025-04-29,108.74573516845703,109.9227669482824,107.16971575631223,107.39913288387578,170444300
2025-04-30,108.64599609375,108.64599609375,103.81817538074749,104.20719367744803,235044600
2025-05-01,111.32923889160156,114.65086390129245,111.02002115064856,112.79554223516973,236121500
2025-05-02,114.21196746826172,115.10970497913567,113.08481279973248,113.8927727544179,190194800
2025-05-05,113.53368377685547,114.38154406705421,112.3766057315755,112.62597685282235,133163200
2025-05-06,113.25437927246094,114.45135750397539,110.54122049681273,111.19956385128708,158525600
2025-05-07,116.7655258178711,117.38396890879066,111.99755142427854,112.7656187028628,206758800
2025-05-08,117.07474517822266,118.38144728921775,115.55856464909375,117.95252869863282,198428100
2025-05-09,116.35655975341797,117.9325869721132,114.92017974547274,117.05479580716789,132972200
2025-05-12,122.69058227539062,122.69058227539062,119.9774234659773,121.66317455201767,225023300
2025-05-13,129.60313415527344,130.88989748886456,124.1568781333485,124.66559728217729,330430100
2025-05-14,134.99954223632812,135.099296769805,131.34874548490453,132.8649261154048,281180800
2025-05-15,134.49081420898438,135.9571173935552,132.32627503661865,133.9521641466833,226632600
2025-05-16,135.0593719482422,136.00699423634137,133.12426513669956,135.87731640314823,226542500
2025-05-19,135.22897338867188,135.5282065455698,132.05696494191162,132.05696494191162,193154600
2025-05-20,134.04196166992188,134.24145551049554,132.286379343903,133.95217650431997,161514200
2025-05-21,131.4684600830078,137.05436414816955,130.26149714159004,132.72528507307794,270608700
2025-05-22,132.49586486816406,133.91229099864714,131.21908595560456,131.8973680939745,187344000
2025-05-23,130.95970153808594,132.3462040479136,128.83507041838283,129.67295354222074,198821300
2025-05-27,135.1591339111328,135.31873506532702,132.9746406768617,133.81252390577552,192953600
2025-05-28,134.4708709716797,136.904735369061,134.45091702175245,135.68780317037033,304021100
2025-05-29,138.83984375,143.12902933343943,137.56306504893934,141.89214330786072,369241900
2025-05-30,134.7900848388672,139.26878048564038,132.5856374053386,138.37105052724368,333170900
2025-06-02,137.03440856933594,137.7725372671851,135.05937854437917,135.14916370580715,197663100
2025-06-03,140.86474609375,141.64278269656361,137.60296789247522,138.43088175862894,225578800
2025-06-04,141.56298828125,142.03180718032695,139.18897047063936,141.83231333868676,167120800
2025-06-05,139.6378631591797,143.63777059715719,138.48077746536075,141.81237210270294,231397900
2025-06-06,141.36349487304688,142.9095987862069,141.15401644541944,142.1515008770834,153986200
2025-06-09,142.2711944580078,144.6352274429253,141.58292783698045,142.82978324597119,185114500
2025-06-10,143.5978546142578,143.92701105784593,141.17395971410352,142.3310452201821,155881900
2025-06-11,142.4805908203125,144.6353103750697,141.52293261104455,144.25623511410478,167694000
2025-06-12,144.64527893066406,144.64527893066406,141.50299102868564,141.62269259555393,162365000
2025-06-13,141.62271118164062,143.2287733742275,140.50545582034982,142.13145812905782,180820600
2025-06-16,144.33604431152344,145.82238955213242,142.84968384945327,142.9993260342438,183133700
2025-06-17,143.76742553710938,144.8647406282524,143.42826095310537,144.13653073401778,139108000
2025-06-18,145.1240997314453,145.2936820241915,142.7698725249477,143.6576946584193,161494100
2025-06-20,143.4980926513672,145.84233449814036,142.30101614416546,145.09416929186932,242956200
2025-06-23,143.8173065185547,144.42581484809375,141.68254233682853,142.1513937655616,154308900
2025-06-24,147.53819274902344,147.59805875973223,145.14406985038545,145.20392063963206,187566100
2025-06-25,153.9324951171875,154.0721520137232,148.8948463426075,148.90483162044157,269146500
2025-06-26,154.64076232910156,156.33660039378947,153.6232534017049,155.59840525486092,198145700
2025-06-27,157.3640899658203,158.32174817747665,154.880175871103,155.65826650868465,263234500
2025-06-30,157.603515625,158.2718747820143,155.57848281781088,158.01250107649778,194580300
2025-07-01,152.92498779296875,156.81544119896878,151.1194180014287,155.9076636637482,213143600
2025-07-02,156.86532592773438,157.2144758260153,152.5957971297394,152.60576718743292,171224100
2025-07-03,158.9501953125,160.58618269349765,157.3840439934681,157.98256705200242,143716100
2025-07-07,157.85289001464844,158.92026447090194,156.95508262544374,157.81297934590498,140139000
2025-07-08,159.6085968017578,159.8280598400772,158.00253468758166,158.9402376292259,138133000
2025-07-09,162.48153686523438,164.01776272716893,160.76574343834326,160.82559421950873,183656400
2025-07-10,163.6985626220703,164.0975779997467,161.214648514871,163.91802564623063,167704100
2025-07-11,164.5165557861328,167.4792915182188,163.07010595303956,163.319494380175,193633300
2025-07-14,163.66864013671875,165.08516454052796,161.62365204151925,164.96544774793,136975800
2025-07-15,170.2824249267578,171.9782632858091,168.7860942767486,170.771231752154,230627400
2025-07-16,170.95077514648438,171.32985042878116,168.4868162544787,170.64153593048928,158831500
2025-07-17,172.5767822265625,173.7339481189201,170.4120926228971,171.59918390717252,160841100
2025-07-18,171.98822021484375,173.82371518980958,170.8410244393951,173.21520688358655,146456400
2025-07-21,170.96075439453125,172.9558617527255,170.58167912560677,172.32739806402674,123126100
2025-07-22,166.6213836669922,170.97071815657463,164.17738028748298,170.9208374301641,193114300
2025-07-23,170.36221313476562,170.84103463039327,167.55908978070133,169.1152710575868,154082200
2025-07-24,173.31497192382812,173.4047480967394,170.88093864849802,172.01814916975516,128984600
2025-07-25,173.0755615234375,174.29257821699642,172.53688923976992,173.18529303585547,122316800
2025-07-28,176.31761169433594,176.56700011257405,173.54441370124516,173.594294429185,140023500
2025-07-29,175.0806427001953,178.9411858321479,174.5918511336965,177.52466141853475,154077500
2025-07-30,178.8314666748047,179.44994513464422,175.60935707311754,176.07820855766118,174312200
2025-07-31,177.43487548828125,182.85160010862035,175.49961883405416,182.45256948733228,221685400
2025-08-01,173.29502868652344,176.1081221843386,170.47194991004753,173.6641186818972,204529000
2025-08-04,179.5596466064453,179.75915428060495,174.09305718288007,174.7314908730668,148174600
2025-08-05,177.82391357421875,179.81902093485988,175.46968627980374,179.18058718831315,156407600
2025-08-06,178.9810791015625,179.4599006050506,175.81883576850015,175.898641889325,137192300
2025-08-07,180.32778930664062,183.43018196887525,178.3626072705472,181.12583532286254,151878400
2025-08-08,182.2530517578125,182.85159004607542,179.95867528141937,181.10587113034643,123396700
2025-08-11,181.6146240234375,183.39026839012567,179.80905426349312,181.6046539661726,138323200
2025-08-12,182.71192932128906,184.02869221788941,179.0209838780724,182.51242163652668,145485700
2025-08-13,181.145751953125,183.51993435768304,178.91124166315015,182.17323092856017,179871700
2025-08-14,181.57472229003906,182.57227595462552,179.02098734413144,179.3102712094187,129554000
2025-08-15,180.008544921875,181.45499460438234,177.6044370814236,181.43505449173978,156602200
2025-08-18,181.5647430419922,182.49247589603021,180.14821861780752,180.15820389652,132008000
2025-08-19,175.21031188964844,182.0535301239894,175.0606849397743,181.98369406640825,185229200
2025-08-20,174.9709014892578,175.56943975883806,168.38705663117767,174.74146841521826,215142700
2025-08-21,174.55194091796875,176.4672421817212,173.38480492387563,174.42226928848822,140040900
2025-08-22,177.55458068847656,178.15310374912357,170.78118284108405,172.1877371490149,172789400
2025-08-25,179.37013244628906,181.46500135257926,176.13806812642193,177.91371253514103,163012800
2025-08-26,181.32533264160156,181.94381103857447,178.37256711704984,179.61950918930867,168688200
2025-08-27,181.15573120117188,182.04355325393357,178.66184732021665,181.5347912004848,235518900
2025-08-28,179.72923278808594,184.01871637210735,175.9784366795831,180.3776517699909,281787800
2025-08-29,173.75389099121094,177.714180280125,172.72641192849127,177.67428483075477,243257900
2025-09-02,170.36221313476562,171.9583050821389,166.81092453439402,169.58412249632292,231164900
2025-09-03,170.20260620117188,171.9882358353705,168.46687251736884,170.64153226145447,164424900
2025-09-04,171.24008178710938,171.43958949445846,168.9955858311417,170.1527518438138,141670100
2025-09-05,166.61141967773438,168.61649709218636,163.66863936987482,167.61894341349083,224441400
2025-09-08,167.8982391357422,170.54176523233733,166.94059623139324,167.14010390134433,163769100
2025-09-09,170.3422393798828,170.56170237945196,166.33208505275803,168.67632677148754,157548400
2025-09-10,176.89620971679688,178.851406558282,175.04075911822534,176.20789518840485,226852000
2025-09-11,176.7465362548828,179.84910351407555,176.05818301908454,179.25053151190707,151159300
2025-09-12,177.39501953125,178.17315412234487,176.02828346447401,177.34513598621658,124911000
2025-09-15,177.32516479492188,178.4225418052247,174.0929031464731,175.2501343169162,147061600
2025-09-16,174.46202087402344,177.0757538913052,173.96321593348455,176.5769489507663,140737800
2025-09-17,169.8829803466797,172.78602876073558,168.00748411706098,172.22736966160153,211843800
2025-09-18,175.8187713623047,176.67671647107687,172.54661216194535,173.56416328312818,191763300
2025-09-19,176.24774169921875,177.65437533147113,174.76129744715922,175.34989886544702,237182100
2025-09-22,183.17115783691406,184.10891359634738,174.2924356467209,174.88102184557565,269637000
2025-09-23,178.0035400390625,181.98400930831284,175.78885990523673,181.53508786527138,192559600
2025-09-24,176.54702758789062,179.35030900890538,174.98077271717747,179.34033838980653,143564100
2025-09-25,177.2653045654297,179.82915407834395,172.7162058826927,174.06297010669513,191586700
2025-09-26,177.76409912109375,179.3403244887289,174.51188131329135,177.74414266212372,148573700
2025-09-29,181.4153594970703,183.56021461148362,179.8890176259668,179.99874009736317,193063500
2025-09-30,186.13406372070312,186.90222763381766,181.04624695721463,181.6448190078555,236981000
2025-10-01,186.79248046875,187.6903232769056,183.46045188172369,184.79726069745416,173844900
2025-10-02,188.43853759765625,190.59337868298996,187.6105195355423,189.146847340247,136805800
2025-10-03,187.17156982421875,189.90502650703218,184.93693332773543,188.73782471792558,137596900
2025-10-06,185.09654235839844,186.78250559975277,182.8918329061041,185.0566446584491,157678100
2025-10-07,184.5977325439453,188.6081286768816,183.56022492696124,185.78489078203316,140088000
2025-10-08,188.65802001953125,189.14685437964263,186.0941551173159,186.12409742063042,130168900
2025-10-09,192.10975646972656,194.833227386451,190.60335569438294,191.7705575158363,182997200
2025-10-10,182.72222900390625,195.15243956582322,181.6148814298513,193.04748211324375,268774400
2025-10-13,187.86993408203125,189.65564939423433,185.51557372807815,187.52076447158947,153482800
2025-10-14,179.59971618652344,184.35831986008523,179.2705030798172,184.32839277968645,205641400
2025-10-15,179.4001922607422,184.42813951825556,176.86625456034105,184.35831474003746,214450500
2025-10-16,181.37545776367188,182.84194556906473,179.34034021746592,181.79445210488134,179723300
2025-10-17,182.7821044921875,183.66000615888444,179.32039659193174,179.74936158304564,173135200
2025-10-20,182.20347595214844,184.75735492260156,181.2956472677441,182.69231029505525,128544700
2025-10-21,180.72702026367188,182.35311411361405,179.37027013728058,182.35311411361405,124240200
2025-10-22,179.84912109375,183.0015721983185,176.33752979723928,180.7070662621498,162249600
2025-10-23,181.724609375,182.59252505160657,179.36026373857848,179.98876279946896,111363700
2025-10-24,185.8148193359375,187.02193404421294,183.06142142022418,183.40060514170608,131296700
2025-10-27,191.03233337402344,191.54110896467577,187.9796341631504,189.5359184602369,153452700
2025-10-28,200.54953002929688,202.6644582837766,191.45133202040452,192.58860677151606,297986200
2025-10-29,206.54513549804688,211.68283533037862,204.29054272961417,207.48289118740504,308829600
2025-10-30,202.4050750732422,205.66726375798942,200.9286166610889,204.65966800141675,178864400
2025-10-31,202.0060272216797,207.4729250244422,201.58703290468912,205.95655376605836,179802200
2025-11-03,206.38555908203125,210.83489110171476,205.06870659183733,207.58268802254912,180267300
2025-11-04,198.21511840820312,203.4824975937368,197.4569251230167,202.51481474882632,188919300
2025-11-05,194.74343872070312,202.43500266122365,194.18476438007542,198.29492759193732,171350300
2025-11-06,187.63046264648438,197.14765392942226,185.9345289438528,195.95052515240693,223029800
2025-11-07,187.70028686523438,187.86989393508227,178.48238160939712,184.45805485831954,264942300
2025-11-10,198.5742645263672,199.46213677715232,193.32682642239038,194.6436788693004,198897100
2025-11-11,192.69833374023438,194.9529266552934,190.84277869998112,194.69355355890158,176483300
2025-11-12,193.33680725097656,195.4218083488666,190.673190567689,195.25221648764446,154935300
2025-11-13,186.41339111328125,190.9824463944715,183.41059072037282,190.59337913278358,207423100
2025-11-14,189.71546936035156,190.55345800755302,180.14839424900484,182.42294356130517,186591900
2025-11-17,186.15402221679688,188.54828000089623,183.87947275520656,185.52552307898492,173628900
2025-11-18,180.92654418945312,184.3583249108488,179.22062444838815,182.94172058465782,213598900
2025-11-19,186.07420349121094,187.41099710874653,182.39302051116815,184.3483273978252,247246400
2025-11-20,180.208251953125,195.53154064523628,179.42014682895694,195.4816571057099,343504800
2025-11-21,178.4524688720703,184.11888595894638,172.51667761994415,180.80682891210233,346926200
2025-11-24,182.11370849609375,183.06143495137792,176.05820849098825,179.06102433247585,256618300
2025-11-25,177.39501953125,177.73420328176402,169.14478047484366,174.49197074476177,320600300
2025-11-26,179.8291473388672,182.4728225932506,177.81398638784032,181.1958831941039,183852000
2025-11-28,176.57696533203125,178.86148547381688,176.0781603452176,178.58215589898685,121332800
2025-12-01,179.48995971679688,179.86905632530258,173.26486886531237,174.34228931397226,188131000
2025-12-02,181.0263214111328,185.21628046187368,179.56980408021653,181.32559224007645,182632200
2025-12-03,179.16075134277344,182.013916155068,178.68190287158453,180.64719551618873,165138000
2025-12-04,182.95188903808594,184.08922700452197,179.53987513877786,181.19598816136636,167364900
2025-12-05,181.98414611816406,184.22889322931675,180.4876480440623,183.4606866221248,143971100
2025-12-08,185.1168212890625,187.5610985176648,181.97416608957425,182.21361127014939,204378100
2025-12-09,184.53817749023438,185.2864265695677,182.89203560496765,185.12679644575,144719700
2025-12-10,183.35096740722656,185.0469957406681,181.61502392815055,184.53819180758595,162785400
2025-12-11,180.50759887695312,180.89670300875093,176.20766331092784,179.85912243695617,182136600
2025-12-12,174.61141967773438,182.39321360477518,174.21234434473615,180.6871989054384,204274900
2025-12-15,175.87843322753906,178.0034654802094,174.6213802569945,177.52459033283526,164775600
2025-12-16,177.3050994873047,178.0733061224419,174.4916756985292,175.84850127733236,148588100
2025-12-17,170.54092407226562,175.71880987812392,169.91239000563186,175.68888113429998,222775500
2025-12-18,173.73345947265625,175.7387615308714,171.41888356310693,174.1225483861358,176096000
2025-12-19,180.56748962402344,181.02640724251643,175.9283357789888,176.25756723043006,324925900
2025-12-22,183.26116943359375,183.73007341419415,181.9243013805983,183.49062822521734,129064400
2025-12-23,188.76829528808594,188.88801027625055,182.47301321780614,182.54285710968043,174873600
2025-12-24,188.169677734375,188.4689804086018,186.154389299292,187.50124372172942,65528500
2025-12-26,190.085205078125,192.240166195598,187.5611125998212,189.47662851874142,139740300
2025-12-29,187.7805938720703,188.31932652162573,185.47598909796272,187.2717899684254,120006100
2025-12-30,187.1021728515625,188.5487999407664,186.49359631469858,187.8005508490403,97687300
2025-12-31,186.06460571289062,190.11512498868174,186.05463453876877,189.12744593978846,120100500
2026-01-02,188.4091339111328,192.47959571470966,187.8204997023152,189.39681300359115,148240500
2026-01-05,187.68081665039062,193.17796293683364,185.7154145267434,191.31231822272787,183529700
2026-01-06,186.80288696289062,191.72137039337454,186.3838692947835,190.07522846701318,176862600
2026-01-07,188.66851806640625,190.9232365533545,186.12446806753155,188.12978540958392,153543200
2026-01-08,184.60801696777344,189.10749810453436,183.28113525242415,188.66852284990722,172457000
2026-01-09,184.42843627929688,185.9049768874807,183.2412119543349,184.64792389684447,131327500
2026-01-12,184.5082550048828,186.6831584288149,182.59273912358015,182.79226917353867,137968500
2026-01-13,185.37620544433594,187.6708389078061,182.97182817799478,184.56809890645206,160128900
2026-01-14,182.71246337890625,184.029389177148,180.37792970729708,183.88971661277398,159586100
2026-01-15,186.6133270263672,189.25713440169068,185.895006678512,186.06460797964908,206188600
2026-01-16,185.7952423095703,189.99542077422674,185.64559857342888,188.63859508159712,187967200
2026-01-20,177.65431213378906,181.95424822676716,177.19537928172147,181.4753578011745,223345300
2026-01-21,182.89202880859375,184.947217101084,177.9835016341843,178.6319932794081,200381000
2026-01-22,184.40847778320312,185.7353746560278,183.5005985718231,184.31869154642928,139636600
2026-01-23,187.23187255859375,189.15737478680413,186.38386606278428,187.06227125943187,142748100
2026-01-26,186.03468322753906,188.6784906596197,185.55580805974404,186.7230748442759,124799600
2026-01-27,188.07989501953125,189.55643562401056,185.2664711415707,186.80288446054914,143711600
2026-01-28,191.0728759765625,191.9009400606663,189.39679023846315,190.82345963399504,148552700
2026-01-29,192.06057739257812,193.0283141326731,185.62563804704834,190.89331059974717,171764400
2026-01-30,190.68380737304688,194.0359639826301,189.0276790286862,190.76362243793778,179489500
2026-02-02,185.1766815185547,189.8557348322644,184.44839001538193,186.7629659025267,165794100
2026-02-03,179.91897583007812,185.8351396091497,175.81857039871747,185.8052108647954,204019600
2026-02-04,173.78335571289062,179.16077214377114,171.50867959294058,179.04105715530034,207014100
2026-02-05,171.47874450683594,176.40721432559468,170.63072277473634,174.52161198787914,206312900
2026-02-06,184.9771728515625,186.5634574188361,174.1924107166939,176.27752805781466,231346200
2026-02-09,189.59632873535156,193.20788788877485,183.5205500126207,183.8298238555102,196387400
2026-02-10,188.099853515625,192.03065816435006,187.68083581715956,190.9332352083219,136764800
2026-02-11,189.6063232421875,192.80882083578368,188.329312674443,192.00071425091673,144192700
2026-02-12,186.5035858154297,193.1580126884611,186.07458174632154,192.5793648877844,189932500
2026-02-13,182.3832244873047,187.0622780376601,181.16607138035295,187.04232046551596,161888000
2026-02-17,184.53817749023438,186.71308084037668,178.76168607280786,181.3256935584433,162276900
2026-02-18,187.5411376953125,189.92555739322245,186.3239846890322,188.3093443160685,164749100
2026-02-19,187.46133422851562,187.9900957055448,185.22657333636724,186.62329889395997,126554500
2026-02-20,189.37686157226562,189.88566546751952,185.5059147845697,186.13444888465776,178422300
2026-02-23,191.10281372070312,193.49720463285962,189.13741163084848,190.9531547742145,171584800
2026-02-24,192.39979553222656,193.31764595479845,186.96250644177093,191.04296985904048,175123600
2026-02-25,195.10345458984375,197.16862939564908,193.33758246616242,193.9960453222018,250637100
2026-02-26,184.4583740234375,193.83642365132246,183.8897126034445,193.81648130196652,360807900
2026-02-27,176.77635192871094,182.16373952566906,175.96824531148394,180.82687141264745,311636500
2026-03-02,182.05398559570312,183.03170868955394,174.23229218389588,174.6014235260267,209095300
2026-03-03,179.62966918945312,180.4776756968921,176.50697142699124,178.07331350693755,178099400
2026-03-04,182.6126708984375,184.26879914121506,179.6396322236537,180.01874995283958,177731200
2026-03-05,182.91197204589844,183.63029235671348,177.46472744924466,180.74703993972415,198779700
2026-03-06,177.40489196777344,182.33334690173646,176.40722643712078,179.4201653790109,189021900
2026-03-09,182.2235870361328,182.48298979408452,175.1501427003192,176.4171820751478,177213600
2026-03-10,184.33863830566406,186.00473767957752,181.58507208744064,181.97416098047233,179118500
2026-03-11,185.60574340820312,187.1921136401388,184.02934488988058,185.4860219488843,145280400
2026-03-12,182.72235107421875,184.51824924312825,181.33552155955923,183.63027948516628,155762700
2026-03-13,179.83892822265625,185.6656060713691,179.5296376335348,184.49827615888313,160988400
2026-03-16,182.8021697998047,188.44926587891726,180.9962999229416,182.55273992235968,217307400
2026-03-17,181.5150909423828,184.97717862722422,181.26566108165355,184.63795767039014,182497800
2026-03-18,179.98858642578125,182.96180140975886,179.91875397930713,182.06384475172882,156683100
2026-03-19,178.1527862548828,179.56954607641802,175.38909905828712,177.60403750119184,170968500
2026-03-20,172.30613708496094,177.85345450506617,171.32837633709812,177.59405294207926,241323500
2026-03-23,175.23944091796875,177.96321071223454,174.36144294367455,176.85574153065542,182836300
2026-03-24,174.80044555664062,175.81812366395545,173.58322660302642,174.4312942297872,147667800
2026-03-25,178.2725067138672,180.8067226806179,176.44669348987364,176.69612335614488,162602100
2026-03-26,170.8494873046875,176.10745794358192,170.74970926821888,175.66847416549638,186152200
2026-03-27,167.13795471191406,170.58008352629554,166.62910808502988,169.61229451028825,196212700
2026-03-30,164.79331970214844,169.0635577295173,163.89537828689438,168.3950875250076,185627000
2026-03-31,174.0022735595703,174.22177306603788,166.57925331681818,166.58922503111532,226181300
2026-04-01,175.3491973876953,176.96549806235143,174.3514779146501,175.59862725595661,168132000
2026-04-02,176.98544311523438,177.0852211444685,170.9791680862979,171.7873183615289,143143200
2026-04-06,177.23487854003906,177.3845303646084,175.35916114415525,176.75597747742694,107564300
2026-04-07,177.69383239746094,177.8235255680002,173.26395579650787,175.32922705160684,132534900
2026-04-08,181.66476440429688,184.83750503722598,179.8888249511496,184.079243714486,147732700
2026-04-09,183.49058532714844,183.6601958045732,180.20807985372045,181.42529878487736,116428500
2026-04-10,188.1998291015625,189.56669990817062,183.87970195572368,183.88967366981893,160459500
2026-04-13,188.87826538085938,189.2274732756209,185.3164148846483,185.605746824658,133648200
2026-04-14,196.0618438720703,196.0618438720703,190.33494396561244,190.40477641072036,161307000
2026-04-15,198.41647338867188,199.94298301571828,195.2936216855987,196.09178511161633,185338400
2026-04-16,197.8976593017578,199.39423847906178,195.36344336942167,196.97974400923295,134012900
2026-04-17,201.2200469970703,201.2400056483541,198.8155547450397,199.44410763257105,160324400
2026-04-20,201.59918212890625,201.70893187328167,197.38880498867078,199.52392392325544,119381400
2026-04-21,199.42417907714844,202.28762917830338,198.54618104306965,201.66904795828867,107945300
2026-04-22,202.03819274902344,202.03819274902344,198.54617460274403,200.53164182940822,107501000
2026-04-23,199.18470764160156,203.3651545152774,196.77022843278436,201.99828375930824,113561800
2026-04-24,207.79502868652344,210.46890943516505,199.35431566144254,199.50398270942756,214134400
2026-04-27,216.1160125732422,216.33551207209098,206.90706623150768,209.17187844164343,187172400
2026-04-28,212.68385314941406,214.2402930542568,207.72518626919629,209.01225288404052,180275400
2026-04-29,208.77279663085938,212.23488436877426,207.10660696252424,212.2149257168926,123711800
2026-04-30,199.11488342285156,209.82040915320695,198.24685712515335,209.45124259423534,225239200
2026-05-01,197.99742126464844,202.5370477944956,196.67045257290908,200.8209691272831,128647000
2026-05-04,198.02734375,201.2699318245734,194.29588290907526,199.04502180842945,125368100
2026-05-05,196.05186462402344,199.7833407086998,195.58293528206713,198.84548202478717,113406600
2026-05-06,207.3560333251953,207.7950323152332,198.15705885791613,199.43413852494058,188362800
2026-05-07,211.01766967773438,213.7115092245668,206.02907228582575,207.86487247229027,168307900
2026-05-08,214.709228515625,217.30330524675068,212.40449895841255,212.5441790763045,136421400
2026-05-11,218.93955993652344,221.79303819063418,213.40221390900197,213.55186573785767,160685800
2026-05-12,220.27650451660156,223.23973257586303,214.42986778297353,218.05159434962442,159176600
2026-05-13,225.3149871826172,227.32039781394542,221.0647077692387,224.41703053540263,150405400
2026-05-14,235.202392578125,236.00055597235212,228.77707677625682,229.32582552778115,180782900
2026-05-15,224.80616760253906,230.9720668751014,223.7286287034134,229.23602944473367,180977600
2026-05-18,221.81300354003906,229.4754818886306,217.8719993892805,229.34577348371204,146280900
2026-05-19,220.1068878173828,223.96805720569674,217.41304835521052,219.11914008419038,140948200
2026-05-20,222.9603729248047,225.61431038954527,219.9971448577806,222.6710257508039,184201600
2026-05-21,219.0093994140625,226.8814055684356,217.43300079554024,221.78305837384474,203381800
2026-05-22,214.83892822265625,220.50596731800164,214.3101381389001,220.39621757095847,169275700
2026-05-26,214.37001037597656,217.68243116855118,211.5165320236786,216.04617181279934,187202600
2026-05-27,212.1151580810547,213.66161102691768,208.30386252985457,213.63168066177133,167601200
2026-05-28,213.76138305664062,215.02849096688144,210.73829446983814,210.79815519844968,143996000
2026-05-29,210.6584930419922,217.36316924965476,210.64852132770383,214.09065053210412,289410600
2026-06-01,223.8483428955078,224.35717434911126,215.20808855445495,215.23801892090273,212850700
2026-06-02,222.3118438720703,231.75026086454594,220.84519513709748,226.66188583823322,193362900
2026-06-03,214.26025390625,222.31185725112735,214.02079575535723,221.2143597561905,160907000
2026-06-04,218.4156036376953,221.35231998810906,210.73419644348996,213.67091279390368,169022200
2026-06-05,204.87075805664062,214.62982678346356,204.10161444712602,214.2902104723603,219655500
2026-06-08,208.40679931640625,210.23475572682116,205.76975069388217,209.94507132882276,138372800
2026-06-09,207.95730590820312,211.16370951624515,199.11719156565087,210.3845825512031,180962500
2026-06-10,200.19598388671875,206.98838641050182,199.696542748819,204.20149632565034,161746600
2026-06-11,204.64100646972656,205.43013200106668,199.31696212361035,201.26479475008583,158643200
2026-06-12,204.96066284179688,206.83856645475237,203.21261880599855,204.6310298517525,112001800
2026-06-15,212.21253967285156,212.47225882321928,208.10713284720606,208.68648640498938,149936700
2026-06-16,207.1781768798828,211.25361840198772,207.05830064217733,210.94395209283806,125694100
2026-06-17,204.42124938964844,208.9761653200819,202.8530121596522,208.29691745433288,128363500
2026-06-18,210.4545135498047,211.1537281092123,206.26919428756833,207.09826842291386,241272000
2026-06-22,208.41677856445312,213.7508214450341,207.48782537372824,211.2036686200953,122041400
2026-06-23,199.81640625,203.54224815949766,199.77645766483005,201.94403040148535,153496200
2026-06-24,198.77757263183594,201.44458647582786,196.36027935647695,199.89631590195674,151810700
2026-06-25,195.52122497558594,200.5755669254449,191.9152592982058,199.85637045714446,149550000
2026-06-26,192.31480407714844,195.33143282930595,191.0062707295152,192.90414096411192,179304100
2026-06-29,194.7520751953125,195.96071419295149,189.58785574691487,193.63333194293918,148835700
2026-06-30,199.86634826660156,200.4057532237791,194.89191886651452,197.0195429632178,166476700
2026-07-01,197.35916137695312,199.62662840490702,193.23377271109229,195.98069896251877,146147600
2026-07-02,194.61224365234375,199.8363939026278,192.1350197738411,196.9196593659626,142068700
2026-07-06,195.33143615722656,197.32920075051607,193.77318221313826,194.20269428466304,108999000
2026-07-07,196.7098846435547,198.18824142626735,190.92636281467173,192.15498377986222,124154600
2026-07-08,203.891845703125,204.93069180759116,194.84197470333905,194.9618356993413,147419100
2026-07-09,202.5533447265625,204.36131918975943,198.73762239526957,204.23147485952867,132037400
2026-07-10,210.72421264648438,210.7641612313501,201.69430829342895,201.7742207048944,148421000
2026-07-13,203.30250549316406,210.33464515051216,202.77309911383117,208.3069001369788,121411000
2026-07-14,211.5632781982422,212.31243993744155,203.57221964678251,207.96729575339148,124379600
2026-07-15,212.26248168945312,213.57101502024952,205.80969553973085,211.7230919717581,124797200
2026-07-16,207.16818237304688,210.84407715298516,205.61992700554663,209.93509060438328,122986100
2026-07-17,202.58331298828125,206.41901728963356,197.74872640584337,202.41350482950477,144281900
2026-07-20,203.05279541015625,207.50781723343968,202.05391309694542,205.63989694335598,88701500
2026-07-21,207.0583038330078,208.4167843613107,203.78197113093626,207.30802440628602,108685600
2026-07-22,211.82298278808594,214.15038042761168,204.72092886821054,205.57996827489498,137645600
2026-07-23,208.5266571044922,210.63429930291466,205.72979894313582,209.22588688656515,110505300
2026-07-24,206.6088104248047,211.6731509810223,204.5810805834776,207.21812923496972,114836800
2026-07-27,196.2903594970703,208.51668459839084,195.22156333884286,207.96729627325774,154353700
2026-07-28,196.789794921875,198.47790843456414,192.52457850774027,194.78204700134697,134111500
2026-07-29,189.79762268066406,196.84974460884015,189.79762268066406,195.63110696844683,147680800
2026-07-30,194.82199096679688,197.02952748682713,191.3059363552755,193.23377181769484,129010200
2026-07-31,200.52561950683594,201.77422236802423,194.73209918257555,198.2182038580375,139961200
2026-08-03,206.40904235839844,208.50670133078404,196.62999113475112,197.46904862701152,128406900
2026-08-04,211.70310974121094,212.82185300096492,208.8163406042335,211.06382570110384,134922000
2026-08-05,218.9749755859375,221.9716224388697,216.15812022814887,216.6176127852948,158187400
2026-08-06,218.7452392578125,223.38005249670454,216.75745800384053,221.28239358061882,113940600
2026-08-07,223.70968627929688,224.50877992471257,220.41337164588714,221.29237770419127,105669400
2026-08-10,217.3068389892578,223.88946943306019,216.5277120448001,223.15029107269072,115846600
2026-08-11,217.25689697265625,221.9516406634887,215.95834695389817,221.92167541427946,101273100
2026-08-12,223.8395233154297,224.84840415873398,219.95387191061064,220.7929293559802,108783600
2026-08-13,225.04818725585938,226.97602279610956,223.45996804263754,224.80845001468583,98867200
2026-08-14,224.90834045410156,227.23573802273873,224.24907448357243,226.51654155338588,75680900
2026-08-17,224.7584991455078,227.66525027466162,224.60867289832842,225.72741618855906,93678700
2026-08-18,219.49440002441406,221.39227027986857,218.44557057093272,220.20359791537197,103128200
2026-08-19,217.31683349609375,222.62089613745684,216.51772459764655,221.4222404106533,96797300
2026-08-20,216.60763549804688,219.6142657707553,215.41896310784705,218.1159423024499,92457000
2026-08-21,214.48001098632812,218.49552214328025,214.26025565862156,218.17587248780362,98869300
2026-08-24,208.24697875976562,215.34903256074918,207.01835779182306,215.28910206110334,135187300
2026-08-25,212.81187438964844,214.48998931653267,209.87515802586688,210.79412790131315,122309000
2026-08-26,209.4256591796875,213.3612577394914,208.99613188036045,212.40232405945306,179900000
2026-08-27,227.7251739501953,230.21239627098788,220.6530857022795,222.61090164325523,298909800
2026-08-28,217.3068389892578,229.00374173344596,216.56766062888835,227.10587153371227,195116400
2026-08-31,220.53323364257812,221.05265670783686,215.96834944345454,218.62536478578363,124702700
2026-09-01,217.1969757080078,220.1636574397174,214.8595947199138,216.50774446342592,109756200
2026-09-02,224.1591796875,227.6952163087265,218.23579974693772,218.5454508199983,157104700
2026-09-03,228.1946563720703,230.14247379152744,224.49879494304554,225.76737972053164,134681600
2026-09-04,230.10252380371094,234.49759976142684,229.37334400327853,230.83170360414334,135352400
2026-09-08,225.47769165039062,233.44878317831424,224.59868561283858,232.84944771666764,122965600
2026-09-09,223.4199981689453,225.92718720955042,223.21024142511232,225.0281992525124,82955500
2026-09-10,218.36000061035156,220.99000549316406,217.1999969482422,220.52999877929688,105768000
2026-09-11,218.2899932861328,222.0,218.14999389648438,221.24000549316406,89060100
2026-09-14,210.9600067138672,212.77000427246094,208.92999267578125,211.24000549316406,132267200
2026-09-15,212.1699981689453,213.94000244140625,211.16000366210938,213.3800048828125,88059700
2026-09-16,213.89999389648438,216.75999450683594,212.5,214.13999938964844,96563600
2026-09-17,219.33999633789062,219.91000366210938,217.14999389648438,218.3800048828125,94191300
2026-09-18,222.27000427246094,222.72999572753906,218.02999877929688,219.35000610351562,190287400
2026-09-21,227.3800048828125,228.5,221.55999755859375,222.94000244140625,109806100
2026-09-22,228.8699951171875,229.97999572753906,226.5,226.85000610351562,95746700
2026-09-23,225.50999450683594,228.9499969482422,224.02000427246094,228.02999877929688,89547300
2026-09-24,224.5800018310547,224.94000244140625,221.08999633789062,222.0800018310547,77469900
2026-09-25,225.07000732421875,226.94000244140625,223.1300048828125,225.1300048828125,89947700
2026-09-28,228.86000061035156,233.2100067138672,228.0399932861328,229.75,142344300
2026-09-29,227.2100067138672,232.82000732421875,227.02999877929688,230.97000122070312,101494900
2026-09-30,228.3800048828125,232.3699951171875,228.1699981689453,229.27000427246094,121732200
2026-10-01,230.86000061035156,232.2899932861328,228.16000366210938,229.97999572753906,98591400
2026-10-02,233.9499969482422,237.8800048828125,233.60000610351562,236.05999755859375,135167800
2026-10-05,238.89999389648438,240.10000610351562,235.14999389648438,236.08999633789062,127171500
2026-10-06,239.24000549316406,243.3699951171875,238.92999267578125,242.10000610351562,101701900
2026-10-07,237.47000122070312,239.0800018310547,236.3800048828125,237.69000244140625,81772400
2026-10-08,230.4600067138672,237.07000732421875,229.85000610351562,234.92999267578125,96306503
