Date,Open,High,Low,Close,Volume
,SAF.PA,SAF.PA,SAF.PA,SAF.PA,SAF.PA
2019-01-02,97.706995047062,97.84744735717618,95.83431662874284,96.86428833007812,759106
2019-01-03,96.48975266012351,97.23881969697061,94.66388702392578,94.66388702392578,674387
2019-01-04,95.60023373357365,98.97105352505207,94.94479913156722,98.50288391113281,886181
2019-01-07,99.34558866309126,99.62649328331963,95.74068413656713,96.86428833007812,883028
2019-01-08,97.28564110170757,100.75009317002102,97.23882128577051,99.67330169677734,817869
2019-01-09,100.23510507723476,102.01414368004673,99.90738067215838,101.07780456542969,820803
2019-01-10,99.1114956716203,99.29876778419943,96.95791995471524,98.87741088867188,959499
2019-01-11,98.97104971703354,99.01786953410458,97.84744554433975,98.83060455322266,733682
2019-01-14,98.03471835738426,99.34559475938927,98.03471835738426,99.064697265625,571830
2019-01-15,99.72013250986735,101.218273916956,99.72013250986735,101.12464141845703,803410
2019-01-16,102.15460117345023,102.15460117345023,101.21826201119367,101.45234680175781,744696
2019-01-17,101.35871709470955,101.92051917873447,100.75009519380711,101.31189727783203,912055
2019-01-18,101.96732939508395,103.418650713527,101.78005728890714,103.04412078857422,1173433
2019-01-21,102.52914030304288,103.4186596673697,102.52914030304288,103.0909423828125,608108
2019-01-22,102.62276706062994,102.76321935865296,101.92051271421545,102.24822998046875,697696
2019-01-23,101.87370240545869,104.12091065111522,101.49916531661566,102.76322174072266,925107
2019-01-24,102.99731361511371,102.99731361511371,101.7332571040321,102.29505920410156,752718
2019-01-25,102.57596521066476,103.88683441395521,102.20142809099548,103.46548461914062,815938
2019-01-28,103.55910828862635,104.9636170099288,103.18457120087221,103.88682556152344,817681
2019-01-29,104.35500754532455,107.25766496283136,104.07411005387983,106.50859069824219,863660
2019-01-30,106.41494631956995,107.25765298721682,105.57223965192308,106.83629608154297,865883
2019-01-31,107.49174293513639,107.72582773495706,106.55540373585366,107.2108383178711,843899
2019-02-01,107.67900541381563,108.14717500257134,107.02357084703802,107.58537292480469,647172
2019-02-04,107.72582858304418,108.47489566214679,107.30447165382907,107.91309356689453,604123
2019-02-05,107.81946070939281,109.64531929869716,107.11720630678327,109.03669738769531,869946
2019-02-06,108.75579791293951,109.0835151993906,107.39810180664062,107.39810180664062,772029
2019-02-07,107.35129381376854,108.00672841524586,105.94678497314453,105.94678497314453,962356
2019-02-08,106.18086405260486,106.9299311076461,104.91680759296572,105.10407257080078,824683
2019-02-11,105.43178548358654,106.5085769207563,105.24452051351383,106.3213119506836,498249
2019-02-12,107.3512771797099,107.63217461808888,106.36811828613281,106.36811828613281,568833
2019-02-13,106.64902441782995,107.86626095589257,106.5553919370098,107.53854370117188,691584
2019-02-14,108.66216484088788,109.2707795937359,106.929931640625,106.929931640625,652415
2019-02-15,107.21082852573267,108.2876199352989,106.74265896885173,107.81945037841797,845737
2019-02-18,107.95991543802496,109.03669983119593,107.8194631256153,108.19400024414062,635173
2019-02-19,108.33443044389055,108.94305228443608,107.3512786802712,108.42807006835938,742831
2019-02-20,108.56853065276816,110.62848124103769,108.14718085755693,110.01985931396484,787282
2019-02-21,110.2539449453858,110.86256687700931,109.7857753277833,110.72211456298828,774167
2019-02-22,111.14345871325932,112.36070251464844,110.67528911944828,112.36070251464844,696755
2019-02-25,112.26707151714568,112.45433649967924,111.37754499085838,112.1734390258789,612868
2019-02-26,111.89251981327708,112.92249137026593,110.8625482562882,112.64159393310547,789172
2019-02-27,111.42436332702637,112.82887210845948,110.34757183252077,112.36070251464844,1103521
2019-02-28,111.98616995978342,112.54797206643708,111.04983073412687,112.26707458496094,865694
2019-03-01,112.17343753460446,113.01613708850346,111.9861654108594,112.36070251464844,769703
2019-03-04,112.64160592474411,113.53112528599937,112.36070131397877,112.78205108642578,459411
2019-03-05,113.01613516703654,113.3906722644578,112.36070060432502,113.20340728759766,570139
2019-03-06,113.1097681666793,113.671570208018,112.68841127789987,113.01612854003906,654469
2019-03-07,112.82886931739493,113.01613429280651,111.89253015293522,112.50115203857422,625087
2019-03-08,111.98615898395043,112.87568544736193,111.61162190165615,111.93934631347656,672515
2019-03-11,110.11348595150817,111.51799471911337,108.33444008380137,110.0666732788086,1175612
2019-03-12,110.95619798317934,110.95619798317934,108.70898241807087,109.55168914794922,1174822
2019-03-13,109.45805693064966,109.92622654357486,109.17715230541401,109.78577423095703,714889
2019-03-14,109.73895924463974,110.16031620104808,108.75580730042367,109.92623138427734,851282
2019-03-15,110.48801690591583,111.98615807928982,110.16029964044348,111.23709106445312,2307917
2019-03-18,111.61161589890119,112.2202377319336,110.72209662703095,112.2202377319336,585734
2019-03-19,112.17343894800882,114.04611734684903,111.89253433070232,113.5311279296875,766972
2019-03-20,113.95247433873925,114.5610962290862,113.20340728759766,113.20340728759766,648331
2019-03-21,113.29704870158993,114.18656812730362,112.78205925910208,113.25022888183594,558114
2019-03-22,113.76521209878574,113.90566440666026,110.48802491898532,110.58165740966797,909882
2019-03-25,110.25394745913968,110.62848459050129,109.27078838227818,110.34757995605469,799473
2019-03-26,110.39439242830268,111.70526872896306,109.87940301399645,110.58165740966797,608140
2019-03-27,110.58165776810317,110.86256238476274,108.94306417289168,109.45805358886719,790863
2019-03-28,109.69213281597882,111.9393482039966,109.64531300101356,111.09664154052734,734457
2019-03-29,111.75207567938169,114.51428044711835,111.65844319349418,114.46746063232422,1054821
2019-04-01,115.87196109194474,116.01241338261443,114.51427228410509,115.35697174072266,575938
2019-04-02,115.31017038600243,115.73152015564968,114.56109619140625,114.56109619140625,533316
2019-04-03,115.4506245631287,117.08921813964844,115.31017225640107,117.08921813964844,747780
2019-04-04,117.04239537639002,117.41693247033464,116.1060562133789,116.1060562133789,728682
2019-04-05,116.5742333416165,117.55739238390586,116.52741352295459,117.46375274658203,1332998
2019-04-08,115.87197024647783,115.87197024647783,114.1865569126851,115.16971588134766,1021102
2019-04-09,113.81203561993063,114.42065040102541,113.4374985013098,113.62476348876953,779580
2019-04-10,113.57794438501892,114.37383125222604,113.20340728759766,113.20340728759766,785612
2019-04-11,113.34386030795648,113.71839026404227,112.17343633593586,112.78205108642578,626486
2019-04-12,112.22025245624751,114.23338317871094,112.07980014654983,114.23338317871094,580208
2019-04-15,114.18656251180111,114.70155192896263,113.2034106386307,113.5311279296875,620908
2019-04-16,113.4843056199151,113.9056625366211,112.5479664410587,113.9056625366211,562903
2019-04-17,114.13974876107496,115.16972044197846,113.53112685845437,115.07608795166016,669147
2019-04-18,115.35698933001946,116.48060068300163,114.7015547318892,115.87197875976562,1290289
2019-04-23,115.77834615660305,117.60420478088015,115.16972423394357,117.22966766357422,722893
2019-04-24,117.18285148421405,118.35327547597868,116.80831437810915,117.79147338867188,529701
2019-04-25,118.07236540449298,118.25963752074237,116.76148916555039,117.18284606933594,658373
2019-04-26,118.91506823928329,121.63044597230648,118.82143575602396,121.11547088623047,1157746
2019-04-29,121.06866605169931,121.39637621180186,119.19598758001766,120.88140106201172,523326
2019-04-30,121.25592505620145,121.63045501708984,120.46003103006088,121.63045501708984,685356
2019-05-02,121.63045200601951,121.72409163762457,118.82144165039062,118.82144165039062,762921
2019-05-03,118.72780283332096,119.85140691567521,118.58735053710156,118.86824798583984,589259
2019-05-06,117.08921288518872,119.43006074659833,115.31016708177727,118.9618911743164,495488
2019-05-07,119.10233329920885,119.66414248660652,116.62104034423828,116.62104034423828,718747
2019-05-08,116.57422608772754,116.99557585466066,115.07608485188649,116.34014129638672,783944
2019-05-09,116.10607451263036,116.48061166560505,114.51430054211544,114.6079330444336,656639
2019-05-10,115.68470705956848,116.24650913160735,114.51428309961211,115.21653747558594,663129
2019-05-13,115.31017867316287,115.68471579737835,112.454341137684,112.5479736328125,517094
2019-05-14,113.53112514840083,114.23337953076206,112.82887076603959,113.67157745361328,695821
2019-05-15,113.7652103300649,116.386962890625,113.43749304592015,116.386962890625,1139293
2019-05-16,116.34014808403619,118.16600670554054,115.31017637078499,118.11919403076172,791658
2019-05-17,118.21282904380358,118.44691385379132,116.9955851743868,117.74465942382812,826712
2019-05-20,117.88510473061737,118.30645450606661,116.62104826056859,116.85513305664062,737462
2019-05-21,116.85513413169711,117.18285142047272,115.31017303466797,115.31017303466797,837234
2019-05-22,115.54425356027564,116.34014041607196,114.9356316786546,115.63788604736328,581347
2019-05-23,114.74837257059288,115.0760898640035,111.4243655312964,111.75208282470703,811730
2019-05-24,112.50115405249146,114.74836951616302,112.40752156310953,114.1397476196289,854406
2019-05-27,115.77466583251953,116.29745347322645,114.91918657721024,115.77466583251953,536311
2019-05-28,116.05981092983798,116.91529011276532,113.30327011906078,113.35079956054688,1300935
2019-05-29,112.25768426739829,113.25574449252066,111.06952078604992,111.35468292236328,790057
2019-05-30,112.06758716302596,112.49532313900181,111.44974066841378,112.2576904296875,390382
2019-05-31,111.16458140674425,111.87747955322266,110.54674214804291,111.87747955322266,717710
2019-06-03,111.21211433748083,113.2082277598098,110.45168672327208,113.16070556640625,700327
2019-06-04,112.82801538059603,114.39639282226562,111.4022190248919,114.39639282226562,894708
2019-06-05,114.53896336525864,116.10734066256374,114.25380121957603,114.77659606933594,621843
2019-06-06,115.25185962918661,116.01228717082878,113.68348235703371,114.01616668701172,610723
2019-06-07,114.44390745350937,117.15291872827127,114.44390745350937,116.29743957519531,658493
2019-06-10,117.24797690242067,117.24797690242067,115.91723228466502,117.20045471191406,477112
2019-06-11,117.152923859193,119.00645606205771,117.152923859193,118.57872009277344,708374
2019-06-12,117.96087814903446,118.34109194302148,116.67766293980632,118.00840759277344,635479
2019-06-13,118.00841814273039,118.15099923471915,116.8202544627834,117.15293884277344,518756
2019-06-14,117.10539874151011,117.53314197856386,116.44003004205975,116.82024383544922,569550
2019-06-17,116.77271468366074,118.76882803897611,116.77271468366074,118.72130584716797,723735
2019-06-18,118.62625028905296,122.61847686767578,118.29355869752214,122.61847686767578,1313735
2019-06-19,123.56902157560383,127.32361586884159,123.14128555555541,125.18492126464844,1557154
2019-06-20,126.04040786175315,126.99093879735024,124.75718529711668,125.89781951904297,763877
2019-06-21,125.8502797582249,127.22856110505334,125.27996994597333,125.32749938964844,1530496
2019-06-24,125.3750015666341,126.56316501781126,124.947265625,124.947265625,661345
2019-06-25,124.89974718119144,126.13544017998444,124.61459953096585,125.0423355102539,555882
2019-06-26,124.80470267770598,125.27996809955258,124.13933398791067,124.32943725585938,595369
2019-06-27,124.2819091163503,124.37696800329645,122.00064086914062,122.00064086914062,966191
2019-06-28,122.1432071628317,122.85610525911282,120.90751422848798,122.47589874267578,1121306
2019-07-01,122.42837789343528,123.99674801373314,122.42837789343528,122.76105499267578,542780
2019-07-02,123.2838397960583,123.80663462809915,122.3808384519598,123.61653137207031,698679
2019-07-03,124.04426430289503,124.99479506383676,123.90169049033312,124.947265625,609562
2019-07-04,125.08986918540502,125.27997245997034,124.47201541313002,124.70964813232422,475268
2019-07-05,124.56706827796148,124.66211265867244,123.56900800482492,124.28190612792969,745981
2019-07-08,123.47395321118044,123.66407098680037,122.0006419777755,123.23632049560547,582633
2019-07-09,123.37890273438087,123.52147655510504,122.23826865673999,122.5709457397461,552459
2019-07-10,122.19074678811542,123.71158748457633,122.00064351405157,122.33332061767578,605564
2019-07-11,122.23826841693618,122.85610764412775,121.38278198242188,121.38278198242188,521562
2019-07-12,121.6679477519249,123.14127345752328,121.33526340768569,122.90364074707031,494107
2019-07-15,122.80857243200003,123.52147050862227,121.66793841019417,122.3808364868164,844245
2019-07-16,121.14514228155227,124.09179343476174,121.05009065608807,123.75910186767578,911217
2019-07-17,123.42643565196363,124.70964358646731,123.14127349853516,123.14127349853516,818917
2019-07-18,122.04815861713053,124.56707413966869,122.00064367651386,123.521484375,773894
2019-07-19,124.70962917238299,127.13348544044842,124.70962917238299,126.70574951171875,1240518
2019-07-22,126.3255344397121,127.18102084123224,125.99285737018924,126.6582260131836,699870
2019-07-23,126.80081382297877,130.41283407439343,126.75329888205178,129.69993591308594,997089
2019-07-24,129.31971402985144,129.8425088536179,128.84444864532713,129.2246551513672,617026
2019-07-25,129.46231837941917,130.41284937266596,126.23051880396095,126.37309265136719,1081207
2019-07-26,126.51565259339081,128.3216552734375,126.32553483427122,128.3216552734375,789291
2019-07-29,127.94145765086333,128.41672307378042,125.99286651611328,125.99286651611328,705239
2019-07-30,126.27803786598611,126.46814114820599,123.71159279219026,124.61460876464844,745111
2019-07-31,124.23437222333109,125.37500627853936,122.71353165103638,123.42642974853516,914592
2019-08-01,122.61848633517323,124.70965141839383,122.19075033014298,124.09181213378906,686289
2019-08-02,121.66794260984565,122.95116499363847,119.48171886528519,120.38472747802734,1334792
2019-08-05,119.24409328375388,119.33915217117244,117.05787666065068,117.53314208984375,1071500
2019-08-06,117.10539855368056,117.81829669565177,115.632080078125,115.632080078125,953614
2019-08-07,116.15486788402391,118.29356231336787,115.7271318989451,116.82024383544922,829972
2019-08-08,118.4361337059859,121.24020385742188,118.00839775588982,121.24020385742188,895888
2019-08-09,121.24020664989771,121.62041316897388,120.05204314784844,120.38472747802734,679376
2019-08-12,121.38278057111569,122.3808408144701,119.90946217851454,120.85999298095703,588452
2019-08-13,120.57483099074467,122.66600310992708,119.10151259629464,121.57289123535156,829486
2019-08-14,121.5728934917551,121.62041568163417,117.62818913305959,117.8658218383789,900057
2019-08-15,118.38861859620158,119.90946648432657,116.24992421390792,119.10151672363281,918063
2019-08-16,119.95698884412084,120.28968043897102,118.91140637280897,120.05204772949219,696931
2019-08-19,121.19267091316553,121.76299516610091,120.05203691124304,120.66987609863281,523665
2019-08-20,120.57483369135619,121.52536451628131,119.5292512343335,120.24214935302734,509853
2019-08-21,120.81247031029092,123.94921778294754,120.81247031029092,123.66407012939453,678196
2019-08-22,123.04620165944945,123.5689964683745,121.7154644221385,122.04814147949219,665771
2019-08-23,123.23630680153117,126.08789907156073,122.61846761127076,122.8085708618164,1065067
2019-08-26,122.38083630800247,122.80857225256113,121.09762122235225,121.66793823242188,566801
2019-08-27,122.28579279584865,122.66601385297182,120.4322604672179,121.90558624267578,763584
2019-08-28,121.62041623952274,121.71547512366624,119.2440891754291,120.71741485595703,491011
2019-08-29,120.52731228939467,124.51953887939453,120.52731228939467,124.51953887939453,644132
2019-08-30,125.1373673766898,125.89779487711951,124.89973468930228,125.61263275146484,617437
2019-09-02,125.37501525878906,125.61264797497627,124.18685167785304,125.37501525878906,468542
2019-09-03,125.18491170049748,125.37501497222274,122.80858454405696,123.47395324707031,608931
2019-09-04,124.23437845062277,124.85223220179454,124.09180462555602,124.80470275878906,721161
2019-09-05,130.88810138042808,135.02291657651296,130.65046865660597,131.1732635498047,1631923
2019-09-06,133.54958967786396,136.35365289486535,132.59905879047702,135.87838745117188,1104982
2019-09-09,136.63879960405342,136.87643229901698,134.7852674841273,135.40310668945312,815371
2019-09-10,134.97538292605637,135.7358105193875,131.8861576126079,132.45648193359375,1049993
2019-09-11,133.02680370148232,133.45453972867364,131.3158450887657,132.36143493652344,734346
2019-09-12,133.3594577945195,135.92588773915466,132.7416041478823,134.97535705566406,1064936
2019-09-13,134.78527861532413,137.01901743008506,134.45258701332045,136.68634033203125,661499
2019-09-16,135.54570225158216,135.78333495924346,133.26441955566406,133.26441955566406,741762
2019-09-17,133.83474161041391,135.1654789494129,133.73968272736434,135.0704345703125,595779
2019-09-18,135.26056074531354,135.73582623317202,134.4050741647973,134.83282470703125,461441
2019-09-19,134.92784129952597,135.87837207938026,134.2624726544177,135.40310668945312,565413
2019-09-20,135.78333869527142,136.7338695520701,135.11795549235248,135.2605438232422,1824563
2019-09-23,135.07043437779737,135.59321472197735,134.11990356445312,134.11990356445312,735898
2019-09-24,134.45257905766252,135.45063930066777,133.78721039697538,134.54763793945312,494788
2019-09-25,134.45258679338338,135.2605438232422,133.5495853802146,135.2605438232422,828140
2019-09-26,135.07046339410653,137.35173203462315,134.97540449077152,136.44873046875,635725
2019-09-27,136.82892024437254,138.20718714949064,136.54375807339454,137.8269805908203,654521
2019-09-30,137.4467722956237,138.15967046208658,136.9239774060942,137.30418395996094,828922
2019-10-01,138.11212266214372,138.11212266214372,135.7833251953125,135.7833251953125,731229
2019-10-02,135.5932404627612,135.9734615626489,132.02874923604347,132.07627868652344,979152
2019-10-03,132.12378350633233,133.92978625627805,130.65045783982438,131.7910919189453,842865
2019-10-04,132.36142410588818,133.83474986028054,132.02873249865598,133.45452880859375,601254
2019-10-07,132.694100779452,134.40504455566406,132.694100779452,134.40504455566406,407705
2019-10-08,134.26248477679903,135.02291237013017,132.21884921717464,132.45648193359375,608152
2019-10-09,132.50399960619134,134.02485482421648,131.55346872091323,133.50205993652344,570921
2019-10-10,133.26441964295984,133.73968505859375,131.8386233960581,133.73968505859375,782350
2019-10-11,133.83474161041391,136.2110686471615,133.31194676153962,135.0704345703125,879496
2019-10-14,135.02291527564128,135.07044472073787,133.69216333268827,134.4525909423828,356778
2019-10-15,135.1654831715687,136.21107290197833,134.69021774937335,134.7377471923828,713211
2019-10-16,134.69022184466314,135.02291345189533,133.2644255347254,133.45452880859375,830052
2019-10-17,133.7872204158259,134.40505968188558,132.74163065362487,133.45452880859375,780700
2019-10-18,133.2644094879815,134.11989587330268,132.8366735472951,133.88226318359375,741677
2019-10-21,132.12379444509313,132.78916317100496,131.07820465869568,131.1732635498047,972840
2019-10-22,131.79108940305665,132.5515169426038,129.8900278061632,132.1713104248047,684822
2019-10-23,132.07626838499866,132.07626838499866,130.31779488601103,131.26832580566406,639236
2019-10-24,131.88618299629348,132.7416551384721,131.36338801876087,132.3139190673828,507825
2019-10-25,132.4564649848671,132.97924529093578,131.4108753648335,132.408935546875,575050
2019-10-28,132.21884165002623,133.3119462814136,131.6960468030348,132.69410705566406,482057
2019-10-29,132.50399819485128,135.59322353910093,132.50399819485128,135.3555908203125,800509
2019-10-30,134.97538173952543,135.83085370953404,133.64464434085653,135.73580932617188,906040
2019-10-31,136.87646050324204,138.82505190425215,134.83282470703125,134.83282470703125,1196358
2019-11-01,135.83086304726723,136.40118740244665,135.3080826429621,136.02098083496094,594616
2019-11-04,136.87644953179444,137.684406597972,135.83085974073524,136.40118408203125,729227
2019-11-05,136.2110866950684,136.54376382192308,135.11796741095716,135.64076232910156,682060
2019-11-06,136.30612129792397,139.5854644108001,135.97344419496048,139.11019897460938,883947
2019-11-07,139.4903986697981,139.68050193414595,137.44676319614743,138.44480895996094,539697
2019-11-08,137.8745100890955,138.96761482365147,137.7794511974165,138.30224609375,715713
2019-11-11,138.30223271844562,139.87060275181742,138.2547032772027,139.30029296875,433643
2019-11-12,140.63101979314504,141.62907996888316,140.15575442412194,141.3439178466797,621857
2019-11-13,141.05877685546875,141.7716750157975,140.29836375427826,141.05877685546875,441210
2019-11-14,141.15383748564656,142.19942726860185,140.773630930363,141.58157348632812,329624
2019-11-15,142.1994104746576,142.8172496800133,141.43898294994767,142.48455810546875,656305
2019-11-18,142.29445801540936,142.72219397508908,141.05876507326312,141.62908935546875,555165
2019-11-19,142.05682954178872,143.38758140521298,141.0112543319012,141.29640197753906,590899
2019-11-20,141.106298712464,141.86672627671368,139.870605733552,141.29640197753906,483250
2019-11-21,141.10630550226105,142.48457237031187,140.20330407174154,141.9617919921875,579318
2019-11-22,141.77165560093295,143.10240735367745,141.43897854070798,141.86671447753906,499144
2019-11-25,142.19939847115467,142.48454607789557,141.39144157486217,142.10433959960938,347547
2019-11-26,141.91425149657158,142.57962015651216,141.5340304737848,141.62908935546875,719107
2019-11-27,142.3895074601097,142.76971395374898,141.15381459986006,141.3439178466797,497238
2019-11-28,141.15382216484858,141.72414643982142,140.3458651926285,141.10629272460938,383831
2019-11-29,140.91618946760136,141.77166137611184,140.3933946328677,141.10629272460938,397362
2019-12-02,141.0587598219557,142.10434946575805,137.58932832888613,137.68438720703125,872335
2019-12-03,137.6844236923433,138.20720414882882,136.11603881102985,136.44873046875,710435
2019-12-04,136.44870283929217,138.77750045991874,136.44870283929217,137.96954345703125,522693
2019-12-05,137.82698495294363,139.96567954704102,137.77945550561793,138.9200897216797,424339
2019-12-06,139.53793614913755,141.05877685546875,138.87256743362073,141.05877685546875,540871
2019-12-09,140.86867688816022,141.391471785468,140.25083760294677,140.67857360839844,390757
2019-12-10,140.10824478744988,140.29836256508622,137.3992405035327,139.11019897460938,941881
2019-12-11,138.92007958735024,139.96566933643498,138.539873044383,139.53793334960938,544113
2019-12-12,139.63297249207164,140.29835567321314,137.3041748699245,138.44480895996094,804902
2019-12-13,140.15577059806145,140.20330004123826,136.63880936222372,137.58934020996094,1142364
2019-12-16,137.44675978667829,137.63686304631045,134.07237253839816,134.54763793945312,1370593
2019-12-17,131.83861391071872,133.2644100550393,128.1790791759983,132.5039825439453,2077181
2019-12-18,132.17132400125834,133.26442873017467,131.74358799881068,132.12379455566406,1120096
2019-12-19,132.12379039869245,132.93174743652344,131.74358385380137,132.93174743652344,775551
2019-12-20,133.07430274133802,134.0248334752047,132.40893412842092,133.3119354248047,1516541
2019-12-23,133.45451273895898,134.78526450369804,133.45451273895898,133.88226318359375,462527
2019-12-24,134.40504349779474,134.78526450369804,133.50204217769044,133.88226318359375,115432
2019-12-25,133.88226318359375,133.88226318359375,133.88226318359375,133.88226318359375,0
2019-12-27,134.50011756413656,134.50011756413656,132.64658527588014,132.93174743652344,546037
2019-12-30,132.7416214975614,133.21688690142514,130.31777954101562,130.31777954101562,550764
2019-12-31,130.12764762602293,131.26829607441925,130.12764762602293,130.84054565429688,213631
2020-01-02,131.4584137090687,131.5059431502809,130.27025019850942,130.7930450439453,727750
2020-01-03,130.41283593278385,131.45842571918132,129.79499665242653,131.1732635498047,558276
2020-01-06,130.0326275232762,130.0801569681534,128.74940503134263,129.69993591308594,713375
2020-01-07,129.89001662895214,131.2682977712561,129.17711859146297,130.88807678222656,730793
2020-01-08,129.17714281347665,130.8405718795278,128.74940681156787,130.697998046875,762013
2020-01-09,131.98120390924882,132.551513671875,130.36528998860317,132.551513671875,852215
2020-01-10,132.7891478357746,132.88420671590566,131.3633516575008,131.6485137939453,690977
2020-01-13,131.55345299241782,131.69604131053188,129.93755358143156,130.65045166015625,669352
2020-01-14,130.7930450439453,131.12572212453244,129.8425142354979,130.7930450439453,809706
2020-01-15,131.6485367232208,133.12186259816986,131.36337453710948,132.36143493652344,969977
2020-01-16,132.74163405398727,134.7852841862857,132.64658966659343,134.0248565673828,1096200
2020-01-17,134.6902271285275,135.87839076675365,134.54765329352063,135.49818420410156,678931
2020-01-20,135.2130245926821,135.59323116253984,134.2624936640868,135.1179656982422,360336
2020-01-21,134.78525381975538,135.11793085660878,133.88225257122878,134.97535705566406,636944
2020-01-22,134.6902020881218,135.11793801757221,133.12183217882094,133.3119354248047,641898
2020-01-23,133.12184349938966,136.68633405451104,133.12184349938966,135.0704345703125,869924
2020-01-24,136.6388022494154,139.72802734375,136.49622843125647,139.72802734375,1141956
2020-01-27,138.06463029777862,140.01322178452742,136.06850935936237,136.44873046875,1128665
2020-01-28,137.35171508789062,137.6844067045626,135.35559439575977,137.35171508789062,594492
2020-01-29,137.256658373987,143.2450060414397,136.68634852715147,142.62716674804688,1046752
2020-01-30,141.2013718394794,142.38953549598133,140.01320818297748,140.29837036132812,819016
2020-01-31,140.2983651393267,140.82114552556862,138.25471502383894,138.72998046875,858072
2020-02-03,139.39534762689027,139.8706130664691,138.58740508197639,139.6329803466797,543440
2020-02-04,139.9181098164902,140.9636993408203,139.44284448796682,140.9636993408203,725160
2020-02-05,140.82113206442446,141.771662863385,139.6329685657238,140.2032928466797,997146
2020-02-06,140.5360030926285,141.48653401783005,139.2052510949758,140.29837036132812,875482
2020-02-07,140.86868464226947,144.76586735968365,140.86868464226947,142.81727600097656,792291
2020-02-10,142.6271683087266,142.7222126989305,141.2489013671875,141.2489013671875,570055
2020-02-11,141.72415002126377,143.05488735789712,141.05876684899795,142.15188598632812,579931
2020-02-12,142.34199827477832,142.72220482251322,140.06072998046875,140.06072998046875,659039
2020-02-13,140.1557844627253,140.67857938148728,137.39925053318203,138.01708984375,954058
2020-02-14,137.92203948246313,138.82504093726808,137.4942889740209,137.8269805908203,643398
2020-02-17,137.35169563747183,137.96953483356967,136.35363543274204,137.68438720703125,538423
2020-02-18,137.01901904954167,138.01707936339918,136.25860595703125,136.25860595703125,726343
2020-02-19,137.11408085684243,138.72998046875,136.92397757966808,138.72998046875,754787
2020-02-20,138.15964346431628,140.2032786739164,138.11211402838308,138.34974670410156,702201
2020-02-21,137.96954828843863,138.01707773214628,135.9734421882661,136.68634033203125,832431
2020-02-24,134.4525606147554,134.4525606147554,129.60486289132453,130.2227020263672,1415703
2020-02-25,130.98314558160956,131.22077827878087,126.04038838123633,126.2304916381836,1502340
2020-02-26,125.85027814683183,126.32554356959773,121.38278607362224,125.75523376464844,1716072
2020-02-27,123.71158592675543,127.51370937595513,121.57289873855555,123.23632049560547,2131817
2020-02-28,117.86582483069783,120.05204867592812,115.632078794382,117.96087646484375,2928620
2020-03-02,119.48172291152403,120.5273126303158,113.20822085864712,117.20045471191406,2599125
2020-03-03,118.91140193516013,122.71353239690458,117.72323843210702,120.85999298095703,2055525
2020-03-04,120.81245716186666,122.23826054223096,119.52924209671032,120.66987609863281,1393136
2020-03-05,121.52537165826557,121.90558546097552,115.44197257083161,115.96476745605469,1520025
2020-03-06,112.97058977499974,113.68348791062486,109.02588530747907,109.45362854003906,2276270
2020-03-09,103.98807796293133,105.60397753080049,100.37605777925617,102.18206787109375,3054045
2020-03-10,102.94249214291048,105.9366584661015,100.13842183360693,100.423583984375,2445325
2020-03-11,101.89690193026279,102.51474841927885,97.14424778702339,97.80962371826172,2546518
2020-03-12,88.95068512594221,92.29655076940568,80.31986264236008,81.32742309570312,4003276
2020-03-13,84.06494456064668,87.20169178558203,78.3617598767922,80.11073303222656,3676785
2020-03-16,74.40755288591915,75.8523638217092,66.74627664737051,70.85256958007812,3646779
2020-03-17,73.39999354642401,74.88281935480434,59.883443671649914,65.4915771484375,3376431
2020-03-18,62.73503459931895,64.16083084021257,49.52265464997654,50.511207580566406,3766441
2020-03-19,49.52265321186624,55.85318819255917,48.57212241220672,52.754459381103516,3839535
2020-03-20,56.765700993644764,66.04288370693858,54.180256036499394,62.92513656616211,5318333
2020-03-23,59.48421840938984,63.267326881717956,53.53389365037082,54.21827697753906,2529320
2020-03-24,58.45763877882356,67.41163634398428,57.031842711047375,65.56761169433594,2132119
2020-03-25,68.34317636724002,78.68495043379268,65.79575314562909,77.92453002929688,2163725
2020-03-26,76.04246232903375,87.37278747558594,73.34295839730072,87.37278747558594,2117104
2020-03-27,84.59724391191855,88.62749260256265,81.87872515661353,82.69618225097656,2057493
2020-03-30,82.52508299118607,85.16755743006293,74.23645333268274,80.70006561279297,1448441
2020-03-31,83.11442311782477,84.00791722066923,75.2630359570703,76.17554473876953,2177145
2020-04-01,71.28980522141823,73.01977087137902,63.64753723144531,63.64753723144531,2653969
2020-04-02,66.65122418690602,67.88690991057936,64.57906669437259,65.20641326904297,1828156
2020-04-03,64.90224765095165,65.32048356087716,59.883445739746094,59.883445739746094,1616954
2020-04-06,63.21030619514532,65.11136803560082,61.309244354689824,64.02776336669922,1705396
2020-04-07,67.2975906133959,72.20232628582987,66.82232516344811,68.43822479248047,2098675
2020-04-08,67.14549056692628,71.27079772949219,63.70456669414819,71.27079772949219,1670478
2020-04-09,72.54450698568944,75.66224670410156,69.63588519384932,75.66224670410156,1913846
2020-04-14,76.40366313917227,76.84090643719792,71.51793540439618,75.81433868408203,1417175
2020-04-15,75.09194131799646,75.66225840925708,68.91349045006004,70.33928680419922,1502535
2020-04-16,71.13772456387845,73.62811797466213,69.54083971504058,71.32783508300781,1297232
2020-04-17,75.11094191388418,79.04614616522092,74.76875749182952,76.51773071289062,1922871
2020-04-20,76.99300085583133,77.94353173059467,75.30105705906857,76.89794921875,856375
2020-04-21,75.6052310680254,75.96643021083648,70.14918555853195,70.26324462890625,1141912
2020-04-22,70.43434608378448,71.59399507124908,68.91349792480469,71.28982543945312,907278
2020-04-23,71.42288730696866,74.40755358821042,69.21765603066312,73.76119232177734,900028
2020-04-24,71.38486296460889,73.07680665993485,70.33928051544983,72.41143798828125,886829
2020-04-27,74.4265719910657,74.61667526930569,71.78409001088843,73.49504852294922,565718
2020-04-28,73.95130231734056,78.32374273476223,73.38097801126291,78.22869110107422,1024730
2020-04-29,77.01199921837696,83.09539755125972,76.6888222399424,82.98133850097656,1131310
2020-04-30,87.29674319743033,88.589465636066,79.8255779518681,80.05370330810547,2072508
2020-05-04,77.41123150607858,77.79143802859247,73.45701985455787,74.14140319824219,1541832
2020-05-05,75.03489733825553,77.33517993959394,74.12238871752561,76.0424575805664,1000378
2020-05-06,75.47214974027533,76.27059216063097,73.30494059705316,74.48359680175781,668829
2020-05-07,74.35051974459088,77.06903839111328,74.14140180993925,77.06903839111328,664081
2020-05-08,77.82946920139509,78.53286730436304,76.8219087457591,77.10707092285156,418993
2020-05-11,77.58233537632678,77.6203574829106,73.51405699556148,74.6166763305664,695735
2020-05-12,73.19086853865896,74.90182680788482,71.97419032586465,73.45701599121094,1177046
2020-05-13,71.95517894355518,72.90570974731139,70.33927947795944,71.76507568359375,1226401
2020-05-14,70.33928265879933,71.68903472069692,66.89835838288766,70.01610565185547,1363909
2020-05-15,70.54839690139977,71.44189817105637,69.02754907685888,69.38874816894531,863721
2020-05-18,70.71949644362903,75.5481948852539,70.62444480935567,75.5481948852539,1110528
2020-05-19,75.56720215007373,76.85992467896253,72.29737372382853,74.59766387939453,1271555
2020-05-20,73.98931738654102,74.38854585236285,71.51793864352037,74.12239837646484,741832
2020-05-21,73.30494524470923,75.37710288621608,72.67759137296186,73.49504852294922,724008
2020-05-22,73.13384334473696,73.2288949759954,70.83355325722462,71.93617248535156,1073778
2020-05-25,73.00077134676884,76.38465881347656,72.03122582973981,76.38465881347656,1055753
2020-05-26,77.50629470676981,82.77223705179708,77.03102923070571,82.31597900390625,1505588
2020-05-27,82.22092539821776,84.61626014958564,80.26283400416403,83.3425521850586,1538130
2020-05-28,85.4527226884651,86.72643051406914,83.77978640453061,84.4831771850586,1475745
2020-05-29,83.4946263672408,83.4946263672408,81.32741718996718,81.61257934570312,1732673
2020-06-01,83.07639791899635,84.38812788410542,81.65060164093111,83.93187713623047,748730
2020-06-02,84.59723525808313,89.31186682470123,83.95087406940308,88.89363098144531,1461630
2020-06-03,90.68065198239745,94.42573890740726,89.25485559038484,93.15203094482422,1249792
2020-06-04,92.9048863067566,94.2736530964466,90.12933787386307,93.72234344482422,1621645
2020-06-05,95.33825363286032,100.18595984680779,95.1956725452787,96.90662384033203,2071782
2020-06-08,96.00360892800724,98.14230318630443,95.38576246965985,96.95413970947266,1474926
2020-06-09,97.90467841725314,99.42552634033004,91.46008035748197,92.37258911132812,1493927
2020-06-10,92.41061017732738,95.9085639870793,89.50198810388348,91.72622680664062,1405415
2020-06-11,88.7795864562676,89.54000681605356,84.52120488396052,84.5592269897461,1462858
2020-06-12,83.32354055807457,88.98870374190639,82.7912383330606,85.39569091796875,1341227
2020-06-15,82.88628350767235,87.41081218162293,81.99278948002474,87.3537826538086,1241381
2020-06-16,90.30042837148058,92.27753422787744,87.44883589659172,89.95823669433594,1458770
2020-06-17,90.28141583078003,93.19003766974112,89.53999573765681,92.67675018310547,1338392
2020-06-18,91.2129426945771,92.20149568348238,86.87852418720213,90.92778778076172,1476317
2020-06-19,92.06841738212556,92.44863116703205,89.48297234713118,89.71109771728516,2603303
2020-06-22,87.92411325825468,90.43351439703493,86.25117674840929,88.91266632080078,823586
2020-06-23,89.44495184402834,91.93534529035449,88.64650940821417,90.41449737548828,1141008
2020-06-24,90.18636191743327,90.77569363867798,85.26261196192651,85.31964874267578,1160580
2020-06-25,84.8824034069216,86.0420448921665,82.5060764050702,84.50218963623047,1390156
2020-06-26,85.94699782209584,87.65795625498738,82.92430942530403,83.45661163330078,1208231
2020-06-29,83.19045638048367,86.38424060049248,82.69618353185186,84.76834106445312,1183517
2020-06-30,85.73788216471742,87.39181111134992,83.81781298493982,84.80636596679688,1471076
2020-07-01,84.92041087918525,86.23214791150498,80.75708894436886,85.45271301269531,1339896
2020-07-02,86.11808521472973,89.02671426522538,85.56677563467788,87.03059387207031,1084038
2020-07-03,87.06862158263858,88.03816707926507,85.11053041584636,86.21314239501953,529515
2020-07-06,88.00014351869156,89.31187341666447,87.01159061292483,88.24727630615234,744752
2020-07-07,87.81004099119448,88.09520315893164,85.37668423387808,86.87852478027344,1085450
2020-07-08,85.64282970231041,86.4222647234991,84.21703340121098,85.58580017089844,916558
2020-07-09,86.27018445155663,87.0686269075152,83.45661392507515,83.9128646850586,836595
2020-07-10,83.26649412975576,85.50974733056616,82.46805176267456,84.52119445800781,783405
2020-07-13,85.35766500686547,88.28529423129733,84.61624492363991,87.9240951538086,1043204
2020-07-14,86.4983071908533,87.01159471914589,83.58968511583677,85.3006362915039,879006
2020-07-15,86.87850980016601,91.85928877347328,86.63136978087216,90.98480224609375,1537193
2020-07-16,90.49053849167915,90.85174487379558,89.00771261302285,89.36891174316406,826601
2020-07-17,89.17880405798755,89.99626116915532,87.63894147025817,88.51343536376953,881139
2020-07-20,88.43739636512854,89.25485352445257,86.78347461922942,88.5894775390625,586573
2020-07-21,89.63505931575065,92.08742332228384,88.95067596435547,88.95067596435547,890770
2020-07-22,88.77957896411819,88.969682225028,85.889964436047,86.935546875,716312
2020-07-23,87.60093018481548,87.60093018481548,84.19802786274589,84.5592269897461,838505
2020-07-24,83.43759817411542,84.16000366210938,82.16389029589118,84.16000366210938,918722
2020-07-27,83.19045227504061,83.51363651748427,82.125862422225,82.65815734863281,815159
2020-07-28,82.79124359991279,86.00404282521896,82.79124359991279,85.88997650146484,876004
2020-07-29,85.56678114792676,88.55145459183649,85.56678114792676,86.21314239501953,875036
2020-07-30,88.5134359006648,91.07986631047274,87.90509673312552,89.5780258178711,1450981
2020-07-31,89.23583200954248,90.07230378401702,85.0154800415039,85.0154800415039,1250463
2020-08-03,85.471724090321,85.77589364305626,81.5745494296587,85.18656921386719,1188941
2020-08-04,86.15611864079051,88.5704679534504,85.68085319936868,87.7149887084961,815787
2020-08-05,88.2663044344193,92.27754619633977,88.2663044344193,92.12545776367188,918706
2020-08-06,91.63117821906697,93.81739489037098,91.47908979742404,93.66531372070312,1247729
2020-08-07,93.53224081038783,93.6653145545225,91.53612739639277,92.88587951660156,750463
2020-08-10,93.62728915912638,95.90856466009906,93.22806794074926,95.76598358154297,813373
2020-08-11,96.71651240805558,101.65926984654713,96.71651240805558,101.13648223876953,1282617
2020-08-12,100.47110883541549,100.80380043744645,98.28489221220809,98.37994384765625,703031
2020-08-13,97.71456762452846,99.56809975497694,97.23930223190327,98.61756896972656,567810
2020-08-14,97.90467037708301,97.95219981689075,95.90855718872182,96.47887420654297,589066
2020-08-17,96.66898036502727,97.4294079129425,95.33824303413745,96.09866333007812,487878
2020-08-18,95.6234030097988,96.19372007507098,93.66531175997355,94.21662139892578,729229
2020-08-19,93.96947989814936,94.71089279678577,92.9619195232819,94.46375274658203,441473
2020-08-20,93.45618328421895,94.06452238558614,92.14445345664107,92.80982208251953,575084
2020-08-21,93.15201663088787,94.52078327752454,89.74911469104077,92.42961120605469,898533
2020-08-24,93.13301784403392,95.29071972830968,92.5246714153479,95.10061645507812,687312
2020-08-25,95.43330861015492,96.95415667625,94.44475555419922,94.44475555419922,702343
2020-08-26,93.72234249884424,95.67093368661133,93.0189516843421,94.92001342773438,410734
2020-08-27,94.95803217626138,97.04919711928436,93.28509587065815,95.95608520507812,625286
2020-08-28,96.00361651954557,98.04725931169327,94.50177602559752,97.19178009033203,919073
2020-08-31,97.85714519416157,97.85714519416157,92.22049713134766,92.22049713134766,777286
2020-09-01,93.15203094482422,93.57026687378007,90.39548980320474,93.15203094482422,1041305
2020-09-02,93.39916209988814,96.09866619676349,93.32311789243326,95.48081970214844,566004
2020-09-03,96.00361677663861,98.71262827489134,91.76425001495672,92.84785461425781,862188
2020-09-04,92.0113825933402,95.52834358575745,91.34600669479211,92.42961120605469,836528
2020-09-07,93.62730117166781,96.7640562944531,93.03796935561199,95.90857696533203,692024
2020-09-08,95.76598700688183,96.00361972898328,90.94679569274356,93.36114501953125,847782
2020-09-09,92.69575740900969,93.45618492505679,90.64261471884129,92.61972045898438,809049
2020-09-10,92.58170405961954,93.30410951915613,91.42205528961925,92.27753448486328,615114
2020-09-11,91.84029415124493,93.28509786517427,90.87074861455064,92.37258911132812,617036
2020-09-14,93.43718801902568,94.63485170145894,92.56269410153504,92.65775299072266,591911
2020-09-15,92.86686080740738,93.72234001969976,92.08742580331317,92.14446258544922,495528
2020-09-16,92.06842123684473,93.13301842876048,90.90877240771644,92.65775299072266,686648
2020-09-17,91.74524198050257,93.4562005517079,91.46008705328532,93.15203094482422,630808
2020-09-18,92.73377743701319,92.75279211307515,90.0722956942923,90.49052429199219,2176116
2020-09-21,89.4449458730739,89.48296797490423,84.33109283447266,84.33109283447266,1323170
2020-09-22,86.3272127491371,86.36523485392121,84.12198143548365,84.57823944091797,1254960
2020-09-23,85.54776827769003,86.2511590085316,81.5555419921875,81.5555419921875,1490090
2020-09-24,80.24381724292932,80.60502362801836,78.58989549912654,78.77999877929688,1380610
2020-09-25,78.89406225055855,81.00424194335938,76.65080881604732,81.00424194335938,1583389
2020-09-28,82.62013611209629,84.08395442702903,81.2513766795676,81.46048736572266,1470087
2020-09-29,81.27038738718916,81.70763070640373,80.4719449569647,81.08028411865234,995345
2020-09-30,79.74953749756635,81.76465820099867,78.98910993840059,80.26282501220703,1161555
2020-10-01,81.15632787529977,81.61258591078462,79.06516273826816,80.01569366455078,1098432
2020-10-02,79.27427685905802,80.33886680361773,77.63936258479835,80.22480773925781,841432
2020-10-05,81.32740913925826,82.5821094467372,80.28182675835484,80.60501098632812,865818
2020-10-06,80.45292731733656,83.98890309696581,80.45292731733656,82.88628387451172,922992
2020-10-07,81.74565416399615,82.1828974904503,80.5099611421225,81.36544036865234,1240419
2020-10-08,82.14487837366744,84.36912444355004,81.32742122213519,82.82926177978516,797372
2020-10-09,83.22848097713879,85.01548366088579,82.90530396104201,84.2740707397461,992144
2020-10-12,83.95088265711928,84.21703012933521,82.58211594060914,82.69618225097656,762345
2020-10-13,82.54408973937613,82.54408973937613,80.90918288378728,81.06126403808594,761684
2020-10-14,81.13731285581973,82.25893953396432,80.30084832966814,81.8597183227539,741481
2020-10-15,80.62402502424581,83.55166173251177,80.09173007800645,83.22847747802734,1408169
2020-10-16,83.85583274626232,87.67696357234537,83.30452311279528,86.25116729736328,1317660
2020-10-19,86.04205389646171,87.69598288425547,85.68085476509165,87.04962158203125,621942
2020-10-20,85.54776931914081,89.5970324307996,85.5097472180954,88.5704574584961,1173686
2020-10-21,89.33089924229701,89.54000995348203,85.92799680099175,86.4983139038086,1072986
2020-10-22,86.02303539748713,86.99257360004867,85.07250461961434,86.89752197265625,699652
2020-10-23,86.85951155059189,92.52467487822491,86.74545248317413,91.80227661132812,1190507
2020-10-26,90.45251640191992,92.33456336628203,88.760565448982,88.95067596435547,1079449
2020-10-27,88.89364178122369,88.96968598959509,84.84438558710758,86.66940307617188,1119961
2020-10-28,84.31208038330078,85.05350051060309,81.40345841025376,84.31208038330078,1719112
2020-10-29,84.16000088592098,85.47173082571429,81.68862216869927,83.22847747802734,1208594
2020-10-30,82.39201807536818,86.93555458249196,82.22092222459061,86.04205322265625,1256817
2020-11-02,86.80247111698588,87.82904610668916,84.4451515760348,87.01158905029297,806707
2020-11-03,88.2092654608791,92.4676395923292,87.98113283628456,92.14446258544922,1201924
2020-11-04,90.52855435334726,94.57781772572521,89.97725198262775,93.28509521484375,1021004
2020-11-05,93.66531296717447,95.48082316108709,93.66531296717447,94.92001342773438,1036414
2020-11-06,94.52078837144519,95.38576765860658,93.30411006529854,94.23562622070312,969884
2020-11-09,95.90855950428084,113.7785342553068,95.38576466167105,107.40998077392578,3155584
2020-11-10,108.36052001953125,114.82413288639859,108.36052001953125,112.87554168701172,2821604
2020-11-11,113.1131711346267,114.39638633155732,108.83578231020805,111.11705780029297,1303991
2020-11-12,109.31104423882176,110.49920776315678,106.69708448528472,108.17041015625,1102820
2020-11-13,107.12483388394227,109.7863234129246,105.88914801489555,107.88526153564453,1066005
2020-11-16,110.26157460044179,115.77465623125372,110.11899352771871,114.30133056640625,1680654
2020-11-17,114.82412771127217,117.81829403844253,112.5903744485613,117.67572021484375,1131640
2020-11-18,117.77076518615804,117.91334625366642,114.30132638600098,116.29743957519531,1308217
2020-11-19,113.11316704700494,114.68154434300959,112.6854310808103,114.30133056640625,1530754
2020-11-20,114.20628671515196,115.72713467319316,113.58844019257974,115.489501953125,1576768
2020-11-23,115.96475987346626,117.58065936435585,115.10928068629987,116.202392578125,1071000
2020-11-24,117.91335577195333,120.57483782172974,114.68154940610526,116.82024383544922,1586848
2020-11-25,117.8658218383789,119.38666970202758,116.34497397473024,117.8658218383789,1572986
2020-11-26,118.67377901590356,118.76883065358727,115.96476745605469,115.96476745605469,631409
2020-11-27,115.86970838116022,117.05787190588096,115.5845462344374,116.91529083251953,1101956
2020-11-30,116.63013789179108,117.91336040135809,114.7766055477113,116.24993133544922,1527650
2020-12-01,116.63013032409172,117.2955062584666,115.91723219924525,116.72518920898438,814716
2020-12-02,116.2499298373924,118.00841051972603,115.58455386841811,117.6281967163086,849555
2020-12-03,117.58065969120587,118.53119051248312,116.72518775363606,117.8658218383789,851787
2020-12-04,118.00840001535732,119.24408570150209,117.24797247621095,118.24603271484375,836810
2020-12-07,117.8658215107362,117.8658215107362,115.39444283268021,116.202392578125,622176
2020-12-08,116.15487073142211,117.39056377723568,115.77466418068727,115.96476745605469,618787
2020-12-09,116.15487047669207,116.91529808044434,113.87360216938542,114.06370544433594,570770
2020-12-10,114.44391734142263,114.6340206132091,111.54479530884167,112.59037780761719,844040
2020-12-11,112.35275284039281,115.20434562570203,110.45169098352001,114.25381469726562,861613
2020-12-14,115.58455501831453,116.39250482613005,113.1131761494773,113.3983383178711,568876
2020-12-15,113.3032806269182,114.63402534022258,111.11706390332375,112.49533081054688,835904
2020-12-16,111.44974356612559,114.53896886753206,110.26157998866157,111.87747955322266,935043
2020-12-17,112.54285706970711,113.01812250728867,110.59426587483271,110.97447967529297,780445
2020-12-18,110.02393491201562,111.25962779453849,108.88330090659,109.35856628417969,1746931
2020-12-21,106.03171581244696,108.59814612422075,103.22764554383154,108.17041015625,1226450
2020-12-22,108.50310987606531,110.11900959747075,107.83773385691697,109.59622192382812,650803
2020-12-23,110.02394457638763,113.63596466413455,109.9288929429153,113.20822143554688,595688
2020-12-24,113.445855756277,113.77854010414205,112.21016999963894,112.78048706054688,125502
2020-12-28,113.68348235703371,114.96669748807717,112.44779666683331,114.01616668701172,463876
2020-12-29,114.34886767220958,116.05981890363928,113.77854334309126,114.53897094726562,559152
2020-12-30,114.6340069283473,114.77658799115349,112.92305593059531,113.1131591796875,433819
2020-12-31,112.16264145634781,112.35274472751775,110.21405029296875,110.21405029296875,278679
2021-01-04,111.54480908017912,115.01424860843196,110.3566453548854,110.4041748046875,658764
2021-01-05,109.21599602356214,111.16457991323878,109.12094438903705,110.64179229736328,588765
2021-01-06,111.73490120024182,111.73490120024182,109.69125847937627,110.54673767089844,581543
2021-01-07,111.25962798457793,111.49726067377867,109.12093378177124,110.07146453857422,635605
2021-01-08,111.11705602932024,111.21210766239741,109.31104599295473,110.5942611694336,688460
2021-01-11,110.30911093092097,111.40221563545596,109.64373496731807,110.73684692382812,824389
2021-01-12,110.68931149283992,111.06952527262473,108.8357792878541,110.54673767089844,639014
2021-01-13,110.68930945355206,110.9269421550427,108.78824784162691,108.83577728271484,586334
2021-01-14,109.31104151838981,111.1645736694336,108.55061398095036,111.1645736694336,601168
2021-01-15,110.16652191193239,111.11705271833047,108.26546029913622,109.07341003417969,771310
2021-01-18,107.69514138604691,108.97835650189296,107.40997924831473,108.07534790039062,408504
2021-01-19,108.3129898637819,109.40610181596942,107.55256951806777,107.64762115478516,566594
2021-01-20,107.8852511521614,110.49921098183933,107.83772170901369,109.21599578857422,674365
2021-01-21,109.92889478266517,110.97447727230907,105.98419028575984,106.41192626953125,893166
2021-01-22,106.12676683219935,106.174289021714,103.98807250072545,105.08118438720703,755608
2021-01-25,105.22376043115459,105.50892258216656,100.80379785429228,100.89884948730469,1218651
2021-01-26,100.09091037912273,104.36829958759849,99.18790163948142,102.65734100341797,892933
2021-01-27,102.56227973528686,103.70291384971352,100.04337154295526,100.708740234375,1066320
2021-01-28,99.61563140282894,101.89689953641052,98.09477631114184,101.04142761230469,1296872
2021-01-29,99.52057338601091,100.99389904940381,98.23735823671929,98.95025634765625,1434791
2021-02-01,100.13841487919264,100.51862863648672,97.4769330820825,97.85713958740234,911994
2021-02-02,99.04531604292254,103.56033777980004,98.71263168112661,102.51475524902344,1290523
2021-02-03,103.60786733923092,104.36829495443737,102.08701936079322,103.46528625488281,777987
2021-02-04,104.08312745569022,107.60008867897383,103.46528095647152,107.31493377685547,868109
2021-02-05,107.3624571621845,107.3624571621845,105.74655760961407,106.6495590209961,705754
2021-02-08,107.12481847962152,107.45751006188563,105.50891901708657,106.69708251953125,550879
2021-02-09,106.69709474505215,107.88525838363849,105.79409328051668,106.12677764892578,597234
2021-02-10,106.79213687655212,107.40998336399659,104.6059203274078,105.36634063720703,406021
2021-02-11,105.08119619877293,105.84161658425332,103.2276565519652,104.03560638427734,511643
2021-02-12,103.75044246302087,104.55839222527577,101.61174807659478,103.51280975341797,567279
2021-02-15,103.75044279263177,106.17429208709694,103.6078617160221,105.41387176513672,606985
2021-02-16,105.22376701369163,105.41387754358404,103.3702346720857,103.9405517578125,528508
2021-02-17,103.94054149237392,105.65149983255085,103.7979604220301,105.50891876220703,739167
2021-02-18,104.65343890735326,104.70096834781504,102.13453085434227,102.41969299316406,774141
2021-02-19,101.80186358755982,107.17236492090963,101.18401701788672,106.50699615478516,879200
2021-02-22,105.36634006761264,109.12094116210938,104.08312490953386,109.12094116210938,810538
2021-02-23,109.31104799972582,113.30327467805628,109.12094473008148,112.78048706054688,1269782
2021-02-24,112.73295341032386,115.01422882080078,111.25963499562235,115.01422882080078,1016012
2021-02-25,114.06370016656146,115.53702586116944,109.73878196778944,110.5942611694336,1472172
2021-02-26,109.31105017925204,109.786315614814,106.45945756588024,107.64762115478516,1251076
2021-03-01,108.9308294502081,112.59037162081948,108.78824837821553,111.44973754882812,861115
2021-03-02,110.92693971789325,111.78241887485895,109.40609191216222,111.35468292236328,645682
2021-03-03,111.40221130906694,113.01811808479752,109.35857580901543,112.73295593261719,762017
2021-03-04,113.01810824387091,116.39248807365227,112.7804755550705,115.72711944580078,905630
2021-03-05,114.5389660600839,116.34497610395735,113.065640359351,113.20822143554688,1327621
2021-03-08,114.06370772157906,119.43420874386513,113.54091282706507,119.33915710449219,1213912
2021-03-09,119.76687381216455,119.95697706028312,115.86969920994132,117.10538482666016,865719
2021-03-10,116.96282160999343,118.15098514828277,114.9191788737408,115.06175994873047,1165153
2021-03-11,115.44196940485604,115.91723483221563,113.82606985262338,114.68154907226562,898788
2021-03-12,114.4914321899414,114.87164596110253,112.97058435727138,114.4914321899414,743987
2021-03-15,114.44391783548205,117.34303262860365,114.2538073108999,115.917236328125,639715
2021-03-16,115.7271305846818,121.14515351003303,115.7271305846818,118.91140747070312,920203
2021-03-17,118.7213039608917,118.81635559497272,117.1529266166431,117.48561096191406,647111
2021-03-18,117.81830164956472,118.95894307586423,117.01035183842042,117.43809509277344,1066212
2021-03-19,116.53507633680044,116.63012796779802,113.35079956054688,113.35079956054688,2366546
2021-03-22,113.16071138527685,113.16071138527685,111.16459060832958,111.21212005615234,699484
2021-03-23,110.35662532279528,111.30715613048856,109.2635134435531,109.78630828857422,841953
2021-03-24,108.59814955954555,110.87942504882812,107.45751544089168,110.87942504882812,743613
2021-03-25,109.97642099425042,110.78437805175781,107.69515266144768,110.78437805175781,768686
2021-03-26,112.06760095443818,113.73103012434552,109.21600809173988,109.59622192382812,959676
2021-03-29,109.69126424791823,110.26158132160046,108.64568173750496,109.5486831665039,844651
2021-03-30,110.11900207804437,110.9269518835766,109.78631771717524,110.78437805175781,757541
2021-03-31,110.54674527103415,111.06953290870231,109.26352276954148,110.30911254882812,965963
2021-04-01,110.26157052541699,114.29181900372424,110.12849679632012,113.74051666259766,696430
2021-04-06,115.33740141176006,116.36397639505674,113.41733242623788,113.74051666259766,673999
2021-04-07,113.98764846929302,114.91917181697934,113.4363388809067,113.56941986083984,374573
2021-04-08,114.0637016517462,114.74808502197266,112.18164738362346,114.74808502197266,648946
2021-04-09,114.95720743496503,116.21190791180284,112.90405724451672,113.22724151611328,643821
2021-04-12,113.11317051936628,113.66448014976656,111.78242588639053,111.95352172851562,543719
2021-04-13,111.47825702911457,113.03712704437494,110.05246075281728,110.69882202148438,869533
2021-04-14,110.64178987094651,111.82044606755412,109.99542861758594,111.611328125,622682
2021-04-15,111.5733025751476,114.53896127871816,111.5162730478398,113.72150421142578,763571
2021-04-16,114.06370289834425,117.29550926419232,113.58843746960115,116.82024383544922,976991
2021-04-19,117.37156879184968,117.78979749238519,115.86972810053689,116.3449935913086,527325
2021-04-20,116.47805262096827,117.40956880399251,111.26914030986094,111.40221405029297,946770
2021-04-21,111.40220322232085,112.46680029427633,109.40609005788181,111.2501220703125,916436
2021-04-22,111.97253583265137,115.05225372314453,111.45924830890671,115.05225372314453,775776
2021-04-23,114.34885373108416,115.24234771728516,113.11316083794716,115.24234771728516,599334
2021-04-26,115.9647546840555,117.99888996474903,115.16631231308017,117.7897720336914,708883
2021-04-27,117.20046069572372,117.25749022803326,115.12830308210087,116.02179718017578,617498
2021-04-28,115.83168590332147,116.8202388229273,114.4248971037354,115.01422882080078,530396
2021-04-29,115.29939368851444,117.16243326299256,114.3488628493741,114.57698822021484,732508
2021-04-30,115.22334825641836,118.94942736577714,113.96864785216593,118.03691864013672,926921
2021-05-03,118.3410938898005,119.5197501437724,116.6301354147001,118.5882339477539,406465
2021-05-04,118.53119709265026,120.83148731934077,116.45903949715266,116.74420166015625,771424
2021-05-05,118.49318598877754,119.25360636088985,116.04081451566911,116.47805786132812,690132
2021-05-06,117.0103441939634,119.50073758930647,116.40200504047078,117.20045471191406,744422
2021-05-07,118.30307128348385,119.53876431604179,117.71373953300659,119.00646209716797,603866
2021-05-10,119.7478752638334,120.03303015714688,118.43613809787772,119.53875732421875,623745
2021-05-11,117.7327401095146,118.37910131417424,115.20432481564848,116.44001770019531,954546
2021-05-12,116.24992392379986,116.87727050334688,114.80511299470564,115.4134521484375,626222
2021-05-13,114.50095363087998,115.26138126685936,111.36420594940968,114.02568817138672,873917
2021-05-14,115.2613722340245,118.51218598172366,114.5389667616553,118.37911224365234,614198
2021-05-17,118.72130768063961,119.15855101269173,115.58455289386234,115.85070037841797,399807
2021-05-18,117.01034208547762,117.10539371675277,114.7290666750007,115.01422882080078,463927
2021-05-19,114.4439171578215,114.4439171578215,109.86235869615801,111.40221405029297,1000606
2021-05-20,112.04856853464462,112.88504028320312,110.26157323431651,112.88504028320312,718567
2021-05-21,113.34129438377157,114.38687684863791,112.67592570212244,113.98765563964844,738769
2021-05-24,114.13975849852665,115.8126877532382,114.13975849852665,115.71763610839844,424943
2021-05-25,116.21189445034666,116.4019977043415,113.62644958496094,113.62644958496094,722578
2021-05-26,114.46291695870788,114.84313072831613,112.35273742675781,112.35273742675781,692159
2021-05-27,113.13217507850358,118.03691759381506,113.11316765296016,116.49705505371094,2348773
2021-05-28,117.39056478355897,120.01403206757455,117.18144682767709,117.97989654541016,765751
2021-05-31,117.79866011720934,118.08481361946153,116.48237001665821,116.71128845214844,397991
2021-06-01,117.53158649658765,119.24848566540057,116.65405976960422,118.69526672363281,425900
2021-06-02,118.7525028487302,120.06879303160375,118.04666671679972,119.8780288696289,605769
2021-06-03,120.12601553458623,120.33586045711675,118.02757358646649,118.14203643798828,566820
2021-06-04,118.33280648478329,118.50449713204054,116.40606235639498,116.86389923095703,450184
2021-06-07,116.94021491409711,118.44727654531894,115.31869769586719,117.85589599609375,582632
2021-06-08,118.08481659201043,120.20232490867433,117.95128022818079,118.1801986694336,1085090
2021-06-09,118.35188699397135,119.47741295069376,118.02757920448224,118.90511322021484,467471
2021-06-10,119.36294707820927,119.64910057481246,117.11189522163369,117.43620300292969,409168
2021-06-11,117.66511723527225,118.40910756726998,117.32173596247553,117.93218994140625,550723
2021-06-14,118.5426478122857,119.07679324209057,117.24543124517179,117.41712188720703,528967
2021-06-15,118.25650191331646,119.87801898799873,117.24543156207137,117.45527648925781,551290
2021-06-16,118.27557515069485,119.57279171839346,116.92113079468727,119.5537109375,618013
2021-06-17,118.94325558763018,121.27061598157698,118.94325558763018,120.41216278076172,543235
2021-06-18,120.2214039310366,121.5186205411278,118.16111615835555,119.01956939697266,2214028
2021-06-21,118.42818911474836,120.12601470947266,116.44421003177784,120.12601470947266,500273
2021-06-22,120.71739198528542,121.84291791868085,119.93524733849779,120.69831848144531,668063
2021-06-23,120.64109556375574,120.69832335477243,118.1801986694336,118.1801986694336,565429
2021-06-24,118.58080174206529,121.15615408770255,118.46633888865573,120.52662658691406,607736
2021-06-25,121.04170100476478,121.09892879405554,118.1229600387769,118.7334213256836,542568
2021-06-28,118.56172279343252,119.38202167889779,113.44916534423828,113.44916534423828,775932
2021-06-29,113.65902262196875,115.41407615474361,111.98027038574219,111.98027038574219,932947
2021-06-30,111.8276497988913,112.01842122735997,109.04245243792198,111.52242279052734,1019886
2021-07-01,112.45718246230399,113.92608968629212,111.80857417219477,113.31563568115234,864924
2021-07-02,113.67809449871456,114.30762203004211,112.76241345857427,113.90701293945312,759664
2021-07-05,113.73531997292449,115.07069085820694,112.39994908764204,114.63192749023438,414333
2021-07-06,114.46022843129525,114.74638191324762,111.90394970524224,112.41902160644531,511943
2021-07-07,112.30456856451993,114.11685712836591,110.01536234056637,110.60674285888672,770560
2021-07-08,110.58767010345115,111.78949737548828,108.52738230478289,111.78949737548828,1355808
2021-07-09,112.93409995071846,116.6159047574861,112.53349087487803,114.38392639160156,823379
2021-07-12,114.25039860663759,114.57470641416847,111.06459198752222,111.29351043701172,822179
2021-07-13,111.12180627149009,111.56056961183201,109.38582641310015,109.44305419921875,941792
2021-07-14,108.79445724428072,110.64490014436011,108.35569385834991,109.9390640258789,651889
2021-07-15,109.71012996325842,109.71012996325842,107.24924048812686,107.74523162841797,770517
2021-07-16,108.2984619140625,109.74828838254298,107.55447153700108,108.2984619140625,676216
2021-07-19,107.17293478062572,107.17293478062572,101.65976791661086,102.8615951538086,1281161
2021-07-20,104.12067029719377,106.54340568222673,104.12067029719377,105.76126098632812,852219
2021-07-21,106.67693841495493,110.95012383926885,106.67693841495493,110.56858825683594,782633
2021-07-22,111.40796594649115,112.3999482545286,109.17598756044234,109.21414184570312,511616
2021-07-23,109.9009098514444,113.01041512043935,109.82460127715572,111.02643585205078,595164
2021-07-26,110.18705485574738,111.92303487685722,109.67199017803019,110.85474395751953,595192
2021-07-27,110.24429104553452,111.17904560946089,108.94707439270161,109.9390640258789,860637
2021-07-28,110.11074999826297,112.8768665625307,109.93905935218142,111.42704010009766,618983
2021-07-29,112.38087197151282,112.38087197151282,107.59262208606785,107.78338623046875,1208193
2021-07-30,106.96309957620937,107.68801650699416,104.5212833173804,105.20804595947266,1018588
2021-08-02,106.79140929927705,109.0806156887452,106.25726381003619,106.33357238769531,696846
2021-08-03,106.14278715569526,106.61970478833385,104.08250676683303,104.44496154785156,773544
2021-08-04,104.69297542230652,106.14280202669222,103.89174990308256,104.36866760253906,619026
2021-08-05,104.5403421807036,107.32553937047044,104.5403421807036,106.35263061523438,831888
2021-08-06,106.20002847316542,108.20308860719277,105.91388222343757,107.40186309814453,728823
2021-08-09,107.40185357539328,107.40185357539328,104.61665623941322,105.01726531982422,514932
2021-08-10,104.92187981928403,105.34156966726056,104.29234504731923,104.52127075195312,613341
2021-08-11,104.960034086189,105.41787094101055,104.31142581087047,104.54034423828125,701478
2021-08-12,104.44497039975664,105.39880574587313,103.64375220206814,104.63573455810547,716134
2021-08-13,104.54034517381162,105.18895345493452,104.0252732496388,104.67388153076172,477253
2021-08-16,104.46403781651993,104.46403781651993,102.27022101462002,102.708984375,617880
2021-08-17,102.49913990752485,102.55636769651429,100.87762281721419,101.69792175292969,767017
2021-08-18,101.71700257337926,101.85053894208374,100.64870434655712,101.65977478027344,779051
2021-08-19,100.15270527199795,100.89669563252592,99.37056062667548,99.50409698486328,785668
2021-08-20,99.77117953207119,100.324405800324,98.98903480968106,99.7902603149414,755160
2021-08-23,100.87762053489973,101.10653896286405,99.29425048828125,99.29425048828125,597330
2021-08-24,100.20993229055945,100.66777642738927,99.42778765124719,100.47700500488281,620782
2021-08-25,100.82038298224431,102.95697918114219,100.55331027667843,102.09852600097656,656263
2021-08-26,101.50715277937394,102.34653251648344,100.83947096775134,102.07945251464844,552569
2021-08-27,101.9268512227499,102.44192321098431,101.52624210207422,102.17485046386719,430124
2021-08-30,102.04130850296313,102.46099110665864,101.24008302829687,101.41177368164062,268121
2021-08-31,99.90470427629705,101.35453796386719,98.6647227899439,101.35453796386719,1287362
2021-09-01,102.25114393361599,103.60559562583684,101.88868912988704,103.24313354492188,820516
2021-09-02,103.09052291830837,103.52928629133602,101.44992500696131,102.06037902832031,620106
2021-09-03,101.90775968306973,102.07945032769237,99.61856079101562,99.61856079101562,719050
2021-09-06,100.05733025671604,100.32440299193115,99.35149413119238,99.40872192382812,405692
2021-09-07,99.37057368540255,99.54226435094746,97.71090210325951,98.11151123046875,658243
2021-09-08,97.90165019842692,98.77917688836142,96.94781494140625,96.94781494140625,871285
2021-09-09,96.94782145422714,100.72500845251295,96.94782145422714,99.98101806640625,818806
2021-09-10,100.6105442302524,101.1065353526624,99.27517343996885,99.86654663085938,690256
2021-09-13,100.40070228091356,102.70898188142294,99.69485894348661,102.34652709960938,858260
2021-09-14,102.19390770641205,102.5372889772549,98.87456512451172,98.87456512451172,1210469
2021-09-15,98.96995340357627,100.15270714558831,97.63458251953125,97.63458251953125,872961
2021-09-16,98.5693449127739,100.83947778002285,97.99704513883734,99.7902603149414,829457
2021-09-17,100.53423976966558,101.94591190606455,98.77917907378159,100.4197769165039,2340971
2021-09-20,98.76011420867252,103.41482815327412,97.4438240295136,102.6899185180664,1086179
2021-09-21,103.09052197263722,104.65481129766835,101.9268417309757,104.06343078613281,941046
2021-09-22,104.50219525215472,105.60864771557448,104.50219525215472,105.26526641845703,651589
2021-09-23,106.27633089699846,107.78339246740363,106.08556674155889,106.54340362548828,679979
2021-09-24,106.44802701594587,107.02032678884936,105.76126437758712,106.2381820678711,552943
2021-09-27,107.13476903381066,110.14889174931922,107.11569553183246,109.71012115478516,966759
2021-09-28,109.11876474198891,109.11876474198891,104.38774231191825,104.57850646972656,1228565
2021-09-29,105.49418420939656,108.29846235956633,105.47511070508986,107.32554626464844,1302955
2021-09-30,108.73722949602028,108.88984664450265,104.54035251617523,104.59758758544922,1643645
2021-10-01,102.76621331062081,106.20001893940156,101.64068736415084,106.02833557128906,888020
2021-10-04,105.74217584697841,106.46709267081846,104.15880584716797,104.15880584716797,594835
2021-10-05,104.38773643976363,105.93294495177194,103.98712008740429,105.87571716308594,793078
2021-10-06,105.39880151347252,105.4369557990474,103.33851375554457,105.1126480102539,791160
2021-10-07,106.21910782336434,108.41293209428501,105.68496234266145,108.26031494140625,946538
2021-10-08,107.68800363636232,109.8055191040039,107.68800363636232,109.8055191040039,826769
2021-10-11,109.25230445540622,111.80858354516789,108.90892313908104,110.39690399169922,842326
2021-10-12,108.5464628378678,108.67999920112156,106.46710153939155,107.49723815917969,700512
2021-10-13,107.40186401750498,107.68801754686878,106.35264653848192,107.535400390625,676414
2021-10-14,108.26031009685286,109.21414542810267,106.86771138649047,108.66091918945312,602973
2021-10-15,108.62277146561142,111.17905059889127,108.62277146561142,110.6258316040039,941388
2021-10-18,110.30150618761844,110.41596903580688,107.38277269207383,108.2221450805664,915267
2021-10-19,108.64184095881993,108.73722303235853,105.87571716308594,105.87571716308594,769224
2021-10-20,106.08557139932496,106.46710700414175,102.8806839623621,103.98712921142578,860574
2021-10-21,103.49113365699166,105.97110406798927,102.19391702160472,105.49418640136719,832267
2021-10-22,105.37972256145419,106.44801339357964,104.97910622222163,105.4178695678711,820227
2021-10-25,105.53233661298478,105.62771868718895,101.98406814597784,102.78529357910156,969033
2021-10-26,103.01422089030815,108.2412419670747,102.23207617093216,107.26832580566406,914717
2021-10-27,106.42895022522342,107.80246818235901,106.02834112427497,106.82955932617188,792390
2021-10-28,106.35263321111233,108.92798554391524,106.35263321111233,108.81352996826172,723864
2021-10-29,110.54950807938073,113.58270449699224,109.69105489002172,110.68304443359375,1228196
2021-11-01,109.76735621508983,111.82763645643243,108.75628595780422,109.71012115478516,883346
2021-11-02,109.80552703004071,110.2442904134559,108.73722882877799,109.86275482177734,578932
2021-11-03,109.55751969565502,109.65290176721902,107.97414965438743,108.71814727783203,541589
2021-11-04,109.69106011370461,111.1027395675645,108.87076116894029,109.30952453613281,596638
2021-11-05,109.21413658467075,115.03253017872267,107.4972302165703,114.8036117553711,1169478
2021-11-08,114.68915498100203,115.6811445709922,113.35378409920044,114.57469940185547,554204
2021-11-09,114.40301216588705,117.05467322721164,114.40301216588705,115.05162048339844,618794
2021-11-10,114.97530528610407,117.32173919677734,114.70823257260746,117.32173919677734,636279
2021-11-11,116.86389298255048,117.43619996093217,115.43314009096733,115.96729278564453,736314
2021-11-12,115.68115143859205,116.82575823831024,115.35685090884299,115.5285415649414,565900
2021-11-15,115.70022911805252,117.2454377043107,114.6319309224037,115.08977508544922,414444
2021-11-16,114.9180762958758,115.77652221536674,113.84977817587998,113.96424102783203,603377
2021-11-17,113.79255819739497,113.81163170210309,110.39689946164931,110.83566284179688,1017171
2021-11-18,110.85474114671821,112.22826632496694,109.76736947299996,110.47320556640625,811502
2021-11-19,110.64489173331187,111.007346517479,106.35263300227821,107.74523162841797,1313462
2021-11-22,108.16492743287648,108.88984431830914,105.97110327201874,106.4480209350586,949626
2021-11-23,106.0664896752468,108.29846821344415,105.97110759418575,107.0394058227539,643585
2021-11-24,107.66892759574142,108.50830732923596,105.68495567381326,107.28739929199219,725626
2021-11-25,107.17293767820502,107.85970027642041,106.1809480671368,107.45909118652344,467813
2021-11-26,101.6788410106941,101.6788410106941,94.59184447642323,96.43274688720703,2363910
2021-11-29,97.7681212202676,98.98902927700996,96.33736822680028,96.90966796875,1134580
2021-11-30,95.05922834408364,96.87150957046836,92.40756012924204,94.2198486328125,2125689
2021-12-01,95.38352836552139,98.47395264695228,94.7921478698683,98.3594970703125,1605680
2021-12-02,96.90966409264006,100.17177904074563,96.4327464472263,97.42473602294922,1456539
2021-12-03,98.13056327928017,98.93178863568718,93.41862231464988,94.10538482666016,1226102
2021-12-06,95.78414165433571,99.54225516606043,94.53461970644565,98.98902893066406,1580603
2021-12-07,100.34346605102746,101.90775528917125,99.3705572915714,101.16376495361328,1211984
2021-12-08,100.66777619014081,103.58650981434691,98.81733342071044,102.55636596679688,1373474
2021-12-09,101.58346183995855,101.83146106140526,100.00009171165733,101.06838989257812,911386
2021-12-10,100.34346593570348,101.14469133420423,99.02717590332031,99.02717590332031,984752
2021-12-13,99.63763115606953,99.63763115606953,96.03213500976562,96.03213500976562,962373
2021-12-14,96.66166922898154,97.61550456272963,95.68876039052037,95.91767883300781,739108
2021-12-15,96.28014225256983,96.28014225256983,93.85739959798562,93.9527816772461,706685
2021-12-16,95.66968316294953,96.56628339329619,94.67769358119114,95.38352966308594,959760
2021-12-17,95.38353043984546,96.9096654714458,94.86845850220799,96.5662841796875,1726184
2021-12-20,94.515539933273,95.99398761466716,91.73034249920566,94.8493881225586,1479490
2021-12-21,96.24199343518103,97.6345922476513,95.31677193168001,96.85244750976562,940308
2021-12-22,96.85243755424794,99.73301696777344,96.62351911910602,99.73301696777344,765943
2021-12-23,100.30531835133037,102.30837092025988,100.30531835133037,102.09852600097656,753092
2021-12-24,101.18285010061317,101.77422332763672,100.72500595587273,101.77422332763672,147902
2021-12-27,101.62162110119874,102.21300164985124,100.34347792241725,101.75515747070312,459530
2021-12-28,101.75515107121231,102.1366866503095,101.18285134115948,101.94591522216797,335180
2021-12-29,101.81238027973228,102.84252417449312,100.70593508983752,101.06838989257812,321994
2021-12-30,100.91578772034282,102.32746002997669,100.53425210683568,102.1366958618164,454473
2021-12-31,102.02222939866608,102.6899185180664,101.56439250034398,102.6899185180664,222313
2022-01-03,103.33851316776558,105.74218220500971,102.82344850839911,104.9981918334961,786437
2022-01-04,105.47511445220664,106.31448693805355,104.88373391708663,105.70403289794922,809339
2022-01-05,105.91387609078886,106.81048363116415,104.33050594733345,106.54340362548828,745581
2022-01-06,104.80741642099468,107.68800299988769,104.61665227864579,106.58155059814453,782223
2022-01-07,106.52432596174084,107.0775521789762,105.30341794934955,106.98217010498047,973815
2022-01-10,106.82955604699283,109.19507084713808,106.50525553061374,107.44001007080078,619374
2022-01-11,107.80246805311684,108.0695480639485,105.0935791522145,105.76126098632812,816486
2022-01-12,105.8947827608132,106.82954447694799,103.83450247289407,104.80741119384766,692828
2022-01-13,104.65481831215405,107.17294311523438,104.63573752946563,107.17294311523438,771006
2022-01-14,106.60064641842129,107.97416444692408,105.87572947628672,107.59263610839844,611540
2022-01-17,108.43199904066924,108.60368968867895,106.8104819139443,107.36370086669922,587214
2022-01-18,106.82955199671457,107.11570549329434,104.12066327841846,106.88677978515625,716445
2022-01-19,107.42092579012453,109.82458735809065,106.48616406652448,107.00123596191406,807404
2022-01-20,107.05847478317648,107.91692803065493,106.37171218519372,107.49723815917969,1012534
2022-01-21,106.71509053859437,108.39384270097177,105.26526408734966,106.0092544555664,1325248
2022-01-24,104.50219757303219,105.7803407133968,99.14164761699818,99.21794891357422,1829580
2022-01-25,100.70592685206817,102.70897940990673,98.91271193516562,100.99207305908203,1035194
2022-01-26,101.83146056569902,104.82650288140906,101.83146056569902,104.19696807861328,959741
2022-01-27,101.7551512251939,104.1778937873635,101.58346057819963,103.03328704833984,711974
2022-01-28,102.51822530791549,103.10959855994781,97.93981277563634,99.14164733886719,924165
2022-01-31,100.80131424710441,101.90775940495286,98.72195301332096,101.69792175292969,997324
2022-02-01,103.75820167263278,105.97109925414877,103.6628195990784,105.85664367675781,864276
2022-02-02,106.0092533413798,108.29845948834593,104.50219183959865,104.78834533691406,718026
2022-02-03,104.76926289044027,105.55141480037733,102.28929263614441,102.46098327636719,629361
2022-02-04,102.99513516547279,103.77727979205605,99.82840237525944,101.2591552734375,801998
2022-02-07,101.58345751614188,102.89974758529658,100.51515938069231,102.57544708251953,513752
2022-02-08,102.6326753528378,104.23511892494662,102.34652913325255,103.72004699707031,761441
2022-02-09,104.63573222115217,107.9932366397194,104.61665871661775,107.45909118652344,921051
2022-02-10,108.06954639888664,109.97721706946056,107.03940249025207,109.76737213134766,840678
2022-02-11,108.2221405761941,110.24427381358029,107.80245076082329,109.71012115478516,745339
2022-02-14,107.30647856059937,108.06954976346039,103.98712828849618,107.0394058227539,879492
2022-02-15,106.63879278275367,110.20613487860157,106.23817641357536,109.6910629272461,858277
2022-02-16,109.97720806239923,111.78948922927094,109.40490108634975,110.64488983154297,688106
2022-02-17,110.07259412996422,111.48426628661454,107.87877004793383,109.08060455322266,737492
2022-02-18,108.79446012585623,109.91998615511989,107.51632422131578,108.20308685302734,804687
2022-02-21,109.36675781664766,109.82459468050726,105.55141665761754,105.87571716308594,680274
2022-02-22,103.6628193314622,108.37476798017867,103.03328454869418,107.955078125,820613
2022-02-23,107.68800708790545,110.96919557941634,106.58155464415948,107.15385437011719,663487
2022-02-24,103.54836728660452,104.82651048935338,98.53119839043357,103.10960388183594,1732048
2022-02-25,103.60559320212738,109.50029566407528,102.91883061981332,109.2522964477539,1099647
2022-02-28,106.92494433062917,110.09167749190337,105.79941829442522,109.40491485595703,1710541
2022-03-01,109.44306252766766,109.44306252766766,98.9127197265625,98.9127197265625,1751732
2022-03-02,98.85548552110106,104.73111420129965,95.91767118100177,103.26220703125,1637797
2022-03-03,103.30036869680534,104.69296739923516,98.53119206772266,98.96995544433594,874959
2022-03-04,97.53919384090504,98.49302908247842,91.2343423119302,92.52201843261719,1652251
2022-03-07,89.46020782029403,94.27707140453737,87.25685074982879,90.9100341796875,1658281
2022-03-08,89.660520787523,94.69677015251496,89.0882210464441,91.0435791015625,1198686
2022-03-09,94.96383291406376,99.65670776367188,94.12446053371355,99.65670776367188,1722827
2022-03-10,99.94285448194843,100.19085367997296,94.54415085094786,96.58535766601562,1176387
2022-03-11,96.3564364085304,101.60253042810778,96.33736290496635,99.33240509033203,1305546
2022-03-14,100.64869564654579,103.12867319882996,99.73301465007184,100.47700500488281,895371
2022-03-15,99.44686901470438,99.7139417305924,96.60443665878395,98.4167251586914,1323713
2022-03-16,101.12561675518957,104.71203957226673,100.45793494648268,103.0523681640625,1354532
2022-03-17,102.76621385112391,103.12867592487444,99.69486300084759,101.90776062011719,752379
2022-03-18,102.0413024046277,102.0985301932601,98.7982609670531,101.62161254882812,1460724
2022-03-21,101.12561642482554,101.60253408011128,98.22596348461187,98.77918243408203,1088230
2022-03-22,98.98902185149888,100.1717755330973,97.99703231051178,100.09547424316406,833627
2022-03-23,99.9047060594267,100.53424084275699,98.47395312696959,99.50409698486328,730915
2022-03-24,99.2560993162027,100.03824397369128,97.19581884555375,99.73301696777344,881429
2022-03-25,99.94286128137593,100.4960875003048,98.39765275723182,99.63763427734375,607474
2022-03-28,100.22902457808736,101.35455062994038,98.83642578125,98.83642578125,786277
2022-03-29,101.2400787186312,105.66587395288501,100.62962470543658,105.03634643554688,1218612
2022-03-30,104.29234970554472,104.69296606795479,101.64068869784315,103.0523681640625,736158
2022-03-31,103.30036974917047,103.6055967654538,101.60253673908423,102.30838012695312,916873
2022-04-01,102.34653255272573,102.67083306786128,101.3545429485452,102.04130554199219,607715
2022-04-04,102.51822068864519,102.68991133279926,100.47700646273081,101.69792175292969,571828
2022-04-05,101.37361309160057,101.6406858074886,97.31027273322881,98.4167251586914,769684
2022-04-06,98.14965332940439,99.46594341696517,96.43274688720703,96.43274688720703,844427
2022-04-07,97.29119759374112,98.53118635630028,95.82229040386746,96.0702896118164,786475
2022-04-08,97.27213066581753,99.63763822140683,96.54721377360129,97.00505065917969,627265
2022-04-11,96.07029073427925,98.81733372570564,94.92568402996233,97.29119873046875,618905
2022-04-12,95.1260077623173,97.78720212770415,94.935236315768,96.85244750976562,624795
2022-04-13,96.60443614609794,97.31027221679688,95.65060086459667,97.31027221679688,477591
2022-04-14,97.7490479786798,99.50410149567304,97.59643083258331,99.08441162109375,619229
2022-04-19,97.9207391477471,98.64564876398423,96.64259601257491,98.05427551269531,497344
2022-04-20,97.9970409776895,100.28624725341797,97.65365967247091,100.28624725341797,573180
2022-04-21,100.32440051828253,105.01726860554567,100.07640129433204,104.40681457519531,939517
2022-04-22,102.40376000773338,103.70097661839894,101.79330598826559,102.02222442626953,661495
2022-04-25,100.64869450743097,101.44991991851869,99.25609588623047,99.25609588623047,794810
2022-04-26,100.61055535112325,103.60559775101478,99.67579351144634,100.34347534179688,913327
2022-04-27,100.41977894779741,100.97300516682432,98.11149927457089,99.61856079101562,582753
2022-04-28,100.66777738076043,102.82344717379166,99.29425223444873,100.59146881103516,624038
2022-04-29,100.59146844770608,102.44191123233836,97.19581715624007,98.4167251586914,1048935
2022-05-02,97.76811500561749,97.76811500561749,94.55368753149965,95.00199127197266,816077
2022-05-03,95.31675732775717,96.07028805250516,93.59031784482467,95.84136962890625,771990
2022-05-04,96.79520764352489,97.57735228387304,94.09585204826537,94.12446594238281,584637
2022-05-05,96.33737212259638,97.67274309260429,91.96880439269056,92.626953125,791222
2022-05-06,92.14048717123184,93.3232408882479,90.4617350302768,91.01496124267578,1254036
2022-05-09,90.18513837314083,91.36789221044359,88.01992797851562,88.01992797851562,1161172
2022-05-10,89.52699246830676,90.39497891021252,88.24884923043629,88.38239288330078,930977
2022-05-11,88.7830006222516,91.6826611064101,88.5063874834761,91.43466186523438,985408
2022-05-12,88.73530308675353,89.75590663903574,87.50485458924175,89.4411392211914,1384632
2022-05-13,89.79404211176896,92.14047575122298,89.17404779728098,92.0737075805664,800030
2022-05-16,91.7875726729026,92.49340874615515,90.25189728195485,92.02603149414062,710608
2022-05-17,92.83678947057999,94.42969264031119,92.64601804842958,94.0672378540039,492944
2022-05-18,94.04816371849363,94.64908464424548,92.86540992633218,93.39002227783203,499669
2022-05-19,91.9783400582413,92.14049031586907,90.21374617437294,91.45372772216797,655451
2022-05-20,92.47433620009004,94.2198566735159,91.1962002974851,91.5777359008789,628179
2022-05-23,93.61893582272161,93.77154568605077,89.44113256594719,91.69218444824219,677067
2022-05-24,88.17253989740053,90.02297548205208,87.83869171142578,87.83869171142578,814678
2022-05-25,88.87838265326783,90.63343629207503,87.8291651711821,90.3472900390625,526437
2022-05-26,90.39496590200936,94.35338375273487,90.14697396983001,94.02908325195312,608578
2022-05-27,94.05769609575519,95.84137066169751,92.71278487859956,94.94476318359375,563735
2022-05-30,95.51705410204877,96.37550721731999,94.88752666897314,95.29767608642578,487391
2022-05-31,94.48284140958802,94.51159922185464,92.02874391233766,92.26840209960938,1149224
2022-06-01,93.17910319176254,94.42532872995724,92.58475554961636,92.63268280029297,880062
2022-06-02,92.81483325550113,94.02271270751953,92.70938305574937,94.02271270751953,512334
2022-06-03,94.3774044026055,94.4349273489597,92.21089935302734,92.21089935302734,542886
2022-06-06,92.12460663439074,94.89505472151207,92.12460663439074,94.44449615478516,547438
2022-06-07,93.51463530426055,94.47326813233586,92.98738432330391,93.6584243774414,511510
2022-06-08,96.34260247448144,96.95612692006164,93.92685088423293,94.02271270751953,729778
2022-06-09,93.45711979253501,93.87892061084023,91.07971428558784,91.1372299194336,688367
2022-06-10,90.35113523345515,90.77293597707899,87.87786102294922,87.87786102294922,852784
2022-06-13,86.53578487752081,87.5902868723993,84.34052206873487,84.68562316894531,1041070
2022-06-14,85.7496981475718,86.86171566875197,84.2158871819678,85.03072357177734,905208
2022-06-15,86.34405502696704,87.90662384033203,85.51004186743543,87.90662384033203,891855
2022-06-16,87.86828279985498,88.37635699538426,86.02770233154297,86.02770233154297,762000
2022-06-17,86.62206430536462,89.52672065034656,86.11399006862364,87.36979675292969,1458798
2022-06-20,87.45608175687279,92.46972767494005,86.41116810379266,92.34510803222656,956176
2022-06-21,92.50806053912358,94.90464241837549,90.97424959915985,91.35770416259766,793909
2022-06-22,89.70886193321681,90.8496300268607,88.88443711480535,90.05397033691406,628661
2022-06-23,89.75678914971614,90.57163290542753,88.57767486572266,88.57767486572266,764125
2022-06-24,89.13368660461856,91.3768839880046,88.09836135976887,91.07012176513672,643766
2022-06-27,91.07012174909718,91.48233417167094,88.98030182061899,89.02823638916016,849443
2022-06-28,90.5716318229101,93.4571113378949,90.55245507083727,92.47930908203125,848784
2022-06-29,91.40563852046164,92.00958188182534,89.42126886266955,89.57465362548828,664127
2022-06-30,88.19421988124189,90.33197429860394,87.29310268552138,90.31279754638672,1101337
2022-07-01,89.5075468359193,92.66144961383864,89.21036569564934,91.16597747802734,688084
2022-07-04,92.08626871951003,92.57517351815733,90.88797766366054,90.97425842285156,471760
2022-07-05,91.57819109468518,92.0479191233429,86.9096539946027,88.00249481201172,885959
2022-07-06,90.01562177741867,91.98081463776208,89.97727558759601,91.38646697998047,758778
2022-07-07,92.1533677324034,94.63623046875,91.80825934191671,94.63623046875,893668
2022-07-08,94.90464983288541,95.67155901967647,93.92684756782545,95.3072738647461,768374
2022-07-11,93.8693266455018,96.05500836698123,93.30373677625414,94.31988525390625,772600
2022-07-12,93.48587705721471,97.51213961977194,93.24621883255494,97.1286849975586,861587
2022-07-13,97.03281829968523,97.74220456120818,94.94299839300344,96.8410873413086,609907
2022-07-14,96.40011255499579,97.74219994509596,95.40313355988674,96.55349731445312,657666
2022-07-15,97.0519839523402,99.81285113494815,95.92079694030788,99.64029693603516,891412
2022-07-18,100.08126323644692,100.71395706517997,99.04593808347902,99.96622467041016,699922
2022-07-19,98.72001163807201,100.8098314912723,98.25986466353214,99.9087142944336,719383
2022-07-20,100.42636975038477,100.6372701272971,98.29820385796032,99.39104461669922,492631
2022-07-21,98.93090430381733,100.29216846952153,98.14482568233734,98.77752685546875,663940
2022-07-22,98.27902727828199,100.59892411457132,98.12564983994335,99.21849060058594,591637
2022-07-25,98.54745146186475,98.96924490634905,97.45461069160358,98.35572052001953,561035
2022-07-26,98.2406860459106,101.11658425515662,98.18316310835029,99.16097259521484,727529
2022-07-27,99.48691217531785,100.38802936006216,98.70083356111152,99.64029693603516,534493
2022-07-28,100.44554995621877,101.05907440185547,98.04896780489159,101.05907440185547,718734
2022-07-29,101.61507915764014,102.93798981937026,101.02072417488648,102.5545425415039,1033704
2022-08-01,102.49701690673828,103.43648026592732,101.86432306384593,102.49701690673828,623652
2022-08-02,102.34363843350717,104.45262764033023,102.32446168203751,102.70791625976562,771973
2022-08-03,102.47784421751263,104.56766394135848,102.24777440137744,103.3022689819336,439481
2022-08-04,103.18724012691595,103.51317910141701,102.01770687134506,102.88047790527344,475469
2022-08-05,102.78460971881117,103.03385629402335,101.63424597353115,101.67259216308594,533752
2022-08-08,102.07522545137692,104.16504528251424,101.9985330707986,102.89964294433594,384951
2022-08-09,102.80378240585303,103.91579999672408,102.30529655346163,103.51317596435547,501404
2022-08-10,103.34061879453077,105.39209240200374,103.18723403586954,105.27705383300781,519434
2022-08-11,105.44961395888998,106.3315544294188,104.6443658720041,105.35375213623047,442460
2022-08-12,105.27705553975363,105.96727233734325,105.00863952153279,105.20036315917969,515436
2022-08-15,105.52630577979082,107.42439472520745,105.18119736902631,107.34770965576172,360349
2022-08-16,107.38604528808548,108.766478889423,106.94507506849999,107.80784606933594,438790
2022-08-17,107.90371153146302,108.09544249022615,106.6958394033024,107.00260162353516,363209
2022-08-18,106.69584025599582,107.42439596375347,106.25486270421054,106.9642562866211,360377
2022-08-19,106.13982635212258,106.77252020628724,105.2003629761957,105.37291717529297,505146
2022-08-22,104.77857000716699,104.97029364538766,102.59288103699619,103.37895965576172,581833
2022-08-23,102.55454137270415,104.5101458716564,102.26694860379403,102.59288024902344,598937
2022-08-24,102.19025938083885,103.22558460435705,101.67259676907976,102.95716857910156,512599
2022-08-25,103.6282037182354,104.18421249486711,102.53536291660085,102.66957092285156,430013
2022-08-26,102.93798096034439,103.62819770316335,100.34967548856068,100.46471405029297,586695
2022-08-29,99.21849670678002,99.69781311599151,97.64633946966934,99.12263488769531,385355
2022-08-30,99.21848685208946,100.31132757144427,98.77751667706796,98.8925552368164,382367
2022-08-31,98.96924147784219,99.10344947559079,96.84107563670382,97.68467712402344,842341
2022-09-01,97.03281681329494,97.62716449068745,94.50202671179697,95.35520935058594,659602
2022-09-02,95.93997446658395,98.60497253835771,95.57568931383432,98.12565612792969,504114
2022-09-05,95.95914907429459,96.59185028076172,95.2785206124756,96.59185028076172,421620
2022-09-06,96.17005229550595,97.41627799179965,96.07419046820381,96.95613098144531,466291
2022-09-07,97.51212547344025,99.33352917937654,97.32039453325417,98.3940658569336,685404
2022-09-08,99.02677141607197,99.44856487576345,96.7643974172447,98.3749008178711,447609
2022-09-09,98.29820887258357,100.00457409823252,97.8188924692535,99.50608825683594,539550
2022-09-12,100.15795723799842,102.20943082596827,99.31435570095735,101.53838348388672,618281
2022-09-13,101.38500630739819,102.38198529047935,99.50608690944102,99.71697998046875,565047
2022-09-14,99.23766412537722,99.41021832173303,97.5696451031297,98.72000885009766,803530
2022-09-15,98.7008342394099,99.4293972302481,97.0136384288644,97.47378540039062,777498
2022-09-16,95.93997778230019,95.93997778230019,93.78305386083007,94.45409393310547,1264975
2022-09-19,94.19526662474145,95.67156210292929,92.83400240862781,95.01969146728516,563040
2022-09-20,95.24016958523842,95.31686196645434,92.31634386081483,92.52723693847656,712806
2022-09-21,91.87536884263415,93.46670288441275,91.41522917030922,93.32290649414062,501109
2022-09-22,92.03833867796413,93.24621075974986,91.33853350447637,91.74115753173828,619355
2022-09-23,91.64528375293558,92.69019718879422,88.4818002624234,88.7214584350586,842231
2022-09-26,87.99290679651735,89.62257965335392,87.42730963359024,89.04740142822266,836076
2022-09-27,89.42126720604064,90.15941856430163,87.91621398925781,87.91621398925781,935905
2022-09-28,86.77543622506926,89.02822911422768,85.71136056553168,88.68312072753906,961298
2022-09-29,89.14326831528481,89.8526619032764,87.88746159907035,89.16244506835938,756275
2022-09-30,89.862235912146,90.78252251519989,89.05698787714428,90.1210708618164,770841
2022-10-03,89.4116695973138,90.7058296061731,87.82034310270753,90.29361724853516,665110
2022-10-04,91.73157057455307,95.3839590270356,91.20431963431577,95.0484390258789,925093
2022-10-05,94.58829978697031,96.05500684986127,94.4540917755808,95.7003173828125,918298
2022-10-06,96.09334984253388,97.55047579453401,95.02926684922717,95.33602905273438,699166
2022-10-07,94.73209368866112,96.87942912833256,94.67457806065723,95.4702377319336,636378
2022-10-10,94.6458190903632,96.09334934522164,94.44449976723325,95.02926635742188,536028
2022-10-11,94.65540905429027,95.49901067424689,94.25278499774106,94.73210144042969,681414
2022-10-12,94.73209287480512,95.41272128422631,92.70937708444889,93.29414367675781,785823
2022-10-13,93.13117954698554,98.70083386812114,92.86276352868329,97.81889343261719,1425680
2022-10-14,99.73615440161177,101.02071880450873,98.01061248779297,98.01061248779297,1003143
2022-10-17,99.14180185643887,101.90266898555,98.83503965473628,101.19327545166016,685099
2022-10-18,103.14889690233527,103.5131820792448,101.48087773128097,102.42033386230469,692022
2022-10-19,103.70490081435635,104.39511762863437,100.9056946798183,101.65342712402344,719763
2022-10-20,101.28915097865298,103.07220136042153,101.03990438847077,103.05303192138672,764276
2022-10-21,101.94100772915777,103.87745006734976,101.69176846882635,103.66654968261719,805853
2022-10-24,104.10751695409718,106.54244505807591,103.18723037613307,104.95111846923828,947546
2022-10-25,104.93194895337031,106.08231274048502,103.30227606385958,105.77554321289062,909948
2022-10-26,105.64133271171366,108.19129949633394,105.54547089349373,107.36687469482422,1088989
2022-10-27,107.11763756745174,107.82703117520278,105.83307299963353,106.46576690673828,1086147
2022-10-28,105.79471391780918,109.78262246933384,104.66352694772421,108.99654388427734,1321183
2022-10-31,107.36686639002667,108.919854054703,106.13981765863234,108.05708312988281,859646
2022-11-01,109.6675898542925,110.64539205719944,108.36384870789153,108.7281265258789,557763
2022-11-02,109.18828167355753,109.30331293325372,106.17817514837162,106.73417663574219,935708
2022-11-03,106.42740963305194,107.82701994923053,106.15899362078353,107.44356536865234,637479
2022-11-04,108.03790959152099,110.35780643918523,106.6958295727742,108.90068054199219,1069092
2022-11-07,108.57475078807474,109.84014576602547,107.61611800739124,108.65143585205078,578392
2022-11-08,108.65144768626212,108.95821723073007,107.86536901303423,108.8048324584961,564879
2022-11-09,109.05407171146055,109.8018041412686,108.3830243488161,109.28414154052734,581400
2022-11-10,108.80481927514222,110.43449205683196,106.92589992566653,107.55859375,1203424
2022-11-11,107.82702568993824,108.68978939993795,105.85223705464855,106.21652221679688,990253
2022-11-14,106.02478148256567,106.69582880087188,104.24172396908745,104.81690216064453,801109
2022-11-15,105.23871138138453,107.30936181413286,104.9127797283342,107.07928466796875,855562
2022-11-16,107.27101099419951,109.26496895885086,106.67665602960506,107.61611938476562,759182
2022-11-17,108.03791081329044,108.07625700194365,106.1589914520092,107.69280242919922,961023
2022-11-18,108.90068186476765,110.37697721710869,108.26798803592872,109.99352264404297,935715
2022-11-21,109.41834444133822,110.60704703543306,109.16909787177735,109.99352264404297,567556
2022-11-22,110.72209404965312,111.12471809088814,109.38000659841484,110.77960968017578,675536
2022-11-23,111.08636506256127,111.6615505875414,110.51118685136892,111.56568145751953,636572
2022-11-24,111.27809108867656,111.98747727398883,110.7987747149112,111.62319946289062,548134
2022-11-25,111.12470801659019,112.75438810027532,111.12470801659019,112.37093353271484,740113
2022-11-28,111.66155969656079,112.75440058111332,110.39616460319533,110.5303726196289,835031
2022-11-29,110.70293038819423,112.08335678929826,110.6262380009694,111.68073272705078,737347
2022-11-30,112.63935259563806,113.17618461653285,111.92996638034312,112.56266021728516,1177144
2022-12-01,113.31039712277243,113.36792006571595,110.33863682453433,111.71907043457031,686755
2022-12-02,111.66155255555445,112.77356280828693,111.3931292260652,112.31342315673828,583807
2022-12-05,112.54348996092168,113.15701435570644,110.7220862141223,111.77658081054688,527739
2022-12-06,111.10554808522595,112.54349735126307,110.99050951097924,111.29727172851562,623592
2022-12-07,110.8946361900036,112.2942391194919,110.54952781683798,111.14388275146484,732899
2022-12-08,111.52734166389085,112.39011268704954,111.18224056841555,111.94914245605469,427906
2022-12-09,112.37094201622507,112.67770423067515,110.77960800053606,112.33259582519531,446294
2022-12-12,111.46982650776515,113.21453800033494,111.4123108772393,112.25590515136719,501052
2022-12-13,112.81190692865839,113.61715496099004,111.45065012326664,113.21453094482422,792406
2022-12-14,113.06115619073809,114.34572064823449,112.1792084451955,113.27205657958984,599213
2022-12-15,112.58183600407607,113.5596382214398,111.12471008300781,111.12471008300781,856625
2022-12-16,111.23975476347808,112.29424941649437,109.82097495327912,111.02885437011719,1209789
2022-12-19,111.20140698126892,112.27507837129312,111.18223754295956,111.75741577148438,469906
2022-12-20,110.54953685121075,112.58184106884991,110.20442844984206,112.06417846679688,500747
2022-12-21,112.63935133042432,115.01676383614581,112.29424294550044,114.59496307373047,589494
2022-12-22,114.67166566820342,115.1318053465742,112.73522318984374,113.0036392211914,551859
2022-12-23,113.02280784953957,113.27205442378322,111.81492848151491,112.69686889648438,316143
2022-12-27,113.67467666039224,114.42240905761719,113.34873771244504,114.42240905761719,289808
2022-12-28,113.98144299665515,114.61413685044397,112.98446399288407,113.09950256347656,344929
2022-12-29,112.850254818168,113.195363212592,112.044999459916,113.1378402709961,291863
2022-12-30,112.16004351861,112.46680573824612,111.46982669598167,112.0833511352539,414433
2023-01-02,112.86942808580176,113.77054529223776,112.42845785880638,113.63633728027344,375130
2023-01-03,113.1761908619783,115.3427031303828,112.9652904667635,113.1186752319336,601931
2023-01-04,113.57881519695971,114.34571703406787,111.77658088649075,114.07730102539062,749997
2023-01-05,114.07730560874796,115.11263080991799,113.69385101789372,113.88558197021484,539669
2023-01-06,115.99458238197049,117.336669921875,115.13181129818983,117.336669921875,724545
2023-01-09,117.4708722114819,118.0843966602751,115.76450688116402,117.08741760253906,804193
2023-01-10,117.43252112172641,117.75845277177254,115.6494634812241,116.79981994628906,512892
2023-01-11,117.02989580588734,118.54453740883663,116.2438171901699,118.00769805908203,922361
2023-01-12,118.54453927102995,121.57381521072689,118.44867013699738,120.05917358398438,875901
2023-01-13,120.38511041087342,122.39823785539951,120.07834820326742,121.3053970336914,525960
2023-01-16,121.51629369234256,122.4174035355164,121.26704712075555,121.45877075195312,420067
2023-01-17,121.45877303301023,123.89370854043254,121.38208796736365,122.68582916259766,597020
2023-01-18,122.78169208214574,125.61923700881255,122.78169208214574,123.95122528076172,948356
2023-01-19,123.68280975185996,124.16212615883617,121.59298261110426,121.95726776123047,998367
2023-01-20,122.60913504248107,124.33466967253135,122.26402665371346,124.06625366210938,732425
2023-01-23,124.14295596344766,126.32863772448988,123.93205556303336,125.9451904296875,668822
2023-01-24,125.60007256849164,127.17222976308136,124.12376987660613,125.84931182861328,952115
2023-01-25,126.386139082821,127.59402571743422,124.56474269683997,124.90985107421875,1092254
2023-01-26,125.9643499645101,126.99967519227577,125.42751791179674,126.53953552246094,749955
2023-01-27,127.01885499290789,127.67071832182336,126.32863815783463,126.73126220703125,906967
2023-01-30,126.13691606354949,127.05719543659883,125.56173048471098,126.34781646728516,800830
2023-01-31,125.94519241312895,126.73126376812623,125.52339160565762,126.34781646728516,802718
2023-02-01,126.94214204310784,127.11470353770896,125.81096246351184,125.9643325805664,836434
2023-02-02,126.30945932244236,127.38313806350959,125.6575960042734,127.15306091308594,790112
2023-02-03,126.65456523912229,127.01885039655566,124.87150758430155,126.92298126220703,1115180
2023-02-06,126.55870916523128,126.6354015462453,124.41136637956674,125.35082244873047,725453
2023-02-07,125.81098423639095,125.81098423639095,123.68281807598038,124.04708862304688,685186
2023-02-08,124.85234532056745,125.71510901844036,124.44972128638834,124.79481506347656,588855
2023-02-09,125.3699998695831,126.34780944825734,125.3508231173333,125.48503112792969,465094
2023-02-10,125.86849070762463,126.5203539963032,124.14294872645222,124.60308837890625,772644
2023-02-13,125.13992775630842,127.26809388673534,125.13992775630842,127.07637023925781,556215
2023-02-14,126.92297907679905,127.07636383808536,124.06625737882747,124.3921890258789,1079555
2023-02-15,124.54557822855563,127.05719161698705,124.526401475817,126.84630584716797,639334
2023-02-16,127.7090565772447,128.9169285805931,127.44064057650061,128.5526580810547,669429
2023-02-17,127.76657912958912,131.58193359924294,127.0188467116061,131.198486328125,941270
2023-02-20,131.42857946783954,131.88871917471496,128.22673439114217,129.2045440673828,651372
2023-02-21,128.55267112514537,129.8564123871522,127.78576191909845,128.80191040039062,627208
2023-02-22,128.5909881591797,128.95527326137528,127.30642386811756,128.5909881591797,639609
2023-02-23,129.0128151596873,130.06730255452482,128.41846745300475,129.26205444335938,616982
2023-02-24,129.77970151398983,130.6616418556414,127.78574371337889,127.7857437133789,1672129
2023-02-27,128.6485095743635,130.2398434184374,128.59099395091556,129.31954956054688,596344
2023-02-28,128.66769629469516,129.08949706942985,127.6898867375898,128.41845703125,899232
2023-03-01,128.20755664388267,128.85941993023573,127.82409474522578,128.41845703125,607407
2023-03-02,127.59403210007135,128.3801033932377,126.96133093863148,128.2458953857422,650845
2023-03-03,128.5526785990957,130.02896683881568,128.5526785990957,129.6263427734375,498756
2023-03-06,130.12482335504322,131.21766417720107,129.70302257674092,130.1631622314453,459728
2023-03-07,130.66165539012766,130.93007140766989,129.77971495712097,130.1631622314453,532625
2023-03-08,130.02895755424177,130.4124048383907,128.70603955704834,128.87860107421875,697648
2023-03-09,128.78273684309764,130.7575182240539,128.38011279113752,130.29737854003906,478343
2023-03-10,127.93913677322156,128.74438479477158,126.86545811691288,127.91996002197266,766391
2023-03-13,128.13086143183958,128.36092393837245,122.51327273198002,123.28018188476562,1092160
2023-03-14,123.18432912958315,128.1500405899899,123.08845998740077,127.63238525390625,845601
2023-03-15,127.03801842726931,127.03801842726931,121.82305383237778,121.88056945800781,1144645
2023-03-16,123.45272269500899,126.27110528207206,121.99560415290205,125.50419616699219,1006160
2023-03-17,127.07636058151634,127.67070823179955,122.60913557345948,123.06928253173828,1153594
2023-03-20,122.51328995037242,125.40836546092251,119.98249962979773,124.98656463623047,909187
2023-03-21,126.53951479234613,129.7796979580041,126.40530680115418,128.5909881591797,1029064
2023-03-22,128.78273800182134,129.53047048041452,127.70907385360076,129.26205444335938,416511
2023-03-23,129.16619163906944,129.262046144677,127.72824240677234,129.12783813476562,586883
2023-03-24,128.47596043772785,128.47596043772785,126.53951825955028,127.7857437133789,947272
2023-03-27,129.12783606569303,130.0289532439057,128.70603529056575,129.5496368408203,612419
2023-03-28,130.60413692225507,130.7766838036769,128.30340944360177,129.45376586914062,422433
2023-03-29,130.12481685496903,131.77366638183594,129.5879702191256,131.77366638183594,817909
2023-03-30,132.29132899522952,132.6556141472001,131.2943572998047,131.2943572998047,618527
2023-03-31,131.4093935661422,131.92704887189538,130.8917236328125,130.8917236328125,779246
2023-04-03,131.16015902346882,131.16015902346882,128.18839121360946,129.87557983398438,696491
2023-04-04,130.9875851837362,131.2943547009183,129.971436756328,130.06729125976562,586997
2023-04-05,130.29737134724002,130.73834888127791,129.0703225058859,129.12783813476562,581929
2023-04-06,129.60715441081157,130.7766876220703,129.54963878199163,130.7766876220703,736217
2023-04-11,131.77366488117104,131.77366488117104,130.8917098746883,131.3326873779297,735071
2023-04-12,131.2751732480546,132.04208238597008,131.04509611840743,131.77366638183594,707810
2023-04-13,131.50522327624907,132.92401016646548,131.50522327624907,132.31048583984375,724089
2023-04-14,132.36801064709283,132.6939422684506,130.98757715948963,131.23681640625,880021
2023-04-17,131.6202952616764,134.11273193359375,131.5819417556417,134.11273193359375,854043
2023-04-18,136.14504162835902,137.04615884893377,135.1097163937142,135.83827209472656,768255
2023-04-19,135.87663007668002,136.58600904831678,135.16723647746633,136.47097778320312,715331
2023-04-20,136.26007175681866,137.2953969828558,135.93414010072632,136.87359619140625,693069
2023-04-21,136.8736036751607,137.73636743024295,136.01083992007844,136.5668487548828,767765
2023-04-24,136.37510339321577,137.6405057710535,136.37510339321577,136.5284881591797,584192
2023-04-25,136.2983961162788,136.5284732400831,135.24390887755243,136.18336486816406,831861
2023-04-26,136.18338951297048,136.6051903358233,131.3135325513034,133.97853088378906,1029513
2023-04-27,134.15108910377825,135.49316930011568,133.57590351816103,134.30447387695312,602368
2023-04-28,135.53151147051975,135.99165112397841,133.72927710540753,135.10971069335938,641794
2023-05-02,135.0330188023565,135.3014348201444,133.01988404137134,133.11575317382812,840565
2023-05-03,133.7101153542054,134.84130980418576,133.55674520423005,133.8059844970703,673236
2023-05-04,133.537566095845,133.72928975061717,131.48609227187052,131.62030029296875,970277
2023-05-05,132.9431791181542,133.36497985704702,130.5082584357836,132.00372314453125,806837
2023-05-08,132.09962505289099,132.19547957251783,131.48610054248235,131.7545166015625,397680
2023-05-09,132.19545899271964,132.48305176198483,131.02592579126357,131.81201171875,603195
2023-05-10,132.2721563361008,133.59507434781318,132.25299421098646,133.2307891845703,490824
2023-05-11,133.30747424766219,135.03301620567072,132.08042543920624,133.71009826660156,526064
2023-05-12,133.71009451093352,135.10970478966567,133.71009451093352,134.20858764648438,471684
2023-05-15,134.59203525460052,134.82211238566543,133.26913197680918,133.8634796142578,353196
2023-05-16,133.86348654125752,136.79690063314746,133.72927853141863,136.50930786132812,628668
2023-05-17,136.43263215767843,138.84837637107253,136.12586262910864,137.90892028808594,429515
2023-05-18,138.5416015226115,139.5002342200021,136.39425901452987,137.2761993408203,448039
2023-05-19,137.31455808927723,137.64048970823163,136.37508747806797,137.21868896484375,519998
2023-05-22,137.79389638378197,138.6183212513489,136.9119558834322,137.4296112060547,429025
2023-05-23,137.71719787450968,137.71719787450968,134.09356689453125,134.09356689453125,480412
2023-05-24,132.25298690839156,132.29132578407976,130.2781910624222,130.93006896972656,930399
2023-05-25,131.25598806267047,132.3680055098122,130.37404773039142,131.46688842773438,442348
2023-05-26,132.04209212098408,133.63341151208041,131.0067669026035,133.30747985839844,463863
2023-05-29,134.40032549258294,134.4770178775173,132.8089914172424,133.42251586914062,264168
2023-05-30,133.35475158691406,133.80004836030372,132.52225178776274,133.35475158691406,503575
2023-05-31,131.84463941289832,133.7032405283904,131.0121396118171,131.10894775390625,1418160
2023-06-01,132.11567104171962,133.296659354957,132.11567104171962,133.10305786132812,326281
2023-06-02,133.7806758666324,134.59381103515625,132.46416497770667,134.59381103515625,548461
2023-06-05,134.57445782418017,134.86486745441425,132.34800368684864,132.85137939453125,375723
2023-06-06,132.85138376087255,133.56771079869935,132.03823381532234,132.56097412109375,349901
2023-06-07,132.3673695905432,132.90945969461217,130.76044908859052,131.031494140625,517786
2023-06-08,130.68301556207186,131.24447029032186,129.095459519411,131.10894775390625,430377
2023-06-09,131.631670573222,133.02562507349734,131.47679822829568,132.27056884765625,453111
2023-06-12,133.06435398928423,134.6712598071874,133.02562482498874,134.0710906982422,405048
2023-06-13,135.25207352200104,135.77479905162693,133.5483596345321,134.82614135742188,479093
2023-06-14,134.94230892619237,135.2714477491948,133.78068506686543,134.0130157470703,551645
2023-06-15,133.78067100986271,134.40020465446284,133.12242297472073,133.99363708496094,443775
2023-06-16,134.38085837743859,136.80091404822508,134.05171958036746,135.96841430664062,1168726
2023-06-19,136.49113174945174,139.08542418489588,136.49113174945174,138.3303680419922,496295
2023-06-20,137.98188547981772,139.76305765165122,137.59468248685462,138.4658966064453,472769
2023-06-21,138.00126200773556,138.23359268613515,135.9877737741519,137.16876220703125,530898
2023-06-22,136.6847367748547,136.6847367748547,134.40020370696348,135.58119201660156,429953
2023-06-23,134.67125625781378,135.75545126678782,133.606440601325,135.01974487304688,457935
2023-06-26,135.50376208759027,135.77480715926256,132.79329660001864,134.70999145507812,415316
2023-06-27,134.8455139717109,135.52312665079512,133.95493519765034,135.1552734375,511812
2023-06-28,135.87161899896307,137.09132185468516,135.32952884086438,136.89772033691406,426738
2023-06-29,137.2074849904184,137.9625411965372,136.5298575693162,137.71084594726562,341693
2023-06-30,138.0012382252969,139.45327148064868,137.34299023954355,138.87246704101562,782219
2023-07-03,139.37583236735125,139.8017644991365,137.22682189941406,137.22682189941406,428315
2023-07-04,137.69148936774394,137.69148936774394,135.44567067061863,135.56182861328125,248755
2023-07-05,135.29079479312185,136.2588171178974,133.9936484229263,135.1746368408203,529738
2023-07-06,134.49702131890572,134.51638590082865,129.9085902791505,130.2764434814453,651634
2023-07-07,130.48939230157873,131.67038053817106,129.38584761158137,130.52810668945312,506424
2023-07-10,129.71499248545877,132.59969489892467,129.6762780913529,132.46417236328125,392002
2023-07-11,132.85138529136978,133.00625763296784,131.2831791268371,131.86399841308594,398456
2023-07-12,132.30926080130396,134.63252283134983,131.67037740607375,133.9549102783203,437827
2023-07-13,134.09043969539104,134.9810183496494,133.31601897882175,134.30340576171875,409833
2023-07-14,134.01301483533092,134.45829683913325,132.67713928222656,132.67713928222656,389316
2023-07-17,132.63841365322295,133.4902631943284,131.88335747520924,132.61904907226562,288256
2023-07-18,132.61906004056593,134.03237915039062,132.19312784936264,134.03237915039062,379978
2023-07-19,134.47765593092532,135.6199299239607,134.32276881816662,134.5550994873047,517492
2023-07-20,133.62579773206073,137.01387593264982,133.06435777145285,136.9364471435547,501211
2023-07-21,137.28491848200815,137.34299745193678,135.75544160021755,137.1881103515625,422354
2023-07-24,136.49113538805133,138.83374742859283,135.54247773182973,138.50462341308594,442012
2023-07-25,138.79504089807045,140.49875481380317,136.76218817734505,140.18899536132812,830788
2023-07-26,140.8472446098688,141.02148153381208,138.65951952999745,140.6149139404297,901962
2023-07-27,143.34473611511902,144.52572443818332,141.77654480157514,142.9768829345703,897577
2023-07-28,143.24793002237928,146.03583886025243,142.8413624453307,145.6486358642578,590556
2023-07-31,145.8035210884874,147.54596426618184,145.22271654315512,146.13265991210938,775255
2023-08-01,146.40369528164769,146.84897725979772,142.45416259765625,142.45416259765625,755668
2023-08-02,140.96339383224895,142.57031429531165,140.595555425303,141.1957244873047,820668
2023-08-03,140.36322859689506,141.44740880835158,138.6401501447527,140.01473999023438,562429
2023-08-04,140.65362325484853,142.08629192042255,140.59554428839695,141.58291625976562,702255
2023-08-07,141.5829361602622,143.5189807586181,141.29254128718728,143.0930633544922,370892
2023-08-08,142.64777013816587,143.59642787906816,141.02148495434207,142.58969116210938,541871
2023-08-09,143.73194886231033,144.39021171582615,142.64776859869403,143.2866668701172,427932
2023-08-10,144.21594755042142,145.10652622866053,143.11240280012,143.69322204589844,597000
2023-08-11,143.03496710448428,144.00298938671216,142.27991090601438,142.45416259765625,670185
2023-08-14,142.6671263338228,143.5189758839896,142.3767166997636,142.93817138671875,476862
2023-08-15,143.30601285200177,143.40282098902992,141.0214796641078,141.54421997070312,464905
2023-08-16,141.0602088272582,142.57032123147073,140.78916376859686,141.54421997070312,389697
2023-08-17,140.7117107990941,141.5829248906689,139.68560960697587,140.11154174804688,454601
2023-08-18,139.56943177871125,139.70496906485235,137.51722946972055,138.833740234375,637921
2023-08-21,139.0079981735077,141.56357627055715,138.87247565210535,140.09217834472656,484823
2023-08-22,141.1183017586738,141.93143701508225,140.8666212566948,140.88597106933594,324037
2023-08-23,141.3312555467351,142.2992778450004,141.23444740856937,141.97015380859375,283312
2023-08-24,142.9962569918319,144.19660997522274,140.59556579589844,140.59556579589844,423039
2023-08-25,140.1308984339274,141.66037539244226,139.6468872991131,140.4600372314453,383623
2023-08-28,141.85397475136185,143.03496308415325,141.42805736666514,142.95751953125,346302
2023-08-29,143.26728269703608,143.6738502402964,142.33797490469377,143.57705688476562,362559
2023-08-30,143.7706672863958,144.68061055574753,142.20246121270245,144.11915588378906,309459
2023-08-31,144.23532138990998,144.91293403958562,143.55770874023438,143.55770874023438,809178
2023-09-01,142.550951753125,143.03496287994363,140.84723790422836,141.3893280029297,449775
2023-09-04,141.7958943961415,142.8994391652643,140.94404486421072,141.40869140625,326963
2023-09-05,140.86659561238415,141.9894901459744,139.89857340597575,141.04083251953125,328533
2023-09-06,140.1696264484428,142.2605580787199,139.80177326232533,141.36996459960938,499618
2023-09-07,141.33124428604833,144.73868664028882,141.1570073762501,143.71258544921875,498797
2023-09-08,143.71259501920912,143.90619652215938,141.69910689266135,143.79002380371094,387777
2023-09-11,144.4870068402152,145.80351779239513,143.32538300496196,145.28079223632812,779807
2023-09-12,145.68736175814982,145.99713599608148,143.03497523654244,144.3514862060547,676073
2023-09-13,144.04170661183977,144.6612402302862,142.97687628130063,143.7512969970703,586429
2023-09-14,143.40282306924485,146.1326530478804,142.1056767309994,145.78416442871094,692900
2023-09-15,146.71345969096262,148.6882334851421,146.71345969096262,147.54595947265625,1644588
2023-09-18,147.56531026951075,148.16547932204352,146.0551979625915,146.84896850585938,361377
2023-09-19,146.19073332673256,147.66211660226455,145.33886896764164,146.88771057128906,363279
2023-09-20,148.02996491688987,148.45589708236605,147.02322824736703,147.1781005859375,397298
2023-09-21,145.4550257056427,145.4550257056427,142.9575263952751,143.30601501464844,645417
2023-09-22,142.31863722819165,143.51897538085197,140.69235214566984,142.4928741455078,428891
2023-09-25,142.49287816841436,144.1385131076442,142.08631057901744,142.43479919433594,556079
2023-09-26,141.58294367239765,143.82876261565667,141.38934215645952,142.5316162109375,613463
2023-09-27,143.38347065760766,144.69998168945312,142.64777896395998,144.69998168945312,688820
2023-09-28,144.23532553220193,145.3582349672549,142.1637583603586,145.0678253173828,670191
2023-09-29,145.0097349080387,145.90031359880513,143.5770661247055,143.88682556152344,678680
2023-10-02,144.3321403363113,144.85486591353683,141.5442312021778,141.60231018066406,695413
2023-10-03,141.21511318683775,142.1831355919664,140.03412467091283,140.16964721679688,653888
2023-10-04,139.5888044646422,140.67299942080908,138.75630474495824,139.16287231445312,566152
2023-10-05,139.1628775090166,139.55009528311822,137.76893783479392,138.64015197753906,694028
2023-10-06,139.25968980393023,140.1502685546875,138.36911105317296,140.1502685546875,504968
2023-10-09,139.9760217826682,142.72520139868215,139.9760217826682,141.1957244873047,700875
2023-10-10,143.26731309555188,146.05522229327227,142.84138088247244,145.59056091308594,677803
2023-10-11,145.47438553060195,147.54595259723584,145.0871825310031,147.1974639892578,578834
2023-10-12,148.30100236494647,148.97861497032918,147.2942657470703,147.2942657470703,443414
2023-10-13,147.83635981315464,147.97188233788128,144.04171434996076,144.31275939941406,587764
2023-10-16,145.18397454404732,146.53921457172342,143.86746367847917,145.6486358642578,375724
2023-10-17,145.5324712957185,148.01060605884444,145.5324712957185,147.10067749023438,458244
2023-10-18,145.97775531423275,146.50048081953244,144.48699280758163,144.81613159179688,446085
2023-10-19,144.23531094946028,144.50635598971098,142.93816471813952,143.71258544921875,507959
2023-10-20,142.29926870670238,142.53159936087133,140.30514526367188,140.30514526367188,649462
2023-10-23,140.69235728487646,142.04759736495674,140.34386866666702,141.97015380859375,502117
2023-10-24,142.27990625804526,146.55856283321646,141.89270326614232,143.86746215820312,805571
2023-10-25,143.2092233028591,144.09980205803313,141.79590422715683,143.73194885253906,467882
2023-10-26,142.55094843526985,144.2546770153598,141.21508780051857,143.01560974121094,673718
2023-10-27,144.7193335906637,144.95166425975268,140.51812036119577,141.97015380859375,654508
2023-10-30,143.3834550351515,143.8868307553539,142.55095528556006,143.36410522460938,318515
2023-10-31,143.9255397277077,143.9255397277077,140.6536345967165,142.31863403320312,645497
2023-11-01,142.686474017969,145.45501824916408,142.18311308200433,144.99037170410156,451692
2023-11-02,146.1326463510583,147.991247311172,145.7067141948317,147.0038604736328,584920
2023-11-03,146.90704841222475,147.12001448464463,144.5257219963982,145.26141357421875,635564
2023-11-06,145.55182722657608,146.34559779687473,144.9710079637449,145.20333862304688,451653
2023-11-07,145.10651727491322,145.7260508724535,144.56442722342123,145.3969268798828,469948
2023-11-08,145.16462063346927,148.26228882647075,145.06781250178136,147.50723266601562,534495
2023-11-09,147.37171268752996,148.59141540527344,145.93902912222802,148.59141540527344,486978
2023-11-10,148.64949150598653,149.2690251433134,147.68146927448532,148.18484497070312,404333
2023-11-13,148.59141726106418,150.7210632839262,148.59141726106418,150.1402587890625,468740
2023-11-14,149.65626566781327,152.8894568679365,149.36585600000925,152.1150360107422,608591
2023-11-15,152.07631521067609,153.08305194303946,151.94079267418775,152.65711975097656,461742
2023-11-16,152.81201177152855,154.24468074190787,152.59904566866618,153.93492126464844,591886
2023-11-17,154.39954274000567,156.29687277378895,154.24465564115667,155.42564392089844,660272
2023-11-20,155.15462013211672,156.35497315631739,155.13525554939687,155.56118774414062,521429
2023-11-21,154.88355836159516,156.21943377913502,154.45762621276523,155.8128662109375,349685
2023-11-22,155.8515994037597,156.5292120991715,155.17398670834794,155.75479125976562,445742
2023-11-23,155.65799788662048,156.14200906489302,155.17398670834794,155.75479125976562,321147
2023-11-24,155.75478369957466,157.18746735273152,155.59991135589001,155.87095642089844,360113
2023-11-27,155.61925092682355,156.25814915409399,154.65122868096432,154.67059326171875,359530
2023-11-28,154.5544335321971,156.62600052355407,154.41891101017737,156.04518127441406,597418
2023-11-29,156.10326898195444,156.41304320439247,154.90293079712688,155.0190887451172,569514
2023-11-30,154.99972747978714,155.96774978934533,153.81873908045827,155.87095642089844,1468919
2023-12-01,157.67149149336208,159.02671693002088,156.74218350047502,157.9231719970703,737160
2023-12-04,157.78763561147522,158.50397743421058,156.103271484375,156.103271484375,544048
2023-12-05,155.9871037923884,156.76152454168368,154.3027397704847,155.34820556640625,940309
2023-12-06,155.85158021709765,158.94924842252271,155.42564806931787,158.7362823486328,552784
2023-12-07,158.31035622155508,158.87181091308594,158.0974049104136,158.87181091308594,365669
2023-12-08,157.74891562557858,159.60751661156178,157.30361888218528,159.3364715576172,539513
2023-12-11,159.22030168726076,160.18832397460938,159.12350832103465,160.18832397460938,773418
2023-12-12,160.09152130803164,162.12435913085938,159.23965701798173,162.12435913085938,471202
2023-12-13,162.6471085071692,163.36343554492757,160.1883236309046,160.420654296875,568084
2023-12-14,160.61424444350277,161.15633452159065,155.3675658007998,155.63861083984375,781122
2023-12-15,156.5872943475364,156.5872943475364,153.19921602886896,155.03846740722656,1499223
2023-12-18,154.4189244730154,156.21944657730944,154.22532296337218,155.6192626953125,361211
2023-12-19,155.42566759514634,155.54182555155276,154.39956625795907,155.07717895507812,503925
2023-12-20,154.86419692004162,154.9803696353437,152.11501724840107,153.0636749267578,570358
2023-12-21,152.65710354880986,154.43826091671386,152.32797953381942,154.24465942382812,362779
2023-12-22,154.39955942918533,154.86420600510962,153.79939031983113,154.7286834716797,257931
2023-12-27,155.11589368643737,155.21268705081906,153.87682636391003,154.8448486328125,315870
2023-12-28,154.88356975758006,155.3482163310153,154.34147962676425,154.51571655273438,239460
2023-12-29,154.41891881743098,154.980373514427,153.97362206779698,154.36083984375,227687
2024-01-02,155.6192465538367,156.80023484226632,154.45762284561735,154.96099853515625,385344
2024-01-03,154.78676401209293,154.9610157116063,153.08305003591508,153.58642578125,286168
2024-01-04,153.08304615184184,155.40629376685166,152.5409560263961,155.2126922607422,376906
2024-01-05,154.1672178916937,155.15460472044433,153.47024069149884,154.43826293945312,315269
2024-01-08,152.03757096083885,156.6647160957988,151.66971778221824,156.02581787109375,344186
2024-01-09,156.45175656655871,157.47785782264407,155.75477934151058,156.6066436767578,326109
2024-01-10,156.81961074326216,158.62013279077797,156.6066446581158,158.38780212402344,367318
2024-01-11,158.46523730383606,159.917270659896,158.01995534631877,158.7362823486328,371230
2024-01-12,160.18832392830856,164.350822716874,160.16897411757765,163.11175537109375,498864
2024-01-15,162.7439009998746,163.3247202762599,162.62774305293664,163.13111877441406,320792
2024-01-16,161.73717418700946,162.97624159937178,160.63362931128523,162.53094482421875,354817
2024-01-17,161.25314298279193,161.83394745157312,160.63360935358386,161.4854736328125,442190
2024-01-18,161.6210081748387,165.57052612304688,161.02082431035237,165.57052612304688,505822
2024-01-19,165.82220870633046,166.69342279318698,163.5376756836513,164.4088897705078,453035
2024-01-22,165.1446068697138,166.63535468168098,164.8929116235813,166.4998321533203,454570
2024-01-23,166.05453218687364,166.4030207917391,159.23966196720679,163.40216064453125,577350
2024-01-24,163.16984453142138,166.63536630797657,162.22118676670812,165.88031005859375,474807
2024-01-25,165.60925860325517,167.0419274865287,165.53181504593658,166.42239379882812,453889
2024-01-26,165.88030227236476,168.24227905273438,165.80285871569794,168.24227905273438,542725
2024-01-29,168.4358802074006,169.42326708928144,168.28099309439025,168.91989135742188,424728
2024-01-30,169.3651970111784,169.9072871643419,168.80374227515935,169.01670837402344,328447
2024-01-31,169.403912521789,169.44262691690616,167.6421047415549,167.8744354248047,460013
2024-02-01,165.43499792265476,168.2809857234574,164.75738529647492,167.68081665039062,430844
2024-02-02,168.90052490912643,169.88791178009603,168.20354767913,169.8491973876953,351158
2024-02-05,169.55879895961255,170.54617112502896,169.15223134370305,169.90728759765625,339981
2024-02-06,171.14634905178178,172.05629239550075,170.56552975170845,171.33995056152344,263364
2024-02-07,172.26924121606817,172.26924121606817,169.7910919189453,169.7910919189453,417053
2024-02-08,170.54616221366166,170.5848913774478,169.34582401155805,169.8104705810547,282540
2024-02-09,169.6749585155642,170.9333905409709,167.68083481217084,170.77850341796875,518334
2024-02-12,170.6623349393933,171.08826711596495,167.85506139873837,169.3651885986328,325440
2024-02-13,168.9392389322034,169.11347583866362,166.2868527795964,168.0486602783203,503250
2024-02-14,168.18419786933913,171.1657082930418,168.1261041244658,170.2944793701172,382560
2024-02-15,178.5614105343384,179.08413610812912,174.72803550009357,177.302978515625,824799
2024-02-16,177.16745068784516,182.53028788825722,176.89640561754842,181.87203979492188,625128
2024-02-19,181.11697802780702,183.07237243652344,180.82656838397497,183.07237243652344,339874
2024-02-20,182.60772964314245,185.84092064320606,182.12371848370123,184.36953735351562,416248
2024-02-21,185.12458449630648,185.12458449630648,182.33667562805948,183.14981079101562,400388
2024-02-22,183.61446282649044,185.60860117257297,182.20115853976128,185.3181915283203,557705
2024-02-23,185.35690887096362,188.41586293352253,183.98231895519692,186.84767150878906,430568
2024-02-26,186.38301380338336,188.02866358887053,186.13133331389466,187.4672088623047,271145
2024-02-27,187.87375776708237,188.76433645374712,185.76346160691278,186.1700439453125,377784
2024-02-28,186.2281246230674,187.60271444144254,185.80219247100945,187.041259765625,391348
2024-02-29,187.1961609486299,189.0353974480976,186.44110472077702,187.50592041015625,665746
2024-03-01,188.41585043214548,188.59010211824778,186.01515938437717,187.2542266845703,283431
2024-03-04,188.2416270310673,190.197021484375,187.3510334974469,190.197021484375,375304
2024-03-05,189.88725064111293,192.63643032282727,189.79044250648104,191.49417114257812,390031
2024-03-06,192.21049985445626,192.7525899631289,191.43607908313203,192.36538696289062,415258
2024-03-07,191.04886127409733,192.868747730017,190.33251953125,190.33251953125,473519
2024-03-08,190.23574293635167,190.31318649138976,186.5959697038012,189.19027709960938,436526
2024-03-11,188.28031803733634,189.4225771441632,186.86699912513293,188.2996826171875,418194
2024-03-12,189.98405232852267,191.59097290039062,188.2416239955892,191.59097290039062,582981
2024-03-13,192.13305312434056,193.13980454167506,190.6035761882401,192.6364288330078,350468
2024-03-14,193.5657512841927,196.3633352224081,193.0236463727811,193.99166870117188,686374
2024-03-15,194.13687514381144,196.7989364677781,193.79806143060372,195.8793182373047,1148014
2024-03-18,196.21812768327166,197.96057087003834,195.5405149914315,196.84735107421875,285823
2024-03-19,197.4281286814764,199.315769055032,197.0409257020767,199.2673797607422,293921
2024-03-20,198.15414998380845,198.83176259904099,196.7021166208042,198.2993621826172,404224
2024-03-21,201.30024106832042,201.59065072221,199.36419640352128,200.04180908203125,540800
2024-03-22,199.75140547613077,201.49383378168176,199.26739433106707,200.62261962890625,450242
2024-03-25,200.86461849544162,202.60706151366793,200.86461849544162,201.39703369140625,358517
2024-03-26,201.05822433178508,204.34950894187315,200.42901575896929,204.25270080566406,470656
2024-03-27,202.9458666713371,206.52756095185896,202.60706773321198,202.6554718017578,479500
2024-03-28,202.8006688950334,205.02712310676182,201.6390451061288,203.3330841064453,591624
2024-04-02,203.1878791633253,205.22073194470178,196.99254222050385,198.7349853515625,708324
2024-04-03,199.41259328626606,200.3806155837722,196.99253754250068,199.7030029296875,646950
2024-04-04,199.6061967989705,202.02625256707356,199.6061967989705,199.8966064453125,385457
2024-04-05,197.08933723033374,198.92857360839844,194.57247345638973,198.92857360839844,685964
2024-04-08,199.41258826622598,202.12305358517915,199.02538526531023,201.3486328125,450569
2024-04-09,200.09021587754364,200.96144485107635,194.3788899469518,197.08935546875,480590
2024-04-10,197.57335469410648,198.83177185058594,194.95968270240823,198.83177185058594,611980
2024-04-11,199.50939926819535,200.18701191495686,196.21811462973557,198.83177185058594,424290
2024-04-12,200.57423482743653,202.99429078522618,198.4445885387515,199.21900939941406,478136
2024-04-15,202.31666149722267,204.2527061048516,200.47742502831446,201.2518310546875,366710
2024-04-16,198.25096332002317,200.67101898855168,196.79892991890608,198.44456481933594,495443
2024-04-17,197.76694722695967,201.8326376939636,197.47653759984928,200.09019470214844,388728
2024-04-18,200.67102218192971,202.12305560615374,199.12218062108496,201.542236328125,388351
2024-04-19,199.02538577364376,201.058223689915,197.3797360884295,199.31578063964844,589183
2024-04-22,201.1550411527972,201.44545080311502,197.37974524036204,198.7349853515625,429718
2024-04-23,199.31577550520024,202.6070600199963,197.9605502625972,202.316650390625,496496
2024-04-24,201.44544875332096,205.60793287241083,200.86462945859535,203.47828674316406,511185
2024-04-25,203.09109365976562,203.09109365976562,197.5733691734116,200.86463928222656,501784
2024-04-26,203.28468393606525,204.73671739275142,196.60533594364807,201.92945861816406,680117
2024-04-29,201.3486380953218,203.09108118685478,197.67015040671842,198.34776306152344,406845
2024-04-30,199.7030034956997,199.7030034956997,196.60533508907002,197.67015075683594,539686
2024-05-02,196.1213093971465,197.0893316256204,194.5724679232495,196.31491088867188,475358
2024-05-03,198.54138746457338,200.09021434311717,197.28295547079804,199.7998046875,323192
2024-05-06,199.99342097181056,201.3486463368925,199.60620317403811,199.7998046875,230180
2024-05-07,201.3486413283565,202.12306213378906,200.28381087453067,202.12306213378906,484497
2024-05-08,202.8974691907494,206.67275005150114,202.800661057562,204.34950256347656,431918
2024-05-09,204.25269179625556,205.99513477522717,203.57507918522413,205.51112365722656,299646
2024-05-10,205.99513680067682,208.80239540434388,205.60791903996073,205.70472717285156,498459
2024-05-13,205.02711328475564,205.22071477849045,202.6070576859527,202.8006591796875,293285
2024-05-14,203.09106455442978,203.09106455442978,200.09018976639226,201.73582458496094,301449
2024-05-15,202.8974751909259,205.5111323849576,202.60706555362285,204.93031311035156,469391
2024-05-16,205.22071984915095,205.22071984915095,201.155029296875,201.155029296875,354762
2024-05-17,200.4774314996047,202.41347616972797,199.70301067738566,201.83265686035156,421162
2024-05-20,202.2198411806432,205.70472717285156,202.12304781859962,205.70472717285156,246048
2024-05-21,205.99514569274461,206.96316798004995,204.05910111813395,205.80154418945312,228530
2024-05-22,205.80154516446856,208.8024054068234,205.51113552273154,208.02798461914062,428764
2024-05-23,208.22160001094676,211.80327952158262,207.9311903704416,210.7384490966797,511481
2024-05-24,209.86723764717263,210.3512487972949,208.31839605844223,209.5768280029297,284852
2024-05-27,209.86723027726785,211.90006817388527,209.86723027726785,211.7064666748047,319845
2024-05-28,212.09760807703915,213.07546706295625,207.99060332037618,210.0441131591797,494837
2024-05-29,209.9463171428999,210.533038491232,206.4260338157385,207.892822265625,380304
2024-05-30,207.50167332008974,210.23968145815212,207.40389637430349,209.06625366210938,462018
2024-05-31,209.359619140625,211.41311410053726,208.57732895168232,209.359619140625,1005206
2024-06-03,211.70646442088076,212.87989218636898,210.4352447912087,210.6308135986328,417710
2024-06-04,210.23968791480092,211.31533879809163,206.62161254882812,206.62161254882812,570238
2024-06-05,207.69724419630214,208.38175742832706,206.42603944184233,207.3061065673828,680901
2024-06-06,209.55518298508883,210.1418894221657,206.23045349121094,206.23045349121094,820174
2024-06-07,207.30611426828403,207.99061260479226,203.68803884307366,203.9813995361328,763825
2024-06-10,201.53673212966962,203.68801879882812,199.97215186794898,203.68801879882812,706659
2024-06-11,204.17696134338,205.8393186523455,201.2433843554606,202.6123809814453,578631
2024-06-12,203.39467166302848,204.27473879319277,202.5146045328642,203.59024047851562,792502
2024-06-13,203.39466277963817,204.17695292836396,198.21200733039137,198.30979919433594,815625
2024-06-14,198.30980105915256,198.6031617328013,191.171427631437,192.29595947265625,1349952
2024-06-17,193.66496891029647,196.4518579778738,192.68710995586017,195.4739990234375,696929
2024-06-18,197.42971547327787,199.7765858991474,196.35407958391315,198.21200561523438,568327
2024-06-19,198.30981351152218,198.60317420359178,196.35409545898438,196.35409545898438,551044
2024-06-20,196.74521298019616,199.28765215686067,196.74521298019616,198.89649963378906,362820
2024-06-21,199.38544561642647,199.97216698917342,197.6253113400743,198.01644897460938,1470703
2024-06-24,198.2120119714985,202.22123975200392,198.01644315997373,201.43894958496094,478543
2024-06-25,195.7673571756147,196.06071784236053,191.26921499563778,194.83839416503906,966982
2024-06-26,195.47400459006852,196.94079306349357,191.85592933980882,192.49154663085938,738082
2024-06-27,194.8872901219631,196.74521614335885,193.22493290477587,193.42050170898438,484775
2024-06-28,193.12714977715518,194.05611282986916,191.66036129783504,193.02935791015625,789045
2024-07-01,196.84301501016782,199.87436888562203,196.64744619900043,197.62530517578125,591898
2024-07-02,196.35407848364412,197.4297143669815,194.3983606001834,196.25628662109375,519774
2024-07-03,197.52751519402204,198.99430367318558,196.0607267148585,198.70094299316406,548213
2024-07-04,200.16773986816406,201.04782194514274,199.18988084103972,200.16773986816406,395453
2024-07-05,200.8522341273495,202.41681450737846,197.03858996732734,198.01644897460938,571047
2024-07-08,197.72307640856496,202.22123354018007,196.74521746003504,201.0478057861328,475079
2024-07-09,200.65665731105221,201.5367393350888,197.5275115966797,197.5275115966797,494600
2024-07-10,198.11423145855673,200.85222461248546,196.64744301711906,200.26551818847656,426271
2024-07-11,200.26552556783116,200.85223201345892,198.7987370723455,199.77659606933594,434091
2024-07-12,199.67879684352405,200.26551818847656,196.84301182512203,200.26551818847656,496739
2024-07-15,198.505373149066,200.75445178962352,196.6474470534868,196.74522399902344,424829
2024-07-16,195.57179113426747,198.40757613733695,194.44725930362287,198.30979919433594,298020
2024-07-17,197.72308999485534,199.2876703883888,196.74523097913308,198.11424255371094,421013
2024-07-18,198.50537900105536,199.1898773237667,194.74061584472656,194.74061584472656,500891
2024-07-19,194.5939430864911,196.74522992536896,193.32272338867188,193.32272338867188,592066
2024-07-22,194.10501806826002,197.33195586164422,193.86055330998767,196.45187377929688,333393
2024-07-23,197.23414693429999,201.4389433971674,195.0828602317228,201.0478057861328,481956
2024-07-24,199.97216599005415,200.16773480634458,195.86516116417832,196.06072998046875,418990
2024-07-25,194.15390741766635,195.76736879915134,191.220330417916,195.08287048339844,423330
2024-07-26,194.10499686347106,198.89649963378906,194.10499686347106,198.89649963378906,463965
2024-07-29,199.5810327489269,200.16773921070768,195.37623596191406,195.37623596191406,376898
2024-07-30,196.35408537271772,201.73230974092942,196.1585165616988,200.46109008789062,522587
2024-07-31,200.46109076522487,205.5459544736174,196.4518629815428,198.60316467285156,1054513
2024-08-01,197.91864926264395,198.21200993739254,188.72678092681394,189.0201416015625,786481
2024-08-02,187.7489106509464,190.43802265245736,186.37991414582706,186.917724609375,990103
2024-08-05,183.83749131287573,185.35317574139944,180.61055364074812,184.61978149414062,656228
2024-08-06,185.79320328075255,187.06442291896747,183.93527721632248,185.20648193359375,750445
2024-08-07,186.2332418003715,189.55797132142052,184.81534924800158,188.3356475830078,678271
2024-08-08,186.47769759639408,187.79781313888674,185.64652644673936,187.3088836669922,517330
2024-08-09,187.45555709102197,188.9712414425376,186.4776981443594,188.2867431640625,413881
2024-08-12,189.3623810286571,189.4112769606891,187.21109430774138,187.94448852539062,270739
2024-08-13,188.72678460842297,189.31350596936562,186.77106663320615,188.7756805419922,331575
2024-08-14,189.7046491698164,190.58471631614395,188.62899828346542,189.6068572998047,305822
2024-08-15,189.85130904188904,191.26921645515623,188.23784774389023,190.6824951171875,382497
2024-08-16,191.56257846617012,192.6382293701172,190.6336153696402,192.6382293701172,388866
2024-08-19,192.1492919921875,192.39375674026917,190.43803875561585,192.1492919921875,272009
2024-08-20,193.6160799694793,194.10500946435172,191.12253656144114,191.1714324951172,211641
2024-08-21,191.17142626239792,192.295958095564,190.97585745501385,192.19818115234375,297918
2024-08-22,192.39375054954206,193.5671783183874,191.75814819335938,191.75814819335938,234266
2024-08-23,192.24707820863858,193.1271453074851,191.8559256706395,192.7360076904297,330932
2024-08-26,192.1003977685677,192.44265438730662,191.17143470177604,192.24708557128906,115709
2024-08-27,192.63822148835084,193.078255050709,191.26922486747117,192.1492919921875,232350
2024-08-28,192.638215236899,194.05610774557067,192.19818168882068,193.17604064941406,297955
2024-08-29,192.8826889389149,194.4961503304825,192.7360160563885,194.2028045654297,269552
2024-08-30,193.86054512997953,195.96293599403293,193.5671844482422,193.5671844482422,557903
2024-09-02,193.5671802386641,193.5671802386641,191.3669975548984,192.8337860107422,216074
2024-09-03,192.63821873098047,193.5182858430998,189.16681637372074,190.0957794189453,305646
2024-09-04,185.79320705522247,189.90021180593857,185.79320705522247,189.21571350097656,351852
2024-09-05,188.67788215470867,189.16681163161692,185.98877003171324,188.384521484375,384743
2024-09-06,188.38453228965324,192.1492954461619,187.45556921443318,188.0911865234375,579382
2024-09-09,188.92235392898613,190.63360716189533,187.74892612489435,189.7535400390625,352208
2024-09-10,189.7046464667209,191.80703735351562,189.16682103120888,191.80703735351562,541180
2024-09-11,192.14928718822432,192.98047327929896,189.99800044307926,191.85592651367188,659379
2024-09-12,193.5182749812201,197.91864013671875,192.98046451008022,197.91864013671875,636580
2024-09-13,197.820877577735,199.18987420170023,197.03858739792167,198.79873657226562,506834
2024-09-16,198.0164463924523,200.55888574660958,197.6253087630177,198.79873657226562,388524
2024-09-17,199.28766866826487,200.95002599645542,196.8430211500598,198.01644897460938,689745
2024-09-18,198.21202302304687,198.6031755888495,195.66959848958106,196.45187377929688,337071
2024-09-19,199.48321825237363,204.76365041420638,198.79871999746095,204.3725128173828,536894
2024-09-20,205.25259878752993,207.01274797734354,204.37253165309528,205.54595947265625,1035442
2024-09-23,206.3282532295004,207.59947293974784,204.27474331902806,206.71939086914062,586225
2024-09-24,208.77288871711784,209.94631648918457,207.50166908031903,209.75074768066406,521132
2024-09-25,208.18616203933794,209.45738164358312,207.69723257008545,208.47952270507812,527760
2024-09-26,210.14188021136852,211.80425234591547,209.4573819376427,211.31532287597656,598277
2024-09-27,209.75074542118335,210.82639623787452,206.7193766984672,208.6750946044922,832543
2024-09-30,207.50166125740768,208.47952018408813,205.44816646394452,206.426025390625,964255
2024-10-01,207.1105275892043,208.38174720222455,204.4703114212044,205.74151611328125,586330
2024-10-02,206.03488278181226,208.18616953984088,203.68802721322535,205.15481567382812,517004
2024-10-03,205.25259589453555,206.23045488387766,202.41681079382099,202.5146026611328,733009
2024-10-04,202.31901772881525,204.37252756265494,200.46109162844144,203.39466857910156,506724
2024-10-07,203.883587886426,204.8614468211331,198.79872441013785,198.99429321289062,691729
2024-10-08,197.4297268803771,200.46109576025128,196.45186787666856,199.87437438964844,607658
2024-10-09,199.97215835914506,200.06995022403066,197.03858146390087,199.38543701171875,456580
2024-10-10,197.62529243451368,199.18985774392624,195.9629203444074,196.84300231933594,545927
2024-10-11,196.5496511526458,201.1455852849617,195.7673609996903,200.26551818847656,523734
2024-10-14,201.34115620762807,204.1769561767578,201.1455873975711,204.1769561767578,353392
2024-10-15,204.56808725529672,205.83930686143248,202.9057300415546,203.78579711914062,795938
2024-10-16,203.88360595703125,205.54596330918264,202.6123862450527,203.88360595703125,410389
2024-10-17,204.47031357390182,210.43524425019126,204.47031357390182,209.6529541015625,531359
2024-10-18,207.69724737873085,210.3374786376953,206.81718023970558,210.3374786376953,486162
2024-10-21,209.35962483027092,210.0441231688439,207.3061148936073,208.7729034423828,440315
2024-10-22,208.57731600708686,210.53303389759694,205.64373917132178,205.74151611328125,554266
2024-10-23,203.78579992184862,207.403889986213,203.6880229790739,205.8393096923828,388264
2024-10-24,205.93711202647273,207.20831679377966,204.8614611546577,205.54595947265625,328660
2024-10-25,203.39466284352838,207.79502814543164,203.1990940365214,206.81716918945312,522647
2024-10-28,206.91497460990524,208.08840244977037,205.15482538963528,206.71939086914062,392049
2024-10-29,206.9149648107402,208.87068275821053,204.5680943212095,205.15481567382812,466180
2024-10-30,204.6658813893386,205.35037967071898,201.92787334287365,204.8614501953125,481786
2024-10-31,204.37252445793666,205.64374410143316,202.61237533009106,203.1990966796875,791811
2024-11-01,203.19909350236992,206.426031032805,203.19909350236992,205.8393096923828,544919
2024-11-04,205.54595518748266,208.7728928147091,205.54595518748266,206.23045349121094,472033
2024-11-05,206.4260300582963,212.586529498929,206.13266938947012,212.39096069335938,676147
2024-11-06,214.1511173866392,219.0404123041424,213.1732584031386,214.7378387451172,858089
2024-11-07,214.93340181199093,218.64926883414893,213.56439031912032,218.16033935546875,576180
2024-11-08,219.13820731816264,220.40941207821552,214.93341064453125,214.93341064453125,672105
2024-11-11,217.08468066297982,220.50718688964844,217.08468066297982,220.50718688964844,678397
2024-11-12,219.52934481895505,220.01827431743826,212.0976104736328,212.0976104736328,928357
2024-11-13,212.19540502818208,214.151123046875,211.99983621050166,214.151123046875,665527
2024-11-14,215.3245429393891,216.10683310222845,212.68432669563208,213.6621856689453,575902
2024-11-15,211.51089223490274,214.05331653269204,211.21753156798076,212.29318237304688,480390
2024-11-18,211.8042565231424,213.56439071288142,211.41310398691093,213.46661376953125,453890
2024-11-19,213.27105541889333,213.6621930533593,208.7728980178133,213.1732635498047,514022
2024-11-20,214.83560722953092,216.400187509888,212.09759919937767,213.2710418701172,338017
2024-11-21,213.85775329357907,214.64004345208065,211.31532892962863,214.54225158691406,450794
2024-11-22,215.32455307241324,216.79134160140916,211.8042695553897,215.22677612304688,427457
2024-11-25,218.25811494695165,218.74704442260386,212.48875310263313,213.3688201904297,2161755
2024-11-26,212.78211377221314,214.05331847215407,211.99982362698094,213.3688201904297,353913
2024-11-27,212.58653601846538,213.8577556750686,210.53304111559305,212.78211975097656,464513
2024-11-28,213.2710576088264,215.2267756431267,212.87990504939967,214.24891662597656,304808
2024-11-29,213.75997857314212,216.10683415211787,213.46661789553417,215.61790466308594,689452
2024-12-02,213.5644000791385,217.28026727111381,212.78212481425464,216.88912963867188,574572
2024-12-03,217.76919196466207,222.26734924316406,217.4758312863347,222.26734924316406,624652
2024-12-04,221.97397869242997,223.53855895996094,221.0939116175333,223.53855895996094,751103
2024-12-05,212.29319164789922,215.81347504193016,206.81717536259248,207.20831298828125,1828112
2024-12-06,207.69724299156638,211.21754131519728,206.23045451021085,208.18617248535156,820574
2024-12-09,208.38174720222455,208.67509294904633,205.64373917132178,205.74151611328125,751497
2024-12-10,205.25259188685476,206.2304508571036,201.34115600585938,201.34115600585938,756782
2024-12-11,201.34116444965574,206.0348906878833,201.34116444965574,205.6437530517578,598249
2024-12-12,205.6437489559346,206.1326784518256,203.49246215820312,203.49246215820312,515921
2024-12-13,202.1234511166307,205.83931827877362,202.1234511166307,204.47032165527344,464727
2024-12-16,203.88359008567403,206.81716692143914,203.88359008567403,205.74151611328125,607373
2024-12-17,206.91496414437486,208.47952954474619,206.32824279364576,207.0127410888672,623460
2024-12-18,206.91497162576925,210.14189440862341,206.8171797567973,209.359619140625,461244
2024-12-19,206.91495623678964,207.5994545058519,205.35037597526747,206.5238037109375,561987
2024-12-20,205.3503875732422,206.4260384289082,203.10130891563216,205.3503875732422,1165409
2024-12-23,205.64375737127267,206.9149770967988,204.2747457741889,204.95925903320312,363557
2024-12-24,205.15481395966052,205.83931225136706,204.86145328580236,205.05702209472656,84910
2024-12-27,205.35038807945793,206.4260389377756,204.47032095606647,206.3282470703125,320319
2024-12-30,205.74151611328125,207.59945706183183,204.95924089383192,205.74151611328125,313535
2024-12-31,204.95925264320636,207.40390014648438,204.95925264320636,207.40390014648438,128920
2025-01-02,207.01274568828228,210.1418914794922,206.13267856357905,210.1418914794922,595032
2025-01-03,209.26181831397884,209.3596101787647,206.71937903898294,206.9149627685547,431385
2025-01-06,207.40389467475282,208.9684600830078,203.59023571768455,208.9684600830078,613413
2025-01-07,208.47953467519628,211.1197509765625,207.89282823097273,211.1197509765625,514546
2025-01-08,211.31533950596153,214.05333281633798,210.43525743824526,211.41311645507812,431881
2025-01-09,210.72861144608356,216.59576536105573,210.43525076614614,215.7156982421875,416632
2025-01-10,216.1068324345371,217.67141275538185,215.22676532965178,215.52011108398438,550163
2025-01-13,214.54224367489886,214.8356043386362,210.82639167070332,214.05331420898438,618757
2025-01-14,217.57362365722656,220.8005612844214,216.79133348685448,217.57362365722656,807503
2025-01-15,217.6714124326539,218.16034191707502,215.61790262970777,217.3780517578125,895446
2025-01-16,216.98691062135913,221.093930443094,216.59577298164368,219.04042053222656,731694
2025-01-17,220.5072014574895,222.75628011064603,220.01827196423565,222.36512756347656,728695
2025-01-20,223.2452139219744,223.92971224158077,221.68063354492188,221.68063354492188,689405
2025-01-21,221.68061746926554,224.80976307550944,221.58284052838044,222.56069946289062,551019
2025-01-22,223.8319146712583,228.52564076191388,223.4407770474303,227.93893432617188,597751
2025-01-23,228.33007112301996,233.70829549636733,226.8632826575616,232.6326446533203,1009132
2025-01-24,232.7304451359755,232.8282370056709,230.77472710962275,231.26365661621094,554607
2025-01-27,229.30793196098995,231.1658580639381,226.08099432660384,229.8946533203125,718815
2025-01-28,229.8946397709071,233.21935415526744,229.7968479098023,232.82821655273438,565045
2025-01-29,232.53486461868175,234.39279068186667,232.04593513669164,232.43707275390625,412777
2025-01-30,232.63263729943066,234.0016487764815,231.6547783533701,233.12156677246094,470409
2025-01-31,234.09943415680684,235.66401449527754,233.31715890851544,234.58836364746094,629017
2025-02-03,229.50349690590596,234.58836055754375,229.30792809640906,234.39279174804688,661279
2025-02-04,234.5883653593405,235.07729485356248,231.85037212845248,234.6861572265625,645787
2025-02-05,233.61049651751523,236.15293574861056,232.92599823866445,235.95736694335938,456648
2025-02-06,236.44630690026523,237.42416589081972,234.58836586564524,235.6640167236328,546868
2025-02-07,236.83743990340548,238.40202022611888,235.27287450163587,238.20645141601562,610842
2025-02-10,238.30421733732734,240.55329585183804,237.52192721215715,240.35772705078125,470565
2025-02-11,240.6511055789983,241.04224321015027,238.30423502925385,239.57545471191406,637670
2025-02-12,240.0643908529007,241.33561057073024,238.6953941850502,240.9444580078125,653418
2025-02-13,240.55329585183804,242.9979431674055,238.695369860384,240.35772705078125,1268967
2025-02-14,241.5311732098339,243.9758207119577,235.2728815727746,240.55331420898438,1612082
2025-02-17,242.70459061937066,246.71381831931373,242.60681367604496,246.51824951171875,601348
2025-02-18,247.69167985222305,250.52747981512212,245.7359619140625,245.7359619140625,800447
2025-02-19,245.9315416850741,247.0071925673826,245.05147454205397,246.42047119140625,656437
2025-02-20,245.34480117443502,245.63816183954373,242.1178786210689,242.41122436523438,625746
2025-02-21,239.37988848828283,241.04224582009462,238.10866879185818,238.7931671142578,929126
2025-02-24,238.79316180684242,239.18431435448014,233.95276280202384,237.52194213867188,799359
2025-02-25,238.59759571308993,241.33560389398636,237.2285990831138,239.57545471191406,616234
2025-02-26,241.62896179415205,243.87802552878205,241.4333780598851,243.1935272216797,671261
2025-02-27,244.07360616329706,244.8558814066539,240.35773907357665,242.99795532226562,472272
2025-02-28,242.99795022181678,244.56253051757812,242.31345193777503,244.56253051757812,797367
2025-03-03,250.23410141965743,256.2968388968805,247.8872458884988,252.1898193359375,1021350
2025-03-04,254.1455373522223,254.53667496725478,248.47396732953322,249.35403442382812,961858
2025-03-05,254.14555133033326,257.9591955099546,253.4610679268513,254.9278564453125,894108
2025-03-06,257.07912738198974,257.07912738198974,249.06068649598836,252.97213745117188,837131
2025-03-07,253.16768872978335,253.75441009722977,245.24703979492188,245.24703979492188,1280837
2025-03-10,247.7894509633694,247.7894509633694,233.12156677246094,233.12156677246094,1337574
2025-03-11,236.54407656337918,236.54407656337918,232.53486377811896,233.31715393066406,831254
2025-03-12,237.61973197160367,245.63817261773238,235.85958282466225,244.95367431640625,976162
2025-03-13,246.02931616529477,246.420453774337,239.57544116949433,239.67323303222656,711230
2025-03-14,240.1621593627275,246.32265868975313,239.2820773724787,245.14923095703125,567733
2025-03-17,246.811591000894,247.59388113870952,244.75809617518954,247.20274353027344,539127
2025-03-18,247.78944994292758,247.88724180550827,244.95366497940756,247.20274353027344,561291
2025-03-19,247.0071954129863,252.28762817382812,246.51826590102152,252.28762817382812,617808
2025-03-20,250.91862111089767,251.11417500244656,244.26917703953376,246.90939331054688,502922
2025-03-21,245.34481022353808,247.49611189972003,242.02009568552853,244.8558807373047,1202531
2025-03-24,247.00717672383212,248.08281261620272,244.85587509720403,245.44259643554688,365782
2025-03-25,245.63816516779102,251.40754192328973,245.24702755630855,248.27838134765625,526836
2025-03-26,247.59389542281917,247.69168729104163,244.269180796474,245.24703979492188,490821
2025-03-27,242.5090241242444,244.56253392593203,240.7488749972184,242.90016174316406,542952
2025-03-28,241.92230601455395,242.21566669314402,237.6197324650459,240.25994873046875,765412
2025-03-31,236.64187622070312,240.1621745626119,234.88172704974875,236.64187622070312,809703
2025-04-01,236.7396562015797,239.67323303222656,235.76179725803073,239.67323303222656,592358
2025-04-02,239.868805771078,240.8466647306658,234.97951097313896,238.9887237548828,546230
2025-04-03,228.81898750866569,233.21935265306308,224.71198302475003,228.0366973876953,1278491
2025-04-04,226.37434904629774,227.05884733352332,212.19539413843026,213.46661376953125,1408206
2025-04-07,192.1492765492124,214.15110210828252,186.4776918653524,196.84300231933594,2329670
2025-04-08,202.71017783952271,209.0662614698154,200.95002861925278,206.71939086914062,1521920
2025-04-09,201.43895449364868,203.88360199963955,191.17143496848698,196.06072998046875,1416718
2025-04-10,215.91126869210453,217.18248836750843,205.35038858089808,207.3061065673828,1507556
2025-04-11,209.1640399335191,209.75076131817156,197.0385939655551,200.16773986816406,864980
2025-04-14,204.66588670657177,206.13267517089844,201.4389491008643,206.13267517089844,1022826
2025-04-15,206.23044996565585,211.02196785172973,206.13267302161987,210.72860717773438,808053
2025-04-16,210.14188529770507,210.53303783568975,206.7193789252933,209.75074768066406,662327
2025-04-17,209.55517294171787,210.53303187759062,206.32823546914918,207.5016632080078,451730
2025-04-22,208.28395753216978,210.43524425019126,204.95924305167688,209.6529541015625,794446
2025-04-23,212.19539603235307,216.00904003875058,211.80425841357416,214.54225158691406,787226
2025-04-24,214.5422447977051,216.30239386839762,210.92416971519137,216.009033203125,602860
2025-04-25,225.68985413241757,227.54778021422044,220.5071985871993,225.00535583496094,845271
2025-04-28,226.66771672614323,229.5035018270135,224.418638066344,226.1787872314453,639494
2025-04-29,228.91678076228754,230.18798543053984,225.29869079589844,225.29869079589844,598764
2025-04-30,225.59206212460575,229.11236039637149,225.2009245037179,227.8411407470703,874068
2025-05-02,235.66400736435685,238.01086288010583,231.16585021807057,237.9130859375,876664
2025-05-05,236.6418676858585,238.40201679333046,236.05514634305334,238.0108642578125,328548
2025-05-06,236.83744297244183,238.4020233154297,233.41493652798187,238.4020233154297,469433
2025-05-07,238.89095056757566,238.89095056757566,236.05515058761753,237.3263702392578,524042
2025-05-08,239.5754452294542,244.95366951011542,238.89094694155875,244.66030883789062,689987
2025-05-09,244.36694708441019,244.75809961929372,242.70458984375,242.70458984375,476403
2025-05-12,240.35773706562335,245.05146309127218,236.3485093326654,244.7581024169922,687487
2025-05-13,244.4647470431245,246.02932739257812,243.486888054952,246.02932739257812,496532
2025-05-14,246.42047119140625,247.88725971040273,245.05147454205397,246.42047119140625,508434
2025-05-15,246.90938089472598,249.06066756585773,246.3226595658068,248.962890625,491552
2025-05-16,249.25624480245648,252.092029839318,248.18060889096654,250.4296875,661186
2025-05-19,249.3540232143242,253.36325073242188,247.78944298264148,253.36325073242188,522214
2025-05-20,253.85219822163327,256.68798330693227,253.16768499605962,255.41677856445312,492381
2025-05-21,254.92783891831354,255.9056978633905,253.46105050069815,253.85218811035156,521648
2025-05-22,253.65660493403303,255.80790655461698,251.60309517654593,254.83004760742188,454187
2025-05-23,255.02561689991222,257.37250238848446,245.24704175810086,249.15847778320312,737529
2025-05-26,255.02562245326834,256.0034814808374,252.87435049774984,254.24334716796875,397936
2025-05-27,252.66110643169702,256.8144517595058,252.66110643169702,256.32000732421875,572871
2025-05-28,255.33112520682187,260.37443443734435,255.33112520682187,256.6166687011719,623134
2025-05-29,258.0999839770963,259.28666264149126,255.82555174524668,256.7155456542969,300636
2025-05-30,256.5177666947315,260.17666758302397,256.41887177208974,258.49554443359375,704693
2025-06-02,256.715545451985,259.3855271770314,254.93552745679534,258.8910827636719,432689
2025-06-03,259.38553005898336,262.0555419921875,258.79222089915345,262.0555419921875,644974
2025-06-04,262.05554337151307,265.21999974022646,260.8688646886224,262.54998779296875,452945
2025-06-05,261.56109619140625,264.4288677699047,261.26444161305864,261.56109619140625,431855
2025-06-06,262.05553796963125,263.7366610393238,260.1766552425285,262.7477722167969,322678
2025-06-09,262.45108746294363,263.04442679215816,260.2755501604796,262.7477722167969,368498
2025-06-10,260.1766521384639,261.4621955210148,257.3088806230485,257.4077453613281,667459
2025-06-11,256.61665752548345,259.0888796596403,255.52887375075588,257.01220703125,512556
2025-06-12,258.49554471198195,258.49554471198195,253.05665592425342,255.2322235107422,584939
2025-06-13,249.10109917190556,253.25444447820533,248.705549661423,250.38665771484375,927334
2025-06-16,250.68331641380422,256.91330392192214,250.68331641380422,256.2210998535156,541260
2025-06-17,253.15553417158398,257.80332362816193,251.86997570676976,256.9132995605469,444285
2025-06-18,256.2210956856267,262.05553360567745,256.2210956856267,259.0888671875,563376
2025-06-19,257.01220149283085,257.9021954062501,255.034423828125,255.034423828125,385300
2025-06-20,256.5177697138291,258.29778780685115,255.7266706803707,257.30889892578125,1071769
2025-06-23,255.92443305069156,258.3966552794598,253.74889559647193,256.1222229003906,358691
2025-06-24,259.87998149334925,264.2311166395109,259.68222182756483,260.1766662597656,523136
2025-06-25,260.6711246038332,263.44000150053387,260.4733347489997,260.77001953125,356707
2025-06-26,261.0666653270747,264.6266713445063,260.67111580924757,264.3299865722656,302183
2025-06-27,265.02222222222224,269.867771742079,264.8244323730469,269.1755676269531,541663
2025-06-30,270.9555592597955,273.8727935932969,270.5600097345312,272.8344421386719,823729
2025-07-01,273.82333190541635,273.82333190541635,261.9566650390625,261.9566650390625,651796
2025-07-02,261.9566565833491,265.12111305029555,261.2644524789188,263.3410949707031,332311
2025-07-03,263.0444444444445,267.3955495198568,261.9566606309679,267.0,341738
2025-07-04,264.52778315687505,267.49444988386807,264.52778315687505,266.8022155761719,366310
2025-07-07,267.7911057251153,272.63668554443586,267.7911057251153,271.6477966308594,392988
2025-07-08,274.1199949815531,274.6144393951717,271.9444274902344,271.9444274902344,590528
2025-07-09,272.933310907207,277.1855207086401,272.933310907207,276.4933166503906,569356
2025-07-10,277.87776327824247,278.17441785803226,272.9333190917969,272.9333190917969,571634
2025-07-11,271.94443977369605,276.69109428743957,271.548890260633,276.3944396972656,502734
2025-07-14,274.2188707986267,278.0755615234375,273.8233212874519,278.0755615234375,312933
2025-07-15,279.26220010722085,280.2510889391717,276.29553361136834,276.78997802734375,356920
2025-07-16,276.6910956512937,280.2511016433959,275.5044471062553,276.8888854980469,491315
2025-07-17,279.6577481361313,283.01999428990655,277.5811057427304,280.6466369628906,631245
2025-07-18,281.7344248643936,283.81109746692323,280.34998652220463,282.1299743652344,392422
2025-07-21,281.8333200202962,283.3166532835609,278.76775857385064,279.9544372558594,307798
2025-07-22,278.7677557818598,279.85553953305777,270.5599905453967,272.4388732910156,539203
2025-07-23,275.3066657135794,277.0866838535378,273.6255726785289,275.50445556640625,524559
2025-07-24,278.86667317620845,280.6466611463609,274.911117528319,275.9989013671875,488885
2025-07-25,276.0977796143307,276.39443419860294,273.22997780006614,274.4166564941406,337676
2025-07-28,276.39443550998107,279.0644474950704,272.438880082289,272.73553466796875,388430
2025-07-29,273.9222175542475,282.32777296656195,273.9222175542475,278.57000732421875,788930
2025-07-30,277.48223300171895,280.35000479282496,277.2844431491622,277.67999267578125,740853
2025-07-31,284.7999919041451,291.92000377314594,284.5033373173088,286.2833251953125,849875
2025-08-01,288.5577692363399,288.75555908793484,273.92222557314363,277.185546875,657272
2025-08-04,280.4488762064801,284.7010860734979,279.45998738359305,284.5033264160156,459201
2025-08-05,286.8766590163371,289.05219636100793,282.9211036494893,284.3055419921875,424569
2025-08-06,286.9755733933717,289.0522159589708,284.1077714151739,286.8766784667969,398518
2025-08-07,287.56886733617614,289.4477803059113,286.18442897307625,287.9644470214844,351860
2025-08-08,287.9644470214844,291.0299783331724,287.371107672015,287.9644470214844,366658
2025-08-11,287.76664605242604,287.96443588743267,283.0199917971848,284.0088806152344,316746
2025-08-12,285.2944212167104,288.1127603562826,284.2066374917976,287.37109375,267337
2025-08-13,289.54663366812684,290.337762829155,286.1844177246094,286.1844177246094,303416
2025-08-14,286.8766576254761,290.9311078925365,286.8766576254761,290.3377685546875,347680
2025-08-15,291.22778188443857,291.7222263358553,287.86556565050387,288.5577697753906,455752
2025-08-18,289.64555087573063,289.9422356508825,286.4811245235694,289.74444580078125,290199
2025-08-19,289.8433199750642,290.33776438642445,286.38220909554263,288.85443115234375,327715
2025-08-20,286.9755526556587,289.24998491005016,285.59108414064576,285.9866638183594,302632
2025-08-21,288.6566606309679,290.33778381347656,287.0744323730469,289.25,254194
2025-08-22,287.272216796875,289.7444389724075,287.272216796875,287.272216796875,397641
2025-08-25,286.7777584433108,288.557746251907,286.5799686074704,286.6788635253906,209909
2025-08-26,285.49222205691814,287.2722099092272,280.9433273273042,284.79998779296875,935999
2025-08-27,285.8877633338302,286.7777572343765,281.8333131441286,284.0088806152344,618940
2025-08-28,284.9977830580652,285.88777700115907,281.14109234050306,284.6022033691406,330402
2025-08-29,283.8111087200259,284.7999976005835,281.04223192586215,281.73443603515625,508730
2025-09-01,282.32777133743394,284.20665414776374,281.2399875487714,282.4266662597656,280333
2025-09-02,282.4266678515808,282.4266678515808,276.2955447743765,276.3944396972656,388152
2025-09-03,278.76775443036223,279.65774833939406,276.88887169385237,278.4710998535156,355429
2025-09-04,279.4599927313813,279.5588876512609,275.5044373641388,277.77886962890625,354091
2025-09-05,278.8666522306023,281.83331874369384,273.62555346220427,275.10888671875,454668
2025-09-08,276.9877664768555,277.97665530384995,273.52665558237476,276.2955322265625,407361
2025-09-09,276.49333598303406,277.67998452807245,274.12000871446384,276.8888854980469,405275
2025-09-10,280.44888157319195,280.64664123445857,277.18553028812136,277.77886962890625,364332
2025-09-11,278.4711218340663,282.62443713021236,277.87778245504705,282.0311279296875,354978
2025-09-12,281.73443198193684,283.1188703591012,280.3499936047724,282.4266662597656,318801
2025-09-15,282.62442162390187,286.67887194984087,282.62442162390187,285.29443359375,345121
2025-09-16,285.6899760150614,286.48110518356407,280.3499823862596,280.6466369628906,437350
2025-09-17,281.83333540564934,282.03112525627904,276.4933414020832,276.69110107421875,347735
2025-09-18,278.8666518936437,283.8110960761551,278.6688620549463,281.6355285644531,359121
2025-09-19,284.40443007973994,288.3599853515625,283.61330091828034,288.3599853515625,1136803
2025-09-22,288.8544434150057,292.4144493636297,288.45889390482375,291.1288757324219,542979
2025-09-23,293.2055345238468,295.38110199474585,288.3599853515625,288.3599853515625,584592
2025-09-24,290.04108102525805,292.01885868019605,287.2722043797417,289.348876953125,514493
2025-09-25,289.2499932113535,289.34888813362016,283.61331460558114,288.9533386230469,534649
2025-09-26,289.54663379932754,292.7110900878906,289.54663379932754,292.7110900878906,595745
2025-09-29,292.2166510846121,293.50219450022024,289.5466391555893,292.5133056640625,615674
2025-09-30,292.2166690038731,296.76556396484375,290.5355458079185,296.76556396484375,894970
2025-10-01,297.06221994144914,297.06221994144914,292.1177754345059,295.0844421386719,760803
2025-10-02,297.55664214719394,302.30332662610004,296.4688584012889,300.2266540527344,553894
2025-10-03,301.6110909797351,303.09442421406163,299.6333133339663,299.7322082519531,451620
2025-10-06,298.64444135276096,298.64444135276096,294.6888858381549,294.78778076171875,497475
2025-10-07,295.4799682551362,297.25998624371647,294.589974350092,295.381103515625,400381
2025-10-08,297.65556160281784,300.52333340315937,296.6666726938384,300.4244384765625,360440
2025-10-09,300.2266706638315,302.501103021435,298.94109700990856,299.6333312988281,302351
2025-10-10,300.12776600848747,300.91886501717863,293.99664306640625,293.99664306640625,440161
2025-10-13,295.6777747168064,296.07332423256827,293.6999969595033,294.78778076171875,383773
2025-10-14,293.10664922143576,296.1722106933594,289.5466433243145,296.1722106933594,460262
2025-10-15,296.6666721523562,297.45777120669806,293.4033508300781,293.4033508300781,499567
2025-10-16,293.70000332589206,299.435546875,291.62333060001015,299.435546875,401725
2025-10-17,294.09554918020154,298.94109869446214,291.5244320363611,293.6011047363281,498630
2025-10-20,299.3366587584978,301.80888081570873,297.8533255241712,299.7322082519531,389169
2025-10-21,300.4244260203636,305.36887036025433,299.0399876408929,304.6766662597656,609873
2025-10-22,305.86330367293345,307.5444267587673,300.7210998535156,300.7210998535156,368352
2025-10-23,305.76444289078114,307.4455358198853,302.2044370137185,304.3799743652344,378762
2025-10-24,310.61000813434606,310.61000813434606,298.05110708920495,301.1166687011719,389269
2025-10-27,302.69887612138587,302.99553069822724,299.13887030682935,300.2266540527344,496260
2025-10-28,298.84221415514867,302.4021897724528,297.8533253328993,301.9077453613281,399571
2025-10-29,301.1166479617505,301.31443779863946,298.2488763978132,300.2266540527344,302789
2025-10-30,300.8200043031046,303.8855356367016,300.2266649493948,302.00665283203125,383779
2025-10-31,303.687782798867,305.96221516431507,302.0066596219749,304.4788818359375,481601
2025-11-03,304.2811164576478,307.0499932139447,303.0944377458101,306.8522033691406,343308
2025-11-04,303.39107888517213,306.85218976635855,301.1166466632178,306.2588806152344,365375
2025-11-05,305.1711133962225,305.7644527579624,303.19333564275183,303.489990234375,355626
2025-11-06,303.09444787672027,303.58889232676387,298.64444782632796,299.435546875,429488
2025-11-07,299.138893998801,300.8200172100267,296.8644615869021,297.75445556640625,322895
2025-11-10,304.6766564737294,307.0499836449484,302.3033293025104,305.566650390625,402521
2025-11-11,305.36887851236344,306.25890266009844,302.204452157452,305.4677734375,324947
2025-11-12,306.45664166061806,308.2366596575273,305.56664775140945,306.7533264160156,302269
2025-11-13,306.75334163469773,308.82998413304705,303.19333564275183,303.489990234375,481595
2025-11-14,301.6111005787813,302.4021995908695,296.76555122813227,301.01776123046875,477876
2025-11-17,301.9077592764172,305.2700055698262,301.6111046874662,302.5010986328125,350281
2025-11-18,296.3699937302515,301.70998736408205,294.88666048871573,295.87554931640625,529356
2025-11-19,296.9633137646343,297.35889345299796,293.10665323103376,295.47998046875,400618
2025-11-20,297.5566572333509,300.62221878960145,296.96331787109375,296.96331787109375,323947
2025-11-21,291.6233062203996,292.61219503781604,285.39331874207295,286.1844177246094,622077
2025-11-24,286.1844418824082,287.07443585751196,278.96556497729523,279.3611145019531,1061916
2025-11-25,280.74553876012146,284.4044395801784,280.1521994138294,283.1188659667969,380240
2025-11-26,285.1955525642252,285.9866817908777,282.3277807915337,285.8877868652344,424075
2025-11-27,285.39332988781524,286.18442890124726,284.3055461104766,285.78887939453125,232381
2025-11-28,286.28333333333336,289.25,285.5910990397135,287.0744323730469,343974
2025-12-01,285.096649469895,285.19554439270473,278.273322294928,282.9211120605469,537990
2025-12-02,283.71220411830484,290.4366663838083,283.2177596948925,286.9755554199219,532124
2025-12-03,288.5577710421274,294.3922397372526,288.26111644137285,293.4033508300781,619210
2025-12-04,293.7988990365027,293.8977939624745,288.2611151455211,290.73333740234375,492048
2025-12-05,294.49108766273844,294.49108766273844,289.4477786670367,289.6455383300781,299615
2025-12-08,291.12885916557286,293.8977659362668,290.23886527368575,291.7221984863281,315342
2025-12-09,293.6010866344304,296.2710985381254,291.5244140625,291.5244140625,249790
2025-12-10,291.1288869277365,291.9200161570164,289.7444484996147,290.73333740234375,256937
2025-12-11,290.83223099666924,291.6233300438325,286.3822309547639,288.0633239746094,339204
2025-12-12,289.25000272384847,290.63444114563134,287.9644592275846,288.0633239746094,384548
2025-12-15,289.44779120412346,289.84334072583187,287.76666801374523,289.74444580078125,512436
2025-12-16,289.7444417382363,290.93112046521696,286.8766700229422,290.4366760253906,498004
2025-12-17,293.10665789335667,296.8644537431331,290.4366760253906,290.4366760253906,440534
2025-12-18,292.3155433005073,300.02886407980566,291.82109888700114,298.05108642578125,461227
2025-12-19,297.6555382282747,303.88552579421383,297.06219889378235,302.8966369628906,1050525
2025-12-22,301.9077554295041,302.00665035072547,297.06220607458886,298.84222412109375,329460
2025-12-23,299.92996636007086,301.21553993027476,296.1722009239187,297.06219482421875,383982
2025-12-24,296.76555547142425,297.55665449482393,295.5788767578314,295.97442626953125,76926
2025-12-29,295.9744123720333,296.073307289938,290.1399743575605,291.02996826171875,565010
2025-12-30,289.8433403715767,294.4911000583343,289.8433403715767,294.0955505371094,323592
2025-12-31,293.8977908657439,294.29334038696885,291.92001308112515,294.0955505371094,167445
2026-01-02,292.71111437832855,303.88554687610355,292.3155648540567,303.78668212890625,451859
2026-01-05,305.86332126193577,310.214456515842,305.764456515842,309.3244323730469,499329
2026-01-06,311.30219786181556,311.79664228674125,307.84108688733573,309.2255554199219,505631
2026-01-07,309.5222245251778,319.51000841296707,309.5222245251778,319.01556396484375,404224
2026-01-08,317.532222466435,320.99333351441874,316.04888916015625,316.04888916015625,496075
2026-01-09,314.6644381533571,315.1588825689479,309.42330924099974,313.7744140625,399234
2026-01-12,313.082208739001,317.5322084615685,312.58776432538235,315.4555358886719,408235
2026-01-13,316.4444491071126,322.3777825278709,315.5544551296977,322.17999267578125,543759
2026-01-14,322.3777549928452,326.13552043363507,314.7632990151758,316.6422119140625,741990
2026-01-15,317.63110883375754,317.82886849550533,311.1044364262297,315.25775146484375,490513
2026-01-16,315.5544295618098,320.2021889243878,314.7633003960469,317.13665771484375,459216
2026-01-19,315.2577599165229,319.806654757568,312.2910933043405,313.8733215332031,364820
2026-01-20,310.8077448160919,314.0710960371823,307.64331869143405,312.7855224609375,501129
2026-01-21,312.4888722527049,314.86219942398895,309.9177552427753,312.09332275390625,478217
2026-01-22,312.0933456640307,317.82888926387596,301.710012121263,302.6000061035156,865106
2026-01-23,302.2044561554342,308.8299937283186,302.2044561554342,306.95111083984375,586438
2026-01-26,306.06111588606007,306.1600108121906,302.00666534266213,304.2811279296875,398107
2026-01-27,304.77555816636067,307.4455399763849,303.98442897271076,305.8633117675781,490202
2026-01-28,306.55555625215004,306.75334610177487,296.1722228952224,298.4466552734375,467930
2026-01-29,301.31445478578576,302.1055538209571,294.98554179044044,295.2822265625,684214
2026-01-30,296.5677643094886,299.0399864697519,294.7877764254963,297.6555480957031,544797
2026-02-02,293.5022001600719,300.12776756149213,291.3266627856675,298.84222412109375,510275
2026-02-03,302.00664187076666,303.39108019351306,297.1610926519081,300.2266540527344,430443
2026-02-04,301.907751246983,304.5777631905046,297.0622019591962,297.35888671875,531458
2026-02-05,296.4688734569148,301.80889753917893,296.37000871194175,299.1388854980469,637513
2026-02-06,298.6444258256392,304.5777587890625,298.05108649359846,304.5777587890625,479931
2026-02-09,305.3688631626657,312.291085075355,304.37997431799585,310.9066467285156,440337
2026-02-10,312.291079570116,312.291079570116,303.7866597986696,304.5777587890625,400726
2026-02-11,304.6766634510048,305.86331197454314,300.7211080155578,301.51220703125,408485
2026-02-12,304.18221332364993,307.74221918456504,303.09442956357975,303.8855285644531,545435
2026-02-13,320.3999933976391,333.55220327744115,316.3455430010444,329.1022033691406,911583
2026-02-16,327.02556364817804,334.4422302246094,324.15776176249636,334.4422302246094,457972
2026-02-17,333.4533423860955,337.1122131347656,329.79444145893183,337.1122131347656,468336
2026-02-18,338.89222425293815,346.9021998728238,337.5077557067175,343.34222412109375,649641
2026-02-19,342.1555497254087,342.35333957121384,334.54109333931297,338.29888916015625,426087
2026-02-20,337.90332700813946,343.342215600917,336.2222039171567,342.55108642578125,478605
2026-02-23,340.5733198722787,343.6388813966961,338.99109164885425,342.1555480957031,391925
2026-02-24,340.27666276787534,340.7711071978843,335.5299781326934,336.8155517578125,485556
2026-02-25,338.4966363857986,340.9688584750273,337.6066424693747,340.37554931640625,404103
2026-02-26,339.6833094736827,344.03441424346966,339.0899701463273,342.7488708496094,360446
2026-02-27,343.737759547015,343.83665446462106,336.2221984863281,336.2221984863281,1152317
2026-03-02,328.6077439151014,334.14552736134567,325.0477682939726,332.36553955078125,709486
2026-03-03,328.5088876462477,330.88221484769434,315.1588881873058,317.9277648925781,682583
2026-03-04,318.0266747032734,326.33333538650373,315.6533473907067,323.3666687011719,495077
2026-03-05,321.8833116986241,324.55332359056246,310.8077448160919,312.7855224609375,785033
2026-03-06,315.7522115139921,319.51000741508943,311.79665594135963,314.1700134277344,793374
2026-03-09,303.7866721180028,312.88443159042754,299.1388823701112,311.2033386230469,1070597
2026-03-10,320.2021957850635,321.092219887928,313.57665863385677,317.4333190917969,592853
2026-03-11,312.5877865082475,315.1589036772226,309.2255702927389,314.6644592285156,456960
2026-03-12,315.7522034740249,316.64222759799986,298.8422279743932,304.6766662597656,708244
2026-03-13,303.4899833663604,305.96220550225206,297.65554516135467,301.01776123046875,556080
2026-03-16,300.6222242388168,304.97332934341665,295.8755696117068,303.292236328125,629794
2026-03-17,301.41331210966524,306.65444116872834,300.0288737429574,301.51220703125,420984
2026-03-18,301.90775523934036,307.7422236243009,301.314446069372,303.1933288574219,605160
2026-03-19,298.7433351765082,299.73222405151915,289.9422302246094,289.9422302246094,1162216
2026-03-20,291.722204106023,293.20553734724007,276.1966374432209,278.4710998535156,1910453
2026-03-23,273.42776994567595,292.11776337461845,268.285535799351,284.1077575683594,1025012
2026-03-24,283.51444031901184,283.9099898162713,275.40553982197684,278.9655456542969,960135
2026-03-25,284.30555589393356,287.17332763942574,281.338889223736,284.8988952636719,569758
2026-03-26,280.54778506829274,281.338884094525,276.2955448114376,278.57000732421875,665319
2026-03-27,277.87775758497213,279.36109081051467,272.63665892611846,275.306640625,856635
2026-03-30,272.93333299227197,278.17443202543615,271.15334506589386,271.3511047363281,973865
2026-03-31,271.0544335148885,277.6799705486564,270.6588840197891,276.2955322265625,958026
2026-04-01,286.18441510855126,289.5466310213341,282.92109411230433,287.37109375,845138
2026-04-02,282.7233191992697,288.06331301061147,279.9544424610905,284.1077575683594,543431
2026-04-07,287.3711220214749,287.66777662177617,278.66888154454057,279.8555603027344,673940
2026-04-08,307.64331612167484,313.1810995166836,304.77554459630176,309.62109375,1628081
2026-04-09,308.82999060951363,312.98333605029916,308.33554616077697,312.4888916015625,938790
2026-04-10,310.9066619920668,314.3677731183301,308.1377851624538,309.8188781738281,705842
2026-04-13,305.6655605772821,308.1377827913033,300.52332630072044,306.6544494628906,404813
2026-04-14,307.5444387962459,315.6533396076086,307.34664895070307,313.8733215332031,585598
2026-04-15,311.59888385252157,311.59888385252157,303.78666794359015,305.3688659667969,555879
2026-04-16,305.7644347171171,307.7422123538941,294.88665771484375,294.88665771484375,716286
2026-04-17,295.18331086214823,317.13665459565436,293.6999776417354,311.796630859375,850254
2026-04-20,306.65444839796476,306.85220806730337,298.84223226448614,299.6333312988281,855138
2026-04-21,295.67776808434,297.8533356399698,279.26220703125,279.26220703125,1155401
2026-04-22,279.8555625985522,281.7344454990273,268.38444516305395,269.47222900390625,1204160
2026-04-23,275.6033393077779,279.65775951973455,267.79109311558466,275.8999938964844,892608
2026-04-24,269.867771742079,274.8122161865235,265.714456515842,267.0,771006
2026-04-27,268.8788633370384,271.9444247057838,266.6044311290777,270.9555358886719,663304
2026-04-28,270.0655404285492,272.14221296818374,265.2199912883963,268.2855224609375,627747
2026-04-29,267.4944471742742,268.4833360732549,263.3411017271577,265.8133239746094,751012
2026-04-30,261.1655399412865,271.5488724138676,259.6822067309178,269.9666442871094,1293835
2026-05-04,271.05443085417517,271.9444247540355,262.05553658116145,262.2533264160156,812035
2026-05-05,264.1322102970418,269.2744140625,263.2422163932598,269.2744140625,599357
2026-05-06,273.1311282330004,300.62222778105433,272.6366837794132,293.4033508300781,1746165
2026-05-07,294.49108054283136,300.9188579168827,291.5244140625,291.5244140625,787107
2026-05-08,288.75554448883213,289.7444333398213,281.9322174527055,283.1188659667969,588821
2026-05-11,278.27332360705356,281.3388851576511,275.801101417619,281.239990234375,475887
2026-05-12,276.29554209455347,278.8666591722659,274.2188694479976,277.58111572265625,685628
2026-05-13,280.05334608699485,280.44889560781525,272.4388895526025,278.3722229003906,557811
2026-05-14,278.6688761426755,283.5144558292923,276.69109836968704,280.0533447265625,395948
2026-05-15,275.60333669961176,277.18553472906405,268.3844299316406,268.3844299316406,726463
2026-05-18,263.9344367566541,274.8122144663427,263.341097391336,270.8566589355469,622859
2026-05-19,270.4611165226078,276.7899995024288,270.263326669475,271.1533508300781,503552
2026-05-20,270.5600093197143,283.8111145559665,269.8677750176923,279.3611145019531,895975
2026-05-21,279.85554526301087,283.51444608873004,276.59222412109375,276.59222412109375,601063
2026-05-22,279.65774551837853,284.60218960589225,276.4933194094648,281.83331298828125,564945
2026-05-25,287.7666607757113,299.5344322768888,287.7666607757113,298.1499938964844,571907
2026-05-26,299.3999938964844,300.29998779296875,292.0,295.1000061035156,830640
2026-05-27,297.20001220703125,304.5,295.5,299.0,655304
2026-05-28,296.0,306.1000061035156,294.79998779296875,303.0,626933
2026-05-29,307.70001220703125,310.8999938964844,305.6000061035156,305.70001220703125,970493
2026-06-01,302.5,304.1000061035156,292.79998779296875,297.0,747144
2026-06-02,298.0,300.79998779296875,293.8999938964844,298.0,503251
2026-06-03,296.0,296.6000061035156,291.29998779296875,293.79998779296875,665173
2026-06-04,293.79998779296875,302.3999938964844,292.8999938964844,300.29998779296875,467000
2026-06-05,301.20001220703125,302.0,297.5,298.5,474814
2026-06-08,290.70001220703125,298.1000061035156,287.1000061035156,294.5,539018
2026-06-09,293.3999938964844,302.8999938964844,293.20001220703125,295.6000061035156,570547
2026-06-10,296.20001220703125,300.3999938964844,291.29998779296875,291.5,634186
2026-06-11,290.5,297.0,290.5,295.29998779296875,562619
2026-06-12,306.6000061035156,312.29998779296875,302.1000061035156,306.1000061035156,858930
2026-06-15,320.0,322.29998779296875,315.6000061035156,316.3999938964844,1068928
2026-06-16,317.79998779296875,325.79998779296875,317.70001220703125,324.0,672608
2026-06-17,326.0,328.8999938964844,323.20001220703125,324.0,666604
2026-06-18,328.0,333.5,326.0,333.5,1265263
2026-06-19,333.1000061035156,338.70001220703125,329.3999938964844,329.3999938964844,1303111
2026-06-22,329.5,331.5,328.0,331.20001220703125,673038
2026-06-23,329.0,335.20001220703125,326.5,331.1000061035156,783536
2026-06-24,329.70001220703125,338.6000061035156,329.5,338.3999938964844,938366
2026-06-25,338.3999938964844,345.6000061035156,337.70001220703125,343.70001220703125,762269
2026-06-26,339.6000061035156,341.6000061035156,331.5,332.70001220703125,720431
2026-06-29,332.1000061035156,336.5,329.20001220703125,336.5,629988
2026-06-30,339.29998779296875,345.70001220703125,338.70001220703125,345.0,1018904
2026-07-01,346.20001220703125,351.20001220703125,345.3999938964844,349.8999938964844,729161
2026-07-02,348.0,358.20001220703125,346.70001220703125,353.29998779296875,696260
2026-07-03,356.1000061035156,358.20001220703125,353.1000061035156,356.70001220703125,528697
2026-07-06,358.5,360.79998779296875,356.1000061035156,357.1000061035156,536286
2026-07-07,354.1000061035156,356.6000061035156,345.8999938964844,347.20001220703125,654008
2026-07-08,340.79998779296875,341.79998779296875,330.29998779296875,332.5,898298
2026-07-09,335.29998779296875,341.1000061035156,333.8999938964844,340.0,421647
2026-07-10,340.29998779296875,340.29998779296875,332.5,336.1000061035156,358726
2026-07-13,333.29998779296875,333.79998779296875,327.70001220703125,330.1000061035156,408532
2026-07-14,325.1000061035156,329.6000061035156,322.1000061035156,327.79998779296875,476984
2026-07-15,326.20001220703125,330.79998779296875,323.3999938964844,330.79998779296875,535004
2026-07-16,330.29998779296875,333.70001220703125,322.1000061035156,329.1000061035156,640066
2026-07-17,325.20001220703125,330.5,323.79998779296875,329.5,602367
2026-07-20,328.29998779296875,329.5,323.6000061035156,324.70001220703125,478163
2026-07-21,324.29998779296875,326.8999938964844,317.70001220703125,322.8999938964844,601247
2026-07-22,323.29998779296875,328.20001220703125,322.6000061035156,327.29998779296875,608888
2026-07-23,324.79998779296875,325.0,316.8999938964844,321.3999938964844,914976
2026-07-24,320.3999938964844,330.29998779296875,319.6000061035156,329.79998779296875,497864
2026-07-27,334.3999938964844,341.79998779296875,333.20001220703125,333.20001220703125,617437
2026-07-28,332.79998779296875,345.70001220703125,329.0,343.0,741137
2026-07-29,345.6000061035156,347.5,339.1000061035156,339.79998779296875,604783
2026-07-30,339.0,343.5,335.79998779296875,340.29998779296875,483061
2026-07-31,340.20001220703125,345.70001220703125,337.6000061035156,338.3999938964844,596732
2026-08-03,346.0,353.1000061035156,345.79998779296875,351.29998779296875,594605
2026-08-04,355.0,358.5,348.79998779296875,356.3999938964844,464546
2026-08-05,358.29998779296875,361.5,357.04998779296875,358.5,364407
2026-08-06,357.5,361.8999938964844,354.5,355.20001220703125,514330
2026-08-07,355.0,360.3999938964844,354.70001220703125,357.3999938964844,369629
2026-08-10,354.0,363.70001220703125,353.5,363.20001220703125,506969
2026-08-11,361.70001220703125,364.20001220703125,359.3999938964844,361.5,290985
2026-08-12,362.1000061035156,366.5,360.29998779296875,363.6000061035156,359068
2026-08-13,364.20001220703125,365.1000061035156,356.3999938964844,358.0,299737
2026-08-14,357.29998779296875,362.0,357.20001220703125,360.5,298159
2026-08-17,360.5,363.70001220703125,359.79998779296875,361.1000061035156,293081
2026-08-18,358.0,358.79998779296875,352.20001220703125,353.1000061035156,480527
2026-08-19,354.8999938964844,358.3999938964844,349.1000061035156,349.1000061035156,490577
2026-08-20,349.6000061035156,350.70001220703125,342.8999938964844,343.6000061035156,380569
2026-08-21,342.1000061035156,344.3999938964844,339.6000061035156,343.6000061035156,328849
2026-08-24,342.6000061035156,343.1000061035156,338.8999938964844,339.8999938964844,377381
2026-08-25,343.0,349.0,342.8999938964844,343.79998779296875,308958
2026-08-26,346.0,354.5,345.0,350.3999938964844,463844
2026-08-27,349.79998779296875,351.70001220703125,341.70001220703125,343.20001220703125,422266
2026-08-28,347.0,347.8999938964844,343.0,344.20001220703125,492943
2026-08-31,343.29998779296875,343.6000061035156,334.70001220703125,337.0,757842
2026-09-01,336.1000061035156,336.70001220703125,329.20001220703125,331.6000061035156,499864
2026-09-02,330.29998779296875,334.20001220703125,328.70001220703125,328.70001220703125,460552
2026-09-03,328.6000061035156,332.70001220703125,326.79998779296875,331.5,357295
2026-09-04,331.8999938964844,334.79998779296875,330.5,333.5,245937
2026-09-07,333.70001220703125,337.5,332.6000061035156,333.1000061035156,260760
2026-09-08,332.70001220703125,333.6000061035156,329.20001220703125,333.6000061035156,224758
2026-09-09,328.5,329.8999938964844,321.29998779296875,322.79998779296875,630864
2026-09-10,322.3999938964844,324.79998779296875,318.8999938964844,322.0,481256
2026-09-11,325.0,332.20001220703125,324.1000061035156,330.20001220703125,422730
2026-09-14,327.3999938964844,330.0,319.3999938964844,321.6000061035156,433830
2026-09-15,321.5,325.3999938964844,320.3999938964844,322.29998779296875,384708
2026-09-16,325.3999938964844,327.3999938964844,323.0,326.29998779296875,519135
2026-09-17,329.3999938964844,333.70001220703125,328.29998779296875,331.6000061035156,542567
2026-09-18,330.8999938964844,331.0,321.70001220703125,323.0,1201169
2026-09-21,325.5,330.79998779296875,325.1000061035156,330.70001220703125,413755
2026-09-22,329.6000061035156,336.79998779296875,326.6000061035156,332.0,413947
2026-09-23,333.0,338.8999938964844,331.5,336.0,461296
2026-09-24,334.70001220703125,337.0,329.29998779296875,334.29998779296875,434337
2026-09-25,338.0,340.29998779296875,335.1000061035156,336.29998779296875,518436
2026-09-28,336.70001220703125,339.1000061035156,332.70001220703125,333.0,388502
2026-09-29,333.1000061035156,339.1000061035156,331.29998779296875,335.1000061035156,539466
2026-09-30,334.70001220703125,340.70001220703125,332.5,334.3999938964844,736429
2026-10-01,334.29998779296875,337.79998779296875,326.8999938964844,327.0,611594
2026-10-02,327.79998779296875,336.29998779296875,325.70001220703125,330.1000061035156,551629
2026-10-05,330.20001220703125,332.20001220703125,327.0,329.79998779296875,356436
2026-10-06,334.1000061035156,335.79998779296875,325.5,329.3999938964844,390231
2026-10-07,324.79998779296875,326.6000061035156,318.3999938964844,319.3999938964844,515320
2026-10-08,316.0,316.0,309.29998779296875,310.70001220703125,207573
