Date,Close,High,Low,Open,Volume
2019-01-02,21.014741897583008,21.23031509209129,20.33085212623479,20.516691722602857,3721600
2019-01-03,20.962705612182617,21.14111144242476,20.776866028449945,21.096508921481597,3830400
2019-01-04,21.795263290405273,21.824998300461555,21.31951447225134,21.31951447225134,4049200
2019-01-07,22.077743530273438,22.248715610244233,21.527657104365048,22.100043373321395,5609300
2019-01-08,22.226417541503906,22.67986665318361,22.08517903792693,22.30075367064146,4025400
2019-01-09,22.821102142333984,22.91030435124139,22.32305198609641,22.456855299457516,4247900
2019-01-10,22.806238174438477,22.880574305294008,22.508895068860117,22.62039855622153,3269700
2019-01-11,22.612958908081055,22.798798477865468,22.531189043666025,22.62039266101364,3049000
2019-01-14,22.7096004486084,22.83597144387131,22.4122573473556,22.479159722367946,2925800
2019-01-15,23.177919387817383,23.2968566401934,22.7839388531694,22.7839388531694,2861300
2019-01-16,22.850833892822266,23.16304443445613,22.664994318465048,23.111009580491057,2678700
2019-01-17,23.267114639282227,23.296849652379255,22.508890237273032,22.657561049227784,3412700
2019-01-18,23.787466049194336,23.936138279139186,23.48268925386651,23.57189145755865,3827700
2019-01-22,23.44552230834961,23.62392813664429,23.125878000963663,23.601626876416148,4592200
2019-01-23,23.133312225341797,23.668529721122283,22.947472639854244,23.57189234267639,4141800
2019-01-24,23.55702781677246,23.571893907036987,22.97720776114758,23.081277482217324,4548000
2019-01-25,23.802331924438477,23.988171490211087,23.65365970468304,23.705694556244435,3840500
2019-01-28,23.661096572875977,23.668530326626875,23.244816287730472,23.393487109217805,3300000
2019-01-29,23.81720542907715,24.025344887749032,23.683400681163096,23.787470410499036,4014800
2019-01-30,23.98073959350586,24.166579184649756,23.735432807753224,23.98073959350586,3993400
2019-01-31,24.02534294128418,24.151715342159097,23.839503343758352,24.14428017027322,3621200
2019-02-01,24.084810256958008,24.166577288669135,23.85436816117147,24.159144953308815,4191600
2019-02-04,24.597726821899414,24.605159157366842,23.92127086688599,23.94357070897521,4539300
2019-02-05,24.634899139404297,24.70180151485293,24.33755745405622,24.523397070781588,3538000
2019-02-06,24.672069549560547,24.835609339942092,23.89897880341112,24.11455063037386,4763600
2019-02-07,24.24091911315918,24.709235723019574,24.174016740321978,24.553128295941175,4342100
2019-02-08,23.965871810913086,24.255781081758176,23.69826096284755,24.233478405448494,3138600
2019-02-11,24.02534294128418,24.08481297362231,23.75773346713703,23.824635835673817,4051600
2019-02-12,24.18144989013672,24.389592188011218,23.958442918409567,24.285519621230222,3445800
2019-02-13,24.040210723876953,24.486224628756958,24.017910879339126,24.278085184571253,3454800
2019-02-14,24.196313858032227,24.382153446551193,23.861802031560668,23.898972217814126,3257300
2019-02-15,25.192413330078125,25.311350549356636,24.538257206202807,24.78356681603867,6173300
2019-02-19,25.578962326049805,25.630997186982192,25.014011192060742,25.29648534121165,3340100
2019-02-20,25.497190475463867,25.64586271048816,25.318786061984333,25.608695360653844,3234900
2019-02-21,25.34852409362793,25.57153391550273,25.296489224707187,25.541798894494402,4135300
2019-02-22,25.415424346923828,25.668166332976135,25.37825699161649,25.5417967577937,3638400
2019-02-25,25.237018585205078,25.526927911378657,25.229583413120615,25.378255662249636,3058900
2019-02-26,25.35595703125,25.497194115056075,25.155249910670356,25.19985243825053,4012000
2019-02-27,25.735057830810547,25.77222517041045,25.311343920861937,25.497183454547688,2466400
2019-02-28,25.616130828857422,25.74993557317312,25.40055620349464,25.74250323657219,2533600
2019-03-01,25.6603946685791,25.92299989603512,25.57786077932655,25.63038182481775,6798800
2019-03-04,25.442811965942383,25.810462235017166,25.007637075432093,25.79545580952605,3704700
2019-03-05,25.547853469848633,25.63038737698003,25.360277448980167,25.435309574637316,3717900
2019-03-06,25.2402286529541,25.472823946847083,25.11267833391089,25.472823946847083,2809700
2019-03-07,25.000131607055664,25.352775439008642,24.98512518205948,25.330264370422917,4042900
2019-03-08,24.489927291870117,24.71501796713402,24.27233839883562,24.685007976033198,3571400
2019-03-11,24.78253936767578,24.917594312092202,24.54994696732279,24.609969796962023,6268900
2019-03-12,24.910091400146484,24.977618869287213,24.76003003959127,24.835059288777682,2601500
2019-03-13,25.225217819213867,25.292745288723655,25.06015289766514,25.120175724905838,1712500
2019-03-14,25.232730865478516,25.480329761357925,25.180209800831875,25.375287632064637,3633400
2019-03-15,25.330259323120117,25.397786791055967,25.15768976332458,25.15768976332458,3565000
2019-03-18,25.735427856445312,25.742932499625926,25.30775478499828,25.375282262710062,3889700
2019-03-19,25.7729434967041,26.133091966748374,25.69791423505155,25.983030581260405,2814200
2019-03-20,26.058059692382812,26.163101802962732,25.622884825382737,25.675405880672695,2266700
2019-03-21,25.938011169433594,26.11058076006578,25.825464415368636,25.840470840056152,2705700
2019-03-22,25.247730255126953,25.76543897469889,24.985122142911358,25.757937194204757,2547000
2019-03-25,24.745027542114258,25.262736312851768,24.700008268152494,24.9701181875574,4361200
2019-03-26,24.970121383666992,25.135189213805536,24.745030709412838,24.745030709412838,4547800
2019-03-27,24.33986473083496,24.96261852705687,24.219816185587533,24.820061774007762,4638100
2019-03-28,24.347368240356445,24.57245889443375,24.249827907455863,24.29484718314451,3493300
2019-03-29,24.332361221313477,24.782542518481744,24.24982731565662,24.707513256347994,2889400
2019-04-01,24.715015411376953,24.775041111737846,24.51243296593334,24.54995045975036,2283200
2019-04-02,24.715015411376953,25.052652820449644,24.624979723018548,24.865076800096254,2634900
2019-04-03,24.467416763305664,24.865077013976848,24.362374648953498,24.75253311810651,2589200
2019-04-04,24.572458267211914,24.609972898236727,24.197306232597988,24.48992436164759,1810100
2019-04-05,24.940101623535156,24.992622664882255,24.572451471923358,24.609966092573845,2649300
2019-04-08,25.225217819213867,25.510334119608803,25.022635410684497,25.052648255396047,4453700
2019-04-09,24.85007095336914,25.13518731235334,24.74502883747575,25.112679105285615,2682000
2019-04-10,24.835060119628906,25.097668224931624,24.790043713484003,24.977619704907735,3819000
2019-04-11,24.632488250732422,24.880087148305435,24.61748182327597,24.737530380744207,4728600
2019-04-12,24.902599334716797,25.060165417077194,24.76754432822722,24.835071831472007,2621000
2019-04-15,24.745027542114258,25.097671366024315,24.685004705681415,25.015137461519167,1951600
2019-04-16,24.677501678466797,24.82006129092429,24.51243385864571,24.76753737010419,2446600
2019-04-17,24.940101623535156,25.11267116827307,24.737519237404012,24.872574161491443,2528100
2019-04-18,24.902599334716797,25.090175414598562,24.842576477490226,24.917605764569398,1799700
2019-04-22,25.480321884155273,25.525341152299056,25.052648854428014,25.105169902837854,2585500
2019-04-23,25.652896881103516,25.69791615877487,25.36778337573418,25.405298009368767,2452400
2019-04-24,24.692508697509766,25.57036601416575,24.67000048960526,25.51034031017627,3142000
2019-04-25,24.85007095336914,25.045151621899436,24.497429973181752,24.737527055847504,2241300
2019-04-26,24.737533569335938,24.782549995324395,24.302355703555875,24.760041782330166,2698000
2019-04-29,24.857572555541992,24.955110015689204,24.482420552008474,24.647485487279024,1995400
2019-04-30,24.760028839111328,24.99262407980374,24.504925397190767,24.97761765825756,1878800
2019-05-01,24.407392501831055,24.842570272306162,24.392386075726762,24.745029933719824,6731800
2019-05-02,23.754627227783203,24.632484495981142,23.732117590029688,24.459912037629,2848800
2019-05-03,24.30234718322754,24.3998875089781,23.88217732524035,23.987219431964302,1995100
2019-05-06,24.069759368896484,24.122280432305033,23.70210906285336,23.85217047067062,1990200
2019-05-07,23.912187576293945,23.96470862395139,23.54453738050943,23.769629424730024,3055000
2019-05-08,24.429903030395508,24.602472633493807,23.80714924069973,23.927197784689113,2609500
2019-05-09,24.26483154296875,24.392381849481072,23.799642431975695,24.242323338803665,2223600
2019-05-10,23.942203521728516,24.27233629265681,23.814651768522566,24.16729417746067,3997900
2019-05-13,23.574556350708008,23.93470199772543,23.514532076205104,23.784642027013966,4109800
2019-05-14,23.9346981048584,24.084758051163313,23.63457678115721,23.717110681834296,1819000
2019-05-15,24.084758758544922,24.17479730493679,23.687098529620627,23.717111378417915,1426300
2019-05-16,24.369874954223633,24.549949183764,24.219813573303792,24.219813573303792,1828300
2019-05-17,24.14478302001953,24.4524075464374,24.0922619688396,24.279837969391533,1796300
2019-05-20,24.24982452392578,24.377377689488217,24.15978884729395,24.197303474042,1457700
2019-05-21,24.594966888427734,24.624979738627204,24.234821272582895,24.309853398081568,2252600
2019-05-22,23.964710235595703,24.534941449108643,23.9572070238413,24.512430382754115,1886400
2019-05-23,23.03433609008789,23.522033461409443,22.704201890432223,23.492020610944618,3634200
2019-05-24,23.326953887939453,23.462008850887113,23.06434717455139,23.191898924991797,3033600
2019-05-28,23.46200942993164,23.91969395543818,23.46200942993164,23.73962114409424,5084500
2019-05-29,23.469507217407227,23.604560721377563,22.981808522776006,23.086852045096705,2170500
2019-05-30,23.29694175720215,23.567051691437097,23.16939000282359,23.43199672431962,4665900
2019-05-31,23.10936737060547,23.244422347299203,22.741718506878975,23.034338100079264,3553400
2019-06-03,22.92063331604004,23.390567575275,22.85241702928514,23.3223512885201,5916200
2019-06-04,22.92063331604004,23.117702428255402,22.73114395187401,23.011588846942942,4015100
2019-06-05,22.723562240600586,23.079803139695976,22.678085201922723,23.049484150118076,3517100
2019-06-06,23.02674674987793,23.09496303619594,22.678087015976203,22.81451958861222,2953500
2019-06-07,23.102540969848633,23.360246598880288,23.05706393110452,23.087381475037596,2737200
2019-06-10,23.04948616027832,23.2238160284877,22.966110377356827,23.132861943199813,2133600
2019-06-11,23.20107650756836,23.40572390711769,23.087381740865492,23.155598022611606,1887500
2019-06-12,23.314767837524414,23.33750707806088,22.844833652926315,22.97368645792185,2954000
2019-06-13,23.47393798828125,23.572473250761266,23.390563665054554,23.50425697541014,1951700
2019-06-14,23.49667739868164,23.686166732541977,23.284448824310065,23.40572188232557,2052700
2019-06-17,23.557313919067383,23.792280288175313,23.413301620593348,23.48909764324752,3371200
2019-06-18,23.617952346801758,23.807441695826604,23.511838773968325,23.693748375549497,3471400
2019-06-19,23.792285919189453,23.88324145703904,23.489103202506207,23.655853335259685,2706400
2019-06-20,24.11821174621582,24.330438959054618,24.03483594363517,24.27738215584492,2796400
2019-06-21,23.95145606994629,24.216741470580413,23.815023495580792,24.17126298199916,3426400
2019-06-24,24.14094352722168,24.24705710081255,23.79228237076893,24.019670458635247,3116800
2019-06-25,23.88323974609375,24.247058980050394,23.88323974609375,24.171262944887147,3171600
2019-06-26,23.928714752197266,24.209159624724176,23.913555257317107,24.06514731474068,4025500
2019-06-27,23.56489372253418,23.99692917330569,23.496677446550375,23.95903188473197,2995000
2019-06-28,23.617952346801758,23.792282200939255,23.496679279080976,23.708907870436843,2767900
2019-07-01,23.95145606994629,24.080308896214913,23.792284251290166,23.981773616644663,2380100
2019-07-02,23.625534057617188,23.87565996128884,23.473941987523833,23.784704430095,3436200
2019-07-03,23.716489791870117,23.815023626292053,23.48152193664472,23.663431554900775,1699900
2019-07-05,23.8377628326416,24.019672450607167,23.701330257745145,23.974193961848925,2109500
2019-07-08,23.777128219604492,23.905981056813484,23.716491675370218,23.739229475902288,2684400
2019-07-09,24.338014602661133,24.338014602661133,23.678590973663635,23.75438700911115,2944900
2019-07-10,24.572980880737305,24.77762975369043,24.360753704954103,24.56540257790723,4186800
2019-07-11,24.603300094604492,24.72457318061804,24.45170801424294,24.63361908895249,1938900
2019-07-12,24.466867446899414,24.633619023995248,24.459289144021618,24.6033000297272,1768600
2019-07-15,24.391069412231445,24.69425352939075,24.35317212043104,24.580558762611503,1653200
2019-07-16,23.921138763427734,24.37591356146711,23.761968379243026,24.330435069680714,2999400
2019-07-17,23.799863815307617,23.996932927234763,23.6861704861121,23.88323959803925,2244000
2019-07-18,23.64069366455078,23.72406800237263,23.51942058618343,23.648273412659883,2967800
2019-07-19,23.610374450683594,23.71648947752667,23.519420365605658,23.648273190873663,2130000
2019-07-22,23.617952346801758,23.686168628105822,23.496679279080976,23.64069158913278,2199700
2019-07-23,23.48910140991211,23.746807060848113,23.48910140991211,23.663431277989666,2081200
2019-07-24,23.15559959411621,23.527000018023838,23.09496305574766,23.443624235633663,2593900
2019-07-25,22.450698852539062,23.564895711502253,22.268787804102324,23.50425917725301,4124700
2019-07-26,22.465858459472656,22.73872360535746,22.337005634548063,22.54923424197948,3579900
2019-07-29,22.07172203063965,22.602291389056372,22.003505743092063,22.549234597783613,3819500
2019-07-30,22.079299926757812,22.253631239331796,21.66242390669588,21.980766094163048,3990000
2019-07-31,21.75337791442871,22.162674157845434,21.579046614056452,22.162674157845434,5693200
2019-08-01,21.7836971282959,21.958026996341268,21.488094182854706,21.495673930903084,6965100
2019-08-02,21.548730850219727,21.836754049332328,21.351661736852527,21.753379711680566,6790400
2019-08-05,20.9499454498291,21.29102691307594,20.927207649405474,21.19249162560941,5750400
2019-08-06,21.124271392822266,21.275861991190922,20.813507557935438,21.101532152506973,7683300
2019-08-07,21.306182861328125,21.435035676458433,20.677078280559904,20.790771600806885,5133400
2019-08-08,21.69273567199707,21.95043978962964,21.42745036320306,21.5259841629724,4673400
2019-08-09,21.69273567199707,21.92012225342701,21.579040935593476,21.76095048987515,3543900
2019-08-12,21.68515968322754,21.74579621182601,21.51082839852917,21.62452315462907,3617200
2019-08-13,21.730640411376953,21.806436446428798,21.435037464932797,21.609367333569654,8295700
2019-08-14,21.154598236083984,21.359247151840922,21.071222430622377,21.26071184617002,3171800
2019-08-15,20.92720603942871,21.154592700307077,20.821091011421558,21.040899369867894,2648500
2019-08-16,21.298603057861328,21.397136882965786,20.821089090115496,20.99542038943723,2105000
2019-08-19,21.616945266723633,21.662422305660918,21.412296422972343,21.450193714471915,2508700
2019-08-20,21.313758850097656,21.57146298922326,21.298599357887696,21.548725196597065,3444500
2019-08-21,21.548730850219727,21.6548444321524,21.457775318785203,21.457775318785203,2656300
2019-08-22,21.503252029418945,21.692741379025183,21.472933039551222,21.63210484497875,2052900
2019-08-23,21.124271392822266,21.5335675986754,21.0484753707935,21.33649851967616,2164500
2019-08-26,21.321340560913086,21.442615072302175,21.23038648448249,21.40471633571528,4202200
2019-08-27,21.237964630126953,21.5184080312753,21.131849621375345,21.40471472146681,7103400
2019-08-28,21.601787567138672,21.707901148707606,21.32892241945956,21.450195497163804,6217100
2019-08-29,22.10204315185547,22.208156751561738,21.72306435783094,21.73822385655737,2469300
2019-08-30,22.155094146728516,22.359742988846023,22.003503536251426,22.26878746600858,2342200
2019-09-03,22.01334571838379,22.043995004725083,21.561278974918554,21.653225372504032,4593500
2019-09-04,22.235544204711914,22.54969201957241,22.19723260446178,22.327489122435995,4380100
2019-09-05,22.618656158447266,22.802547493706378,22.373467711435115,22.42710250153922,2880400
2019-09-06,22.76423454284668,22.83319397218148,22.44242582120205,22.49606060814282,2150200
2019-09-09,22.902151107788086,23.208638079219646,22.871503287507846,22.986435171075584,2423600
2019-09-10,23.40785789489746,23.607073887116663,23.02475055480789,23.040075199156718,3065800
2019-09-11,23.415515899658203,23.699015922084964,23.216299944170956,23.553434750490776,2795400
2019-09-12,23.507465362548828,23.599410300839722,23.032411643251063,23.147343546833902,1877600
2019-09-13,23.300588607788086,23.760317714111373,23.216304524221233,23.653048125163405,3055400
2019-09-16,24.855998992919922,25.08586569662026,24.028488797378987,24.14342068779088,5989900
2019-09-17,24.61847496032715,24.833014104674792,24.319650284154154,24.81768946252473,4385000
2019-09-18,24.44224739074707,24.57250394155934,24.304328517953078,24.434585068765347,2573500
2019-09-19,24.426918029785156,24.71041804260914,24.41159485021921,24.541849914439887,2158500
2019-09-20,24.31965446472168,24.649125558954513,24.250695024630524,24.526531323556583,2110300
2019-09-23,24.334976196289062,24.47289505996067,24.243029800028527,24.28134140740308,1514500
2019-09-24,24.41925811767578,24.465230581032795,24.158745056255587,24.350298691921125,2228600
2019-09-25,24.25069236755371,24.350301086299798,24.181732935018236,24.296664835431226,1717900
2019-09-26,24.220041275024414,24.37328330108692,24.15874417231177,24.243026775142777,2042400
2019-09-27,24.28133773803711,24.350297159451852,24.143418895207628,24.15108121552462,2425100
2019-09-30,24.19705581665039,24.3656224942224,24.082123924604097,24.082123924604097,2277000
2019-10-01,23.515127182006836,24.2966649865388,23.43084310584187,24.17407076381071,2844500
2019-10-02,22.971113204956055,23.315910357245393,22.879168271971135,23.30824803592359,3386700
2019-10-03,22.879167556762695,22.90981537965349,22.633979127883087,22.848518272433587,2187400
2019-10-04,22.971113204956055,23.055397278057526,22.88683059329294,22.963450883634252,2194100
2019-10-07,22.963449478149414,23.116692972329442,22.955787157296587,23.024746583533773,3604900
2019-10-08,22.2891845703125,22.817873094772896,22.27385992637139,22.817873094772896,3451600
2019-10-09,22.37346649169922,22.51904621077709,22.23554763241421,22.503723029753022,2705400
2019-10-10,22.595666885375977,22.74124805895788,22.38878860630247,22.496059636991475,1893100
2019-10-11,22.83319091796875,23.040069178300712,22.787218458374358,22.92513729859567,2635900
2019-10-14,22.940465927124023,23.139681901917456,22.572681802115472,22.603331088132183,1499600
2019-10-15,22.810211181640625,23.040074999123288,22.702940133568674,22.810211181640625,2953800
2019-10-16,22.909812927246094,22.94812452855637,22.595665103692625,22.771894085405417,2504600
2019-10-17,23.185649871826172,23.323568709270333,22.92513683697344,22.986433935677724,2622500
2019-10-18,23.101364135742188,23.400188748987084,23.078378638795815,23.239282963172446,2688900
2019-10-21,23.476816177368164,23.49214082096263,23.116695821528978,23.13202046512344,2408500
2019-10-22,23.476816177368164,23.775640881706398,23.438506029820456,23.46149299521215,2489600
2019-10-23,23.323570251464844,23.530447059872028,23.162664443327913,23.484474598163565,2382700
2019-10-24,23.246950149536133,23.469151614685774,23.11669361429727,23.46149075505847,2154900
2019-10-25,23.331235885620117,23.40019531869591,23.132019908005415,23.162667733017763,2184200
2019-10-28,23.30824851989746,23.67603118235051,23.30824851989746,23.40019491622992,2504600
2019-10-29,23.20098114013672,23.33889855554432,22.971115858246993,23.170331851309342,2901800
2019-10-30,23.139680862426758,23.369544651472467,22.97111271978413,23.315909864791024,5202400
2019-10-31,22.74891471862793,23.017090154340995,22.158929052346895,23.00942783201336,4929100
2019-11-01,23.676029205322266,23.706678488686563,22.833192911501573,22.93280162099727,3542400
2019-11-04,24.03615379333496,24.151085696538036,23.81395084722903,23.8752479596999,4517500
2019-11-05,24.204715728759766,24.373282389555797,24.097446168383943,24.14341862833956,2855400
2019-11-06,23.89057159423828,24.3503006490739,23.752652731643757,24.128097712351973,5471100
2019-11-07,24.67211151123047,24.725746301153922,24.020828787649094,24.158747653988495,4194900
2019-11-08,24.748729705810547,24.764054347757217,24.388609388693617,24.518865922363705,3555000
2019-11-11,24.63380241394043,24.718083571069876,24.46523425392762,24.518869046135883,2176200
2019-11-12,24.426918029785156,24.80236296575764,24.403932529717135,24.649119478592535,1956900
2019-11-13,24.44224739074707,24.595489446066015,24.166411106597575,24.166411106597575,2147000
2019-11-14,24.580163955688477,24.725743666701508,24.442243642605646,24.49587842681448,2178600
2019-11-15,24.878986358642578,24.901971858884167,24.603148664237786,24.672108087838982,2524000
2019-11-18,24.38861083984375,24.825354392680758,24.319651408418874,24.74107031839738,2260400
2019-11-19,24.082122802734375,24.419257603611207,23.967190916042206,24.419257603611207,2757600
2019-11-20,24.028486251831055,24.158742770215525,23.790958713846468,24.07445871083789,2562100
2019-11-21,24.273681640625,24.350303401999813,24.043816356500557,24.128100440156707,1670500
2019-11-22,24.082122802734375,24.373283679783757,24.005501057793516,24.365621359145848,1582000
2019-11-25,24.327316284179688,24.327316284179688,23.90589879139136,24.066803173985203,2612000
2019-11-26,24.15108299255371,24.32731198849685,23.98251485605308,24.32731198849685,7598100
2019-11-27,24.135759353637695,24.22004342539003,23.92121874437645,24.204718782991726,1712400
2019-11-29,24.059139251708984,24.189395798143575,23.951869670447007,23.974856635619616,992600
2019-12-02,24.11022186279297,24.257283021260953,23.90898066601976,24.203102982955727,3694200
2019-12-03,23.730958938598633,24.040560196590754,23.676778902986918,23.87802008975561,3155500
2019-12-04,24.241802215576172,24.396603588034157,23.84706004447407,24.048301238151335,2813400
2019-12-05,23.96316146850586,24.381124308124047,23.939942294946206,24.350163441650686,2735300
2019-12-06,24.69846534729004,24.76038560278638,24.00960232035637,24.03282149348291,2759300
2019-12-09,24.590106964111328,24.83778800316802,24.51270627033225,24.644287006868048,1557600
2019-12-10,24.62880516052246,24.752645672949214,24.40434478535973,24.5514044711819,2041900
2019-12-11,24.54366683959961,24.73716784518319,24.435306748887367,24.667508841364974,1658200
2019-12-12,24.729429244995117,24.98484903847336,24.435306888106833,24.59010828397388,2231800
2019-12-13,24.590106964111328,24.868748871197827,24.535926921354605,24.74490687537404,2732300
2019-12-16,24.87648582458496,24.930665863448958,24.61332437042098,24.652025452677645,3415400
2019-12-17,24.992589950561523,25.16286882335795,24.876488169144498,24.977109516199857,2523900
2019-12-18,24.984848022460938,25.162868587061944,24.845527067105206,25.00807015008084,4422400
2019-12-19,25.24026870727539,25.31766791947696,24.876485914228507,24.922927213103858,4456100
2019-12-20,24.92293357849121,25.36411569641882,24.899711446827194,25.131915047918728,3487500
2019-12-23,25.131908416748047,25.178346762640228,24.86100527115079,24.922927002461247,1593100
2019-12-24,25.069992065429688,25.232532216114578,24.98485114290199,25.124172115657984,782700
2019-12-26,25.464736938476562,25.518916991114867,25.13965367005532,25.186094980570193,2084600
2019-12-27,25.25575065612793,25.495689999908784,25.2247897883527,25.4105520424132,1801400
2019-12-30,25.278974533081055,25.472475563785164,25.224794480691216,25.294454969848353,2548000
2019-12-31,25.3873291015625,25.480208749320308,25.162867246272928,25.224788979838646,2016400
2020-01-02,25.371849060058594,25.65049096022662,25.201570195304324,25.48795083599221,2381300
2020-01-03,25.402807235717773,25.98331014869595,25.34088846034716,25.611788638700776,4460500
2020-01-06,26.246469497680664,26.254208236764416,25.48794610609151,25.48794610609151,4266900
2020-01-07,26.393531799316406,26.40127349176429,25.944611072827588,26.006529849457863,6023300
2020-01-08,26.246469497680664,26.49415048462446,26.022007680578394,26.323868698879252,4553200
2020-01-09,26.362577438354492,26.37031617925423,25.743371873100944,26.200034353550407,4081500
2020-01-10,26.532859802246094,26.703141650352936,26.18456031670587,26.393538826993463,4484900
2020-01-13,26.331613540649414,26.494153654165558,26.13811256191383,26.486414914156004,2280000
2020-01-14,26.687652587890625,26.71087175873067,26.169071421860377,26.254209365803998,3952200
2020-01-15,26.540599822998047,26.749581272697775,26.261957890065077,26.633479483111984,4250300
2020-01-16,26.308395385742188,26.74183570521908,26.24647365290793,26.62573688504094,4690900
2020-01-17,26.014270782470703,26.362573117693508,25.851730676896885,26.292912650648947,2813000
2020-01-21,25.813034057617188,25.929135846923455,25.735634833140445,25.890436234685083,3016200
2020-01-22,25.619529724121094,25.782072798606183,25.503430902449768,25.782072798606183,2933800
2020-01-23,25.34089469909668,25.40281348971126,24.953892661834058,25.371852618108356,3250500
2020-01-24,25.031282424926758,25.309924258827145,24.76038080600083,25.248002539031454,3042500
2020-01-27,24.342430114746094,24.57463075975304,24.303729023047804,24.504970270991816,3247100
2020-01-28,24.435304641723633,24.605586456782163,24.28050473638315,24.40434525117369,3050500
2020-01-29,24.326946258544922,24.72168848060627,24.326946258544922,24.621067132630277,2807100
2020-01-30,24.435304641723633,24.450785075146296,23.994122623245413,24.14892400488128,3826900
2020-01-31,23.676782608032227,24.21084578432568,23.52198121666455,24.148925523037708,4589400
2020-02-03,23.305261611938477,23.75418388636138,23.212380479580577,23.614862925972286,4605800
2020-02-04,23.24333953857422,23.792881643640293,23.220118888219655,23.730961385656858,3435700
2020-02-05,23.823837280273438,23.916716908709237,23.514234582033904,23.638076547106763,4222500
2020-02-06,22.98017692565918,23.66129972946818,22.778935728187232,23.63034034016998,5415300
2020-02-07,22.523517608642578,22.83311892593857,22.39967708172418,22.771198662479375,7323500
2020-02-10,22.717012405395508,22.74023157515961,22.206170002453458,22.384190526688844,4828600
2020-02-11,22.763452529907227,22.964693702930813,22.717012713454135,22.94921327201473,2575100
2020-02-12,22.87181282043457,23.11949528866142,22.670573121711445,23.057575040678497,2820100
2020-02-13,22.840858459472656,22.8563388939478,22.693797284549763,22.72475815350005,2365900
2020-02-14,23.049835205078125,23.05757542074047,22.85633424240509,22.949213877762844,2553700
2020-02-18,23.220121383666992,23.320741260092834,22.9182602780939,22.964700107498476,8532300
2020-02-19,23.591638565063477,23.645818601965033,23.2897775158718,23.343957552773354,3837400
2020-02-20,23.576162338256836,23.87028470003861,23.48328268022773,23.599382990911884,2800000
2020-02-21,23.5219783782959,23.60711928090382,23.25881693050351,23.483278773271554,2151400
2020-02-24,22.740236282348633,22.902777885818818,22.66283706538662,22.848597843427232,3897300
2020-02-25,22.53899574279785,22.833116595131273,22.360973711766576,22.78667677135134,4908200
2020-02-26,22.01267433166504,22.755717468386745,21.9971938972428,22.57769690141744,3673800
2020-02-27,21.393476486206055,21.82691991877832,21.138055148863362,21.509578301967572,7519400
2020-02-28,21.36250877380371,21.36250877380371,20.642684882341147,20.921326769693195,8659000
2020-03-02,21.439912796020508,21.57923228506546,20.85940975796539,21.548272890709548,6977700
2020-03-03,20.670923233032227,21.635095599549718,20.639567304787942,21.635095599549718,4775000
2020-03-04,20.93744659423828,21.094223285978643,20.655250642292305,21.0001584670411,4231000
2020-03-05,20.35737419128418,20.788509324068517,20.16140408414583,20.584700233228638,3844900
2020-03-06,19.62836265563965,20.153561000601297,19.228583538988563,19.863526138313013,7492500
2020-03-09,15.850057601928711,17.441334995990513,14.172554399857987,15.026983964216017,14551700
2020-03-10,15.84221363067627,16.876936457087666,15.026979231387404,16.83774156112564,10424200
2020-03-11,14.799656867980957,15.544343623319413,14.125520942286604,15.340534600856964,9088400
2020-03-12,11.624944686889648,13.780615492918722,11.523040159078475,13.74142207631685,10794500
2020-03-13,12.73021411895752,12.973216559464161,11.554393832777706,12.973216559464161,10059700
2020-03-16,10.6058988571167,11.530877728887372,10.347218451887006,11.280036305044373,8097400
2020-03-17,9.869054794311523,10.692129400412293,9.093013343230785,10.668612449118958,13936800
2020-03-18,8.191548347473145,9.524144604168173,7.533088827147813,8.94407340676403,12835300
2020-03-19,8.395358085632324,8.748104072914385,8.089644497952397,8.316969756206749,12671400
2020-03-20,8.693231582641602,9.33601311074996,8.497261531626476,9.01462234669578,16584100
2020-03-23,8.316972732543945,8.951916334927718,7.995581812504878,8.63052541488865,15112000
2020-03-24,9.398724555969238,9.445757702590168,8.583489079216301,9.014623390903235,23611400
2020-03-25,10.54318904876709,10.872418808444358,9.28898111684238,9.806341954173387,10773300
2020-03-26,10.017990112304688,11.084067808071804,9.892569382818325,10.699965889561673,16063700
2020-03-27,9.194913864135742,9.641726061064979,9.085171120820721,9.610370884751205,19084300
2020-03-30,10.519673347473145,10.692127217245332,8.873524471389738,9.05381732332577,26372000
2020-03-31,12.385309219360352,12.604795499887114,10.825387560232292,10.958646527020072,25387100
2020-04-01,12.236370086669922,13.035927530280647,11.601427520797648,11.773881380229938,14991800
2020-04-02,13.208383560180664,15.01914666280548,12.283404552522477,13.357321238142502,25261000
2020-04-03,12.73021411895752,14.054972060023964,12.189337116244024,13.937390330432544,10057000
2020-04-06,13.286772727966309,13.388676517121812,12.322599494406145,12.934025967172,9012900
2020-04-07,12.92618465423584,14.235264682033785,12.855635314793272,13.913873911298918,13470600
2020-04-08,13.059444427490234,13.396513163425382,12.722375691555087,12.973217124306952,8379900
2020-04-09,12.769408226013184,13.772773850508683,12.36962842676213,13.427866169521996,13448700
2020-04-13,12.824280738830566,13.310285632695571,12.61263272288959,13.271092220172953,7511200
2020-04-14,12.738055229187012,13.14567335535293,12.549924131371908,12.620473479944204,8040500
2020-04-15,11.899301528930664,12.34611299821629,11.6641373223085,12.34611299821629,6496200
2020-04-16,11.217324256896973,11.930655009015974,11.201646296488676,11.750362202152038,7825200
2020-04-17,11.938496589660645,12.056079082998572,11.248682584704104,11.366264330475524,7441400
2020-04-20,11.562235832214355,12.165824095507682,10.958647568921027,11.068391093401614,10012200
2020-04-21,11.421134948730469,11.593588812225425,10.966484465707234,11.185971472906798,10610800
2020-04-22,12.165822982788086,12.220694366226393,11.742526890321617,11.962013919207905,8348400
2020-04-23,12.299080848693848,12.863474840542008,12.27556465040706,12.581277470834696,8095500
2020-04-24,12.228532791137695,12.60479497052458,12.142305481019994,12.502890443382341,6085500
2020-04-27,12.393149375915527,12.48721493362299,11.828755282104147,12.189340293766056,6615600
2020-04-28,13.067283630371094,13.153510935014115,12.46369548813574,12.54208381098095,6065300
2020-04-29,14.909401893615723,15.01130566265117,13.561126980903774,13.61599985129669,10614200
2020-04-30,13.992264747619629,15.02698658526907,13.859005026399132,14.901565847077206,9122100
2020-05-01,13.459224700927734,13.81980891832017,13.090801501183332,13.600323392997124,6826900
2020-05-04,13.192706108093262,13.592485262294039,12.73805556912371,12.808604919578734,18167000
2020-05-05,12.988897323608398,14.023619159398274,12.973219357579307,13.913876387460903,11482100
2020-05-06,12.495051383972168,13.318125830759401,12.471535184797245,12.565601476629924,8100900
2020-05-07,12.957542419433594,13.05160722194989,12.667506038886671,12.816443720526069,7865400
2020-05-08,13.404350280761719,13.553287921418146,13.161347863472672,13.28676856240461,5350400
2020-05-11,13.302450180053711,13.506259268530304,13.090803603099737,13.271095740744444,4952000
2020-05-12,13.200544357299805,13.670872835816521,13.192705374892341,13.490579230710885,5600900
2020-05-13,12.424503326416016,13.255416043995341,12.314759812886104,13.22406160877711,5331900
2020-05-14,12.385309219360352,12.58127855201292,11.69549444728114,12.220694322073646,5615000
2020-05-15,12.659666061401367,12.910507508578666,12.28340389063542,12.42450257845589,5419500
2020-05-18,13.506258010864258,13.945232081383882,13.325965890007861,13.514096993744941,5440300
2020-05-19,13.482742309570312,13.882519963206326,13.372998046390727,13.608163043090057,7199900
2020-05-20,14.38420581817627,14.470431646559597,13.76493957679961,13.843327916802549,6927700
2020-05-21,13.741423606872559,14.50178703762438,13.66303526980471,14.462593616657044,4871300
2020-05-22,13.404350280761719,13.584642348584797,13.216219232363812,13.545448940843317,3859400
2020-05-26,13.827648162841797,14.109845552330988,13.749261328101941,14.062813152460468,4593200
2020-05-27,13.749260902404785,14.02361780576586,13.333803813534749,13.953068460577871,4181900
2020-05-28,13.663031578063965,13.929550955001408,13.521932908493227,13.702224988441273,4321800
2020-05-29,13.42003059387207,13.647355089851775,13.216221548605445,13.561127783549336,5405000
2020-06-01,13.78061580657959,13.859004136700538,13.231898990865998,13.357321216139336,4644200
2020-06-02,14.329331398010254,14.3371703798659,13.929552294169861,13.992262653882104,4925900
2020-06-03,14.88669204711914,15.005279308791632,14.562552828185536,14.594175394269406,5279100
2020-06-04,15.202924728393555,15.242454819547051,14.570458349125541,14.752292244675246,8886000
2020-06-05,16.77618980407715,16.831531943692685,16.08047663602072,16.41252193411834,8269800
2020-06-08,16.823625564575195,17.353316826233844,16.420427603498993,17.28216415616633,6702900
2020-06-09,16.230688095092773,16.48367470315437,15.993512019095675,16.29393474710817,4258100
2020-06-10,15.629837989807129,16.11209295597655,15.527061278320252,16.11209295597655,4764300
2020-06-11,14.048673629760742,15.250361294258198,13.930086368588233,14.59417533273805,6605400
2020-06-12,14.483495712280273,14.831353024211614,14.26213320207588,14.59417696738247,3272200
2020-06-15,14.404438018798828,14.546743361114018,13.732442914629054,13.874746749025132,3909500
2020-06-16,14.673236846923828,15.1633995312524,14.523026990754005,14.981565595097901,4314700
2020-06-17,14.001240730285645,14.74439004955788,13.985430197643483,14.696955435793027,3665000
2020-06-18,13.795687675476074,14.246320192444914,13.787781656662018,13.969615565628585,3958500
2020-06-19,13.479454040527344,14.230509301261534,13.400396861855555,14.230509301261534,7070100
2020-06-22,13.692909240722656,13.74034383980561,13.226464743970572,13.447828719555554,3050100
2020-06-23,13.89846420288086,14.009145460781786,13.716630276923897,13.851029593483183,4267600
2020-06-24,13.210655212402344,13.669195286156471,13.194844681656928,13.669195286156471,4390400
2020-06-25,13.226466178894043,13.53479487618025,12.965573593755794,13.044632272750178,6390800
2020-06-26,12.886515617370605,13.179032293222994,12.688869663067873,13.107879629040493,6920600
2020-06-29,13.408299446105957,13.487358121333038,12.791645096756103,13.028819614518538,10464700
2020-06-30,13.329243659973145,13.392490305124662,12.831175009975855,13.258090995687818,10695600
2020-07-01,13.005106925964355,13.70082015695168,12.973482843323486,13.305528171456341,3584300
2020-07-02,13.234373092651367,13.66919510256888,13.226467073425342,13.360866384429812,3378900
2020-07-06,13.392491340637207,13.764065221142733,13.368773281401886,13.51898464072075,4813400
2020-07-07,12.957667350769043,13.329242683235062,12.957667350769043,13.281806571908216,2873100
2020-07-08,12.839079856872559,13.226465711546263,12.791645254319548,13.036725793415396,3634400
2020-07-09,12.435884475708008,12.910235120747979,12.372637823563954,12.783741816459871,6559400
2020-07-10,12.760022163391113,12.760022163391113,12.372636278882691,12.412165620027514,4014700
2020-07-13,12.846985816955566,13.020913697472805,12.60981054338912,12.823267761827335,7014200
2020-07-14,13.416210174560547,13.455740280011652,12.76002550326556,12.815366142977771,4347000
2020-07-15,13.677098274230957,13.906368285572205,13.542698976390636,13.685004292682605,3256300
2020-07-16,13.503172874450684,13.779877539451872,13.345055492187402,13.542701466056949,3415900
2020-07-17,13.439924240112305,13.732440901763766,13.345053523168376,13.558511505353046,3908400
2020-07-20,13.218562126159668,13.55060742098507,13.13950494332623,13.368773487797592,5416000
2020-07-21,14.372815132141113,14.45187382146351,13.511078585157053,13.511078585157053,6230700
2020-07-22,14.183072090148926,14.270035272315598,13.843120855726374,14.07238934606237,4777500
2020-07-23,13.582231521606445,14.10401677029911,13.503172830730778,14.017052059543964,7497400
2020-07-24,13.202750205993652,13.700817341897364,13.186938167922055,13.66128875463732,4616100
2020-07-27,13.321338653564453,13.321338653564453,12.933952734071388,13.163221274705656,3459800
2020-07-28,12.752116203308105,13.258090867548985,12.728399654054858,13.258090867548985,5156600
2020-07-29,12.989290237426758,12.989290237426758,12.601903657228462,12.870702985789324,5878400
2020-07-30,12.815363883972168,12.839081943061972,12.348920031265713,12.70468262405789,4370000
2020-07-31,12.459598541259766,12.933949034225838,12.35682257598514,12.752113648177767,4692300
2020-08-03,12.736306190490723,12.878611523466777,12.293578906764944,12.459601543917174,3835000
2020-08-04,12.720494270324707,12.846987565722918,12.554471631624677,12.649341603173335,6593900
2020-08-05,13.14741039276123,13.45573915788988,13.005106548762484,13.036729122566912,6562000
2020-08-06,12.989290237426758,13.250182794196602,12.9813842195951,13.08415943556922,3215900
2020-08-07,12.791647911071777,12.90232917598961,12.633530525829897,12.86280058363871,4877200
2020-08-10,13.368770599365234,13.37667661752424,12.84698546422114,12.92604413789241,5206800
2020-08-11,13.408299446105957,14.056579376632977,13.360864844137232,13.724534147014282,5794900
2020-08-12,13.764066696166992,13.866843455948354,13.542702643338801,13.732444121716819,4012600
2020-08-13,13.424114227294922,13.708724913133537,13.345055535904292,13.66919632139778,3376100
2020-08-14,13.439924240112305,13.447830258850873,13.210654220450497,13.297618918655857,5725800
2020-08-17,13.416210174560547,13.64548026241895,13.297622874045903,13.64548026241895,3229600
2020-08-18,13.281806945800781,13.59013564642954,13.234372341057473,13.384583681983333,2725600
2020-08-19,13.084160804748535,13.368771444796158,13.060444256690484,13.281806747466302,3305000
2020-08-20,12.878610610961914,12.981385839763103,12.783739893060204,12.910233178316547,3341800
2020-08-21,12.51494312286377,12.807459830427579,12.48331979690546,12.76792973053024,4671900
2020-08-24,13.107877731323242,13.123689767278796,12.680963315954523,12.728397915902438,4552900
2020-08-25,13.139503479003906,13.392490054882861,12.941857528108606,13.258090747957299,3547000
2020-08-26,12.878610610961914,13.139503200292983,12.807457949515358,13.123691162656215,3117100
2020-08-27,13.005106925964355,13.013011438705316,12.649343535850848,12.910236185961002,4889900
2020-08-28,13.123693466186523,13.258092793851631,12.96557607790316,13.02882273163267,4506600
2020-08-31,12.673057556152344,13.242277290879697,12.673057556152344,13.210653218324344,5103500
2020-09-01,12.752116203308105,12.949762155986226,12.4358829806069,12.65724699045722,4294800
2020-09-02,12.586094856262207,12.87861154201415,12.546565513271986,12.783740817253813,12488100
2020-09-03,12.618841171264648,12.778573183728795,12.435148785684143,12.515015172747374,10927700
2020-09-04,12.395214080810547,12.698704468007938,12.179575332280523,12.698704468007938,7937400
2020-09-08,11.173261642456055,12.035815031935906,11.165274853634807,11.995882611153885,15525100
2020-09-09,11.24514389038086,11.420849477885579,11.229171070605314,11.356956675458823,9146800
2020-09-10,10.965612411499023,11.388903183629404,10.941652800779549,11.261117577575815,7061700
2020-09-11,11.005544662475586,11.141317047710158,10.893732647573392,11.005544662475586,5435100
2020-09-14,10.797894477844238,11.141318106974964,10.789907686974098,11.053465692390322,6463000
2020-09-15,10.662121772766113,11.093398565728435,10.654134982125893,10.933665799573127,7824700
2020-09-16,10.901719093322754,11.093398255007829,10.69406787412916,10.781920283724055,15624800
2020-09-17,10.845812797546387,10.917692386073842,10.486415616571344,10.765946418813162,11487800
2020-09-18,10.654133796691895,10.869771788348919,10.574267422500586,10.781919386068234,9017200
2020-09-21,10.158965110778809,10.398563491826199,9.999233110634634,10.390576701403425,12411600
2020-09-22,10.17493724822998,10.462455590887702,10.039164866788768,10.198897617892927,8350600
2020-09-23,9.95930004119873,10.366616456100122,9.95131325067891,10.198898425157486,8735800
2020-09-24,10.20688247680664,10.342654842693621,9.743659379661224,9.903391350804107,8293800
2020-09-25,9.927352905273438,10.095071685452213,9.799567313072888,10.047151707545902,9661300
2020-09-28,10.310708999633789,10.454468162178225,10.11903062401598,10.142990230552668,7333700
2020-09-29,9.831515312194824,10.390577749947198,9.79158211771344,10.382590958718454,8476400
2020-09-30,9.767620086669922,9.959299235324224,9.74366047871146,9.85547325195462,8032000
2020-10-01,9.32835865020752,9.735675090804996,9.248492263295372,9.711715479396277,12935600
2020-10-02,9.591914176940918,9.599900965896481,8.873119165844747,9.016878320396405,14480000
2020-10-05,9.663795471191406,9.887420270043943,9.488089891261858,9.78359428016113,13204800
2020-10-06,9.567955017089844,9.967285375298847,9.528022590598713,9.871446180728151,10096400
2020-10-07,9.807551383972168,9.81553817230627,9.512047070568855,9.551980250577316,9194100
2020-10-08,10.31869888305664,10.37460490229284,9.903394849695205,9.935341255210517,7654900
2020-10-09,10.270777702331543,10.566282109479197,10.103058902419383,10.502389305861449,6972600
2020-10-12,10.17493724822998,10.22285722589367,9.975272071011988,10.19091082800528,4390100
2020-10-13,10.015206336975098,10.382590333073418,9.927353923739824,10.127019122452774,5828800
2020-10-14,9.879433631896973,10.350643607986452,9.871446841399326,10.063126005031535,8925200
2020-10-15,9.695741653442383,9.743660871290002,9.488089678336738,9.663795254323224,10235800
2020-10-16,9.488088607788086,9.77560616741967,9.424195816758845,9.663794163949573,7910400
2020-10-19,9.432183265686035,9.69574123752893,9.432183265686035,9.583928464577138,5910100
2020-10-20,9.528023719787598,9.615876134806781,9.424197722949124,9.488090526901676,6974900
2020-10-21,9.192584037780762,9.472114801395442,9.160637643034452,9.472114801395442,10249600
2020-10-22,9.759634017944336,9.759634017944336,9.024866109195926,9.064799296735726,9001700
2020-10-23,10.007218360900879,10.079097945789574,9.703727203405391,9.895406350329308,8697700
2020-10-26,9.807551383972168,9.887417743989088,9.631846610594236,9.879430955654986,7482600
2020-10-27,9.583929061889648,9.983259439468384,9.583929061889648,9.719701451199398,8851600
2020-10-28,9.008890151977539,9.296408417055355,9.000904125906933,9.232515638518507,9684600
2020-10-29,9.040838241577148,9.072784636853804,8.521709127915956,8.921039449705225,10347000
2020-10-30,9.016880989074707,9.104733408600758,8.841175388360265,9.008894197755335,7527800
2020-11-02,9.384264945983887,9.472117364896784,8.98493452275053,9.168626151839952,7439100
2020-11-03,9.504061698913574,9.695740839193533,9.432182878178532,9.591914860360022,8099200
2020-11-04,9.5360107421875,9.80755556809774,9.200573867332809,9.520037920366983,5326400
2020-11-05,9.480104446411133,9.7117160685112,9.464131625057176,9.543997255151677,5105100
2020-11-06,9.352316856384277,9.639834435074905,9.328357248575609,9.472115657089821,4472000
2020-11-09,11.612526893615723,12.16360245790778,10.382589409427013,10.390576199463966,22607500
2020-11-10,11.676421165466309,11.820180357641194,11.15729193408727,11.708367567987137,9273000
2020-11-11,11.676421165466309,11.955952758770293,11.612528360424653,11.900045983112106,5533600
2020-11-12,10.933663368225098,11.516686007054199,10.805877793046694,11.404873247942042,8894200
2020-11-13,11.109370231628418,11.149303419020148,10.893732238372598,10.981584641304643,6375800
2020-11-16,11.963937759399414,11.97991134011745,11.492728553151084,11.868098560077945,8152900
2020-11-17,12.17957592010498,12.187562710064636,11.508700796738161,11.740312373932685,7802800
2020-11-18,12.267430305480957,12.69072110174438,12.25944427589402,12.363269515485223,9898400
2020-11-19,12.331320762634277,12.37924073933727,12.011856790154967,12.187562355849684,7817700
2020-11-20,12.307360649108887,12.403199836912348,12.139641880037294,12.339307045043373,4385600
2020-11-23,13.385555267333984,13.401528849023217,12.546961270206669,12.650787266199794,8405800
2020-11-24,14.112332344055176,14.399850636947537,13.856761205183806,14.040452770832085,11503800
2020-11-25,14.024483680725098,14.064417636027555,13.76891246008791,14.016496889664607,6028200
2020-11-27,13.776895523071289,14.03246667455001,13.665083525130402,13.776895523071289,3289700
2020-11-30,12.85045051574707,13.736964361645176,12.83447693648374,13.736964361645176,16752100
2020-12-01,12.738637924194336,13.385553421832702,12.586892727379613,13.25776783258616,9509100
2020-12-02,13.087199211120605,13.272777196138557,12.651497923018592,12.732183033250323,15844300
2020-12-03,13.393807411193848,13.530972967184502,12.998448229563234,13.167887219281182,7466900
2020-12-04,14.5072660446167,14.515334786807436,13.70041029300569,13.748822746150106,7484500
2020-12-07,14.410442352294922,14.450784519075258,14.00701452867148,14.321687738632159,8012900
2020-12-08,14.708979606628418,14.725117090597493,14.192592431259422,14.192592431259422,5619800
2020-12-09,14.515334129333496,15.047858778159572,14.281346772221502,14.926830728690945,9647800
2020-12-10,15.152749061584473,15.28184583736103,14.547607348023742,14.66056664208949,7510200
2020-12-11,14.999448776245117,15.128545575371872,14.82194106218464,15.112408090742218,7003100
2020-12-14,14.604090690612793,15.45935743129596,14.604090690612793,15.22537004309869,7993100
2020-12-15,14.555678367614746,14.886489099700974,14.31362072092262,14.717048593120964,8265700
2020-12-16,14.136114120483398,14.539542024339967,14.08770166397278,14.539542024339967,7877900
2020-12-17,14.176456451416016,14.337828230318001,14.047359643876561,14.281348569388907,4695100
2020-12-18,13.99087905883789,14.386238198183072,13.92633065933164,14.192592999664324,5256300
2020-12-21,13.635865211486816,13.781099528339238,13.143684129765992,13.329260628430493,9711300
2020-12-22,13.264708518981934,13.627792671012337,13.184022638879014,13.57131301662684,5299200
2020-12-23,13.861781120300293,13.950535739433414,13.393804877611748,13.393804877611748,5490700
2020-12-24,13.797233581542969,13.942467862236349,13.61165712908152,13.885986667223763,2079400
2020-12-28,13.756891250610352,14.136114474668496,13.708480331842102,13.877920855964017,3881700
2020-12-29,13.59552001953125,14.023152592298544,13.59552001953125,13.877919846557258,5874800
2020-12-30,13.7649564743042,14.023150026996827,13.571311309784727,13.571311309784727,4962700
2020-12-31,13.539042472839355,13.853715779440225,13.53097372921427,13.692343984849504,4239700
2021-01-04,13.490628242492676,13.894056137125348,13.353462696759355,13.716548417510875,8922400
2021-01-05,14.700912475585938,14.878421740787072,13.587452121943544,13.587452121943544,12776500
2021-01-06,14.95103645324707,15.273778420668641,14.717047565019497,14.991378622066605,8579800
2021-01-07,15.136610984802246,15.289913977118161,14.991376733024527,15.209228110691106,6644400
2021-01-08,14.910694122314453,15.338328230482373,14.72511766628045,15.338328230482373,5869800
2021-01-11,14.781597137451172,14.854214278282193,14.418512972251277,14.523403542920967,12247200
2021-01-12,15.233433723449707,15.24150246448055,14.789663739438248,14.999446389375208,10123800
2021-01-13,14.934901237487793,15.233437025566968,14.870352834204025,15.209232336182634,6042300
2021-01-14,15.636862754821777,15.85471416269679,14.886488248177473,15.007516295122999,9536200
2021-01-15,14.789667129516602,15.378671509184482,14.781598386636245,15.322191847977335,8091600
2021-01-19,14.749323844909668,14.870351901102914,14.450786536608112,14.708980133541766,10306400
2021-01-20,14.717049598693848,14.926832291245448,14.620227764565607,14.870352631511423,6938300
2021-01-21,14.636363983154297,14.684776440074089,14.216800129203436,14.668638954434158,6859700
2021-01-22,14.281346321105957,14.378168142040419,14.095768342897232,14.249071354824407,4875400
2021-01-25,14.136114120483398,14.224867212842225,13.902125197548036,14.136114120483398,5909300
2021-01-26,13.877920150756836,14.466924505865565,13.869851408212913,14.257141816589453,6014900
2021-01-27,13.829507827758789,14.192593550931399,13.401875241528044,13.627793879097405,7189900
2021-01-28,13.869850158691406,14.249071790360311,13.684272174810319,14.039289119983318,10773400
2021-01-29,13.49869441986084,14.03121901646223,13.426077289510197,13.781094200229456,12133800
2021-02-01,13.547109603881836,13.732686068302195,13.264709766441332,13.732686068302195,9619800
2021-02-02,13.59552001953125,14.047358819399715,13.571313792430077,13.902124534703182,7547600
2021-02-03,14.095769882202148,14.10383862465367,13.611657646752986,13.756890394014578,11153200
2021-02-04,13.8456449508667,14.353964950013191,13.232434378300043,14.31362123796293,20195100
2021-02-05,13.926331520080566,14.176456391257421,13.869851859391147,14.11190798776161,9202100
2021-02-08,14.24907398223877,14.281348954471564,13.958605387965127,14.136114657334744,13355400
2021-02-09,14.386236190795898,14.523401712976657,13.91019123375415,14.168384795752043,10027600
2021-02-10,14.612160682678223,14.75739498933287,14.44272014526264,14.450788888849619,7639000
2021-02-11,14.386236190795898,14.668635976339226,14.321687800296425,14.579881362294318,7001600
2021-02-12,14.547609329223633,14.555678071177898,14.192592378011808,14.249072032736496,9353100
2021-02-16,15.160820007324219,15.209230920542236,14.717048429467651,14.959106073468101,8654800
2021-02-17,15.370603561401367,15.386741047996846,14.838078815393962,15.136616161588623,8460200
2021-02-18,15.144685745239258,15.4512903127892,14.902628049741978,15.330262234518315,11366800
2021-02-19,15.314120292663574,15.410943650490923,15.023653297091657,15.201160990994222,8816700
2021-02-22,16.55668067932129,16.83101176273939,15.378670461298523,15.402876688290206,14818300
2021-02-23,16.88749122619629,17.056930196326846,16.00801832868139,16.79873660053444,12928200
2021-02-24,17.371606826782227,17.637869192999684,16.77453368856597,17.065000745104314,11814200
2021-02-25,16.661575317382812,17.56525467249882,16.6454378287839,17.54911718389991,11358800
2021-02-26,16.02415657043457,16.395309497187473,15.749825477201862,16.32269235256968,10116500
2021-03-01,16.33076286315918,16.70191736904861,16.1451863796922,16.516339346626165,10672200
2021-03-02,16.677705764770508,16.847144706656284,16.314620119365323,16.34689508293688,16282100
2021-03-03,16.877803802490234,17.227560948792295,16.845267532408766,16.853401599929132,9382500
2021-03-04,17.268226623535156,17.8213307039421,16.837131982534924,17.081147758519414,18235500
2021-03-05,17.88640594482422,18.211760907501578,17.66679076323644,17.78066616373464,17209900
2021-03-08,17.90267562866211,18.138557415216773,17.642391636016285,18.138557415216773,7844600
2021-03-09,17.780664443969727,18.057216523350778,17.59358400103688,17.927074550867307,9714500
2021-03-10,18.309362411499023,18.38256744899643,17.780660569562254,17.870132186514592,6367300
2021-03-11,18.71605682373047,18.886867547712484,18.374433824352057,18.57778081085315,7099300
2021-03-12,19.139020919799805,19.220358481733573,18.71605877152019,18.772995685439646,6347700
2021-03-15,18.943809509277344,19.26916443754483,18.797399403703306,19.106486197703752,5884700
2021-03-16,18.512712478637695,18.797398610641345,18.35003424566001,18.74046169452354,10707600
2021-03-17,18.92753791809082,18.960072629268105,18.406968576524786,18.423236707820625,8132200
2021-03-18,17.650522232055664,18.79739931864298,17.536646844116337,18.724194266187222,9408700
2021-03-19,17.910802841186523,18.04907885327507,17.37396692399908,17.69932179026202,9916300
2021-03-22,17.520376205444336,17.967738932298342,17.471571814162065,17.967738932298342,8560300
2021-03-23,16.56871795654297,17.14622282131321,16.528047616577915,17.02421490424772,9684000
2021-03-24,17.170621871948242,17.487842708344626,16.92660453121563,17.146219672450616,7947800
2021-03-25,17.11368751525879,17.12995409927346,16.422307273654884,16.70699343801117,8190300
2021-03-26,17.317035675048828,17.577319653112646,17.024215424019594,17.504114590355336,7905600
2021-03-29,17.11368751525879,17.268230147594238,16.894072341205526,17.12182003155873,5941400
2021-03-30,17.146217346191406,17.20315425254658,16.78832622585473,16.975406627125885,4867400
2021-03-31,16.999813079833984,17.243830470828126,16.97541242672498,17.178759476845997,3998600
2021-04-01,17.51224708557129,17.520381153082006,16.82900092881844,17.121819602130557,7850500
2021-04-05,17.203157424926758,17.463441359928176,16.97540975750783,17.439040710655934,8561300
2021-04-06,17.195024490356445,17.51224691451693,17.105552851441974,17.300765815548186,6330700
2021-04-07,17.097415924072266,17.260092591241975,17.024210880850834,17.243826010515132,3492100
2021-04-08,17.105554580688477,17.138089302287835,16.804600260966247,17.056750171167106,4588100
2021-04-09,16.97541046142578,17.219426272754536,16.94287419249411,17.09741836709016,4111500
2021-04-12,16.885934829711914,17.162486869952446,16.86966669760024,17.13808467178494,4266500
2021-04-13,16.763925552368164,16.983539112017052,16.74765742160474,16.91846814037769,5993100
2021-04-14,17.430908203125,17.56918424989147,16.885938083682404,16.910340286552287,9506400
2021-04-15,17.16248893737793,17.487843861731868,17.129952669235205,17.284496840083825,4448600
2021-04-16,16.991676330566406,17.35770158359557,16.967275681307548,17.2926305998809,8139100
2021-04-19,16.991676330566406,17.12995236488691,16.837133713878206,17.09741764873689,4709700
2021-04-20,16.29216766357422,16.942877661283394,16.210828526006818,16.91847545458867,7010500
2021-04-21,16.57684326171875,16.674450483758104,15.983070519270665,16.04000741903772,5243600
2021-04-22,16.33283233642578,16.633786604080008,16.235225085684927,16.584982203002273,5997700
2021-04-23,16.56871795654297,16.625654881079207,16.275897714453926,16.397905631519414,3224800
2021-04-26,16.706993103027344,16.796464743265812,16.479243865825843,16.53618078727253,3575900
2021-04-27,16.967273712158203,17.032344688321015,16.731390453933983,16.80459549604395,5374700
2021-04-28,17.544780731201172,17.561048865227686,17.032346920683178,17.08114977134807,6498600
2021-04-29,17.699321746826172,18.17108668960327,17.495974761984073,17.79692743075833,6510800
2021-04-30,17.42276954650879,17.715589698162262,17.30889573260549,17.47157238797958,5599000
2021-05-03,17.84573745727539,17.88640624651546,17.471578080324328,17.60985413572137,5624600
2021-05-04,17.805063247680664,18.382569548172942,17.739992268187194,18.073481232018054,7642500
2021-05-05,18.504573822021484,18.585912918335193,17.967737958330922,18.04907705464463,9524200
2021-05-06,18.699792861938477,18.70792692938189,18.260564079897346,18.561516818229936,4544300
2021-05-07,19.220355987548828,19.228490052969576,18.415102127867115,18.585914398874092,6539500
2021-05-10,18.984481811523438,19.627057719999915,18.968213674241763,19.488781655935615,6277900
2021-05-11,18.618453979492188,18.886872002934147,18.382572226244285,18.650990249686245,6062000
2021-05-12,18.95193862915039,19.40743699852245,18.724190995878757,18.76485977284458,7253000
2021-05-13,18.40696907043457,18.951939072153017,18.228024275621955,18.626584194578072,9738200
2021-05-14,18.895002365112305,19.00074367109203,18.62658439430797,18.634718460261364,7745300
2021-05-17,19.586381912231445,19.61078410941292,18.7892620879429,18.7892620879429,7085800
2021-05-18,19.38303565979004,19.797863719150786,19.20409086123646,19.61078485456098,7314100
2021-05-19,18.585914611816406,19.122750524421512,18.423236404366342,19.04141142069648,7913700
2021-05-20,18.756729125976562,18.85433638046566,18.374437278008173,18.6184530871089,4914300
2021-05-21,18.829933166503906,19.10648522936902,18.740461535399028,19.00887953154286,4365600
2021-05-24,19.14715576171875,19.179690477526975,18.732327663115257,19.000745662045208,2899900
2021-05-25,18.838069915771484,19.171558941759884,18.756730788390573,18.992614102653732,6327500
2021-05-26,18.772994995117188,18.895002884945903,18.683521818582697,18.7241921494686,6440800
2021-05-27,18.829933166503906,19.090217095926462,18.748594050705712,18.756728117426988,5829200
2021-05-28,18.78926658630371,18.943810769290497,18.707927460973046,18.870605711634376,4747300
2021-06-01,19.936140060424805,19.96054225892699,19.22849181800635,19.24475995034114,14145800
2021-06-02,20.42417335510254,20.708857916461078,19.976809020340756,20.12321910984772,7732600
2021-06-03,20.493799209594727,20.649426453185143,20.24806926939952,20.436462692240056,10677300
2021-06-04,20.878768920898438,20.96887003291533,20.477411836381663,20.723140153497226,5933300
2021-06-07,20.821434020996094,21.04259046081089,20.68218754729448,20.92791588333137,8766900
2021-06-08,20.70676612854004,20.870584538991366,20.477418479144525,20.70676612854004,6949200
2021-06-09,20.50198745727539,20.870579971858646,20.50198745727539,20.870579971858646,5868600
2021-06-10,20.42827033996582,20.90334632171838,20.256259235686652,20.739526371195634,6198900
2021-06-11,20.46103286743164,20.690380479815314,20.38731404781913,20.690380479815314,3562200
2021-06-14,20.67399787902832,20.968873153289362,20.51836908846802,20.60847021389284,6357300
2021-06-15,21.02621078491211,21.07535614580565,20.747717802677286,20.78048241814155,6208200
2021-06-16,20.608469009399414,21.00982613018414,20.575705959897945,20.977063080682672,5018200
2021-06-17,19.66651153564453,20.54294473601092,19.338873175082743,20.518371273105185,8675100
2021-06-18,19.15867042541504,19.560027602343244,19.019423930374405,19.248771558177477,9240900
2021-06-21,20.0760555267334,20.207110842560336,19.297913221996193,19.330677832104225,6886100
2021-06-22,20.248065948486328,20.354549373797305,19.75660927330625,20.05967411884712,4514500
2021-06-23,20.231689453125,20.936111564534478,20.198924834671864,20.485608996924825,4363800
2021-06-24,20.387313842773438,20.420078456628488,20.15796779499921,20.338168484293643,3196700
2021-06-25,20.182540893554688,20.534752701932295,20.182540893554688,20.444651570774433,5177900
2021-06-28,19.469926834106445,20.043293524886632,19.44535337332764,19.95319395996996,5442100
2021-06-29,19.33068084716797,19.74022916358126,19.322489693363362,19.609173827313235,3599800
2021-06-30,19.633747100830078,19.756612854197215,19.36344525556769,19.445355237044797,4207300
2021-07-01,19.977764129638672,20.256257078487405,19.96138338617314,20.14977521559944,3441100
2021-07-02,19.600982666015625,19.977766367066454,19.32248968597682,19.85490218465,4423300
2021-07-06,19.469926834106445,19.764800551938073,19.011231606718933,19.748419807055004,11517200
2021-07-07,18.978469848632812,19.63374655771737,18.912942177724357,19.38801818238639,4619700
2021-07-08,18.863794326782227,19.09314036355717,18.454246047052457,18.560727912369007,5498500
2021-07-09,19.06037712097168,19.21600434083844,18.88836603282594,19.109522476597885,4755100
2021-07-12,18.78188705444336,19.068571203867144,18.62625824836137,18.945705452469145,6010700
2021-07-13,18.552539825439453,18.77369630799627,18.36414796058126,18.675404017203366,4419500
2021-07-14,18.134801864624023,18.929326725998642,18.020128817540304,18.6917879144074,5678700
2021-07-15,17.733444213867188,18.151183741224717,17.643344634298114,17.88088187791138,4948500
2021-07-16,17.184642791748047,17.962785028125925,17.094543246471343,17.93002042089624,7199700
2021-07-19,16.308210372924805,16.603085598087485,16.021526299828032,16.316401524990713,11952200
2021-07-20,16.701377868652344,16.840624342260693,16.037910111954996,16.324594212007792,7961200
2021-07-21,17.233793258666992,17.44675700039368,16.955300288959435,16.955300288959435,8105200
2021-07-22,17.143693923950195,17.258366960294065,16.930728597666615,17.258366960294065,5003900
2021-07-23,17.045398712158203,17.26655515488561,16.92253454252165,17.22560095244098,4649900
2021-07-26,17.45494842529297,17.717059092080788,17.004445912039255,17.0454001178613,5847300
2021-07-27,16.67680549621582,17.348464386569052,16.65223203840926,17.29931903325854,10187100
2021-07-28,16.799673080444336,16.938919578421803,16.504797775950184,16.77509961763551,12321600
2021-07-29,16.316408157348633,17.053594957607423,16.283643535766704,16.963493810560266,11699300
2021-07-30,16.0788631439209,16.52117599107117,15.923235938266583,16.349164918634106,9744800
2021-08-02,15.775800704956055,16.652233817069817,15.75941839800185,16.11163018600333,7490700
2021-08-03,16.16896629333496,16.250876263753014,15.55464385865368,15.693890339673548,7610100
2021-08-04,15.611981391906738,16.005148963206988,15.595600646592311,15.89866552599758,6374600
2021-08-05,16.02153205871582,16.234497402071625,15.743039037581543,15.767612502612122,6961400
2021-08-06,16.119821548461914,16.2754503419389,16.01333811418189,16.17715806124217,4978800
2021-08-09,15.702079772949219,15.890471590662493,15.562833307182325,15.890471590662493,6339600
2021-08-10,16.152584075927734,16.17715753587958,15.702081579596491,15.751226937197432,4623900
2021-08-11,16.177160263061523,16.20992488185418,15.906858407234134,16.09525027838289,3972400
2021-08-12,15.988763809204102,16.185346778706297,15.857708496202639,16.10343681750474,3664400
2021-08-13,15.718467712402344,15.98876958845821,15.702085401780016,15.923241908272034,3665300
2021-08-16,15.439971923828125,15.521881900009479,15.186052403738497,15.497308438464218,6075000
2021-08-17,15.128714561462402,15.521882140770783,15.063186891961484,15.243389154816164,9430300
2021-08-18,14.735546112060547,15.202430875473784,14.727354959437186,15.161476674659598,9866200
2021-08-19,14.375144004821777,14.457053973292249,14.006551490158712,14.30961634250594,14028000
2021-08-20,14.33419132232666,14.391527837647509,14.137608314525382,14.194944829846229,6086400
2021-08-23,14.98946762084961,15.07137759585537,14.727356950673437,14.727356950673437,7531000
2021-08-24,15.325292587280273,15.423584840725503,15.120518491379881,15.16966539925368,7731400
2021-08-25,15.333486557006836,15.374442321096323,15.186050493192644,15.317105813673695,4118300
2021-08-26,15.284343719482422,15.382636007181661,15.071378398053161,15.251580665117949,8513900
2021-08-27,15.734843254089355,15.89866318149863,15.43177841937559,15.43177841937559,6659500
2021-08-30,15.513689994812012,15.79218296295911,15.513689994812012,15.775800656055686,6698600
2021-08-31,15.27614974975586,15.562833843544842,15.259767444441604,15.399013915007531,5658000
2021-09-01,15.120521545410156,15.407205650035394,15.079567342879129,15.227004971675118,13248300
2021-09-02,15.621397972106934,15.861092141692334,15.31558312126643,15.332112503340717,13337300
2021-09-03,15.472623825073242,15.77844027862064,15.423032521639298,15.704052535230167,5970800
2021-09-07,15.232932090759277,15.538746985481296,15.208135649371329,15.381707586128565,10570300
2021-09-08,15.075892448425293,15.538748359919936,15.042832100129633,15.307321192412285,6794900
2021-09-09,15.323850631713867,15.48089002934846,14.910586071978056,14.98497224236965,8961200
2021-09-10,15.125482559204102,15.72058454610998,15.117218655145269,15.613134875594543,5907500
2021-09-13,15.70405387878418,15.819767455522916,15.31558574510468,15.33211513001075,7377700
2021-09-14,15.34037971496582,15.968542022615775,15.265991969554698,15.952011062195714,5394800
2021-09-15,16.216503143310547,16.266094452506923,15.604870165144948,15.629666607982784,9119000
2021-09-16,16.175172805786133,16.30741732398481,16.07599020537663,16.16690732633884,7086100
2021-09-17,16.001604080200195,16.084255730048508,15.761909881498418,15.92721633415338,6097100
2021-09-20,15.46435832977295,15.62139929638388,15.249462156278973,15.439563466320088,5536400
2021-09-21,15.654464721679688,15.803240241627478,15.4147704781017,15.679259590684676,6505200
2021-09-22,16.315689086914062,16.58017822517121,15.968546698831652,15.985077664092628,7427300
2021-09-23,16.671092987060547,16.869459793508238,16.406603911796957,16.472726180612852,7692800
2021-09-24,16.712419509887695,16.84466405302688,16.480992347633777,16.563645581215592,3549600
2021-09-27,17.348846435546875,17.646397430010733,17.150479631397374,17.150479631397374,7224000
2021-09-28,17.274456024169922,17.762108267048276,17.15874246703912,17.63812923062542,7627400
2021-09-29,17.1422119140625,17.324047733353236,17.08435513412813,17.233130611947377,6513900
2021-09-30,17.1422119140625,17.42323191072574,16.819866096440144,17.167008352525382,8590600
2021-10-01,17.32404899597168,17.522417365174253,17.133947683338278,17.17527508378845,5377000
2021-10-04,17.66292381286621,18.076188275178225,17.59680156195544,17.638127377595115,8159900
2021-10-05,18.28282928466797,18.489461615036603,17.894359494628006,18.01007467164055,8904400
2021-10-06,17.81996726989746,18.0018046840616,17.522417860638356,17.960477282442852,8390700
2021-10-07,18.439863204956055,18.472925124635758,17.778640576152977,17.977007364793902,7169500
2021-10-08,19.092824935913086,19.15068172798129,18.71262068214019,18.72088616336127,6838800
2021-10-11,19.357309341430664,19.820165142368733,19.307718042592757,19.67138966937604,5536600
2021-10-12,19.357309341430664,19.464757418325963,19.05975839544528,19.25812516727588,7027700
2021-10-13,19.406902313232422,19.448229712892427,18.94404647239406,19.125882301460784,5027700
2021-10-14,19.46476173400879,19.91108825194537,19.406904943123525,19.836700498955942,7183700
2021-10-15,19.431699752807617,19.795373006131495,19.431699752807617,19.646597512659035,6244600
2021-10-18,19.150678634643555,19.86149414004749,19.06802541226278,19.646596392449112,8154300
2021-10-19,19.142414093017578,19.34904637085799,18.9523127757594,19.20853635886734,6424800
2021-10-20,19.142414093017578,19.332515410275757,18.927516334886047,18.97710764015358,8838300
2021-10-21,18.663026809692383,19.142413619361115,18.514251321091894,19.010169090933818,9129000
2021-10-22,18.894453048706055,18.96884078326623,18.65475888701684,18.753943058590046,5264200
2021-10-25,19.431699752807617,19.580475246280074,19.208536512598926,19.299455220049694,6772400
2021-10-26,19.563945770263672,19.663129965598745,19.423435746485247,19.539149327310078,5720300
2021-10-27,18.919248580932617,19.39863534485185,18.86965728162483,19.39863534485185,8791200
2021-10-28,21.415367126464844,21.481489386069004,19.985472277225487,19.993737756735886,21274500
2021-10-29,21.737712860107422,22.01873285644771,21.415367042855515,21.43189800181177,15154000
2021-11-01,22.084856033325195,22.291488299426035,21.72944985987418,22.109652472789765,8601200
2021-11-02,21.29138946533203,21.977408544322877,21.274858505240896,21.911286280437462,7785700
2021-11-03,20.98557472229004,21.167412145174843,20.754147568042836,20.787207914444185,8377700
2021-11-04,21.431901931762695,21.704656498639643,21.150881883891987,21.3657796602919,11260400
2021-11-05,21.919551849365234,22.01046897727689,21.39057215965782,21.630266352513843,10227400
2021-11-08,21.812101364135742,22.184040071304636,21.663325881268182,22.068326507509457,6984900
2021-11-09,21.69639015197754,21.95261374664385,21.473226903487895,21.85343113163461,5918400
2021-11-10,21.390573501586914,21.911287743882042,21.200472177279458,21.696389977781745,6229200
2021-11-11,21.307920455932617,21.555878551738175,21.274858535703007,21.37404271991271,4465800
2021-11-12,21.29965591430664,21.316186875149775,21.03516684673328,21.192206245305464,5967900
2021-11-15,21.431901931762695,21.57241195569805,20.869861836021276,21.183942231387732,5697200
2021-11-16,21.150880813598633,21.572410864074104,21.142615333023127,21.555879902923092,3831400
2021-11-17,21.126079559326172,21.59720080945348,20.87812150446302,20.96904019360298,4716500
2021-11-18,21.19220733642578,21.481492860158248,20.927718255234705,21.150881508669404,5407200
2021-11-19,20.688020706176758,21.076488754911345,20.423530111284613,20.82026521538338,7027100
2021-11-22,20.71282196044922,21.109557187021057,20.349150236104165,20.54751706115039,9466000
2021-11-23,21.514554977416992,21.555880805545762,21.109555871133754,21.150881699262523,7685900
2021-11-24,22.01873779296875,22.076594585807914,21.2665963331009,21.332718607271282,6012800
2021-11-26,20.47312355041504,20.76240901347914,20.002002276286138,20.76240901347914,11075300
2021-11-29,20.704553604125977,21.3079210534016,20.365676794666097,21.15088008086582,9761500
2021-11-30,20.1259822845459,20.59710358148677,19.803634889418703,20.225164885755017,10330600
2021-12-01,19.687923431396484,20.88639128874165,19.663128566686197,20.84506388675919,14718600
2021-12-02,20.23937225341797,20.365082322372814,19.384541226940623,19.719770208807212,14351600
2021-12-03,19.761672973632812,20.81764042700131,19.635962905051137,20.650025936565584,10139200
2021-12-06,20.423748016357422,20.74221362319605,19.937667922662538,20.096899926836745,6354400
2021-12-07,21.01039695739746,21.278578875879532,20.7589768084431,20.91820882348538,6799600
2021-12-08,20.767358779907227,21.24505804701143,20.7170734686928,21.11096708075377,5219000
2021-12-09,20.507551193237305,20.666784776738165,20.298033909127234,20.53269384278692,5521700
2021-12-10,20.633264541625977,20.75059371887276,20.356701767765593,20.683548246376006,5722000
2021-12-13,19.962810516357422,20.440509762702497,19.895765036142155,20.41536870667823,6398200
2021-12-14,19.66948699951172,20.230993525966408,19.60244151568834,19.83710150831537,5215600
2021-12-15,19.703006744384766,19.845478569869933,18.906840378704686,19.55215403522516,6784700
2021-12-16,19.85386085510254,20.339940953103188,19.837099086570394,19.962809153581034,5155500
2021-12-17,19.42644691467285,19.75329343494958,19.24207064293492,19.376163203512668,5648700
2021-12-20,19.359399795532227,19.376161563997442,18.621897967964973,18.831415278309496,7356900
2021-12-21,20.088518142700195,20.13880344559847,19.652723373679468,19.71976884572036,7155500
2021-12-22,20.448890686035156,20.582981646718114,19.89576507359537,20.088520629765828,4274900
2021-12-23,20.541074752807617,20.72544938760896,20.440505752967777,20.549455636001774,3098100
2021-12-27,20.960113525390625,20.97687529514072,20.205851470030133,20.448890737445133,3155600
2021-12-28,20.943349838256836,21.26181704039129,20.85954259566934,21.052299733167644,2713300
2021-12-29,20.717073440551758,21.094205281695643,20.66678972789604,20.742216096124817,5449100
2021-12-30,20.7003116607666,20.943350918466532,20.675169007146494,20.80925996280651,3569900
2021-12-31,20.97687530517578,21.035539900838835,20.675169843491116,20.700312498128284,3419100
2022-01-03,21.53838348388672,21.731139055666624,21.03554154136005,21.094206141598242,4301000
2022-01-04,21.85684585571289,21.965794154277297,21.4210494644748,21.546759531584573,7293400
2022-01-05,21.923892974853516,22.53568318620799,21.898750320150736,22.384830454972015,7883200
2022-01-06,22.27587890625,22.812242673925088,22.175309900565864,22.41835073184996,9238100
2022-01-07,22.259122848510742,22.435118253979525,22.083129041532487,22.418356482317634,7037700
2022-01-10,22.301025390625,22.4434972407145,21.965796379715318,22.267501850137876,5111300
2022-01-11,23.44917869567871,23.474321350205265,22.485399317692224,22.577587452465913,8694000
2022-01-12,23.61678695678711,24.086105194539105,23.47431514908687,23.67545153669487,11657900
2022-01-13,23.35699462890625,23.776029324377554,23.147477281170598,23.60841480679283,7626700
2022-01-14,23.658695220947266,23.708980528299346,23.25642235307233,23.348610484727526,6201000
2022-01-18,23.96878433227539,24.513529103772235,23.74250521844901,24.513529103772235,13731300
2022-01-19,23.78440284729004,24.220199208599457,23.558125381428333,24.220199208599457,5979100
2022-01-20,23.64193344116211,24.203439918418027,23.424036836695887,23.591649732323003,5523100
2022-01-21,22.686534881591797,23.3067059495306,22.60272763489947,23.239660471874792,12240300
2022-01-24,21.990936279296875,22.30940348005443,21.178009706240303,21.96579362708227,13170700
2022-01-25,23.13909339904785,23.24804170242632,21.622186846960226,21.840085052207456,11421200
2022-01-26,23.373748779296875,23.97715960833218,23.122328666192228,23.625170490891616,8416300
2022-01-27,23.84307289123535,24.2704868395177,23.50784388306745,23.84307289123535,9127000
2022-01-28,23.71735954284668,24.11963400460658,23.558127533525532,23.843071211297424,7945800
2022-01-31,23.943639755249023,24.15315708121164,23.507843333609106,23.750884199001103,7162800
2022-02-01,25.058273315429688,25.075035086114298,23.918500083213424,23.943641140749907,8207100
2022-02-02,25.477306365966797,25.569494500359465,24.81523245107403,25.167221620539276,11502100
2022-02-03,24.488386154174805,25.10017800258781,24.21182332897074,24.52190969589188,12784500
2022-02-04,24.06934928894043,24.697901252669457,23.99392292541372,24.6895203680009,15393200
2022-02-07,24.295625686645508,24.488381217186795,23.6838355600631,24.060965737406033,6303500
2022-02-08,23.85982894897461,24.11963154535898,23.583266183863905,24.06934624370969,6195500
2022-02-09,24.211816787719727,24.471619370365435,23.943634920399013,23.943634920399013,4611700
2022-02-10,24.17829704284668,24.63085358530598,24.002301677425166,24.027444329196857,4635300
2022-02-11,25.23426628112793,25.359976352178517,24.312389762606486,24.379435240399484,9300400
2022-02-14,24.899036407470703,25.284549089927058,24.655997158555145,25.049889126758398,10837100
2022-02-15,24.521907806396484,24.530288691179976,23.968782198608544,24.220202348152036,6888400
2022-02-16,24.831993103027344,25.351596781724062,24.7146639104305,24.7146639104305,6862800
2022-02-17,24.857133865356445,25.11693488567881,24.588951960702364,24.823611926519806,5675100
2022-02-18,24.3626708984375,24.781705490012936,24.270482776774067,24.597330845176185,9000500
2022-02-22,24.345914840698242,25.091797675598936,23.94364192208311,25.007990417931495,13516400
2022-02-23,24.404579162597656,24.882278416515682,24.270486601551017,24.53867012515393,5386300
2022-02-24,24.245344161987305,24.790088866107045,23.67545680438871,24.756566926625506,8370700
2022-02-25,24.974462509155273,24.974462509155273,24.211819634847185,24.27048422541085,11409500
2022-02-28,25.586254119873047,25.636537826002474,24.848752303687203,24.98284325235914,8578500
2022-03-01,25.779008865356445,26.399179883499194,25.510826976266625,25.99690704986446,14606900
2022-03-02,26.223190307617188,26.550036837350923,26.122621283896592,26.273474020232285,10583200
2022-03-03,26.20793914794922,26.470526316633062,25.852175209628363,25.919939692373635,13231300
2022-03-04,26.656879425048828,26.66535018772256,25.996176092825404,26.12323430166585,10007700
2022-03-07,27.834287643432617,28.19852233481166,26.978760060704158,26.978760060704158,15343100
2022-03-08,27.266759872436523,28.46958232531602,26.758527035666106,28.31711182803178,14456700
2022-03-09,26.504413604736328,27.309118379713414,26.16558952118831,26.89405903893039,10482300
2022-03-10,26.843233108520508,27.427702810905227,26.656879560020364,26.927939120053953,10170700
2022-03-11,26.90252685546875,27.385350636942484,26.67382110881795,26.733114832253463,7622300
2022-03-14,26.030057907104492,26.597586089450395,25.56417726269146,26.377351103623184,9034300
2022-03-15,25.166061401367188,25.445591748011534,24.725593011881234,24.954297162248448,9370900
2022-03-16,25.343944549560547,25.657356338628418,25.072886578276417,25.538767264466898,9182400
2022-03-17,26.40276336669922,26.46205709058954,25.843705947686487,25.970764158256145,10052100
2022-03-18,26.360410690307617,26.572174909294034,26.13170494605042,26.292646204857274,5430500
2022-03-21,27.495464324951172,27.5208782274801,26.758525776920656,26.80087797278164,7136000
2022-03-22,27.470056533813477,27.58864398716383,27.190526195545566,27.520881112934667,5182000
2022-03-23,27.910524368286133,28.34252194799325,27.834289121130112,27.85969979309362,7257700
2022-03-24,27.86817169189453,28.164640297254184,27.664876625886876,27.986759134038394,6297400
2022-03-25,28.842288970947266,28.876172025002855,27.65641116039459,27.6733494561565,9384600
2022-03-28,27.741113662719727,28.15617296828525,27.64793688608671,28.054523813086146,6789400
2022-03-29,27.6055850982666,27.690289497595284,26.65688063883651,26.987233935623223,8969500
2022-03-30,28.037578582763672,28.223932111407805,27.639464086931078,28.020640290400785,7216700
2022-03-31,27.6055850982666,28.232408639602276,27.597115950840017,27.656409676623237,6673200
2022-04-01,27.758052825927734,28.029110754189283,27.453111848817144,27.47852251982123,4133300
2022-04-04,28.317113876342773,28.359466077259583,27.825819298163545,28.088408113873044,6159900
2022-04-05,27.94440460205078,28.977811676689786,27.910521555337322,28.486520424405377,5589300
2022-04-06,27.436174392700195,28.43570186310172,27.292176260637437,28.206996096355688,6639000
2022-04-07,27.656408309936523,27.690288129234343,26.8347621057353,27.436171712540162,6915100
2022-04-08,27.800405502319336,28.164640205584522,27.56323061880357,27.588641290247274,5632300
2022-04-11,27.131227493286133,27.614049596962747,26.87711110681399,27.37687473375744,6370100
2022-04-12,27.715702056884766,28.20699336541856,27.64793595569911,27.64793595569911,4838000
2022-04-13,28.35946273803711,28.45263950784235,27.758053154541106,27.995228036761407,5458600
2022-04-14,28.596637725830078,28.79993279081616,28.19005082712335,28.26628607258495,4139600
2022-04-18,29.020170211791992,29.325111236327448,28.60511410826998,28.74911224137512,4600700
2022-04-19,28.850759506225586,29.333581686229703,28.6220537528659,28.715230529930846,5037800
2022-04-20,29.24039649963379,29.392866958023113,28.90157254070979,29.096395186148428,5130800
2022-04-21,28.206995010375977,29.7232276845394,28.0460553575728,29.4352282002361,6351500
2022-04-22,27.359935760498047,28.198523468406048,27.241348317842775,27.952876205039864,5642900
2022-04-25,26.4789981842041,26.673820878274867,25.674293504335772,26.377350648026916,7789200
2022-04-26,26.834760665893555,27.30064127671326,26.326526244142162,26.67381941561853,6830200
2022-04-27,27.85123062133789,27.9528765403667,26.57217456152397,26.94487841880661,6541800
2022-04-28,31.247928619384766,31.290280818260925,28.926994515808655,29.121817215651493,19755700
2022-04-29,30.443222045898438,31.840867141829886,30.36698680009735,31.273337371696137,9013400
2022-05-02,30.53639793395996,30.705809945429195,29.79098702225455,30.04510665509108,7928700
2022-05-03,31.40039825439453,31.485102649810873,30.477106126787923,30.527930702797065,8921900
2022-05-04,31.671457290649414,32.0272228724645,30.968401736878384,31.92557371693695,11344600
2022-05-05,31.264873504638672,32.128872025865725,30.671932962863323,31.82393099116606,7495800
2022-05-06,31.383455276489258,31.790042171947025,30.8413394158789,31.451221374698257,6234200
2022-05-09,29.48604965209961,30.74816252941597,29.26581306502421,30.74816252941597,8503500
2022-05-10,29.087928771972656,30.146749703929633,28.003697171653528,30.036631422251894,10544200
2022-05-11,30.155221939086914,31.086986393429076,29.40134187529955,29.40134187529955,10175200
2022-05-12,29.884164810180664,30.197578173039552,28.774522398148523,29.968872434439337,11452600
2022-05-13,30.782041549682617,31.30721581500734,30.341571664445276,30.451689943570855,10824200
2022-05-16,31.773101806640625,31.908630776738008,30.705811571031937,30.858282066299683,8522600
2022-05-17,32.484622955322266,32.90815130275158,31.88321347747621,32.0526254627009,9034600
2022-05-18,31.967927932739258,32.64557278751386,31.713808284841424,32.60322058995274,8213400
2022-05-19,32.13733673095703,32.57780669448619,31.08698801361219,31.180164787029103,7989300
2022-05-20,32.25592803955078,32.916631382149355,31.79004416334347,32.38298463475364,6851300
2022-05-23,33.3909797668457,33.75521447401962,32.408393941537476,32.58627833734869,7519200
2022-05-24,32.83191680908203,33.13685774308912,32.45921301822056,32.8912137518189,7431400
2022-05-25,33.37404251098633,33.54345130271742,32.89968949284877,32.92510016535532,5876400
2022-05-26,33.52651596069336,33.82298460359353,33.2808686672813,33.40792527226743,6469100
2022-05-27,34.39897918701172,34.500625104232306,33.51803928772546,33.5519223372208,7695800
2022-05-31,34.204158782958984,35.59333159236201,34.12792353213732,35.39003651308236,7728800
2022-06-01,34.67850112915039,35.0342666336097,33.97544572824802,34.62767979370261,10623400
2022-06-02,34.5511360168457,34.944347878729815,34.27759931516135,34.773386624973426,9013700
2022-06-03,34.93580627441406,35.16660353237719,34.525501124973665,34.55114417780886,7130000
2022-06-06,35.311920166015625,35.59400351680658,35.20079484076328,35.303370308249505,5429000
2022-06-07,35.87609100341797,36.09833839852788,34.95290199107972,35.14095973673723,5811500
2022-06-08,36.320587158203125,36.51719149075543,35.85044281860497,35.97866459500724,5173300
2022-06-09,35.71367645263672,36.25220337865071,35.68803340024119,35.94447370664272,5176200
2022-06-10,35.311920166015625,35.74786834844358,34.78193985223693,35.24353434714793,6527100
2022-06-13,33.824562072753906,34.44856801209902,32.781701134245836,33.944233997996065,11112300
2022-06-14,33.653594970703125,34.619523324641015,33.26038635257437,34.38872611117896,7300700
2022-06-15,33.166358947753906,33.7818182105946,32.37139182018967,33.508281485068736,7087900
2022-06-16,31.508045196533203,32.61928865932521,31.396919872009413,32.20043367354495,10269100
2022-06-17,29.336843490600586,31.58497666080702,28.943634828974954,31.012256861643426,14299100
2022-06-21,31.84141731262207,32.14914696811208,31.36272637510259,31.482401555093887,9231000
2022-06-22,30.106172561645508,30.67888919398898,29.405234132990287,29.405234132990287,9195500
2022-06-23,28.13157081604004,30.51647232609416,27.79819811780315,30.345511048306864,12325600
2022-06-24,29.524898529052734,30.046328918337807,28.55042356059895,28.7897673743764,7864600
2022-06-27,30.482275009155273,30.653236262213262,29.49925024968285,29.943748203307745,6615500
2022-06-28,31.285795211791992,31.86706163743756,30.807107515953547,31.456756500655164,9009300
2022-06-29,30.183095932006836,32.01237388046517,30.106163529463505,31.755933625592323,6630500
2022-06-30,29.977949142456055,30.157457038922125,29.029117031398886,29.362489770783178,10131100
2022-07-01,30.405344009399414,30.59340172251038,29.336840204568638,30.225836152783405,4583200
2022-07-05,28.405109405517578,29.379584513289664,27.541759624664433,29.200076627292777,11109700
2022-07-06,27.81529426574707,28.62735788069417,26.55873263776771,28.07173454920007,9455500
2022-07-07,28.50768280029297,29.003470175999343,28.39656074227475,28.781219538332646,10120600
2022-07-08,27.98625373840332,28.969275305102876,27.635784612742626,28.892342898942484,7921900
2022-07-11,27.30241584777832,28.02044906692219,26.977589704672305,27.44773246329253,8575000
2022-07-12,26.08004379272461,26.704049688738007,25.746671092466855,26.310841030014252,12221600
2022-07-13,26.139881134033203,26.550186268426657,25.703931317337283,25.729575999639753,8392900
2022-07-14,25.24233627319336,25.35345995944466,24.49010862789636,25.18249868631147,9904300
2022-07-15,25.806509017944336,25.968920451757697,25.30217500042183,25.76376787977684,7905600
2022-07-18,26.174074172973633,27.174193961999386,26.011661111738288,27.080165090167185,8898600
2022-07-19,27.24257469177246,27.29386241970969,26.131329717082696,26.15697439625505,8329600
2022-07-20,27.259672164916992,27.41353699409819,26.550185609565176,27.071616057255323,5233400
2022-07-21,26.8151798248291,26.84082287997257,25.797963457002652,26.490353662810225,5711700
2022-07-22,26.34503173828125,27.011778754797543,26.182618689948907,26.815174429683815,5006700
2022-07-25,27.23402976989746,27.50756652596298,26.686954627358762,26.75533881637514,4172300
2022-07-26,26.857912063598633,27.875128155952147,26.721143705178864,27.755456249936714,4523700
2022-07-27,27.65288543701172,27.746914321695794,26.89211102211811,27.122908304301983,4267900
2022-07-28,27.943510055541992,28.080278410784214,27.34514890895912,27.943510055541992,4419900
2022-07-29,29.012020111083984,29.16588495153956,28.39656401007719,28.45639997460819,4951100
2022-08-01,28.54187774658203,28.789771452142997,28.182861975065073,28.584617253550903,4682800
2022-08-02,28.499134063720703,28.858149782632168,28.003346725245002,28.59316292176367,5428900
2022-08-03,27.49901580810547,28.994921322661558,27.481922614599387,28.866702806474468,6072500
2022-08-04,26.26810073852539,27.328056462205495,26.182620096368943,27.302413410843908,6711500
2022-08-05,25.883438110351562,26.439059791872875,25.02863502173185,25.703928613929524,8572500
2022-08-08,25.977466583251953,26.413416374937093,25.755217573937514,25.926178851997108,6101700
2022-08-09,26.011661529541016,26.635667471668512,25.84924846569697,26.42196667255024,6990200
2022-08-10,26.37067413330078,26.592923119545357,25.678284126805206,25.95182083898087,4555400
2022-08-11,27.225482940673828,27.336606642129485,26.77243664616867,26.849369066564034,8853500
2022-08-12,27.994802474975586,27.994802474975586,27.08016338780343,27.19983530413397,5209200
2022-08-15,27.34514808654785,27.40498566677317,26.25099964710943,26.712594054974925,9024600
2022-08-16,27.199838638305664,27.764008642173884,27.04597379535837,27.4562789562793,5219100
2022-08-17,27.64433479309082,27.9093249510729,26.934848223489368,26.951944678276792,5803400
2022-08-18,28.234148025512695,28.29398398731862,27.789649980086292,27.994804178289,4551200
2022-08-19,27.883678436279297,28.123025540752227,27.74691005978704,28.020446812771553,4265000
2022-08-22,28.08028221130371,28.088832068871856,27.131451822192492,27.4819226141434,4260300
2022-08-23,29.336843490600586,29.465065265868386,28.541876309896697,28.593165672166858,4897200
2022-08-24,29.584735870361328,29.678764733274903,29.200073822449,29.225716872038138,4533200
2022-08-25,29.84117889404297,30.157455157727817,29.63602469601082,29.892468258754846,5094700
2022-08-26,29.328290939331055,30.11470810291311,29.21716564071549,29.832624819737646,3596000
2022-08-29,29.77279281616211,30.123261948230173,29.046208242293705,29.234265963193877,3689200
2022-08-30,28.16576385498047,29.22571791273258,28.10592789659842,29.217171316170216,5654000
2022-08-31,27.627235412597656,28.2597911294838,27.15709436858477,27.584495910562847,9097700
2022-09-01,26.873502731323242,27.288403630197898,26.56232623283244,27.167391280193527,9020900
2022-09-02,27.495849609375,27.910752089464655,27.3921252258546,27.6860120782753,4498400
2022-09-06,26.847570419311523,27.928044173620968,26.812996169239238,27.76381030326663,3791000
2022-09-07,26.337589263916016,26.752491833989662,25.939976293071336,26.216576907340627,4508700
2022-09-08,26.579612731933594,26.6660508266494,26.104205684000966,26.432668465517587,3250800
2022-09-09,27.357553482055664,27.616867777530313,27.106884809966733,27.106884809966733,3679400
2022-09-12,28.031768798828125,28.394805846531366,27.75516820133826,27.850250274976506,2875900
2022-09-13,27.29704475402832,27.867535491234342,27.184676390570274,27.452632987023648,4396500
2022-09-14,27.824316024780273,28.29972638139971,27.513141184513167,27.677373403526364,4252100
2022-09-15,26.916719436645508,27.573646647100077,26.830282990763468,27.236539891885446,3794800
2022-09-16,26.570966720581055,26.80434906382104,26.13013395512866,26.78706111646932,5109300
2022-09-19,26.97722625732422,27.00315818091449,25.758453875964126,25.758453875964126,4084300
2022-09-20,26.951295852661133,27.011802025410926,26.484531122300645,26.726557461969367,3596300
2022-09-21,26.233861923217773,27.400772076714553,26.225217948905115,27.262471785051034,4181200
2022-09-22,26.0869197845459,26.864859400759045,26.009125658057616,26.6487649713293,3587900
2022-09-23,23.511070251464844,25.153387282936652,23.39005627217558,25.110167415808576,8619200
2022-09-26,23.035669326782227,23.960553360648788,22.845506793682997,23.303625998119756,7663100
2022-09-27,23.355484008789062,23.882753243134076,22.983801363298145,23.63208458720012,6695800
2022-09-28,24.60018539428711,24.764417597842627,23.355482853032047,23.59750752283027,5864700
2022-09-29,24.47917366027832,24.57425572498698,23.70123414073047,24.332229400578324,4381400
2022-09-30,24.332229614257812,24.807638293306578,23.92597272736404,24.280367418811036,4356300
2022-10-03,26.484529495239258,26.640117729134285,25.455921324345628,25.455921324345628,7476200
2022-10-04,27.6773738861084,27.70330416152553,26.80435222589041,27.11552872025275,5867100
2022-10-05,28.09227752685547,28.377523773697277,26.8302867739336,27.495856403888546,5923300
2022-10-06,28.36886978149414,28.636827998214176,27.65143650991552,27.755162537140897,5284000
2022-10-07,28.351585388183594,28.930720110480532,28.118203034183836,28.47259772788592,5752800
2022-10-10,27.426700592041016,28.602254644459272,27.227894141608346,28.351584351476795,3182800
2022-10-11,27.029088973999023,27.651440276109255,26.743844421114815,26.864856762135542,4668400
2022-10-12,27.080951690673828,27.392128172042632,26.432668453601835,26.838925355312586,3484100
2022-10-13,27.893468856811523,28.178711784034995,26.38945185222338,26.545038453799013,5663200
2022-10-14,26.77842140197754,27.945333303778124,26.674696998708377,27.789745050204715,4382000
2022-10-17,27.141456604003906,27.97125996629254,27.115526330871713,27.51313923981354,3895100
2022-10-18,26.882139205932617,27.504490380606676,26.060979963429943,27.331615878642907,5083100
2022-10-19,27.331623077392578,27.504497624888973,26.743845988831723,26.951296435029153,4466100
2022-10-20,27.565004348754883,28.334299974831683,27.443991998226746,27.737880548369045,3704700
2022-10-21,28.85292625427246,28.878856528061387,27.47856568869652,27.616865977802444,4670800
2022-10-24,28.628185272216797,28.887497893505106,28.36023032573239,28.645473219947867,3918900
2022-10-25,28.904787063598633,28.939362960522963,28.342943576603822,28.61954415732044,3180500
2022-10-26,29.483919143676758,29.725943805693678,28.93071803201596,29.03444241611768,3732200
2022-10-27,28.939361572265625,30.1322035802208,28.783773340908912,29.993903296496928,5461800
2022-10-28,29.138168334960938,29.207320126230204,28.403448688088904,29.02580162015672,4594600
2022-10-31,29.725954055786133,29.993912379229812,28.71463354305908,28.80107001005905,6379400
2022-11-01,30.28779411315918,30.81506501534236,30.261860541069787,30.469312631089387,6726200
2022-11-02,29.466632843017578,30.495241011394686,29.406126674132977,30.33965277788031,5616100
2022-11-03,30.4952449798584,30.797779160990242,28.559040728907664,28.766489535697005,5837500
2022-11-04,31.238605499267578,32.17213487692627,30.633540528267183,31.68808224065819,7263600
2022-11-07,31.27318000793457,31.54113823534923,30.979291509180598,31.35097411929117,4941300
2022-11-08,31.083017349243164,31.644864101754692,30.86692295171393,31.152169139175154,4101200
2022-11-09,29.79509735107422,30.962005808741488,29.769163780514805,30.745911405666888,4420800
2022-11-10,30.93607521057129,31.204030157272314,30.18406432168672,30.460668188268585,3725300
2022-11-11,31.783166885375977,32.180779816757585,31.46334807512025,31.56707247084174,4040800
2022-11-14,31.290470123291016,31.938753330414425,31.290470123291016,31.5497827466726,5020900
2022-11-15,31.999265670776367,32.1721418854852,31.21268202632373,31.316406436213217,4930500
2022-11-16,31.35097312927246,31.95603805434575,31.238603128119482,31.800449836545802,3629600
2022-11-17,31.3596248626709,31.368270486997428,30.382880343504663,30.719987150769075,3697600
2022-11-18,30.780485153198242,30.910139807590415,29.98525609077044,30.573033089896608,4383600
2022-11-21,30.40880584716797,30.45202406999604,28.904787292442183,30.054411144235317,5339300
2022-11-22,31.204036712646484,31.34233702632224,30.71134163909288,30.918793758276298,3635200
2022-11-23,30.892860412597656,31.108954837344218,30.642190088530228,30.771844764974617,2889500
2022-11-25,30.607606887817383,31.152165631530156,30.5989645637184,31.03115331011364,1304800
2022-11-28,29.561708450317383,30.279139994953145,29.33696847440388,29.725938973224803,5158700
2022-11-29,28.904787063598633,29.86424677054522,28.69733827673068,29.86424677054522,9519900
2022-11-30,28.412094116210938,29.5876483174595,28.291081765612866,29.380199515674022,13834900
2022-12-01,28.08583641052246,29.039233028121988,28.007115466440922,28.724349251795847,12086900
2022-12-02,27.93714714050293,28.549419235050074,27.727225136517184,27.76221130302558,4541400
2022-12-05,27.158681869506836,28.628137423453662,27.13244266424383,28.400723192386696,5996900
2022-12-06,26.21402931213379,27.4560688341906,26.126563079506585,26.974997881495185,7541600
2022-12-07,26.0478458404541,26.64262398115107,25.977871843412597,26.065338088480715,6328100
2022-12-08,26.152803421020508,26.852544990694586,26.082829430884253,26.57264736183804,5203100
2022-12-09,25.89040184020996,26.362725865037135,25.88165488274685,26.126564686779325,3871500
2022-12-12,26.53766441345215,26.572650578599777,25.899151467624463,25.969125466231446,25793500
2022-12-13,27.21116065979004,27.578524508357624,27.027477901350526,27.10619884520868,5363500
2022-12-14,27.21116065979004,27.61351066767711,26.590140065832518,27.33361471987542,6358800
2022-12-15,26.721343994140625,27.044974761740857,26.292753068834976,26.905026772592546,3785900
2022-12-16,26.17030143737793,26.415211275395997,25.75920438943396,26.22278152112759,5509400
2022-12-19,25.995357513427734,26.56389797237395,25.645487616753247,26.327735166501945,5533700
2022-12-20,26.467687606811523,26.668862622924394,25.986614957654147,26.082829821147932,4037400
2022-12-21,27.184921264648438,27.246148298014496,26.695103329408443,27.02747936838627,3140300
2022-12-22,26.59889030456543,27.24615018079495,26.240273368658695,27.149936979561787,4014600
2022-12-23,27.552288055419922,27.561035013730162,26.703853119067464,26.88753423864731,3163200
2022-12-27,27.91090202331543,27.998368260451787,27.54353815508351,27.727220923355237,1864700
2022-12-28,27.351110458374023,27.840928399704364,27.15868073018915,27.779701365577015,3732900
2022-12-29,27.447322845458984,27.639752567974192,27.123693769374967,27.193667758931902,2698400
2022-12-30,27.753459930419922,27.858421749875596,27.211161923448245,27.254895041706387,2451700
2023-01-03,26.4239501953125,27.727218362671533,26.14405425837762,27.37734677319155,5358000
2023-01-04,26.08283233642578,26.528917198853616,25.864163384352043,26.161553292637265,4851800
2023-01-05,26.49393081665039,26.65137105946979,25.864163172126027,26.047845957882863,5306400
2023-01-06,27.438581466674805,27.59602171438032,26.852548595005967,26.896281719094432,4079200
2023-01-09,27.578529357910156,28.16456222728782,27.499808400209293,27.858425354930223,5107000
2023-01-10,27.149938583374023,27.66599578859567,26.8438017089931,27.26364570729804,5187700
2023-01-11,27.438581466674805,27.82343762992617,27.19367163416887,27.482314590763266,4132000
2023-01-12,28.25202751159668,28.540672125530197,27.543540584763385,27.674741620353004,4680000
2023-01-13,28.374483108520508,28.58440677867954,27.99837222959392,28.21704119005712,2703000
2023-01-17,28.768083572387695,28.846804519764515,28.41821529030865,28.680617336023694,6760500
2023-01-18,28.313251495361328,29.345369089042684,28.29575758095383,28.995500810761733,3653900
2023-01-19,28.969257354736328,29.012990471060586,28.155808711938096,28.243278281209513,3608200
2023-01-20,28.890541076660156,29.109210030220403,28.698114666431078,28.960516743378683,3203600
2023-01-23,29.459081649780273,29.782710766346813,28.85555653997401,29.021743743265272,3227400
2023-01-24,29.31913185119629,29.520306875434088,29.04798116463757,29.41534671857594,2122000
2023-01-25,29.004249572753906,29.24915773053928,28.628138709512992,29.152946194711742,2178500
2023-01-26,30.263782501220703,30.281276418283657,29.074226170551405,29.52030937747445,3278800
2023-01-27,30.28127670288086,31.04224708746552,30.09759557692879,30.17631653614018,4701600
2023-01-30,29.773967742919922,30.517440905944085,29.75647382493276,29.92266104087528,4697000
2023-01-31,30.368738174438477,30.40372266292176,29.42408691631419,29.686488931363385,5132800
2023-02-01,30.036359786987305,30.587406340977182,29.406592296713157,30.211295571688186,4590100
2023-02-02,28.855554580688477,30.176313500570238,28.601897811343388,30.045110802874998,4482100
2023-02-03,28.794322967529297,29.38035743226049,28.680617526824268,28.811816882243086,3701100
2023-02-06,28.523176193237305,29.02174109422666,28.18205319115229,28.724351211476595,2417800
2023-02-07,29.327878952026367,29.38036070200844,28.295761225409642,28.645632885376592,3593700
2023-02-08,29.065473556518555,29.450329669238617,28.715605273124787,29.371612058189037,3014900
2023-02-09,28.86429786682129,29.4415836906928,28.811816124060982,29.12669990737689,3221400
2023-02-10,29.97513771057129,30.185058017564018,29.39785186140661,29.43283969144644,4783900
2023-02-13,29.97513771057129,30.26377896684207,29.703987032697306,29.738974862737134,3883900
2023-02-14,30.421228408813477,30.526191924960294,29.52031324994231,29.651515976813855,3487800
2023-02-15,30.39498519897461,31.01600423966042,30.16757095049231,30.325009530750204,6114600
2023-02-16,29.677743911743164,30.587407352986656,29.668995287076253,30.220041859297957,4352700
2023-02-17,28.95176124572754,29.28413891051188,28.75058625659094,29.24915108545613,4283800
2023-02-21,29.371612548828125,29.730229463855522,28.969259178100742,29.214170650852868,5074600
2023-02-22,28.6193904876709,29.590281066033832,28.426960762482405,29.284142563540954,5218800
2023-02-23,29.214168548583984,29.46782195562609,28.65437332016454,29.109205066404975,4054600
2023-02-24,29.695241928100586,29.73897504761068,28.435706731821796,28.846805395787584,3780800
2023-02-27,29.835187911987305,30.11508386203199,29.511558845364934,29.77396088145396,6333600
2023-02-28,29.389102935791016,30.17631242054133,29.3016366982068,30.106336761175484,3446300
2023-03-01,30.07135009765625,30.08884401123505,29.354116324039552,29.537797411682714,8731000
2023-03-02,30.771879196166992,30.86917512615164,29.81661374625948,30.05543010873636,11262900
2023-03-03,31.222980499267578,31.39988191728634,30.258871313884935,30.382701294263896,3251800
2023-03-06,31.05492401123047,31.26720299991334,30.789573588320035,31.090304967382178,2886700
2023-03-07,30.25886344909668,31.099142435697704,30.196948474999946,30.904550589043374,3685800
2023-03-08,30.1704158782959,30.683426169969113,29.97582402243027,30.073119950363083,3391900
2023-03-09,29.81661605834961,31.028388440524974,29.75470107521522,30.40923523506757,4435600
2023-03-10,29.577804565429688,30.320787859942484,29.471665058817596,29.913916939501068,3591100
2023-03-13,28.224506378173828,29.33013574644155,27.97684479234151,28.710982625389015,6599600
2023-03-14,27.870708465576172,28.976336271661683,27.693807071850728,28.312958575776342,5491500
2023-03-15,25.889419555664062,26.720851685763737,24.86339556302717,26.64124791761092,11415800
2023-03-16,25.80097007751465,26.402432795397857,25.16412809290364,25.261422341697642,6427800
2023-03-17,25.447168350219727,25.93364464341684,25.084522018114964,25.79212420586653,6735700
2023-03-20,26.287446975708008,26.420123868336507,25.385254565586177,25.632914499438268,4398500
2023-03-21,26.91544532775879,27.074656248703626,26.53510850262541,26.605868724483475,5489600
2023-03-22,26.54395294189453,27.304626569254346,26.526262465198556,27.05696495668083,4753700
2023-03-23,26.198997497558594,27.15426132257038,25.986715147949983,26.76507926436358,6156000
2023-03-24,25.624069213867188,25.83634987980456,25.34102832595069,25.77443489645492,4466100
2023-03-27,26.296293258666992,26.41127967857062,25.641760756403592,26.092857822907458,5058300
2023-03-28,26.738544464111328,26.915445865821276,26.14592696155683,26.190153155512718,3559500
2023-03-29,27.127727508544922,27.348853425084396,26.995052296032608,27.056967282734565,3376900
2023-03-30,27.428455352783203,27.5611305481855,27.25155396754238,27.47267985556509,3454200
2023-03-31,27.463836669921875,27.684962574468933,27.225021975174197,27.419612163835172,2934200
2023-04-03,29.20631217956543,29.3655231133177,28.08299209103055,28.649073911432485,7044900
2023-04-04,28.640230178833008,29.48050935187618,28.419104258248687,29.46281887333578,5509900
2023-04-05,28.304115295410156,28.781748050807437,28.11837034857126,28.657918086248173,4498300
2023-04-06,27.959157943725586,28.42794374866766,27.853016774705566,28.27757807667234,4029000
2023-04-10,28.171436309814453,28.374873393347972,27.72918456770451,28.003380175436853,2589300
2023-04-11,28.578310012817383,28.852503945227184,28.2864222309594,28.304112706294415,4026600
2023-04-12,28.834815979003906,29.10901330938663,28.622537004738245,28.755210520125917,4489800
2023-04-13,28.879043579101562,29.10016947672374,28.781747644289656,28.93211163509829,5530700
2023-04-14,28.84366226196289,29.153237165084683,28.702141824233873,28.870196289626648,4687200
2023-04-17,28.587156295776367,28.87904410553286,28.401411348175046,28.746367214895635,3631000
2023-04-18,28.003381729125977,28.64022535281394,27.994536491346242,28.516395398010882,4940700
2023-04-19,27.304628372192383,27.649584255257945,27.19848719206469,27.60535806059773,6818200
2023-04-20,27.074655532836914,27.304626669559266,26.63240373615317,26.84468439611456,5539400
2023-04-21,26.924291610717773,27.233868226001004,26.818150430285268,27.110036567653616,3261800
2023-04-24,27.048120498657227,27.225021896607068,26.72969865717021,26.862375549160976,3432200
2023-04-25,26.42012596130371,26.80046113085718,26.30513953685751,26.68547639346788,3023900
2023-04-26,25.89826774597168,26.490885265055148,25.77443608649815,26.437813830827842,5038400
2023-04-27,26.880064010620117,27.12772562731013,25.81866069707022,25.862885202488524,8270600
2023-04-28,27.702655792236328,27.72919151074748,26.8977575550243,27.11888348144644,4211200
2023-05-01,27.278091430664062,27.861863677514105,27.260400953594246,27.41076663457421,3924000
2023-05-02,25.836347579956055,26.88006202653342,25.606378144287437,26.782767784383346,6773000
2023-05-03,25.305648803710938,25.6682951485849,25.234888582444228,25.429478769163484,4283700
2023-05-04,25.21719741821289,25.5709985149056,25.181816465015267,25.394097123030893,4127600
2023-05-05,26.22553253173828,26.446658441258936,25.77443547386933,25.92480115982565,3921000
2023-05-08,26.535104751586914,26.91544152295537,26.45549930236763,26.79161157397272,3263300
2023-05-09,26.234375,26.685472010229393,25.85403820586208,26.013249113832057,4784100
2023-05-10,25.91595458984375,26.51741730277532,25.88942056178053,26.43781184447222,6024700
2023-05-11,25.50023651123047,25.668292653046322,25.199505178320663,25.562151487937207,3943400
2023-05-12,25.367565155029297,25.871731969636713,25.199508987807878,25.69483056339766,2779300
2023-05-15,25.712522506713867,25.80981845439564,25.50024181936385,25.50024181936385,4230700
2023-05-16,24.89877700805664,25.792125882578866,24.889931769252645,25.597535690061303,4868900
2023-05-17,25.323339462280273,25.456016363119897,24.76610288956997,25.252579235792346,3373400
2023-05-18,25.21719741821289,25.27911239925203,24.82801536832256,25.172971226715863,6428200
2023-05-19,25.411787033081055,25.632912924466147,25.01376144082189,25.526773441353036,4612400
2023-05-22,25.50023651123047,25.836347107805587,25.093365700268137,25.411785821482304,2942900
2023-05-23,25.765592575073242,26.084014453560243,25.51793261363398,25.544466645469928,4350700
2023-05-24,25.570999145507812,26.004405710526637,25.456014418893325,25.92480025092555,6650100
2023-05-25,25.16412925720215,25.28795922706394,24.863397884346252,25.119903062925218,4277700
2023-05-26,25.24373435974121,25.579844996167214,24.403455238091016,25.40294359569661,9016900
2023-05-30,25.25257682800293,25.3675632394926,24.951845472339244,25.013762140787296,4499400
2023-05-31,24.766101837158203,24.819171583004778,24.571511644349552,24.757256598340973,8986000
2023-06-01,25.341028213500977,25.473703418240998,24.74841072440924,24.810325707484132,6146400
2023-06-02,26.208053588867188,26.225986297628086,25.786645193929424,25.91217073494126,6116500
2023-06-05,26.26184844970703,26.665324085715046,25.99286298221133,26.656357732449486,6479100
2023-06-06,26.60256576538086,26.647395829037812,25.705950810983335,25.705950810983335,4165900
2023-06-07,27.15846824645996,27.355722924089175,26.71016076171938,26.81775360036901,4397100
2023-06-08,27.13157081604004,27.346758216458856,26.65636423793342,27.19433359405918,4253100
2023-06-09,27.17639923095703,27.436418392836917,27.050873682550097,27.203298295683087,2650500
2023-06-12,26.65636444091797,26.97018004356078,26.503939817357605,26.71016257405042,6413700
2023-06-13,26.92534637451172,27.382620184026827,26.898447311543574,27.059838269037993,3179400
2023-06-14,26.710159301757812,27.445383262920284,26.593598404408304,27.275025949186443,3532500
2023-06-15,27.11363410949707,27.427449663504387,26.84465032615205,26.84465032615205,3056500
2023-06-16,27.02397346496582,27.25709355217461,26.934313340018583,27.21226348970099,4200300
2023-06-20,26.08252716064453,26.817751093260092,26.04666174434271,26.781887387115447,4851300
2023-06-21,26.566699981689453,26.65636181793002,26.010799675281064,26.055629738322704,3652400
2023-06-22,25.83147430419922,26.190119915420727,25.83147430419922,26.181155271527714,4095400
2023-06-23,25.490760803222656,25.63421904434662,25.16797890561518,25.47282809554288,4254800
2023-06-26,26.010801315307617,26.1542595782749,25.454899263691345,25.463865618896474,3607900
2023-06-27,25.85837745666504,25.90320752385007,25.53559550042898,25.83147839025955,3323400
2023-06-28,26.02873420715332,26.046665207531177,25.49973121746498,25.831477811580267,3104800
2023-06-29,26.15425682067871,26.217019590339778,25.93010309465649,26.15425682067871,2741900
2023-06-30,26.28874969482422,26.441174302611017,26.163224150820014,26.32461511320101,3512700
2023-07-03,26.61153221130371,26.898448724068604,26.279783924570978,26.279783924570978,1262100
2023-07-05,26.387380599975586,26.76395898088841,26.315651465999686,26.629467068453284,3698500
2023-07-06,25.490760803222656,26.09149282923817,25.338336208258806,26.082526475398282,4019700
2023-07-07,26.208053588867188,26.342545484259475,25.39213415197578,25.41006686073668,3008200
2023-07-10,26.208053588867188,26.441173672287192,26.082528047855348,26.208053588867188,3303600
2023-07-11,26.432207107543945,26.557734357713997,26.26185150614288,26.45910617047122,4637800
2023-07-12,26.629465103149414,26.916381617878038,26.494971490482715,26.78188971536866,3163400
2023-07-13,26.719125747680664,26.81775394283343,26.091496287123384,26.468074647520694,5602000
2023-07-14,25.93010711669922,26.674297534118754,25.921140761048687,26.656364822817686,3606700
2023-07-17,25.732851028442383,26.02873390824672,25.72388467327772,25.858376580432896,3549000
2023-07-18,26.225988388061523,26.387379359459388,25.68801905345443,25.84044366975715,6975000
2023-07-19,26.127355575561523,26.46807016834449,26.010796400234973,26.360475636371692,6123400
2023-07-20,26.109426498413086,26.360477574546557,25.804577297259133,26.31564751385335,3367000
2023-07-21,26.432207107543945,26.441173461853037,26.010798715959996,26.217019734597425,5164100
2023-07-24,27.095703125,27.418485053674438,26.53083645997703,26.620498296848517,4575700
2023-07-25,27.221227645874023,27.301923119935477,26.81775027556675,27.10466675660431,2462800
2023-07-26,27.266061782836914,27.275028137980055,26.674296024648893,26.88051706246891,5010200
2023-07-27,26.95224380493164,27.615738635308052,26.889481034649137,27.40951761576347,3724200
2023-07-28,27.615737915039062,27.63367062326841,26.763954796031204,27.07777034941607,5757600
2023-07-31,28.055084228515625,28.306135334530687,27.821964122817786,27.821964122817786,3659600
2023-08-01,27.812992095947266,27.821958449356153,27.400548389923678,27.714363918606548,3097000
2023-08-02,27.04190444946289,27.624703775239123,26.898446206507426,27.615737421284763,4961800
2023-08-03,27.185365676879883,27.47228219428906,26.85361909493452,27.194332031818586,6597300
2023-08-04,27.53504180908203,27.947485538148197,27.248125324596252,27.2660580324159,4371900
2023-08-07,27.687469482421875,27.839894095515067,27.418485675860868,27.60677570857944,1650600
2023-08-08,27.893692016601562,27.902658371440932,26.862583442119103,27.158468021346373,2558200
2023-08-09,28.44062614440918,28.655813531321943,27.983352305910554,28.07301414466354,4498400
2023-08-10,28.29716682434082,28.781337999181975,28.1088785091685,28.512354203176585,5559300
2023-08-11,28.44062614440918,28.664779886212976,28.19854140298065,28.25233782216951,3887100
2023-08-14,28.270273208618164,28.377866057182914,27.86679575110662,28.261306852878185,4132000
2023-08-15,27.8309268951416,28.59304818046709,27.669535941962074,28.01921520041293,6171900
2023-08-16,28.55718421936035,28.68270975508733,27.759195814669408,27.79506123068121,7765200
2023-08-17,29.256546020507812,29.489664396548072,28.915831390620195,29.06825428643219,7497000
2023-08-18,29.677946090698242,29.893135130080932,28.906860298668484,28.987555760897774,6443100
2023-08-21,29.346208572387695,30.090400664971217,29.166884888124155,29.973839757152696,6388600
2023-08-22,29.184816360473633,29.606226487568243,29.139986296388273,29.319309973044362,6477600
2023-08-23,29.44483757019043,29.4896676373963,28.82617443399372,29.059292835653167,4693300
2023-08-24,29.19378662109375,29.480703157196128,29.059292998407987,29.184818555413415,3131500
2023-08-25,29.507598876953125,29.65105713704733,29.014461321648973,29.534496231872442,3661700
2023-08-28,29.77658462524414,30.07246922987455,29.561398931253787,29.713821846137375,2399800
2023-08-29,30.41318130493164,30.44904672833871,29.668992580967544,29.812450854280804,12536300
2023-08-30,30.682161331176758,30.8525169217505,30.502837676706687,30.58353315020251,3864700
2023-08-31,30.722064971923828,30.957828994205737,30.53163632643413,30.84901509616266,6960000
2023-09-01,30.96689796447754,31.24800081476395,30.876216836053413,31.2117283633943,6286500
2023-09-05,31.157323837280273,31.492835372070772,30.939692583361495,31.22079889902087,6615700
2023-09-06,31.23893165588379,31.329609317119782,30.95782537144254,31.06663925675194,5087900
2023-09-07,30.994096755981445,31.311472018547267,30.87621303311517,31.18452191352094,3718600
2023-09-08,31.1301212310791,31.338682642410948,30.93062620322628,31.157323840647603,4479500
2023-09-11,30.58604621887207,31.538175647581365,30.540707381149073,31.293341772919277,3520500
2023-09-12,31.411222457885742,31.456561291191342,30.803674481501933,30.894352148113136,4015500
2023-09-13,31.184532165527344,31.556316220671373,31.066648403906438,31.510977376703966,2940700
2023-09-14,31.49283790588379,31.728605404859184,31.447499066582893,31.637924267125683,3675900
2023-09-15,31.819278717041016,31.90995638319951,31.2298635096171,31.49283358426046,7873400
2023-09-18,31.628854751586914,31.93716367109409,31.492834788018815,31.91902744534292,7087100
2023-09-19,31.56538200378418,32.20013265592582,31.411225803170055,32.073182525497494,3510800
2023-09-20,31.266132354736328,31.891816481003293,31.184521080951,31.37494623340649,7338000
2023-09-21,31.0031681060791,31.429360777644117,30.912490433424683,31.429360777644117,7663900
2023-09-22,30.722064971923828,31.628855526922855,30.477231106978316,31.474699333824667,7845700
2023-09-25,31.04850959777832,31.084778590422296,30.42282191161312,30.731130833440954,3613600
2023-09-26,30.985027313232422,31.075708431653982,30.694854652545374,30.77646592955929,5690400
2023-09-27,31.85554313659668,31.90994833892411,31.293330678923905,31.42028422232542,5372700
2023-09-28,31.93716049194336,32.10944943073212,31.474695429152508,31.710462881317145,4278700
2023-09-29,31.175458908081055,32.07317958179152,31.121050231834754,31.991568296987726,4361400
2023-10-02,30.377483367919922,31.229865238030957,30.168921956907585,31.184526402442437,6046700
2023-10-03,30.431894302368164,30.431894302368164,29.88781785757305,30.2686717148428,4732500
2023-10-04,28.89034652709961,29.94222339216878,28.645512671549287,29.860612106985343,6915500
2023-10-05,28.99009132385254,29.497893513644794,28.518561583828244,28.518561583828244,4408300
2023-10-06,29.21678924560547,29.497892069719146,28.636442184685354,29.017294240778188,4718000
2023-10-09,30.604177474975586,30.70392497724388,30.051034750855806,30.232393531422606,3766800
2023-10-10,30.75833511352539,30.849016247889683,30.323076045971533,30.613248757674103,3867000
2023-10-11,30.595115661621094,30.82181330640179,30.09637807579832,30.504434528229886,3938100
2023-10-12,30.71299171447754,30.930622945498108,30.3956164391674,30.921553103842925,3719200
2023-10-13,31.021299362182617,31.30240563698264,30.83994058679973,31.19359175540528,3588700
2023-10-16,31.1029109954834,31.24799732563039,30.66765200504242,31.202658496046514,2975200
2023-10-17,31.157323837280273,31.3840214746771,30.858081295533385,30.939692583361495,3171900
2023-10-18,31.311473846435547,31.329610070945332,30.95782611632255,31.257068632037317,3525400
2023-10-19,31.257068634033203,31.501902476234246,30.91248728658753,31.14825128696754,2480800
2023-10-20,30.73113250732422,31.347750384566222,30.7039298965767,31.25707270932011,4730800
2023-10-23,30.386547088623047,30.79460349142475,30.159849471414446,30.522567042600652,4522400
2023-10-24,29.797134399414062,30.440954781353682,29.797134399414062,30.386546109689245,3366400
2023-10-25,30.123580932617188,30.132647315423583,29.443488070808897,29.77899958074426,4091000
2023-10-26,29.624847412109375,29.969428810649312,29.44349205837096,29.8696812906142,2837700
2023-10-27,29.4434871673584,29.797134891186314,29.026360929308815,29.67018478100512,4151300
2023-10-30,29.45255470275879,29.86061111512181,29.08077074019053,29.60671088482091,3579500
2023-10-31,29.380014419555664,29.624844817485943,29.062635660047043,29.588575825393782,3003400
2023-11-01,29.670185089111328,29.88781286335871,29.316537361611,29.58857380898578,2893000
2023-11-02,30.994096755981445,31.066638190654665,29.788063839969467,29.942220009737817,3922900
2023-11-03,30.604177474975586,31.10291152718602,30.38654624646922,30.88528375781068,2932100
2023-11-06,30.468158721923828,31.048507534366887,30.4500259563726,30.84901252199174,3544600
2023-11-07,29.071704864501953,30.014764361700163,28.981023738433006,29.924086694762476,5746300
2023-11-08,28.473222732543945,29.117044918087046,28.219322487174022,28.854074830164535,8979400
2023-11-09,29.488828659057617,30.051037823073287,28.863142704658262,29.488828659057617,9252600
2023-11-10,30.087308883666992,30.141717558623192,29.633913636425635,29.84247503506091,5787400
2023-11-13,30.549768447875977,30.631379725225624,29.960356741800517,30.09637323129594,3493600
2023-11-14,30.45002555847168,30.830875894431724,30.25959693136054,30.758330996650123,5557900
2023-11-15,30.241464614868164,30.712996133988863,30.223331847210673,30.386550970049026,3871800
2023-11-16,29.37094497680664,29.924087758531424,28.981024768677084,29.769935027431146,5206100
2023-11-17,30.640453338623047,30.758333618871045,29.606712671024237,29.65205150643742,6811900
2023-11-20,30.341209411621094,30.966897072770855,30.304936961295926,30.966897072770855,3433400
2023-11-21,30.069171905517578,30.450025702409036,29.905949343868542,30.214258242635484,4720800
2023-11-22,29.83340835571289,29.860610963355104,28.99009119792695,29.334670821397815,5024000
2023-11-24,29.670185089111328,30.005696592235854,29.58857380898578,29.75179636923687,1944500
2023-11-27,29.271196365356445,29.769933909915267,29.089841031841882,29.633913950648086,6927900
2023-11-28,29.724594116210938,29.878750313615004,29.25306259934489,29.38908257004662,5966400
2023-11-29,29.90595245361328,30.078241415877635,29.65205220203813,29.878749843553514,8790600
2023-11-30,30.283226013183594,30.78809871265528,29.860965599314774,30.274044535867098,11873200
2023-12-01,30.274049758911133,30.97169508360721,30.19143395734734,30.347487583282593,7204300
2023-12-04,29.90686798095703,30.255687104725926,29.741636395294783,29.897686503027,4179800
2023-12-05,29.392812728881836,29.9803012341162,29.383631251276967,29.83342910780761,4903200
2023-12-06,27.78639793395996,29.319377318429893,27.758858753093836,29.15414573494091,8648700
2023-12-07,27.758861541748047,28.12604190258055,27.364141997282836,27.90573368608105,5301000
2023-12-08,28.217836380004883,28.272912994365843,27.82311685023434,27.878195215449303,5660500
2023-12-11,27.79557991027832,28.144400808541548,27.63034831341794,28.08014446550785,8922500
2023-12-12,27.162193298339844,27.52937366000778,27.033680609469585,27.419220426934434,4338900
2023-12-13,27.96999168395996,28.05260748888829,27.107118222703896,27.14383538553084,5278200
2023-12-14,28.713531494140625,28.851223907063652,28.48404355565091,28.676812583572342,8983300
2023-12-15,28.383068084716797,28.76860788845622,28.355528902001836,28.70435154630865,4719700
2023-12-18,28.878759384155273,29.099069330942807,28.612554303972352,28.93383774627911,3785400
2023-12-19,29.493793487548828,29.512152944484036,28.99809865542335,28.99809865542335,3010800
2023-12-20,29.15414810180664,29.94358542466625,29.135788646405384,29.6498411416623,2750200
2023-12-21,29.356098175048828,29.374457631273362,28.988917804828734,29.23676521129759,8013600
2023-12-22,29.392812728881836,29.750813317902296,29.36527354862878,29.576403762194502,2067000
2023-12-26,30.017024993896484,30.163897143949523,29.65902434699897,29.65902434699897,1623000
2023-12-27,29.704923629760742,29.94358957967853,29.659026735742923,29.90687416548941,3605000
2023-12-28,29.273483276367188,29.759996625353903,29.264303547971608,29.493793256152838,2106800
2023-12-29,29.411174774169922,29.576406368541168,29.181686837732965,29.411174774169922,1726400
2024-01-02,29.47542953491211,29.769173797655718,29.365274560956298,29.55804532766549,5868600
2024-01-03,31.173641204833984,31.19200066040129,29.879329351857727,30.03538297332578,6652500
2024-01-04,30.925790786743164,31.4949233486187,30.78810013599864,31.35722919616641,4862500
2024-01-05,31.026769638061523,31.467386074733273,30.916616404320624,31.265439063159658,3460000
2024-01-08,30.35666275024414,30.384200180980095,29.943583780665453,30.283228434378973,4148000
2024-01-09,30.017024993896484,30.430104010204488,29.906871756783772,30.356666184323835,4586500
2024-01-10,29.769176483154297,30.237330349850726,29.56722597115953,30.06292077239679,3702100
2024-01-11,29.998659133911133,30.12717180006169,29.57640223035716,30.007837109332947,5133600
2024-01-12,30.0904598236084,30.595336130749477,29.9711286071099,30.53107628117016,2867600
2024-01-16,29.356098175048828,29.916049333918295,29.319381013453874,29.842611509020163,3294400
2024-01-17,28.906299591064453,29.04399199955276,28.566658433516896,28.9705559316354,3429100
2024-01-18,28.86040496826172,29.01645684367959,28.484044871816394,28.943020770003777,2914900
2024-01-19,28.906299591064453,28.9705559316354,28.65845220527312,28.823683795800676,2564000
2024-01-22,29.089893341064453,29.227585762355407,28.585018795192116,28.823686475828364,3240800
2024-01-23,28.943021774291992,29.291842698642267,28.77779016507454,28.943021774291992,2315600
2024-01-24,29.21840476989746,29.310200297070885,28.842044684255075,29.15414842613228,3240000
2024-01-25,29.659019470214844,29.70491635298937,29.328556311505956,29.4937878908604,2337500
2024-01-26,30.053739547729492,30.072095499828965,29.62230113752877,29.695735451049966,3194900
2024-01-29,30.0904598236084,30.108819280387014,29.750818627474853,30.01702549820227,3101500
2024-01-30,30.815637588500977,30.824819066248693,29.75999175681003,29.778351210597705,3060200
2024-01-31,30.40256118774414,30.797280723084153,30.365845778790785,30.68712749280798,2289100
2024-02-01,30.108814239501953,30.9441501236793,29.8701483447546,30.54025264729619,3645600
2024-02-02,29.47542953491211,30.06291806039933,29.466248056990718,30.05374008418577,3261500
2024-02-05,29.227584838867188,29.44789480699665,28.81450583719203,29.319380367112117,2600100
2024-02-06,29.356098175048828,29.78753664205479,29.209226026960792,29.328560741566143,2436900
2024-02-07,29.48461151123047,29.493792990397488,29.172509502863704,29.457074077146014,1831900
2024-02-08,29.59476661682129,29.640663504997146,29.301020579592024,29.539688249985396,4863700
2024-02-09,29.493793487548828,29.90687251432006,29.392818225259376,29.732459424289786,6014800
2024-02-12,29.714094161987305,29.93440410045854,29.457068818527265,29.603940943605526,4690200
2024-02-13,28.988914489746094,29.677380012602388,28.6859905000992,29.54886383372737,6609600
2024-02-14,28.933837890625,29.31937767314572,28.741067123937686,29.163325814724146,6866800
2024-02-15,30.38419532775879,30.393376804342815,28.878755325051767,28.99809000869288,6365200
2024-02-16,30.35666275024414,30.622869586384617,30.10881536849693,30.402559635373358,3780200
2024-02-20,29.961944580078125,30.46681734257945,29.94358512486069,30.22815142816887,3088500
2024-02-21,30.83400535583496,30.870724273310564,29.961950325187225,30.035388160138435,3919800
2024-02-22,30.77892303466797,31.201183528098625,30.60451345157609,30.77892303466797,5808400
2024-02-23,31.12773895263672,31.201176762250668,30.58614736271009,30.677941123020027,4575300
2024-02-26,31.03594970703125,31.375590871633577,30.91661499990308,31.026768228640154,3781300
2024-02-27,30.870716094970703,31.348051390570703,30.70548451181271,31.173638329621834,2639600
2024-02-28,31.07266616821289,31.11856655830745,30.531074481153464,30.733024992103527,3960300
2024-02-29,31.54082489013672,31.687697040312223,31.017592636279723,31.274618023659784,10824100
2024-03-01,32.45196533203125,32.5355566871101,31.829676888822295,31.903978347193785,12607200
2024-03-04,31.801815032958984,32.628438706486605,31.736796383650322,32.54484734944125,4647700
2024-03-05,32.07115936279297,32.28478091602781,31.69964500445044,31.718221253826158,3475200
2024-03-06,32.424102783203125,32.749178307364375,32.28478267681546,32.49840778475855,3796200
2024-03-07,32.294071197509766,32.65629920701443,32.294071197509766,32.414815048363764,7185900
2024-03-08,31.996856689453125,32.405523530979266,31.85753659597116,32.32193218350152,6442300
2024-03-11,32.28478240966797,32.35908741060853,31.690356574373258,31.848252929843234,6052700
2024-03-12,32.526268005371094,32.55413060738393,32.080448657879536,32.275493958083864,4998200
2024-03-13,33.03710174560547,33.23214704163387,32.7677514550574,32.81419384816077,5163200
2024-03-14,33.50149917602539,33.71512073244094,33.064966166839476,33.157847415101024,5994000
2024-03-15,33.51079177856445,33.75227595743099,33.38075802049733,33.43648677395467,5917400
2024-03-18,33.75227355957031,33.78942605923578,33.287877942924084,33.501499501414465,2413400
2024-03-19,33.66868591308594,33.87302114068177,33.40862547291507,33.54794204741042,3456600
2024-03-20,33.78942108154297,33.798707433562626,33.35288813242506,33.37146437952123,2652000
2024-03-21,33.64082336425781,33.78013993899112,33.51079314395028,33.74299097823023,3761000
2024-03-22,33.334320068359375,33.68726176371435,33.241442353135405,33.631533008745336,3743800
2024-03-25,34.15165710449219,34.18880960745516,33.40862476052118,33.40862476052118,4506400
2024-03-26,33.83586883544922,34.25382564750305,33.808006228998224,34.22595949799427,3835400
2024-03-27,33.882301330566406,33.882301330566406,33.380753250295854,33.42719564306904,2556600
2024-03-28,34.28168487548828,34.3466999795052,34.040200709576474,34.207383417922124,2371300
2024-04-01,34.65320587158203,34.70893108394372,34.123795095799466,34.41171814115553,4989300
2024-04-02,35.266204833984375,35.31264368779086,34.52316900085091,34.95041566781988,6844600
2024-04-03,35.77703857421875,35.86062992656967,35.22905160726435,35.29406670986425,5877600
2024-04-04,35.82347869873047,35.93493265813564,35.55412838236528,35.79561609464355,3689100
2024-04-05,36.22285842895508,36.241434678957326,35.4798261441521,35.75846280807104,2789400
2024-04-08,35.94422149658203,36.28787326141354,35.674871188147186,36.15784305542634,3823800
2024-04-09,35.97208023071289,36.14854927084927,35.702729951249204,35.97208023071289,2924300
2024-04-10,36.51078796386719,36.52007431809615,35.71202686398393,35.832770727306624,3508800
2024-04-11,35.62843704223633,36.510789540513684,35.52626942601735,36.510789540513684,4827400
2024-04-12,35.00613784790039,36.148550559421864,34.78322995168295,36.05567285984079,5330600
2024-04-15,34.53245544433594,35.21047256267233,34.39313535379052,34.996851022077884,4531100
2024-04-16,34.90398025512695,35.09902558617777,34.30026446695124,34.41171843568631,5897700
2024-04-17,35.1919059753418,35.5541340585309,34.690357763360865,34.99686062947968,3333600
2024-04-18,35.340511322021484,35.67487678591543,35.15475233729619,35.32193506924316,4704900
2024-04-19,35.795616149902344,36.12998157169151,35.23833926590124,35.30335437090941,4912500
2024-04-22,36.29716110229492,36.538645250730085,35.40551887462872,35.554125322063555,2618900
2024-04-23,36.362178802490234,36.46434286367523,36.05567598976294,36.176419844145585,2885000
2024-04-24,36.4736328125,36.52936156300043,36.12998104205766,36.35288895794447,3163800
2024-04-25,36.631526947021484,36.80799955844951,35.99994859077477,36.13926870052768,3225900
2024-04-26,36.60366439819336,36.780133466833306,36.36218022305145,36.650103253829386,2564600
2024-04-29,36.86372375488281,36.90087625553697,36.43648062653239,36.78013239993969,2054600
2024-04-30,35.47053909301758,36.7244094958226,35.451962841525166,36.6408181356356,4335600
2024-05-01,34.968994140625,35.49840490239524,34.634628703073766,35.47053875389419,5193300
2024-05-02,35.340511322021484,35.59128541994194,35.11760337479748,35.17332859007451,2919700
2024-05-03,35.5169792175293,35.60985692598252,35.12688504729932,35.56341807175591,3435900
2024-05-06,36.11140441894531,36.510784935763425,35.74917640207712,35.74917640207712,3860200
2024-05-07,36.16712188720703,36.30644196068049,35.832760088372694,36.07424420026249,3819100
2024-05-08,36.260009765625,36.752267974190524,35.82347676222098,36.15784216541918,5082700
2024-05-09,37.28167724609375,37.51387504014571,36.334309821194886,36.334309821194886,4509600
2024-05-10,37.23524475097656,37.79251813459039,37.01233327169638,37.61604905649282,5304800
2024-05-13,36.817283630371094,37.56031590253178,36.76155842436989,37.50459069653057,3916200
2024-05-14,36.399330139160156,36.93803079926911,36.17642220902089,36.65939411506619,7267000
2024-05-15,36.60366439819336,36.70583200642717,35.60057165283631,36.3528903260897,6474900
2024-05-16,36.93802261352539,37.15164414217608,36.640809743832534,36.77083993144105,5705200
2024-05-17,37.23524475097656,37.393137577212634,36.81728794173731,37.15165338912871,3539700
2024-05-20,37.0123291015625,37.39313336417401,36.93802764554574,37.225954202371945,2003300
2024-05-21,38.12687683105469,38.340498375050394,36.83585767126573,36.8822965211679,8185000
2024-05-22,37.60676193237305,38.21047416175523,37.36527420617402,37.99685258430698,4992500
2024-05-23,37.26311111450195,38.544844277721,37.07735212021456,37.99685719325517,5019300
2024-05-24,37.43029022216797,37.801808174684176,37.24453124590986,37.56961034012599,5251400
2024-05-28,37.75536346435547,38.21046916543641,37.523165665787616,37.80180231545759,6869800
2024-05-29,36.88229751586914,37.643906012587905,36.54793211866437,37.458150607969465,3331700
2024-05-30,37.03090286254883,37.57888979319053,36.88229641744551,36.91944891448562,4142500
2024-05-31,37.91326141357422,37.97827652255467,37.207381569047435,37.300259283860164,12948700
2024-06-03,36.074256896972656,37.91326338157388,36.02781803715575,37.838961914478396,7643200
2024-06-04,35.3328742980957,35.877176985335055,34.657184747111415,35.7551766875349,9975600
2024-06-05,35.436100006103516,35.79271431888749,35.22964210285034,35.51117821086892,7238800
2024-06-06,36.0179443359375,36.093018958656586,35.417333034481814,35.51117720786211,3668800
2024-06-07,35.65195083618164,36.21502309614613,35.539333520247844,35.8490257691766,3753900
2024-06-10,35.79270935058594,36.14932361386913,35.68947862332564,35.830248447757924,3672400
2024-06-11,35.74579620361328,35.867796509953095,35.17333735839521,35.57687380404315,3226800
2024-06-12,35.7176399230957,36.693631531823804,35.6894838061652,36.365173333683465,4198100
2024-06-13,34.647796630859375,35.68010046310919,34.525799918443916,35.576869721891626,8790600
2024-06-14,34.32872772216797,34.4788805631319,34.04718801292525,34.375649813733055,6994100
2024-06-17,34.13164520263672,34.478876515290615,33.925187308003416,34.46010696488291,19316800
2024-06-18,34.73226547241211,34.95749655558899,34.18796268961847,34.263037330726355,4277900
2024-06-20,34.85425567626953,35.34225323158785,34.69471987276144,34.863642241137995,4113700
2024-06-21,34.42257308959961,34.9293402877604,34.300572783392106,34.76980087503886,3676500
2024-06-24,35.55810546875,35.69887533318903,34.51641849569503,34.61964925229346,6702600
2024-06-25,35.40794372558594,35.558096539315194,35.08886854892059,35.473635357847144,5407500
2024-06-26,35.00441360473633,35.370410929671515,34.77918613397288,35.032569723526336,4401600
2024-06-27,35.670719146728516,35.689488700614284,35.18272506540399,35.248416714041,4583800
2024-06-28,35.75517272949219,36.13055656735705,35.473636641056345,35.94286464842462,3880400
2024-07-01,35.8677978515625,36.27133431230444,35.80210620259766,35.905333379595,3028900
2024-07-02,36.383949279785156,36.39333226712722,35.95226026352028,36.10241312047878,4205100
2024-07-03,36.6279411315918,37.012707996686814,36.459018743996324,36.59040560762413,1332900
2024-07-05,35.454872131347656,36.60917276397507,35.29533630452751,36.543481119998994,7892800
2024-07-08,35.614410400390625,35.72702413219129,35.25779607310821,35.370409804908874,3074900
2024-07-09,35.15456771850586,35.60502625627431,35.1170286120436,35.39856833058433,3482200
2024-07-10,35.55810546875,35.820872063781394,35.060724819604474,35.3141084276389,3323300
2024-07-11,35.87717819213867,36.055483571901206,35.14518354056752,35.708255798710546,2564100
2024-07-12,35.91471481323242,36.28071211370324,35.67071422630131,36.261942562406546,2071100
2024-07-15,36.468406677246094,36.78748191245332,35.736412023504975,36.10240935037554,2721400
2024-07-16,36.0273323059082,36.30886844492709,35.93348811954399,36.13056305886459,5479200
2024-07-17,36.459014892578125,36.778090082116115,36.00855643321725,36.03671254812616,3083800
2024-07-18,36.43086624145508,36.81563310692414,36.30886594364508,36.69363280911415,3057400
2024-07-19,36.149330139160156,36.6936328267043,35.867794019401046,36.29009640907671,2462600
2024-07-22,36.39332962036133,36.50594693983479,35.736413156397305,36.07425437503899,2885600
2024-07-23,35.74579620361328,36.17748518921417,35.49241260425809,36.17748518921417,3616900
2024-07-24,35.69886779785156,36.20563490695173,35.558097963126315,35.67071168295115,2695300
2024-07-25,36.11178970336914,36.261942533697926,35.39856465428886,35.614409124141126,2271600
2024-07-26,36.13056182861328,36.290097655985484,35.70825584450141,36.19625347281667,1543600
2024-07-29,35.93349075317383,36.3370272279831,35.473645614463315,36.20564392547338,2335000
2024-07-30,36.04610061645508,36.271331667860956,35.8208695650492,35.858408670271196,2856200
2024-07-31,37.463165283203125,37.519473937209256,36.81563187179904,36.84378440883918,3201100
2024-08-01,36.16809844970703,37.81039660184555,35.755175480302505,37.31301244141972,3533400
2024-08-02,34.4788818359375,35.689487594681665,33.91580597659193,35.633182514695484,6234800
2024-08-05,34.21611022949219,34.47888038476428,32.93042631164429,33.37150184591172,4913300
2024-08-06,34.741641998291016,35.051330620729466,33.69057226709525,34.02841342432113,5213100
2024-08-07,36.31825256347656,37.331783311612476,36.1117910714804,36.29948301148364,7220900
2024-08-08,37.34116744995117,37.42562863846535,36.487172579385955,36.54347765177823,4139900
2024-08-09,37.228553771972656,37.538246020002205,36.825020920789655,37.538246020002205,4024800
2024-08-12,38.03562545776367,38.27023948813216,37.406861574740596,37.51009232089089,4888800
2024-08-13,38.42977523803711,38.4766973236662,37.81977738508189,37.86669947071099,3553600
2024-08-14,38.60808563232422,38.75823847388211,38.33593248827363,38.448549804386644,2905700
2024-08-15,39.03976821899414,39.23684669999483,38.85207988268955,38.87084585237958,3124100
2024-08-16,38.7957763671875,39.11485159302016,38.57993188793687,38.655006516407255,2265200
2024-08-19,38.81454849243164,39.34008166634171,38.73008729234949,38.77700938574485,4042800
2024-08-20,37.83855438232422,38.85208881502954,37.754093179598776,38.730088504442485,4961600
2024-08-21,37.76347351074219,38.29839317969797,37.697778292869266,38.17639288925651,4680400
2024-08-22,37.866703033447266,38.12947318155945,37.735319749354176,37.84793706137054,4375000
2024-08-23,38.32654571533203,38.43915944039298,37.98870096022342,38.30777616450091,3483700
2024-08-26,39.13361740112305,39.36823141002675,38.84269474130921,38.9553084632038,4639700
2024-08-27,38.30778121948242,39.01162335886036,38.1951674795613,38.94593171224585,2752900
2024-08-28,38.1107063293457,38.39224246947883,37.772861529215454,37.95116691598364,3677500
2024-08-29,38.448551177978516,38.786395978534955,38.17639802420513,38.3171678844124,1953100
2024-08-30,38.045013427734375,38.29839701947423,37.66024654692781,38.16701015048139,2311700
2024-09-03,37.275482177734375,37.3974789087015,36.524714338321814,37.35994338067197,16275000
2024-09-04,36.812828063964844,37.47646097887063,36.803345527164396,37.33425547561717,5982300
2024-09-05,36.02594757080078,37.36269969126672,35.98802465275941,37.1541272585677,4589500
2024-09-06,35.38126754760742,36.52840853608992,35.21061805649935,36.149190257593766,3978500
2024-09-09,35.45711898803711,35.87426024539771,35.343350231597185,35.438157528630455,5270600
2024-09-10,34.2056884765625,35.51399650742013,33.97815460098433,35.47607359206906,3602000
2024-09-11,34.18672561645508,34.717631943477826,33.69373858669959,34.42373840288398,3566900
2024-09-12,34.404781341552734,34.53750794026561,34.05399976892174,34.224649286275046,3705200
2024-09-13,34.54698181152344,35.06841282528403,34.518541434964874,34.67971200736216,4291000
2024-09-16,34.81243896484375,34.98308845910499,34.253088648438144,34.859840798465626,3182600
2024-09-17,35.31490707397461,35.324385994668326,34.802958559834764,34.916727307329154,2641200
2024-09-18,35.0494499206543,35.656202039022375,34.92620226644581,35.22957832562985,2381300
2024-09-19,35.76049041748047,35.98802066747514,35.46659325999855,35.71308496691413,5492000
2024-09-20,35.276981353759766,35.74152799444478,34.83139978601114,35.684643625219664,5042400
2024-09-23,35.893218994140625,36.22503546737673,35.43815485233326,35.55191998365303,7381800
2024-09-24,36.19659423828125,36.746462040515176,36.19659423828125,36.51893178322122,3222300
2024-09-25,35.476070404052734,36.29139492819127,35.267501621421154,36.101787601531285,3188900
2024-09-26,34.61335372924805,35.25802894647927,34.49958857812752,34.717639957995594,6598500
2024-09-27,34.88828659057617,35.03997465162755,34.5849104684734,34.69867561012978,3034100
2024-09-30,35.00204849243164,35.22958237121243,34.73659531429431,34.840881524713495,3366900
2024-10-01,36.49997329711914,36.58529805468264,34.70815700481422,34.75555884423204,4630600
2024-10-02,36.661136627197266,37.21100803601974,36.24399541867992,37.144644744131256,2283200
2024-10-03,37.45750427246094,37.504909729419246,36.405170395418516,36.71802543547745,2743600
2024-10-04,37.89360427856445,37.903083198455825,37.15412194855746,37.609186050431305,4133100
2024-10-07,38.36763381958008,38.566723706717816,37.91256967046737,37.96945042877623,2880000
2024-10-08,37.23944854736328,37.647110837016506,36.86970917221923,37.56178608763494,2655900
2024-10-09,37.45750427246094,37.56179049132345,36.774909813910256,36.841273113817564,2544200
2024-10-10,38.358150482177734,38.471919229479425,37.60918917015226,37.770359753898845,3229500
2024-10-11,38.291786193847656,38.35814948645346,38.01685048646463,38.32970910863046,2483000
2024-10-14,37.959964752197266,38.263340797614156,37.86515747767466,37.922041842388225,1516000
2024-10-15,36.29139709472656,36.90763179274352,36.18711088892109,36.68958046084488,3338000
2024-10-16,36.642181396484375,36.73698507264111,36.29139983834192,36.376724593494345,2508800
2024-10-17,36.95503616333008,36.96451870079669,36.49049309026162,36.56633530735247,2088800
2024-10-18,37.06880187988281,37.18257063209991,36.51893404361402,36.718023935201245,2377000
2024-10-21,36.95503616333008,37.51438652842259,36.708544437124345,37.28685626062166,2185200
2024-10-22,37.12568283081055,37.30581124707645,36.71802054763097,37.059319539737416,3254400
2024-10-23,36.59477996826172,36.98348086971709,36.2819249092995,36.955040487046574,1824300
2024-10-24,36.50945281982422,36.83179039631535,36.082832641507395,36.71802525653277,2450800
2024-10-25,36.936073303222656,37.1067228058615,36.594774297944966,36.78438525826905,1690200
2024-10-28,36.471534729003906,36.50945403250522,35.7036118727752,35.9121843164116,2847100
2024-10-29,36.092308044433594,36.405166668997026,35.78893195690264,36.405166668997026,3045000
2024-10-30,36.111270904541016,36.46204884127394,35.92165993833758,36.319843329017644,2539500
2024-10-31,35.807899475097656,36.31036552701654,35.39075818827149,36.272442605524475,3602100
2024-11-01,35.637245178222656,36.58529638954379,35.457116750021854,36.26295883303347,2994800
2024-11-04,36.18711471557617,36.41464860835154,36.01646881665531,36.10179357438001,1840300
2024-11-05,36.44308853149414,36.80334901698135,36.168156419189536,36.32932339479815,2174100
2024-11-06,37.17308807373047,37.267895367191784,36.16815607873971,36.24399829698031,3089300
2024-11-07,37.54283142089844,37.770365332580276,37.00244244924901,37.41958735124424,2343000
2024-11-08,37.12568283081055,37.28685340665109,36.82230675261107,37.220486499049834,2316600
2024-11-11,36.812828063964844,37.41009768738005,36.6990593215283,37.06879869312671,4362900
2024-11-12,36.13023376464844,36.96451987839642,35.93114386984801,36.66114015078291,7317500
2024-11-13,37.54283142089844,37.903091940841,36.708548849965645,37.72296348913414,9487700
2024-11-14,38.339195251464844,38.66153285478478,37.817767732822595,37.95997688178361,8426300
2024-11-15,38.377113342285156,38.699450905027604,38.07373723811914,38.28230966593144,4974000
2024-11-18,38.689971923828125,38.879579276240655,38.35815182404934,38.74685268294051,3849800
2024-11-19,38.851131439208984,38.851131439208984,38.17801606437509,38.26334080319402,3158300
2024-11-20,38.70893478393555,38.983866901499745,38.4339990498428,38.87010176262737,2995600
2024-11-21,38.99334716796875,39.21139851165927,38.72789037069166,38.9838646306401,4195100
2024-11-22,39.372562408447266,39.38204494503593,38.7942506384929,39.08814779176441,5385300
2024-11-25,38.547760009765625,39.581135918527224,38.20646101362004,39.38204604295169,6298300
2024-11-26,37.48594665527344,38.37711351316306,37.192049470822816,38.3581520545022,7032600
2024-11-27,37.495426177978516,37.846204127511726,37.22049044777722,37.40062249968149,3771600
2024-11-29,37.4290657043457,37.808287679207766,37.4290657043457,37.51439046786323,1821300
2024-12-02,37.192047119140625,37.70399562102753,36.82230773995393,37.59023049278429,11969400
2024-12-03,37.322330474853516,37.59056326726727,37.03494159059042,37.59056326726727,6500700
2024-12-04,36.85293197631836,37.446869531221346,36.584699165758806,37.293595205622246,4335700
2024-12-05,37.50434875488281,37.7725779109596,36.95830874181325,37.05410382488405,3600400
2024-12-06,36.7667121887207,37.456444775133654,36.5751183824707,37.379809445242394,4432400
2024-12-09,36.58470153808594,37.59056824780018,36.57512349089224,37.188220833044795,6055600
2024-12-10,36.24940872192383,36.80502672055133,36.230248976543876,36.78587062951915,3785600
2024-12-11,36.546382904052734,36.56553899697726,36.21109280830336,36.36436713213652,3856300
2024-12-12,35.626731872558594,36.402685161298926,35.588416033903805,36.402685161298926,4436100
2024-12-13,35.23396682739258,35.70337148909648,34.9944754734177,35.607572754897696,5165700
2024-12-16,34.70708465576172,34.860358967635975,34.3430567946799,34.77414193880997,6721700
2024-12-17,34.33347702026367,34.54423055885972,34.055666201995734,34.295157530637546,4011900
2024-12-18,33.385093688964844,34.47717734604343,33.29887665430991,34.36221886360479,3982900
2024-12-19,33.155181884765625,33.87365590889311,33.040227064122625,33.768279133992095,4119600
2024-12-20,33.0498046875,33.500049572923906,32.829473094771735,33.001907150706515,3725100
2024-12-23,33.557525634765625,33.682062155686154,32.73367483449546,32.90610889289377,3932800
2024-12-24,33.70122528076172,33.85449960866813,33.34677908266845,33.75870452410721,1239400
2024-12-26,33.682064056396484,33.89281761840918,33.50005194197065,33.70122380333837,2702400
2024-12-27,33.77785873413086,34.141886612991435,33.55752712844757,33.62458441477083,3771500
2024-12-30,33.806602478027344,34.07483164154254,33.53836966016387,33.74912323398197,3354400
2024-12-31,34.180206298828125,34.256841631765525,33.72038333815957,33.85449791156106,2317000
2025-01-02,34.52507019042969,34.82203709379899,34.285578866113745,34.48675070149571,2337500
2025-01-03,34.898677825927734,34.91783757135783,34.4388548986488,34.745403516834756,2714700
2025-01-06,35.40639877319336,35.8853814524444,35.243546416334965,35.25312446200694,3419700
2025-01-07,36.718814849853516,36.93914644921401,35.83748479806363,35.83748479806363,5383000
2025-01-08,36.718814849853516,36.81460992632402,36.345205281183546,36.48890155023722,4508400
2025-01-10,37.724674224853516,37.88752657041823,37.14031481199645,37.16905260136726,5907700
2025-01-13,37.734256744384766,38.93171350146399,37.590564126144066,37.89711276360851,6798400
2025-01-14,38.09828186035156,38.19407693223537,37.39896760342607,37.63845893748334,5428600
2025-01-15,38.42399215698242,38.577266472328475,38.16534106464572,38.318615379991776,4162700
2025-01-16,37.42770767211914,38.3281938274164,37.24569556272284,38.20366095725744,6958600
2025-01-17,37.38938522338867,37.58097901801829,37.03493907864987,37.14989389368857,4446100
2025-01-21,38.127017974853516,38.261132531333814,37.255269703384,37.5139207713164,3851500
2025-01-22,37.58098220825195,38.47189032271296,37.54266271520357,38.127022193973474,3657600
2025-01-23,37.75341796875,38.07912636559823,37.44686931928675,37.78215576265338,2818900
2025-01-24,37.3127555847168,37.86837365403803,37.274436089081334,37.73425907366215,3015400
2025-01-27,37.140323638916016,37.35107722265074,36.508066542060284,37.13074193728346,3283200
2025-01-28,36.651756286621094,37.255275539675395,36.354789337706436,37.245697493146736,2856300
2025-01-29,36.97746658325195,37.0636836238313,36.36436925217581,36.38352900056548,3354000
2025-01-30,37.01578140258789,37.389387313105495,36.60385600013313,37.24569469986297,4299000
2025-01-31,35.981178283691406,37.1115776394681,35.68420772264918,37.01577891606046,5335800
2025-02-03,35.981178283691406,36.460160937686695,34.49632913282789,34.65918513544706,4678600
2025-02-04,36.546382904052734,36.996624174741804,35.86622466609173,35.95244170164464,8708500
2025-02-05,37.06367874145508,37.24569450000597,36.41226199941033,36.469741237007646,4251700
2025-02-06,36.824188232421875,37.86837065245911,36.48890180805815,37.24569534230535,4532600
2025-02-07,37.121158599853516,37.49476451461444,36.517639385206216,37.16905613814503,6712000
2025-02-10,37.86837387084961,37.99291040520376,37.37981308891911,37.446870379490974,6417800
2025-02-11,38.92213439941406,39.02751117587398,38.059964095967366,38.222820110773036,8313000
2025-02-12,37.97374725341797,38.97003213025053,37.7438376075938,38.692221291727385,3509500
2025-02-13,38.27071762084961,38.43356998118806,37.801312977239654,37.82047272334086,3236200
2025-02-14,37.8971061706543,38.69221541876889,37.76298796754162,38.60599840108443,3955300
2025-02-18,38.165340423583984,38.44315125746605,37.60014071004883,37.983328319151525,6304600
2025-02-19,38.21323776245117,38.41440961172759,37.97374642159415,38.270716999822085,2298300
2025-02-20,38.481468200683594,38.6347461722075,38.031226949550046,38.10786228096402,3052600
2025-02-21,37.830055236816406,38.28987819008684,37.5809821864941,38.24197699663009,2906600
2025-02-24,37.485191345214844,38.165345978741584,37.40855235049996,38.15576793157642,3944100
2025-02-25,37.00619888305664,37.79173010106526,36.5080565111382,37.58097657523699,4530900
2025-02-26,36.632598876953125,36.85293048267506,36.41226361688316,36.77629149580759,2993900
2025-02-27,36.59428024291992,37.12116049978924,36.59428024291992,36.661337530829755,2981000
2025-02-28,36.67091369628906,36.73797098075935,36.00991889750428,36.39310651248985,3809100
2025-03-03,34.668766021728516,36.881667380099756,34.352639344445734,36.73797111038617,12675100
2025-03-04,33.945308685302734,34.400496613020785,33.451384267891456,34.21648627995919,7566500
2025-03-05,33.18989562988281,33.83877712980908,32.74439456774231,33.67413687859228,12066300
2025-03-06,33.65476608276367,33.89688670206413,32.8218705612553,32.957457516948764,5255200
2025-03-07,34.61356735229492,34.884741279284185,33.78067178286484,33.89688865236486,5941400
2025-03-10,34.53608322143555,35.00095434336091,34.32301590512786,34.603876695812126,4952900
2025-03-11,34.26491165161133,34.87505296244862,33.974367642479166,34.661989326134375,6380000
2025-03-12,34.62324905395508,34.845999583553514,33.97436755831627,34.30364805857417,6021200
2025-03-13,34.6910400390625,35.0300074087663,34.16805864483328,34.52639980076844,6700300
2025-03-14,35.52394104003906,35.52394104003906,34.59419865749917,34.778209016188995,3156200
2025-03-17,36.444000244140625,36.579587213200014,35.68858132521747,35.68858132521747,6884600
2025-03-18,36.42462921142578,36.78296671963675,35.98881132605151,36.62800965977786,3943200
2025-03-19,36.32777786254883,36.792652725365095,35.81448330687656,36.4633685193097,4414900
2025-03-20,36.52147674560547,36.53116364018558,35.785431619632426,35.99849527231347,6812900
2025-03-21,36.26966857910156,36.44399571608051,36.01786107259092,36.395572332356885,3669700
2025-03-24,37.19941329956055,37.24783668647715,36.405257931831876,36.473051412408644,3913100
2025-03-25,37.267208099365234,37.79987276323899,36.96697717870619,37.48027544270183,3054100
2025-03-26,37.635231018066406,37.89672173971639,37.41248048357959,37.56743753776466,3120400
2025-03-27,37.40279006958008,37.838607897981916,37.27689001484963,37.538377017423485,2595700
2025-03-28,37.131622314453125,37.53838322525053,36.95729515426343,37.23815598950993,2789200
2025-03-31,37.4996452331543,37.88703603352868,36.71517304360953,36.87013010265283,2995600
2025-04-01,37.81924057006836,37.82892746388924,37.189729167009425,37.43184978998614,2221800
2025-04-02,37.89672088623047,37.925774178714725,37.2962590821274,37.45121613282262,1964300
2025-04-03,35.620784759521484,36.98634492109213,35.48519780219025,36.589267248421734,5465700
2025-04-04,32.153621673583984,34.284284040679914,31.746857077985744,34.10026999014852,10312800
2025-04-07,32.06645584106445,32.94777475935202,30.061697381943635,30.894591067381818,8070200
2025-04-08,30.54593849182129,32.850924148236366,30.313501069640637,32.783130669781066,9844800
2025-04-09,33.13178634643555,33.65476779744213,29.819577878995783,30.03264336983153,12685400
2025-04-10,31.194822311401367,32.49258908710366,30.64278754881219,32.327948825562366,6355000
2025-04-11,32.39573669433594,32.628170399105684,31.15607672251783,31.51441786694414,6236800
2025-04-14,32.4247932434082,33.21894858772925,31.969605291979985,33.21894858772925,3732400
2025-04-15,32.24078369140625,32.8509250135759,32.056769649779696,32.424794038565224,3695500
2025-04-16,32.74439239501953,33.02524949283969,32.337627851970936,32.34731474520418,3752100
2025-04-17,33.451385498046875,33.8387762704964,32.96714426163439,33.00588444721957,3015200
2025-04-21,33.47075653076172,33.58697339631342,32.899351707970155,33.19957891851768,4097300
2025-04-22,34.30364990234375,34.61356771503779,33.8097254309417,34.08089936077281,2957600
2025-04-23,33.974369049072266,34.78789083053641,33.722561521456306,34.45861031583007,3011900
2025-04-24,34.47797775268555,34.48766464721405,34.01310656594789,34.33270758496816,3467500
2025-04-25,34.47797775268555,34.797578771705815,34.0421635550656,34.0421635550656,2459500
2025-04-28,34.58450698852539,34.7394640308904,34.28427979708105,34.28427979708105,2830700
2025-04-29,34.62324905395508,34.83631638420902,34.13900780844522,34.168061100946204,2464800
2025-04-30,34.17774963378906,34.51671704411451,33.59665789462984,34.19711972787447,5651500
2025-05-01,34.5748291015625,34.884743233905745,33.92594384702217,34.07121771288776,5175200
2025-05-02,34.913795471191406,35.19465629963689,34.56514115925463,34.962218860189786,4664800
2025-05-05,33.79035186767578,34.468290317121074,33.69350510109816,34.39080994828512,5561900
2025-05-06,34.01310348510742,34.390811059215515,33.81940625122783,34.08089696279516,9332700
2025-05-07,32.88966369628906,34.28428081338261,32.44416264809192,34.05184339571121,14759300
2025-05-08,33.17052459716797,33.5094919838776,32.96714416514219,33.10273111982604,8713000
2025-05-09,33.85814666748047,33.906570052663284,33.39327551968404,33.55791946266656,4911100
2025-05-12,34.739471435546875,34.97190889587167,34.410187188526464,34.97190889587167,4159900
2025-05-13,35.262447357177734,35.44645770049933,34.81694629789333,35.03000993372163,3370700
2025-05-14,35.19465637207031,35.32056013929944,34.94285253207983,34.94285253207983,2597600
2025-05-15,34.85568618774414,34.894422679267755,34.25522438828464,34.623248766265064,2710600
2025-05-16,34.52640151977539,35.000955860987915,34.477974440720395,35.000955860987915,3472300
2025-05-19,34.27459716796875,34.38113084056139,33.96468304468168,34.36176074604747,2243200
2025-05-20,34.10995864868164,35.126864648566425,33.98405487514376,34.565142962372796,2727200
2025-05-21,34.032474517822266,34.545769061481565,34.032474517822266,34.235854956502266,2499200
2025-05-22,34.255226135253906,34.487663568586974,33.577287623705764,33.896888632730274,3188700
2025-05-23,34.58450698852539,34.710410739968,33.887202145116504,33.887202145116504,4215900
2025-05-27,34.59419250488281,35.223703848105224,34.4489186671184,35.13654028434001,2617400
2025-05-28,34.216487884521484,34.923479653502376,34.216487884521484,34.89442266678571,4713500
2025-05-29,34.6329345703125,34.69104485366968,34.23585687020782,34.23585687020782,4310400
2025-05-30,34.42955017089844,34.67167078207841,34.17774636083689,34.37144358867434,3871100
2025-06-02,35.49488067626953,35.59172743640489,34.894418941135655,35.31086665975844,12836900
2025-06-03,35.75637435913086,35.99849499924784,35.03001243877992,35.30119006794902,5032800
2025-06-04,35.584964752197266,36.2412229416911,35.19316625283526,35.731886387107465,6873900
2025-06-05,35.84942626953125,36.16286359040941,35.594759847493094,35.76127178950504,7284800
2025-06-06,36.025733947753906,36.29019737842267,35.84942499397473,35.9473764885562,6282100
2025-06-09,36.22163391113281,36.495890628407025,35.91798987667384,36.07471227107914,7456700
2025-06-10,36.848506927490234,37.23050840593784,36.36855769330076,36.47630246649724,6066000
2025-06-11,38.063079833984375,38.092463413844506,36.95625224282113,37.18153507350613,4127700
2025-06-12,38.28836441040039,38.32754500964526,37.80841141081969,37.87697559126442,3119900
2025-06-13,40.12001419067383,40.15919478965986,38.964212675858896,39.52252313377335,7536700
2025-06-16,39.83596420288086,40.36489112958271,39.54211715575803,39.8261709204462,5648800
2025-06-17,40.19837188720703,40.62934722911099,40.01226592646774,40.34529351590583,4917200
2025-06-18,39.228675842285156,40.3550937682833,39.09154748325252,40.15919451117916,11397100
2025-06-20,39.326622009277344,39.591081673589,39.169903372127045,39.473543629843036,5454400
2025-06-23,38.17082214355469,39.571496652261025,38.14143482912507,39.228672051341455,6349500
2025-06-24,37.494972229003906,38.25897893049259,37.494972229003906,37.50476924656272,4703100
2025-06-25,37.19132995605469,37.53415082296727,37.14235234380956,37.27948442704181,5695800
2025-06-26,37.19132995605469,37.50476724479397,37.01502101408044,37.22071353422799,6406500
2025-06-27,36.81912612915039,37.30887241778689,36.486098503418866,37.19133435472507,6585300
2025-06-30,36.6819953918457,36.82891702704624,36.574250617484864,36.799533447299616,3225000
2025-07-01,37.054203033447266,37.161944069712746,36.46650529212287,36.907277663999324,2730200
2025-07-02,37.514564514160156,37.58312869483287,36.9856376319984,37.40681973411228,5476500
2025-07-03,37.56353759765625,37.60271819619959,37.2794875993859,37.47538311916751,1466800
2025-07-07,37.054203033447266,37.514561967213915,36.77994259290894,37.416614211893524,2795900
2025-07-08,38.02389907836914,38.19041474864128,36.98563566884304,37.03461328369612,4887100
2025-07-09,38.42549133300781,38.64098088432115,38.072873425937786,38.072873425937786,5501400
2025-07-10,38.60179901123047,38.61159229211778,38.01410500984142,38.288361712294,3551100
2025-07-11,39.27764892578125,39.39519071954018,38.51364594868558,38.6899549028565,4082200
2025-07-14,39.02298355102539,39.34621415129812,38.650775333815595,39.30703728880307,3987300
2025-07-15,38.611595153808594,39.18949591714134,38.48426381049981,39.03277725605793,3029000
2025-07-16,38.34713363647461,38.63118362744,37.857387376680386,38.53323587006813,3555600
2025-07-17,38.28836441040039,38.32754500964526,37.867182309686996,38.112055450266055,3178000
2025-07-18,38.05328369140625,38.69974861846635,37.90636205225976,38.69974861846635,3205800
2025-07-21,37.9063606262207,38.17082405049628,37.769232273589076,38.17082405049628,2661400
2025-07-22,38.307952880859375,38.38631033914004,37.78882304328929,37.80840960550889,2720400
2025-07-23,38.87605667114258,39.00339174461764,38.445081308607485,38.445081308607485,3448700
2025-07-24,38.8858528137207,39.02298116523857,38.337335671181904,38.6017990933095,2874400
2025-07-25,38.474464416503906,38.98380096768881,38.474464416503906,38.98380096768881,2839600
2025-07-28,39.14052200317383,39.258063801238094,38.719339901279234,38.76831751870649,2584900
2025-07-29,39.24826431274414,39.2776478921769,38.85646581679296,39.13072625854574,4532600
2025-07-30,38.87605667114258,39.111136519368266,38.72913503541052,38.92503428618736,2324900
2025-07-31,38.65077209472656,38.90544223017368,38.35692510006756,38.49405344847728,3013700
2025-08-01,38.23938751220703,38.56261808930295,37.78882186584676,38.503850931540406,3938000
2025-08-04,38.19041442871094,38.46467113454705,38.0043084613501,38.03369577730925,2918000
2025-08-05,38.44508361816406,38.63118586252491,37.867182848712574,38.33733883694075,4395500
2025-08-06,38.42549133300781,39.56170251330709,38.05328312704862,38.67036446442117,4710200
2025-08-07,38.229591369628906,38.738927921872666,37.68107795680285,38.61159284969488,3563400
2025-08-08,38.41569900512695,38.817290801152126,38.20020944846599,38.45487586741004,3738500
2025-08-11,37.99451446533203,38.729133830540455,37.88676969393336,38.51364428774311,2747200
2025-08-12,38.043495178222656,38.396113134717545,37.84759589834016,38.043495178222656,2785800
2025-08-13,38.14143753051758,38.15123454817706,37.710462165186584,37.9847188761729,2016700
2025-08-14,38.19041442871094,38.21000099072719,37.720254738038484,38.19041442871094,1879900
2025-08-15,38.082672119140625,38.29815794346724,37.92595345759962,38.20021018117947,1967500
2025-08-18,37.788822174072266,38.03369529732633,37.61251322641195,37.7986154549568,3816300
2025-08-19,37.57333755493164,37.88677489486383,37.46559276874223,37.57333755493164,3937100
2025-08-20,37.808414459228516,38.014110753615135,37.69087638848466,37.91615924760534,5064700
2025-08-21,38.23938751220703,38.258977810283646,37.622306200429165,37.798615146651414,4687300
2025-08-22,39.16990661621094,39.179699897139585,38.33733575151631,38.386309629094264,7039500
2025-08-25,39.5421142578125,39.551911275997085,38.90544632511754,39.06216498786204,2721000
2025-08-26,39.258060455322266,39.59108431205164,38.89564554688037,39.50293357571783,3681800
2025-08-27,40.17878723144531,40.198377531982864,39.101343120686636,39.1503207402644,3151700
2025-08-28,40.74688720703125,40.83504168300787,39.982884239545484,40.23755438635236,5302300
2025-08-29,40.453041076660156,40.90360674743867,40.364886598771534,40.66853063071402,4249100
2025-09-02,40.46283721923828,40.688120049754595,40.23755438872197,40.42365662180916,2235400
2025-09-03,39.79677963256836,40.443244505679104,39.571496815503565,40.08082960580046,12033400
2025-09-04,39.326622009277344,39.58128839347144,38.88584967464619,39.17969665224461,5360600
2025-09-05,39.15031433105469,39.32662327056174,38.79769645204059,38.95441509421717,4100800
2025-09-08,39.42457580566406,39.69883252864252,38.77811086116653,39.277650426086964,3926200
2025-09-09,40.12001419067383,40.609760468596505,39.48334627125489,39.48334627125489,4659900
2025-09-10,41.39335632324219,41.39335632324219,40.19837787208356,40.2277614549046,5585600
2025-09-11,41.15827941894531,41.53048765241987,40.91340626942979,41.13868911860794,3044200
2025-09-12,40.86442947387695,41.43253319729355,40.84483917493604,41.36396901923409,1937700
2025-09-15,41.34437942504883,41.461921220697924,40.66853091417045,40.96237793035811,4372100
2025-09-16,42.13777160644531,42.58833730041161,41.412945446895776,41.53048724777475,4550600
2025-09-17,41.971256256103516,42.29449060638114,41.67740922451242,42.05941073922762,4290400
2025-09-18,41.84392166137695,42.02023061394199,41.324788084838815,42.0006403151606,4545500
2025-09-19,40.697914123535156,42.049614869427,40.56078576632986,42.030024570330895,7717200
2025-09-22,40.92319869995117,41.12889498098015,40.227759866548055,40.65873525560048,6787400
2025-09-23,41.45212173461914,42.108383643614026,41.08971056078253,41.187658314857075,5201700
2025-09-24,41.54027557373047,42.020228528890485,41.51089199525013,41.72637779821805,2820900
2025-09-25,41.8243293762207,41.91248384831648,41.2856092629542,41.2856092629542,2448900
2025-09-26,41.7459716796875,42.5001813959881,41.62843361920889,41.82433287765162,2103700
2025-09-29,41.10930252075195,41.54027788715658,40.93299356711655,41.4717137092392,2926300
2025-09-30,40.95258331298828,41.060324350783894,40.47263033758047,40.79586466036954,3948500
2025-10-01,40.41386413574219,41.119100022673344,40.41386413574219,40.87422686598534,2887000
2025-10-02,40.266937255859375,40.599964855177674,40.22775665912373,40.2865275542272,1911800
2025-10-03,40.50201416015625,40.68812013007827,40.28652834680553,40.423656701610746,2555400
2025-10-06,40.678321838378906,40.84483750433224,40.257139769544814,40.84483750433224,2737200
2025-10-07,40.5216064453125,40.923198248271596,40.08083404292626,40.57058032636261,2980700
2025-10-08,40.00247573852539,40.550992909556676,39.27764961025075,40.550992909556676,7883600
2025-10-09,39.5421142578125,40.52160683408259,39.5421142578125,40.23755682667968,2807200
2025-10-10,38.68016052246094,39.36580228423389,38.552825451074234,39.19929035250827,4792500
2025-10-13,39.15031433105469,39.2286717839094,38.80748973247224,39.09154343906329,1882200
2025-10-14,38.55282974243164,38.93483126264539,38.35693047306188,38.4352916753969,2451000
2025-10-15,38.29815673828125,39.10134032046236,38.23938957734495,38.84667390464756,3228900
2025-10-16,37.788822174072266,38.47446393000979,37.563535612587266,38.42549005265244,3320900
2025-10-17,37.79861831665039,37.935746678219736,37.612516074015936,37.935746678219736,3098600
2025-10-20,37.534149169921875,37.94553792856617,37.42640440607534,37.85738346146147,4872900
2025-10-21,37.387229919433594,37.70067098203336,36.99543513000229,37.70067098203336,2816200
2025-10-22,38.28836441040039,38.46467337053472,37.55374498866321,37.61251588753052,3954400
2025-10-23,38.807491302490234,39.522520369877704,38.73892712729331,39.17969949389307,4309500
2025-10-24,39.013187408447266,39.10133814494719,38.680159814623,38.827081445256844,3131100
2025-10-27,39.21887969970703,39.4441625211781,39.022980456894324,39.12092821006704,2703500
2025-10-28,38.81728744506836,39.199288908690946,38.719335956660494,38.96420907297931,2592100
2025-10-29,39.17970275878906,39.502937100053536,38.79770125472569,39.2972408208545,2567600
2025-10-30,38.90544509887695,39.287446593747354,38.78790330317257,38.96421226026161,2265300
2025-10-31,38.99359893798828,39.44416460473058,38.75851908690199,39.10133997758255,2874000
2025-11-03,38.81728744506836,39.01318668541685,38.35692479071948,38.91523519700899,3236000
2025-11-04,38.69974899291992,38.72913631020758,37.92595271840588,38.29815719701907,4745700
2025-11-05,40.37467956542969,41.04073472343092,39.65965053273042,39.65965053273042,8179500
2025-11-06,41.12889099121094,41.18765814883186,40.53139997894962,40.8056566784267,6969800
2025-11-07,41.7459716796875,41.843923177142656,41.1778679403179,41.34437988129031,5248400
2025-11-10,42.235713958740234,42.235713958740234,41.393349842717676,41.86350951305319,6242300
2025-11-11,43.17603302001953,43.293571078780985,42.33366883654945,42.35325913575428,5045000
2025-11-12,43.32295608520508,43.59721281016403,42.61772023649048,43.0584926419371,6239000
2025-11-13,42.7254638671875,43.78331761178019,42.500181029683695,43.391519098271594,3014400
2025-11-14,43.450286865234375,43.450286865234375,42.45120409060159,42.7254607884143,3319900
2025-11-17,43.499267578125,44.05757807868343,43.19562351749216,43.37193248992828,3567900
2025-11-18,44.27306365966797,44.51793679524526,42.98992708411465,43.2935711173588,3484800
2025-11-19,44.05757141113281,44.11634230520658,43.362132645362706,43.6657766600429,2105600
2025-11-20,43.753929138183594,44.664857482018604,43.734342575846604,44.077163463755504,3218200
2025-11-21,43.41110610961914,43.70495310426073,43.048694940776755,43.60700535153595,3704400
2025-11-24,43.37192916870117,43.44049334867956,42.65690005144967,43.29357170721197,4619500
2025-11-25,43.40131378173828,43.66577720366175,42.794025744817425,43.14664364071538,4178900
2025-11-26,43.53844451904297,43.78331765611693,43.35233854352753,43.44049302233286,2592000
2025-11-28,43.86167526245117,44.25347377765562,43.62659914250255,43.714753621600174,1222400
2025-12-01,43.881263732910156,44.488548043344956,43.68536448347291,44.30244581143664,3309400
2025-12-02,43.03889846801758,43.793108130233485,42.950743994863316,43.773517832147284,12204900
2025-12-03,43.763729095458984,43.91065447812756,42.84300740860998,42.931161890917586,5988400
2025-12-04,43.85187911987305,44.54731788934298,43.812698523615424,43.94003359321905,4698500
2025-12-05,43.34254455566406,44.077163954912606,43.24459679701792,43.77351992476158,6441200
2025-12-08,43.12705612182617,43.77352106047892,42.940953880983024,43.09767254076346,7908700
2025-12-09,42.8919792175293,43.607008323256125,42.81361802083553,43.127055334675575,2383400
2025-12-10,43.26418685913086,43.401318963382295,42.64710920410444,42.82341817310278,5023800
2025-12-11,43.40131378173828,43.57762272968726,43.009515289303366,43.37192646610189,6948400
2025-12-12,43.4600830078125,43.577624803015766,43.04869793400364,43.5090568875801,7559100
2025-12-15,42.75484848022461,43.47967082696378,42.470794762720224,43.47967082696378,4004300
2025-12-16,41.35417175292969,42.4512022326339,41.29540086177037,42.38263806118158,4799900
2025-12-17,41.94186782836914,42.1181767742485,41.226838764066116,41.54027605974779,3973000
2025-12-18,41.53048324584961,42.09858694948406,41.47171235107336,41.785149650278704,4274300
2025-12-19,41.87331008911133,42.15736384962601,41.657820514035656,41.726384699474664,4022600
2025-12-22,42.06920623779297,42.47079803830178,42.04961593819893,42.265105497265765,2534500
2025-12-23,42.274898529052734,42.402233607427846,41.589252993182804,42.22592464859079,3211400
2025-12-24,42.35325622558594,42.549151731238865,42.10838310705252,42.10838310705252,1304700
2025-12-26,42.225921630859375,42.54915220798216,42.09858656158443,42.35325670013432,1270800
2025-12-29,42.83320617675781,43.05848900127862,42.47079500135194,42.56874275585061,3107100
2025-12-30,43.58741760253906,43.7637265569274,42.99972357888957,43.05849073937403,2770800
2025-12-31,43.450286865234375,43.724543563047085,43.18582344814329,43.61679879277287,1596500
2026-01-02,44.655067443847656,44.82157939107678,43.23480243735552,43.33275393849122,4820000
2026-01-05,43.85187911987305,44.16531641699942,41.81453295208431,43.734341067567485,11609300
2026-01-06,44.3122444152832,44.94891232816184,43.842084705215775,44.00860038096206,6422200
2026-01-07,44.37101364135742,44.92932411951575,43.64619121617224,44.06737332937487,7931600
2026-01-08,44.83137512207031,45.24276020562401,43.83229225798155,44.34162883985823,6347100
2026-01-09,45.732505798339844,45.8108669958168,44.91952892508797,44.98809310464653,4485600
2026-01-12,45.673736572265625,46.27122759838463,45.575785079846796,46.036147753046826,3692300
2026-01-13,47.14297866821289,47.56416077426641,45.80107115056905,46.01656071268043,5449900
2026-01-14,48.631805419921875,49.092164366433316,47.26051438866885,47.26051438866885,6851000
2026-01-15,47.96575164794922,48.49467478830801,47.58375014906382,48.00492851046158,2980900
2026-01-16,48.71996307373047,49.20970936876148,48.11267497763527,48.11267497763527,4245600
2026-01-20,48.337955474853516,49.77781070791072,47.98534129820764,49.386012196347494,4192300
2026-01-21,49.47416687011719,49.66027284525548,48.768934777571275,49.06278179417103,5328200
2026-01-22,48.8472900390625,49.60149971414122,48.484878859455215,49.49375494106321,3401100
2026-01-23,49.826786041259766,50.26755844550949,49.26847557469932,49.84637634105616,2909400
2026-01-26,50.12063217163086,50.36550531001827,49.71904037413421,50.36550531001827,3112100
2026-01-27,50.96299362182617,51.04135481539585,50.3263257381757,50.43407051110032,2691700
2026-01-28,51.913108825683594,52.09921107823216,50.98259009000513,51.315617730043705,4191000
2026-01-29,52.588951110839844,53.676188386382286,52.27551380897664,52.990542887381274,5090400
2026-01-30,51.88372039794922,52.64772337403304,50.94340473146052,52.157977110088545,7937000
2026-02-02,51.580078125,51.84454156490866,50.326328842293115,50.385096004627755,6704400
2026-02-03,52.363670349121094,52.67710766334771,51.59966736275214,52.06982333409207,7713400
2026-02-04,52.05023193359375,54.16593562809226,51.482128214753494,52.68690356640859,8762800
2026-02-05,52.040435791015625,52.27551189055244,51.021762729110144,51.276429126352895,5690500
2026-02-06,52.69669723510742,52.814235292203,51.707411426323645,51.96207783944198,9038600
2026-02-09,53.54885482788086,53.5586518456038,52.64772349367948,52.64772349367948,4824300
2026-02-10,53.49008560180664,53.92106095328612,52.82403040813187,53.774139321322984,4754100
2026-02-11,54.79281234741211,55.09645638550947,53.96024516772922,54.15614442661566,4925300
2026-02-12,53.960243225097656,55.30214693498816,53.71537009442222,54.34224471111654,4324500
2026-02-13,54.84178924560547,54.851582527011004,53.764345204087235,53.872089981885814,2710600
2026-02-17,53.960243225097656,55.04748052313138,53.17664995422975,54.45978276762987,4572000
2026-02-18,54.704654693603516,54.78301588719837,54.15614128430903,54.62629723647603,6922900
2026-02-19,55.63517379760742,55.958408119277564,54.72424546476823,55.24337903565053,10201400
2026-02-20,54.59691619873047,55.79189456494215,54.352043062048175,55.321738590888245,4329600
2026-02-23,55.11604309082031,55.37070949523809,54.68506773854896,54.831989370782054,2235600
2026-02-24,54.82219696044922,55.84086633076385,54.58711711408898,55.84086633076385,2205800
2026-02-25,54.60670852661133,55.01809359554957,53.86229584814178,54.841788377767095,2642300
2026-02-26,54.36183547973633,54.68506980852564,53.695780259625764,53.87208921415312,3023500
2026-02-27,55.36091613769531,55.59599224352974,54.49896169787864,54.74383482106211,2985400
2026-03-02,56.59507751464844,57.221952139634745,55.97799990744051,56.95749244309849,5612600
2026-03-03,55.96820068359375,57.27092749817439,55.31194250407468,56.95749019803582,17433900
2026-03-04,56.598941802978516,56.598941802978516,54.57543661975951,55.14793878031584,5744300
2026-03-05,56.865455627441406,57.210930761774755,56.075795487967646,56.51010762332908,6205700
2026-03-06,56.10540771484375,57.87227490178961,55.79941275717375,57.87227490178961,4847800
2026-03-09,56.65816879272461,57.61563003483289,56.08566285595787,56.34230474671415,10518300
2026-03-10,56.53971481323242,57.24054166887378,55.85863369579098,56.61868270444689,4844100
2026-03-11,57.51692581176758,57.72421089272288,56.263338690843305,56.519976824588454,3748500
2026-03-12,58.97779846191406,59.313404494991026,57.724211331461774,57.79330635897204,5903700
2026-03-13,58.819862365722656,59.35288434000273,58.237487341689906,58.59283532454329,3886000
2026-03-16,59.836551666259766,59.885904717799875,58.47438936984955,58.8593484434175,3691100
2026-03-17,60.527503967285156,60.98155805321034,59.6490068724397,60.07344988135996,5425300
2026-03-18,61.178977966308594,63.13338824805166,60.22151291714787,60.8335028276406,4158300
2026-03-19,62.50165557861328,63.79472280240772,61.18884638184689,61.55406346833728,9948300
2026-03-20,62.886619567871094,63.43937979283246,61.75148427347069,62.43256545011093,10145200
2026-03-23,62.37334060668945,62.6102405396301,60.57686231366161,61.297427451819225,6571300
2026-03-24,63.28144836425781,64.4856823919797,62.501657353998674,62.86687445086321,4835600
2026-03-25,63.86382293701172,64.00201299348035,62.13644346575726,62.54114453058536,5572100
2026-03-26,64.14021301269531,64.80155224098397,63.567707025164744,63.962539000385604,4584900
2026-03-27,65.79850006103516,65.81823827057224,64.14021182056389,64.26852900953845,5117200
2026-03-30,65.12728118896484,66.88427535563912,64.72257639308525,66.38086446077193,5565700
2026-03-31,65.25560760498047,66.42035781186901,63.222233060891256,65.15690149201575,7770200
2026-04-01,64.10072326660156,66.18345440506342,63.15312736482515,64.07111218902607,7401700
2026-04-02,65.0483169555664,66.31177316756276,64.1303358748514,65.65043398328234,4502700
2026-04-06,65.22599029541016,65.72939368269579,64.32774743238349,65.23585563420896,3556300
2026-04-07,65.92681121826172,66.5289282197652,65.58133610202023,65.79849404102708,4809800
2026-04-08,63.70589065551758,64.0513657749112,61.33690657414405,61.47509662190151,5823000
2026-04-09,62.57075119018555,64.79167233758199,62.284498227492655,64.15994425811931,4411000
2026-04-10,63.597312927246094,63.71576476940592,62.48191588865142,62.57075288757306,3850600
2026-04-13,64.00201416015625,64.69297198588794,63.853958761807625,64.45607581773673,3141800
2026-04-14,62.738555908203125,63.83420717499727,62.37333505387539,63.55782708233529,3916800
2026-04-15,62.15618133544922,63.08403148574567,62.087086311778016,62.689199551570454,2364900
2026-04-16,62.99519729614258,63.153129323771466,62.195664288235776,62.36346918562703,4870400
2026-04-17,60.36957550048828,61.0605295393062,58.50400223145751,60.37944460493862,7048800
2026-04-20,60.86310958862305,61.238199544992256,60.63608254711957,60.79401456579139,2954100
2026-04-21,61.741607666015625,61.958765607188695,60.872979666719765,61.080268503928785,4235500
2026-04-22,62.61023712158203,62.758300042261396,61.86993004897817,62.245020020075145,2363000
2026-04-23,63.72563171386719,63.76511566224868,62.82739636326583,62.935971573220094,2201500
2026-04-24,63.17287063598633,63.59731366180358,62.3832105061158,63.49860755759346,2817800
2026-04-27,63.63679885864258,64.11059118046748,63.25183977311241,63.80459999217252,2329000
2026-04-28,64.34748840332031,64.89037569795127,64.00200577034593,64.13033047315096,3136900
2026-04-29,66.20319366455078,66.25255048182234,64.84103135889583,65.10753859210048,2134100
2026-04-30,67.57522583007812,67.7331616136784,65.24572573752262,65.85771560278471,2795700
2026-05-01,66.67699432373047,67.41730140712885,65.50237134155127,67.41730140712885,3580000
2026-05-04,67.67393493652344,68.06876688227584,65.93668642448168,66.94350073189695,3339900
2026-05-05,68.7498550415039,69.38158317217211,67.0718210756469,67.29885190266516,3808700
2026-05-06,63.48873519897461,67.33833354050022,63.3505451458095,66.62763753519788,5899100
2026-05-07,62.916229248046875,63.39002530143639,61.92915319546965,62.47204427130786,3241800
2026-05-08,63.182743072509766,63.9822723011617,62.35359523508411,62.69907412824421,2461700
2026-05-11,64.27840423583984,64.52517328346252,63.68615249691047,64.02176231769003,3173200
2026-05-12,65.69978332519531,65.84784624752366,64.43632711214049,64.60412824307585,3488400
2026-05-13,65.21611785888672,66.13409893639981,64.57451688543469,65.69978304099357,2948100
2026-05-14,65.92681121826172,66.30189741149638,64.8311561847582,64.95947336199282,3779700
2026-05-15,67.40742492675781,67.49625815722663,66.21306379987882,66.44995994525505,3539400
2026-05-18,68.82881927490234,69.26312763486082,66.7362152467644,67.1310471901027,3133300
2026-05-19,68.7498550415039,69.29274240306293,67.49626411945147,68.1181269108357,3332100
2026-05-20,66.953369140625,68.87816439308477,66.86452838162322,68.33527709328989,3330700
2026-05-21,66.85466766357422,68.26618678985446,66.52893074271117,67.00272305415469,3610600
2026-05-22,66.4697036743164,67.25936759888911,66.30190253785253,66.71647270939621,1875200
2026-05-26,64.71270751953125,65.788624398067,64.6436124928945,65.38391957719955,3137100
2026-05-27,63.14325714111328,64.20930109968505,62.965583148017984,63.66640625111811,3207300
2026-05-28,62.491790771484375,64.05136908953544,62.45230682282571,64.05136908953544,2423700
2026-05-29,61.55406951904297,62.304245738737315,60.95195246309788,62.185797654658565,3729000
2026-06-01,62.935970306396484,64.0217562726527,62.39307920596662,62.83726420282614,3923800
2026-06-02,64.46593475341797,64.50541869931996,62.93596762098091,62.93596762098091,2523500
2026-06-03,64.6929702758789,65.4924995290014,64.53503448075716,64.94961217755514,12731200
2026-06-04,65.05265808105469,65.34081036529548,63.54234697339766,63.671519340536676,2641400
2026-06-05,61.8233757019043,64.68501422207949,61.8134373249537,64.57571481790428,4182900
2026-06-08,62.84680938720703,63.71126625330644,62.479169033916406,63.05546982093575,3714300
2026-06-09,60.809879302978516,62.66795786387737,60.12427530530531,62.538785491936274,6684900
2026-06-10,61.69420623779297,62.22082652955274,61.127840017120654,61.43586528062225,4474000
2026-06-11,61.40605163574219,62.65802181686987,60.78006654517834,62.59840292573704,5442000
2026-06-12,61.20732879638672,61.644526438748336,60.46210967732171,60.6111550172869,4178400
2026-06-15,59.26976013183594,59.37905574838127,57.82900245854208,59.37905574838127,6499200
2026-06-16,57.78925704956055,58.57422207873135,57.620342539434866,58.315877334517495,6660400
2026-06-17,55.92123794555664,58.027726584651255,55.6628970017176,57.769381850432005,7553400
2026-06-18,54.977298736572266,55.35487368377769,54.0234154105461,55.09653273093291,10283700
2026-06-22,55.871559143066406,55.871559143066406,54.261886959688255,55.225704868501374,3343100
2026-06-23,56.13983917236328,56.239200203418854,55.18595962886043,55.44430058383315,3904200
2026-06-24,54.11284255981445,55.0468529339013,53.536541754236545,54.68914715577276,6292000
2026-06-25,54.01348114013672,54.38112150262455,53.62596781340895,53.71539425729846,4652700
2026-06-26,53.55641555786133,53.84456406997545,53.019856882260505,53.59615769686919,5889200
2026-06-29,53.46698760986328,54.30163315166757,53.397434130577956,54.05322678553987,5446400
2026-06-30,53.33781433105469,54.14265230815749,53.12915389674738,53.854500018658676,4053500
2026-07-01,53.228515625,53.745201319395385,52.95030170893338,53.33781503213484,2133000
2026-07-02,54.69908142089844,54.73882734943003,53.288135071450064,53.6458408474737,5150300
2026-07-06,54.559974670410156,54.987233927810514,54.06316193300326,54.748762146087834,4859200
2026-07-07,56.2988166809082,56.52735007483562,54.98723141726727,55.11640378440196,3303600
2026-07-08,58.68352127075195,58.69345585762501,57.04403773893347,57.71970335771124,7347000
2026-07-09,58.11715316772461,58.584154543163656,57.888615982899715,58.52453944310517,3381500
2026-07-10,58.87230682373047,58.892179787208576,58.13702233656131,58.19664122699564,3398600
2026-07-13,60.879432678222656,61.19739252370254,59.547974403883025,59.975233656942926,3637200
2026-07-14,60.65089797973633,61.873056820371616,60.40249161886622,61.40605164901413,4495900
2026-07-15,60.253448486328125,61.11790159241486,59.448614273564075,61.10796700538461,3401100
2026-07-16,60.29319381713867,60.92911351141778,60.1441484805006,60.28325543982661,3311700
2026-07-17,62.032039642333984,62.250638463050095,61.26694756020802,61.55509986199191,4316800
2026-07-20,61.85318374633789,62.50897638625012,61.18745651977589,61.783630268648736,3773600
2026-07-21,63.293941497802734,63.303876084468655,62.30031605447893,62.30031605447893,4245000
2026-07-22,64.30744171142578,64.76450851850383,63.86030570091237,63.929859180668586,2829100
2026-07-23,65.9866714477539,66.3642463992615,65.29112906664736,65.39049009801666,3225500
2026-07-24,65.39048767089844,66.30462883554343,65.1023353840904,65.64883240747814,4035200
2026-07-27,63.5920295715332,64.33724866807461,63.18464328370578,63.98948127250742,4320600
2026-07-28,63.49266815185547,64.49623198498583,62.856744676123014,63.60196755847168,3534900
2026-07-29,65.38056182861328,65.68858331199247,64.71482697310833,65.02285603724857,3524700
2026-07-30,66.30463409423828,66.5431020957386,64.64527371923728,64.64527371923728,2800100
2026-07-31,66.85111999511719,67.04984963634422,65.93698638775487,66.77162813862638,4235700
2026-08-03,65.55941009521484,66.27481404666926,64.88374449042966,65.35074208101838,3966000
2026-08-04,64.0391616821289,64.81419595496835,63.1449009890494,64.39686747551293,5928700
2026-08-05,62.419551849365234,65.18182944867236,62.280444889742625,64.82412367228258,7402400
2026-08-06,60.958919525146484,62.97598175564233,59.9156135661343,62.79712887233964,9246600
2026-08-07,59.716888427734375,60.78006736310559,59.567846883467006,60.48198048419054,5450600
2026-08-10,62.33012390136719,62.76731773397254,60.51179130243237,60.83968572929132,8367800
2026-08-11,62.876617431640625,63.33368802055497,62.27050529905489,62.34006256789122,3231600
2026-08-12,63.47279739379883,63.651646494937,62.141339084927196,62.55865997155033,6299600
2026-08-13,65.0129165649414,65.08247004649348,62.93623912481976,63.00579260637183,5451200
2026-08-14,65.40042877197266,66.41392342575281,65.33087529162266,65.55941248749312,2992300
2026-08-17,66.23507690429688,66.51329082060332,65.47991943092175,65.9071786826097,2621700
2026-08-18,67.24857330322266,67.38768026502419,66.34437047075187,67.27838085492857,3020000
2026-08-19,67.03990936279297,68.62970854383659,66.95047913158027,67.72551333930197,2709500
2026-08-20,67.50691986083984,68.6992674455798,67.23863672677867,68.6793982708306,2622200
2026-08-21,67.98384857177734,68.32168515237241,67.40754401596003,67.85467999785702,2096400
2026-08-24,66.9405517578125,67.65595574028794,66.61265352786906,67.28831916195213,2239000
2026-08-25,64.943359375,66.71201144555445,64.88374427443405,66.076091770316,3158900
2026-08-26,65.25138092041016,66.14564533386412,64.14845607394368,64.31737816036758,2756100
2026-08-27,65.9966049194336,66.26488805384197,64.77444978060764,65.4898613646819,2588800
2026-08-28,65.0129165649414,66.2450100584757,64.44655033494281,66.12577985053554,7081300
2026-08-31,66.39405059814453,67.30818416980162,65.39048679623816,66.46360407466713,3537700
2026-09-01,68.55021667480469,68.61977015206158,67.04984772529748,67.58639878941607,3205000
2026-09-02,67.95404815673828,68.61977543037132,67.91430222656841,68.11303187741778,2985900
2026-09-03,67.80500030517578,68.51047348287796,67.3678102510042,68.20245201140875,12765700
2026-09-04,67.33000183105469,68.06999969482422,66.51000213623047,67.11000061035156,10394900
2026-09-08,67.88999938964844,69.22000122070312,67.27999877929688,68.48999786376953,4845000
2026-09-09,69.0199966430664,69.08000183105469,68.23999786376953,68.95999908447266,4574000
2026-09-10,68.93000030517578,70.25,68.1500015258789,70.0,4268800
2026-09-11,68.83000183105469,68.87000274658203,67.79000091552734,68.61000061035156,4075400
2026-09-14,68.72000122070312,70.83999633789062,68.68000030517578,69.97000122070312,4872700
2026-09-15,71.87000274658203,72.05999755859375,68.9000015258789,68.9000015258789,4237600
2026-09-16,68.94999694824219,71.1500015258789,68.48999786376953,71.02999877929688,4470800
2026-09-17,69.48999786376953,69.70999908447266,68.20999908447266,68.45999908447266,3623900
2026-09-18,69.41000366210938,69.7699966430664,68.94000244140625,69.2699966430664,2839000
2026-09-21,67.23999786376953,68.88999938964844,67.16999816894531,68.61000061035156,4440600
2026-09-22,66.94000244140625,67.91999816894531,65.86000061035156,66.19999694824219,3893100
2026-09-23,67.9800033569336,68.44000244140625,67.30999755859375,67.95999908447266,4523000
2026-09-24,68.6500015258789,69.88999938964844,68.52999877929688,68.87000274658203,3896900
2026-09-25,68.19000244140625,68.38999938964844,67.29000091552734,68.0,2895700
2026-09-28,68.7699966430664,69.63999938964844,68.45999908447266,69.08999633789062,4185300
2026-09-29,67.51000213623047,68.25,67.11000061035156,67.75,2405400
2026-09-30,67.87000274658203,68.86000061035156,67.7699966430664,67.94000244140625,2973700
2026-10-01,69.0999984741211,69.55999755859375,67.54000091552734,67.76000213623047,4978800
2026-10-02,69.55999755859375,69.86000061035156,68.0999984741211,68.25,2788900
2026-10-05,68.7699966430664,69.58999633789062,68.27999877929688,69.38999938964844,3851700
2026-10-06,68.22000122070312,68.88999938964844,67.44000244140625,68.26000213623047,2709200
2026-10-07,68.13999938964844,69.51000213623047,67.8499984741211,68.87000274658203,2938500
2026-10-08,70.91000366210938,71.29000091552734,69.30000305175781,69.37000274658203,3843900
2026-10-09,72.2300033569336,72.45999908447266,70.63999938964844,70.70999908447266,3525100
