Date,Close,High,Low,Open,Volume
2019-01-02,33.39524459838867,33.71154734530305,32.64876992261484,32.77529150402028,1212500
2019-01-03,33.47114944458008,33.55971380871893,33.09791218628211,33.496454238104874,1099600
2019-01-04,34.45168685913086,34.45168685913086,33.88234349077218,33.95825545724709,1703200
2019-01-07,34.388427734375,34.50862188394917,33.87601652434167,34.021515467467644,1222400
2019-01-08,34.28089141845703,34.43271780133708,34.16702223459662,34.33782601038724,2322000
2019-01-09,35.033695220947266,35.10328221594271,34.71106504654994,34.730044853584175,2029500
2019-01-10,34.76799774169922,34.78697754769649,34.42006519892995,34.445369998127326,949200
2019-01-11,34.09111404418945,34.24294044396819,33.88235545934229,34.07846164310799,2297300
2019-01-14,34.350467681884766,34.401077264771466,33.913970888876804,33.93927568032015,1219400
2019-01-15,34.04050827026367,34.179679861556295,33.800117466105355,33.90133426577219,2062000
2019-01-16,33.907657623291016,34.10376621895407,33.71787643472607,33.762158631617936,1304700
2019-01-17,34.00886154174805,34.16068788303525,33.72419107328102,33.743168460992734,1165900
2019-01-18,34.514957427978516,34.590869413336954,34.293544051985194,34.48965262845954,1164400
2019-01-22,33.831729888916016,33.926621645645604,33.58501421725622,33.660926174721325,1702300
2019-01-23,33.4964599609375,33.819087687306464,33.45217777130251,33.79378288945838,1309000
2019-01-24,33.74317169189453,33.93928023208497,33.55971554912264,33.610325138796846,798600
2019-01-25,34.29353713989258,34.4074063015784,34.02151663288736,34.14171319977684,2060500
2019-01-28,33.901329040527344,34.091110209001656,33.692568065966654,33.77480745714497,2181400
2019-01-29,34.204978942871094,34.375782716211155,34.135391952266055,34.19232654337941,1938600
2019-01-30,34.26823425292969,34.344148640411156,33.84438978221648,33.983563746067695,2250000
2019-01-31,34.62249755859375,34.91349549961911,34.51495578555331,34.755344129949016,1259300
2019-02-01,34.98940658569336,35.08429595060291,34.76799324117476,34.85655761370294,1233900
2019-02-04,35.11593246459961,35.11593246459961,34.477001930988685,34.736370105868176,1066300
2019-02-05,35.3563232421875,35.42591023769475,35.13491226848136,35.14756466886437,1182100
2019-02-06,35.185523986816406,35.337350397760986,35.065329787501184,35.14124178637401,2025600
2019-02-07,34.514957427978516,34.843912582129754,34.37578344382263,34.74269338405383,2068500
2019-02-08,34.894527435302734,34.97043943734123,34.559247214200276,34.79963562285534,1400100
2019-02-11,34.88819885253906,34.94513345151222,34.74269744489748,34.79330704985086,747500
2019-02-12,35.179176330566406,35.28671805859306,34.95776305778628,35.14754655251136,2175900
2019-02-13,34.71738052368164,35.16020472887204,34.71738052368164,35.00837839076187,2401100
2019-02-14,35.027366638183594,35.26775740922457,34.88819506606389,34.91982485912753,1903500
2019-02-15,35.60936737060547,35.64099716580499,35.375301577091896,35.40693378549011,1046800
2019-02-19,35.6726188659668,35.742205847533874,35.299381575632765,35.31836137900442,746700
2019-02-20,35.65364074707031,35.8623992743066,35.489161991601144,35.53344417656636,1214300
2019-02-21,35.48284149169922,35.67262265317706,35.42590690193603,35.57773327903734,1142200
2019-02-22,35.95097351074219,36.05219029924654,35.81179952159924,35.913016310103586,1885900
2019-02-25,35.73588562011719,35.881384594976836,35.5650818461867,35.81179760413125,1271600
2019-02-26,35.84342575073242,36.05218671368458,35.57773261228243,35.634667200978626,1651000
2019-02-27,35.86873245239258,36.12177320531831,35.86873245239258,36.090143412852406,1122900
2019-02-28,36.0015754699707,36.14074943890174,35.78016453139699,35.91933608712979,1120300
2019-03-01,36.19135665893555,36.24196625249266,35.92566353235542,36.00157550949285,1816100
2019-03-04,36.400108337402344,36.40643332838618,36.007891326870755,36.19767484115271,2762900
2019-03-05,36.58356475830078,36.59621474037593,36.159717962853925,36.33684667027776,3991000
2019-03-06,36.40644073486328,36.62152667003501,36.26726918612731,36.615201677764425,3115200
2019-03-07,36.12176513671875,36.355830857719326,36.0458531691175,36.3241986591207,1675000
2019-03-08,35.83078384399414,35.950980462659764,35.622025233110215,35.805479038675166,3020100
2019-03-11,36.01423645019531,36.140758050899855,35.976279246024305,36.00158404880498,1113500
2019-03-12,35.988929748535156,36.23564552963223,35.9762773478124,36.01423454998068,1179600
2019-03-13,36.91252517700195,36.9884395646687,36.368486544579206,36.368486544579206,1648800
2019-03-14,36.92518615722656,37.007425556380824,36.748057371231575,36.76070977211675,1669400
2019-03-15,37.03662872314453,37.164739308416586,36.953356476191765,37.12630539978312,1081200
2019-03-18,37.568302154541016,37.60673363537892,37.17115893349674,37.17115893349674,888200
2019-03-19,36.953365325927734,37.677188229078546,36.870095502539364,37.63875431124077,1925600
2019-03-20,37.100685119628906,37.28004092765491,36.63949040464884,36.96617009623915,1336800
2019-03-21,36.831668853759766,36.998210976911835,36.709965088514295,36.966183927479584,1172500
2019-03-22,35.877235412597656,36.26156721065375,35.672259431036984,36.22313329779621,2822600
2019-03-25,35.68507385253906,35.947699504574096,35.60820846361596,35.88364542105596,703800
2019-03-26,35.99254608154297,36.05019574729373,35.877246750041444,35.94770772412651,2330000
2019-03-27,35.70429611206055,35.87724264602216,35.50572452085438,35.83240429373479,2026100
2019-03-28,35.59539794921875,35.61461368599988,35.39682637628916,35.480098641518566,1255700
2019-03-29,35.64664840698242,35.761947731615265,35.43526549731985,35.72351380890196,965400
2019-04-01,36.01175308227539,36.07580716054757,35.84520856915738,35.94769656049675,1680800
2019-04-02,35.84520721435547,36.00534484748984,35.79396444237578,35.97972223974681,1325000
2019-04-03,35.78116226196289,36.21033005530888,35.742728340548496,36.139869087802644,1432800
2019-04-04,35.890045166015625,35.95410168467688,35.6594465858478,35.74271883835426,615200
2019-04-05,36.338443756103516,36.344850631967866,36.05019542988761,36.10144066277363,1122800
2019-04-08,36.5498161315918,36.58184317115192,36.364055881234016,36.364055881234016,1320100
2019-04-09,36.15267562866211,36.56903450348524,36.146271197690886,36.56903450348524,710000
2019-04-10,36.370460510253906,36.60105910595576,36.178295828337866,36.223134172668054,1086300
2019-04-11,36.11425018310547,36.35765769674226,35.96051693556538,36.25516967955122,912500
2019-04-12,36.088623046875,36.46014114633487,35.95410799932092,36.44092540911479,1429500
2019-04-15,36.1014289855957,36.32562069818821,36.1014289855957,36.319216267902604,1079200
2019-04-16,35.66586685180664,35.941303876709284,35.6594599757816,35.941303876709284,1177600
2019-04-17,36.15267562866211,36.408896850631216,36.03097189215545,36.18470511403825,1921300
2019-04-18,36.338443756103516,36.36406637254653,36.152683452152466,36.27438965850318,1005700
2019-04-22,37.05584716796875,37.14552629467748,36.6074637519569,36.652302093558085,1193800
2019-04-23,36.75479507446289,36.93414846523644,36.68433411565709,36.77401081104386,1318600
2019-04-24,35.61460876464844,36.095021665845174,35.60820433444196,36.095021665845174,2095300
2019-04-25,35.80037307739258,35.858022729832285,35.45447516275433,35.50572038425925,1195100
2019-04-26,35.33917999267578,35.454479311045596,35.147015276561724,35.454479311045596,2069300
2019-04-29,35.038124084472656,35.0893668702962,34.647387763101655,34.6986305489252,2624100
2019-04-30,35.659454345703125,35.665861220716614,35.159825608952836,35.262313617606914,1787000
2019-05-01,35.223873138427734,35.729906177343985,35.16622349557572,35.729906177343985,819200
2019-05-02,35.28793716430664,35.608212505262955,35.26231455058847,35.608212505262955,2083900
2019-05-03,35.34558868408203,35.52494210253687,35.262316406867825,35.43526539330945,1056200
2019-05-06,34.58332061767578,34.64737468665699,34.2374227807626,34.2694498152532,3380500
2019-05-07,33.60969161987305,34.03885935991965,33.41112004915356,34.019643623352394,2419700
2019-05-08,33.6417236328125,33.84029523287248,33.552046924239306,33.609696585965935,1314900
2019-05-09,33.81467056274414,33.93637431076678,33.526422271630636,33.558449316530606,1244800
2019-05-10,34.115718841552734,34.243829431330575,33.65452413926128,33.66733544258969,1332400
2019-05-13,33.64812469482422,34.026049674180335,33.5328253829185,33.95558871207053,1744400
2019-05-14,33.94918441772461,34.26305531106921,33.88513033018823,33.9107504990987,1045000
2019-05-15,34.23744201660156,34.46804070410241,33.91716660474094,33.987627586311476,1112500
2019-05-16,34.769081115722656,34.877975973718804,34.435994555243695,34.435994555243695,1405200
2019-05-17,35.10857391357422,35.243088932626634,34.871568468379486,34.99327462767036,2569900
2019-05-20,35.15981674194336,35.358388277666826,34.999679116087535,35.13419413536492,1799300
2019-05-21,35.268714904785156,35.55696070354527,35.198253951841494,35.37120289720145,1430600
2019-05-22,34.673011779785156,35.153424828403345,34.64738916408381,35.01250288555306,1208500
2019-05-23,33.942779541015625,34.05167197710007,33.74420796264738,34.05167197710007,1060100
2019-05-24,34.21821594238281,34.30148821445289,33.949185831319824,34.166973158921394,896000
2019-05-28,33.885135650634766,34.49365690829726,33.885135650634766,34.44241411892367,1181200
2019-05-29,33.63530349731445,33.70576443870335,33.1548906534877,33.23816289726604,1020700
2019-05-30,33.32143783569336,33.571252143724365,33.19332724494492,33.52000937352876,1436200
2019-05-31,32.98835754394531,33.32144416576518,32.94992362636761,33.00757328098079,1706600
2019-06-03,33.48798370361328,33.65452822358826,33.32144162714486,33.500795008496475,1273100
2019-06-04,33.76982498168945,34.00682799541954,33.69295715817723,33.872312969532715,1527900
2019-06-05,33.51360321044922,34.077288355586994,33.455953565565736,34.05807017828828,2445300
2019-06-06,34.173377990722656,34.224623218291086,33.9107523082018,34.05807867220063,2335200
2019-06-07,34.6557502746582,34.88297881480331,34.53239551577485,34.59082606561292,1588900
2019-06-10,34.88298416137695,35.05827583775843,34.740153356190774,34.83104726278562,1771800
2019-06-11,35.389381408691406,35.64907333676463,35.29848997684751,35.55818190492074,1840300
2019-06-12,34.28569412231445,34.8050754596877,34.22076990726432,34.720675218425306,3709100
2019-06-13,34.29867935180664,34.59082965470475,34.25323116245664,34.55187760184132,3152800
2019-06-14,34.525901794433594,34.525901794433594,34.24024272545534,34.32464047610029,2181700
2019-06-17,34.16883087158203,34.54538138886439,34.12338516219633,34.350613709124865,1659800
2019-06-18,34.85700988769531,35.09073209212015,34.78559697110363,34.83753386286171,1987000
2019-06-19,35.09722900390625,35.24655098688071,34.97387423091449,35.058274474023754,2856400
2019-06-20,35.67504119873047,35.96070032370385,35.55818008474007,35.82436318291693,1494700
2019-06-21,35.94771194458008,36.14247962320534,35.94771194458008,35.97368162882489,1027400
2019-06-24,36.194419860839844,36.31128096614229,36.06457391310318,36.21389588618843,1115700
2019-06-25,35.99965286254883,36.285311971720716,35.95420715146706,36.26583594600153,838100
2019-06-26,36.408668518066406,36.707312484513366,36.36322032815822,36.46709659807915,1319400
2019-06-27,36.09703063964844,36.35672250532857,36.07106343436457,36.32426164126985,617300
2019-06-28,36.22039031982422,36.44761887576569,36.18792945134765,36.26583603101251,759200
2019-07-01,36.37620162963867,36.70730891043913,36.24635816233418,36.687830409059146,955300
2019-07-02,36.31776809692383,36.66186019152494,36.25933755079196,36.635890509554066,769300
2019-07-03,36.03860092163086,36.05158576287369,35.73995700286146,35.92823348597465,1286300
2019-07-05,35.94771194458008,36.08405154856263,35.752944265954824,36.0061424958282,575300
2019-07-08,36.09703063964844,36.22038539031883,36.006139229641946,36.07755461653424,783200
2019-07-09,36.01913070678711,36.084054923471435,35.863317539956,35.993161020113384,797400
2019-07-10,36.55149459838867,36.59044912594573,36.26583549278668,36.46709436031779,979100
2019-07-11,36.635894775390625,36.72678619626678,36.402172563648826,36.687831668774656,1034100
2019-07-12,36.64888000488281,36.681340873166285,36.324266368837094,36.369712079755054,2183300
2019-07-15,36.7332763671875,36.8825983268177,36.49955417764275,36.65536731960242,2682500
2019-07-16,36.090545654296875,36.51903557261804,35.96719335905183,36.22688279271597,2201100
2019-07-17,35.46729278564453,35.62310597136331,35.38289253202673,35.59064509738906,3494600
2019-07-18,35.35042953491211,35.35692071867473,34.94790927327364,35.090737605503286,2529800
2019-07-19,35.38288116455078,35.40885084602927,34.95439132657639,35.103713280169956,1488200
2019-07-22,35.32445526123047,35.40885549882332,35.07774820797737,35.28550073389405,1550900
2019-07-23,35.25303649902344,35.55168041692913,35.24654531672341,35.46078900509742,1032300
2019-07-24,34.90244674682617,35.20109308598041,34.85050986823724,34.876479545834094,2529900
2019-07-25,34.597312927246094,35.019309058403834,34.54537357021476,34.986848198561674,876100
2019-07-26,34.818058013916016,34.973871166582754,34.662242384643875,34.96737998380723,818700
2019-07-29,34.844024658203125,35.01931630957283,34.78559658435192,35.01931630957283,1453600
2019-07-30,34.506439208984375,34.57136096193241,34.07145553909295,34.18182549103196,3365900
2019-07-31,33.59101104736328,34.16882276672914,33.47414997191796,34.1493442697517,3663000
2019-08-01,33.06515121459961,33.519610883522404,32.74702870337187,33.28588862655606,2811200
2019-08-02,32.06533432006836,32.76650095718139,31.928997188387097,32.695085561556304,4046100
2019-08-05,31.90302276611328,32.03935987755015,31.760191996071736,31.870561902905234,3653400
2019-08-06,31.792654037475586,32.03286738733098,31.55893186935466,31.961452005226807,2437500
2019-08-07,31.65631866455078,31.844595155751783,31.10447650935373,31.299244183152375,1306500
2019-08-08,32.01988220214844,32.03935822374693,31.63683809221312,31.74720799334956,1211000
2019-08-09,31.675798416137695,31.83161157068609,31.53946128675649,31.779674678038436,1031900
2019-08-12,31.571924209594727,31.597891419306322,31.416108568297172,31.481032784090154,1794900
2019-08-13,32.09130096435547,32.42240574943726,31.636841425207614,31.714747996414168,5128800
2019-08-14,31.370662689208984,31.675800310304076,31.370662689208984,31.4940149836532,4206100
2019-08-15,31.195363998413086,31.448562190138723,31.072011731743043,31.162903136300447,1351600
2019-08-16,31.169397354125977,31.312228133260014,30.968138503461034,31.013584210166364,1519600
2019-08-19,31.753700256347656,31.864070161242605,31.63683916956715,31.73422423408593,1878200
2019-08-20,31.532968521118164,31.578414232200085,31.234324569263965,31.45506194163566,1678700
2019-08-21,31.890043258666992,32.078319764007404,31.838106364169427,32.045858895370735,988100
2019-08-22,31.792654037475586,32.07831308928727,31.68228413514959,32.05234340913939,866800
2019-08-23,31.24081039428711,31.81213099125291,31.162903828166115,31.57191763436022,1535100
2019-08-26,31.500499725341797,31.799143602039653,31.43557552827386,31.74071306298095,1414500
2019-08-27,31.636838912963867,31.903021947003793,31.44856244394403,31.799145701441997,1163300
2019-08-28,31.87705421447754,31.980930466387242,31.55244061768406,31.669301710658125,1062100
2019-08-29,32.15623092651367,32.3834619925632,32.14973974250351,32.331522614058436,1119300
2019-08-30,32.409420013427734,32.630157356256916,32.16920664748589,32.62366617408775,1398200
2019-09-03,32.00040817260742,32.06532989971384,31.64333372031185,31.68877942460737,3011500
2019-09-04,32.409420013427734,32.51329874097575,32.29905258031573,32.357483126258906,1083700
2019-09-05,32.7275390625,33.13005918397166,32.72104788099776,32.98073724337097,1614000
2019-09-06,32.79895782470703,32.88984923474181,32.571726823014906,32.688587914946815,1131000
2019-09-09,33.058650970458984,33.29237318088166,33.01969891979218,33.07163581288307,1639400
2019-09-10,33.675418853759766,34.051971870897155,33.571542586378,33.85071051933004,1869700
2019-09-11,33.3962516784668,33.93511153040113,33.311853911970715,33.76631104419771,1254200
2019-09-12,33.56504821777344,33.61698510823259,32.97425153874419,33.09760382061436,1099600
2019-09-13,33.662437438964844,33.72086800010554,33.376778293724676,33.688407127606446,1314100
2019-09-16,34.17531967163086,34.61679436911649,34.12987396541368,34.33113529052206,2592200
2019-09-17,34.292179107666016,34.91543659986849,34.000026384257005,34.88946939514723,3060500
2019-09-18,34.29867935180664,34.62978418417378,34.13637252726076,34.363601090982755,1295400
2019-09-19,34.318153381347656,34.77261295895334,34.06495514604597,34.76611929945022,1240300
2019-09-20,34.95439910888672,35.36990419863067,34.95439910888672,35.077751408465176,2658100
2019-09-23,34.844024658203125,35.0907317019759,34.584335249089214,34.642765799545785,1794500
2019-09-24,33.72085952758789,34.733654840688644,33.694892322076484,34.701193976345486,2780100
2019-09-25,33.444950103759766,33.589817245602504,33.24740217436824,33.45153394622426,2784200
2019-09-26,34.037601470947266,34.16271711325551,33.53714643759059,33.63592168025934,3382900
2019-09-27,34.149539947509766,34.34708788059206,33.984916251281476,34.037594527856236,4425400
2019-09-30,34.24174499511719,34.43270917584484,34.156139929280755,34.215404588404525,4659500
2019-10-01,33.91249084472656,34.47879691899853,33.84005599634866,34.412945915037284,12697000
2019-10-02,32.90499496459961,33.319844993517385,32.76670910966802,33.26716670131978,3987400
2019-10-03,32.549400329589844,32.733778082024855,32.14113422978724,32.38477661864187,4682100
2019-10-04,32.17405700683594,32.64817407663773,32.11479237311072,32.595493285789374,6326300
2019-10-07,32.305755615234375,32.78645651516461,32.259661180443686,32.52964394648556,4262800
2019-10-08,31.963336944580078,32.33209241050238,31.963336944580078,32.14771467754123,2849300
2019-10-09,32.32550811767578,32.523056044804605,32.279413685077664,32.41769698287202,2458900
2019-10-10,32.819374084472656,33.01033813949658,32.60865599339721,32.68109080819648,2454300
2019-10-11,33.57665252685547,33.780784316744615,33.51080153660217,33.642501005150336,2388900
2019-10-14,33.35276794433594,33.438370473379,33.09595282133059,33.15521746326125,1788300
2019-10-15,33.602989196777344,33.91248255988843,33.53714072086187,33.57665131358616,1582200
2019-10-16,33.64908218383789,33.886140706062434,33.63591449878829,33.63591449878829,1202500
2019-10-17,33.9256591796875,34.02443191225868,33.728111202586334,33.984923824013734,1301000
2019-10-18,33.89272689819336,34.156123301213626,33.886140543741874,34.09027482844811,1053100
2019-10-21,34.24832534790039,34.307590000979886,34.090287947661196,34.202230896834024,867300
2019-10-22,34.485374450683594,34.72243299763135,34.26807245728715,34.439280012328034,938200
2019-10-23,34.814632415771484,34.814632415771484,34.439290440108245,34.5380657018972,773100
2019-10-24,34.5182991027832,34.95290811868203,34.45245062204864,34.94632176343346,834400
2019-10-25,34.742191314697266,34.87389080275983,34.505135250535204,34.55781353858495,1097600
2019-10-28,34.814632415771484,35.05169103449759,34.814632415771484,34.97925617744691,1409600
2019-10-29,34.68951416015625,35.07802628105844,34.60390911332455,34.630249514189515,1832000
2019-10-30,34.66975402832031,34.919980256727214,34.29441217375152,34.821207538764,2035400
2019-10-31,34.65658187866211,34.81461922328743,34.32733448007467,34.6631657213722,2335400
2019-11-01,35.045101165771484,35.18338449894061,34.85413703218051,34.85413703218051,2739800
2019-11-04,35.59164810180664,35.835290506387054,35.55872385988366,35.68383698397444,2965900
2019-11-05,36.08552169799805,36.09869189804638,35.8879737211906,36.052597453856606,2062900
2019-11-06,35.74968338012695,36.157949453752266,35.65090815510806,35.966985358426854,2371400
2019-11-07,36.144771575927734,36.171111965263506,35.90771309582132,36.092093309213965,1083600
2019-11-08,36.08552169799805,36.09210805400162,35.53897221176547,35.72334998852458,1575200
2019-11-11,35.90772247314453,36.05917598344074,35.756268962848324,35.808949755277496,1115700
2019-11-12,35.657501220703125,36.019672927337325,35.61799062086786,35.9143138397354,1096000
2019-11-13,35.756263732910156,35.8418687521072,35.58505620647413,35.62456428305887,1171400
2019-11-14,35.736515045166016,35.776025639624436,35.5718913361936,35.70359080576323,875900
2019-11-15,35.815528869628906,35.97356871409199,35.68382941790269,35.68382941790269,1096500
2019-11-18,35.8023681640625,35.8023681640625,35.611406545993745,35.749689876582465,1067500
2019-11-19,35.334835052490234,35.84846025349604,35.334835052490234,35.82212236746497,1803400
2019-11-20,35.413848876953125,35.67724779680359,35.18337670605267,35.30190596878955,2820900
2019-11-21,35.729923248291016,35.848452501655316,35.51920513385627,35.6509045833675,2317900
2019-11-22,35.74968338012695,35.940647475452366,35.59822987720076,35.87479648812033,646500
2019-11-25,35.420440673828125,35.63774268092838,35.413854318242834,35.52579975556493,1121300
2019-11-26,35.00558090209961,35.21629902170024,34.90680568455514,35.19654498297459,2382900
2019-11-27,34.821205139160156,34.97265863916686,34.70267587620565,34.88705361326454,2213000
2019-11-29,34.597312927246094,34.669747747805765,34.51170791095212,34.58414273151179,515200
2019-12-02,34.38001251220703,34.584146802179006,34.31416403774293,34.47878773586147,1513400
2019-12-03,34.129791259765625,34.26807458341195,33.77420341728193,33.99150542416064,1385800
2019-12-04,34.43269348144531,34.551222745667296,34.29441017717243,34.34708845462759,1758700
2019-12-05,34.43269348144531,34.775111076757895,34.42610712678948,34.76194087940453,1256400
2019-12-06,34.887054443359375,35.00558370913414,34.682920149645426,34.682920149645426,1293500
2019-12-09,34.65658187866211,34.92656464502548,34.59073089176964,34.77511114311025,1077300
2019-12-10,34.597312927246094,34.82778507270142,34.544632144308885,34.65657755207146,1833300
2019-12-11,34.68951416015625,34.82779749675901,34.54464446735781,34.676343959723766,1085000
2019-12-12,34.98583221435547,35.13728572898541,34.72243326858951,34.74218731033648,1167500
2019-12-13,34.87388610839844,35.413851676007475,34.87388610839844,35.229473924714185,1538900
2019-12-16,35.36116409301758,35.552128149170166,35.354577739656285,35.49944737011105,1755200
2019-12-17,35.710166931152344,35.95380926442698,35.61797807596507,35.861620409239706,1168500
2019-12-18,35.756263732910156,35.78260412527203,35.545545617931325,35.76285008697966,1673000
2019-12-19,35.82870101928711,35.92747624145627,35.716758111989755,35.776022742899606,1615300
2019-12-20,35.8023681640625,35.973578250279864,35.71676563291259,35.947237850560455,2364900
2019-12-23,36.24355697631836,36.24355697631836,35.81553432104911,35.8418747177952,2000100
2019-12-24,36.07233810424805,36.21720773903069,36.059167909089815,36.09209465296433,464300
2019-12-26,36.289649963378906,36.39500903419134,36.13161010118105,36.13161010118105,646600
2019-12-27,36.20404815673828,36.36208803300701,36.20404815673828,36.31599359242001,1019300
2019-12-30,36.27647399902344,36.48060826525514,36.27647399902344,36.42792748224387,1414200
2019-12-31,36.41476058959961,36.42134694405245,36.204042462356675,36.28306113208322,565800
2020-01-02,36.884586334228516,36.89125874151519,36.59095204439001,36.797829765009695,1166500
2020-01-03,37.01804733276367,37.184885472830935,36.85120919269641,36.88457631156026,1519000
2020-01-06,37.71209716796875,37.97903924652714,37.48519716491862,37.85891556575069,3516900
2020-01-07,37.4985466003418,37.59197811503593,37.171545209032,37.57863075579391,2463000
2020-01-08,37.27164077758789,37.43847892349607,37.11147758313496,37.331702611944756,2831400
2020-01-09,37.29166030883789,37.39843661243683,36.871227499652356,37.0981274630186,2293500
2020-01-10,37.011375427246094,37.12482669561681,36.88457934683007,37.07811221621363,3621700
2020-01-13,36.971336364746094,37.004703486775554,36.57092326314791,36.70439429701398,3270400
2020-01-14,36.49751663208008,36.61096790985085,36.38406790005772,36.57092583315262,1864800
2020-01-15,36.11712646484375,36.27729222877641,36.010350137471455,36.05039221489174,1636500
2020-01-16,36.237247467041016,36.37071850280647,36.15049091193123,36.350698738453545,1091400
2020-01-17,36.0437126159668,36.1504889295743,35.81681263133234,36.03704021013113,1500000
2020-01-21,35.46978759765625,35.78344155219772,35.46311264681086,35.710032367385516,2023900
2020-01-22,35.3029670715332,35.4164158349999,35.21621048751513,35.396396063976155,1709900
2020-01-23,35.13611602783203,35.23621739214818,34.77574500649829,35.002644996328996,1548500
2020-01-24,34.875850677490234,34.97595459991598,34.77574930081298,34.8625058638654,1766700
2020-01-27,33.90818786621094,34.3219457817982,33.834778669982114,34.155107625186595,2011200
2020-01-28,34.08169937133789,34.168455927984304,33.79473753037141,33.91486121011311,1914200
2020-01-29,33.634578704833984,34.08170381323135,33.62790375189599,34.03498932565994,1634800
2020-01-30,33.29423141479492,33.35429326976159,32.90049315351322,33.160760343119115,1824200
2020-01-31,32.42666244506836,32.787033454593875,32.37327301591727,32.64688747594633,2388900
2020-02-03,32.36660385131836,32.53344201550041,32.25982752807178,32.43333809869184,1964600
2020-02-04,32.64021682739258,33.02728257233168,32.60684970525085,33.000587856319,2313900
2020-02-05,33.394325256347656,33.594530530443635,33.22081215191581,33.561163409052334,2393600
2020-02-06,33.481082916259766,33.91486317892515,33.46106315039007,33.50777763458499,2446700
2020-02-07,32.973899841308594,33.16743275310817,32.92051294418212,33.13406562418553,3139900
2020-02-10,32.613521575927734,32.68693077088324,32.419991252383824,32.60684916990823,1770500
2020-02-11,32.90717315673828,32.9138455657589,32.72031260941954,32.800396792163006,2789200
2020-02-12,33.2408447265625,33.347621075437516,32.96055521967247,33.127393423899,1891300
2020-02-13,32.82707595825195,32.947199638989474,32.67358515414253,32.78036147638162,2459400
2020-02-14,32.840423583984375,32.98724198291346,32.62687093776843,32.98724198291346,1414900
2020-02-18,32.47338104248047,32.520095526040116,32.206438954355285,32.22646126570115,1975100
2020-02-19,32.586830139160156,32.62686966767427,32.39996967168402,32.526768300640725,1583700
2020-02-20,32.26649856567383,32.62019718984377,32.20643672728635,32.57348270951442,1444500
2020-02-21,32.032920837402344,32.09298266580239,31.786001118756758,31.959511653163645,1733800
2020-02-24,30.391237258911133,30.658176764821373,30.37788990175341,30.51136092758257,2125300
2020-02-25,29.47029685974121,30.20438385452436,29.296786267687462,30.14432200616947,3336200
2020-02-26,29.303455352783203,29.924093533505026,29.23004615247764,29.763927774133943,3072000
2020-02-27,28.529321670532227,29.370184768060913,28.529321670532227,28.949754492170552,3756400
2020-02-28,28.789594650268555,28.916393290695982,27.575012957664857,27.908689302792215,5065100
2020-03-02,29.643802642822266,29.683844717145913,28.596059215961933,28.876348644730953,3889700
2020-03-03,29.02984046936035,30.077583933215326,28.83630758858501,29.5370273666268,4042300
2020-03-04,29.917415618896484,29.99082225993875,29.383531549785328,29.603759110155867,3292400
2020-03-05,29.05653190612793,29.310124053257226,28.76957009344388,29.116593740079196,2737400
2020-03-06,28.23569107055664,28.54934507975556,27.955401638407412,28.362487155488264,3422800
2020-03-09,23.203847885131836,24.745433153311552,23.197172934180944,24.491838477883103,11580700
2020-03-10,24.705392837524414,24.87223098266241,23.524178464457624,24.712065243200783,6898400
2020-03-11,23.030338287353516,24.378390913999933,22.736704044759072,24.298309310701136,7588500
2020-03-12,19.426637649536133,21.355286559633242,19.22643107431501,21.33526552024885,8805600
2020-03-13,20.834749221801758,21.188446583637333,18.979509674157388,21.188446583637333,4990200
2020-03-16,17.551376342773438,18.579100161052036,17.35117103231948,17.764930286231802,5041200
2020-03-17,18.438949584960938,18.63248242692331,17.758250981301828,18.298806166607974,4181000
2020-03-18,16.55034637451172,16.830634558133855,14.768514622815458,16.50363188938707,6215000
2020-03-19,16.523651123046875,16.95075639508876,15.115536679081876,15.809584019024054,8288700
2020-03-20,16.964109420776367,18.465653326448596,16.964109420776367,17.271091119400687,9054400
2020-03-23,19.219757080078125,19.740292639687773,18.799325442878434,19.740292639687773,10013400
2020-03-24,22.00261688232422,22.34296560127656,20.901484031702207,21.408673452815318,5664900
2020-03-25,24.104780197143555,24.465151286843465,22.36966409567895,22.883526009714302,6755200
2020-03-26,24.111591339111328,24.622863435532903,23.273105413035672,23.334458168624835,4558300
2020-03-27,23.995708465576172,24.24793534937298,22.748203082687315,23.32082803540494,3443400
2020-03-30,25.07278823852539,25.56361039016534,24.38427614288817,24.841011400302627,3966400
2020-03-31,25.38637351989746,26.497536711267628,24.98417256459908,26.1294226542465,5090000
2020-04-01,25.549970626831055,26.749757271256538,25.406815063718216,26.14304553148736,4019800
2020-04-02,27.07697105407715,28.03134407362482,26.190764006724116,27.349647945177473,4921100
2020-04-03,24.316097259521484,25.175035753060826,24.016151928702087,25.038696020701426,3760100
2020-04-06,25.36591911315918,25.365919113159183,24.30929035099555,24.738759755139753,3129000
2020-04-07,24.82737159729004,25.843099966640267,24.759203025049874,25.665860118537235,4382200
2020-04-08,25.29092788696289,25.36591488476193,24.472894530337864,24.67740286949412,2406000
2020-04-09,25.045520782470703,25.659045832818947,24.3092876014951,25.106873547552006,4393000
2020-04-13,24.670583724975586,25.45453536920435,24.336554054295693,25.256842853638553,1513400
2020-04-14,24.104778289794922,25.147772654105296,24.050241345025007,24.984167020724865,2609200
2020-04-15,22.95952796936035,23.129952017469936,22.24374748739302,22.898175208022316,3589600
2020-04-16,21.98470687866211,22.400542060503476,21.766564258756006,22.373273582898925,5654000
2020-04-17,23.525333404541016,23.525333404541016,22.727750143287523,22.918624236483677,4663400
2020-04-20,22.495973587036133,23.082232708712002,22.223294079128678,22.31191530926828,4369100
2020-04-21,22.175575256347656,22.441436342717655,21.787008653120047,21.882445699461638,4820800
2020-04-22,23.429893493652344,23.518514712001448,22.884537150858186,23.05496117051037,2635800
2020-04-23,23.593507766723633,24.500162432290747,23.47080223296796,23.607142003859245,2487900
2020-04-24,23.279922485351562,24.0161529094141,23.27992248535156,23.968434391209318,2673300
2020-04-27,23.96843719482422,24.302469461794047,23.10950116620318,23.245838319613384,1788500
2020-04-28,24.329736709594727,24.54106347008776,23.716211683121326,24.104778313360544,1680700
2020-04-29,25.56360626220703,25.56360626220703,24.80692310077138,24.88191009521484,2295200
2020-04-30,23.961626052856445,24.595603821684072,23.825286272378403,24.397911270014163,3427200
2020-05-01,22.78911018371582,23.641230658427105,22.086963744702622,23.32083252778676,6654900
2020-05-04,22.877727508544922,23.08223586722767,22.380089548913112,22.645950675247175,9243000
2020-05-05,23.86618995666504,24.71831046155185,23.757118636058145,24.377462259597127,6894100
2020-05-06,23.32082748413086,23.995707898348794,23.211756190975557,23.92753671483626,6293900
2020-05-07,23.791202545166016,24.295656364369332,23.791202545166016,23.988892501088895,6277100
2020-05-08,24.82737159729004,24.82737159729004,23.995704094009806,24.111591186910953,1691300
2020-05-11,23.729846954345703,24.13204783833342,23.729846954345703,24.097960946099814,2042900
2020-05-12,23.51852035522461,24.159313886706883,23.51852035522461,24.04342677375931,1542400
2020-05-13,22.69367218017578,23.511708322596157,22.61868516538801,23.511708322596157,2355900
2020-05-14,22.993616104125977,23.020884580495135,21.82109762490237,22.155129959262016,2726800
2020-05-15,22.51642417907715,23.239023072007924,22.51642417907715,22.94589350415159,2057200
2020-05-18,24.329736709594727,24.69785328575756,24.11841254956635,24.42517636303538,2697900
2020-05-19,24.097959518432617,24.59560003054138,24.091143700668557,24.554697322563168,3637900
2020-05-20,24.875099182128906,25.154594561682487,24.629688097552098,24.861464944045192,2874000
2020-05-21,24.568330764770508,24.915994669726384,24.17976415315796,24.820557621325342,1832600
2020-05-22,24.554697036743164,24.58196550841123,24.084327602559657,24.561512854427885,1442200
2020-05-26,24.895544052124023,25.14777090295961,24.827372875908676,25.03188380409024,1554000
2020-05-27,25.40000343322754,25.809022780582776,25.140960707080783,25.740851589124375,3055000
2020-05-28,25.522705078125,25.986258707361927,25.474986551626905,25.938540180863832,4483400
2020-05-29,25.618144989013672,25.645410861240382,25.195491463691067,25.549973807285177,2459100
2020-06-01,26.354379653930664,26.38846394987224,25.82947317494208,25.897644367290326,2625600
2020-06-02,26.777023315429688,27.295113833608262,26.51798065680478,27.13150561721914,5257100
2020-06-03,27.84046745300293,27.983623002821187,27.608690686431604,27.738212002867535,4004500
2020-06-04,27.77912139892578,27.97681392992538,27.472357575041013,27.738218688919563,4493800
2020-06-05,29.367483139038086,29.687878689400364,29.183424792847596,29.33339623752966,3144200
2020-06-08,30.1241512298584,30.17868816880957,29.510626269444042,30.00826413528374,2321200
2020-06-09,29.19704818725586,29.312935287845303,28.869831737494394,29.22431405768222,1867600
2020-06-10,28.624425888061523,29.10161116945919,28.433549175037708,28.924371293577877,2762500
2020-06-11,26.15667724609375,27.567787890458053,26.102142913218124,27.410998107802477,2453600
2020-06-12,26.988346099853516,27.567786688777783,26.490708306908953,27.383728447475438,1504400
2020-06-15,27.022438049316406,27.247399052675178,26.068064890837753,26.197586237930395,1778900
2020-06-16,27.43145179748535,28.017708250317625,27.097419569282398,27.724578723669385,2198700
2020-06-17,27.247394561767578,27.745032413900553,27.226941909992043,27.690495476451527,2211400
2020-06-18,27.172414779663086,27.342838853694623,26.845200869578328,26.906553640248283,2294800
2020-06-19,26.845199584960938,27.792756975158646,26.770212579901,27.785938556263265,2390400
2020-06-22,27.254207611083984,27.281476077039418,26.913359588033213,27.097417832536316,1600900
2020-06-23,27.656417846679688,27.922278979566094,27.540530727407123,27.854110391813403,1453300
2020-06-24,26.633867263793945,27.38373195739409,26.538430222840944,27.38373195739409,1831600
2020-06-25,27.2381591796875,27.27293046247835,26.417609428816988,26.501054671626857,1565300
2020-06-26,26.94609832763672,27.286837254312157,26.61926738293541,27.224252661766723,2221600
2020-06-29,27.0504093170166,27.31465304043805,26.813978907387135,26.987824718800667,1471000
2020-06-30,26.74443244934082,26.904370238398183,26.27852706200101,26.41064889139381,1348300
2020-07-01,26.674896240234375,26.953047889669495,26.542771753027374,26.59840367452001,1237300
2020-07-02,27.09908103942871,27.502401869699245,26.94609590414881,27.161665626345393,1524800
2020-07-06,27.52326202392578,27.877906207502026,27.405045527616508,27.63452320432968,1106000
2020-07-07,26.800071716308594,27.29379319867406,26.79311639814759,27.27293254954434,1413800
2020-07-08,27.029541015625,27.161665505570543,26.779202669071417,26.807018630394275,2166700
2020-07-09,25.854347229003906,26.66099162368965,25.784809971040588,26.63317565943378,2728200
2020-07-10,26.26462173461914,26.355022286320516,25.972559433997837,26.05600732141889,2240200
2020-07-13,26.257667541503906,26.70271500210253,26.167269638609636,26.654038392028294,1520400
2020-07-14,27.147762298583984,27.210346896227282,26.389794461649146,26.46628704239946,1894800
2020-07-15,27.335514068603516,27.52326784763907,27.092128361256826,27.3911433442383,1779600
2020-07-16,27.0504093170166,27.43982223686992,26.932192785863585,27.293792391924924,1389200
2020-07-17,26.758346557617188,26.932192366322607,26.660993329170395,26.91828438330499,984900
2020-07-20,26.271575927734375,26.70271541313742,26.215946652225934,26.528869616574486,1505700
2020-07-21,26.897418975830078,27.078217417715184,26.480190169833033,26.487142833773362,1641500
2020-07-22,26.348068237304688,26.577545959741386,26.25766768125299,26.577545959741386,1636700
2020-07-23,26.348068237304688,26.39674484763799,26.028192611492603,26.07686922182591,1625300
2020-07-24,26.598405838012695,26.674898409948906,26.34111481187146,26.431512712635858,2658800
2020-07-27,26.765300750732422,26.80006938047715,26.41760914793228,26.681852856133368,3464300
2020-07-28,26.424560546875,26.60535900449184,26.320252009961557,26.46628449217563,1279200
2020-07-29,26.654037475585938,26.695758766971473,26.3411145268134,26.403699116567907,2830300
2020-07-30,26.633180618286133,26.83484241767422,25.986473918646293,26.765305146763705,2545000
2020-07-31,26.188135147094727,26.208995797377717,25.617921049494065,26.06296594004319,3342600
2020-08-03,26.751392364501953,26.758345029275386,26.229854968174056,26.32720819106038,2091100
2020-08-04,27.36332893371582,27.370284251487792,26.85569949609814,26.932192075530864,1646400
2020-08-05,27.655393600463867,28.107391144723884,27.599761664303223,27.787515469830325,2231200
2020-08-06,27.335514068603516,27.50240454818422,27.15471295426868,27.335514068603516,903200
2020-08-07,27.078214645385742,27.126891246012573,26.786155041624752,26.807015683986027,1115600
2020-08-10,27.265974044799805,27.377235248282926,27.08517558389336,27.245113398108074,1611200
2020-08-11,27.620620727539062,28.357725199801138,27.558036135302064,28.267327296429272,1810600
2020-08-12,28.142166137695312,28.468994521316326,28.030904903396806,28.455086535444376,1338200
2020-08-13,27.808368682861328,28.163012862845754,27.620614945454598,28.03089104141543,913800
2020-08-14,27.460683822631836,27.69015889997092,27.321606651653635,27.356375281229084,1291400
2020-08-17,27.30074119567871,27.634527440736026,27.189479998218335,27.56498753440067,1780200
2020-08-18,27.09212875366211,27.544128893369674,27.043452142023003,27.446775670091462,2852500
2020-08-19,27.182527542114258,27.4189579201129,27.1199429522712,27.168619560740666,4680000
2020-08-20,26.966957092285156,27.10603424964422,26.786158644591676,26.855695896933135,3678900
2020-08-21,26.660987854003906,26.730525102135122,26.36197291222291,26.445418140515567,2858800
2020-08-24,27.585847854614258,27.662340424342894,27.38418876031059,27.578895190400818,2056900
2020-08-25,27.418956756591797,27.78055629893211,27.252063639866996,27.752740337365296,1814600
2020-08-26,27.4259090423584,27.627570781922135,27.356371792076587,27.551078215006505,2058900
2020-08-27,27.40504264831543,27.585841052722827,27.147751693040306,27.585841052722827,3140700
2020-08-28,27.787506103515625,27.801414082867833,27.411998619033454,27.50935447449892,1826800
2020-08-31,27.516313552856445,27.870960477328868,27.446776292559647,27.870960477328868,2165100
2020-09-01,27.28683853149414,27.58585087356637,27.133853375294414,27.38419175719344,5409600
2020-09-02,27.265974044799805,27.544128379845777,27.182528805356547,27.46068314040252,3509400
2020-09-03,27.14080238342285,27.711016330841584,26.987819900511838,27.38418806755471,3123300
2020-09-04,27.21034812927246,27.53717646272976,26.744439958442562,27.49545516419464,3317300
2020-09-08,26.431514739990234,26.779206346240798,26.208992324203987,26.667945138347676,3411700
2020-09-09,26.82093048095703,27.272930633304806,26.800069833293016,27.029544915626598,2529300
2020-09-10,26.40369415283203,27.342460169991067,26.396738837124527,27.25205963452349,3244200
2020-09-11,26.765300750732422,26.834838010221883,26.48019374254336,26.695760838566546,3021100
2020-09-14,26.382835388183594,26.605357780866893,26.222897584234733,26.577544471288604,3337500
2020-09-15,26.348068237304688,26.7722524010746,26.334160255398555,26.6331752346896,2692500
2020-09-16,26.4106502532959,26.654035933897475,26.02123475593901,26.243759792054412,1921400
2020-09-17,26.062957763671875,26.132497663927378,25.78480612067774,25.951696575939028,4015400
2020-09-18,25.464935302734375,25.798718963163363,25.374537385083443,25.729181695327764,5223500
2020-09-21,24.484437942504883,24.74868425924097,24.17151502172214,24.70000765519432,2073400
2020-09-22,24.185426712036133,24.964257801612337,24.136750100522168,24.811272649610515,2295500
2020-09-23,23.587905883789062,24.42017056415701,23.580793716466797,24.4059435159805,2510700
2020-09-24,23.737285614013672,24.050275244125523,23.438525745487222,23.822647902334335,2102500
2020-09-25,23.260690689086914,23.28914478393869,22.976155167632825,23.153989190158672,2739500
2020-09-28,24.036041259765625,24.08583455681738,23.77995989576736,23.843980236766924,3445400
2020-09-29,23.708829879760742,23.929342300284894,23.48119986621834,23.858209786605773,5111600
2020-09-30,24.398826599121094,24.83985420166261,24.263673723020304,24.455734787078324,5698500
2020-10-01,23.88666534423828,23.993364121308748,23.64481098393428,23.94357081596954,4335700
2020-10-02,23.708829879760742,23.87954899800322,23.15398596164404,23.182440052528275,3287800
2020-10-05,24.44150733947754,24.455734386233654,23.929344510384148,24.14274478466249,2939100
2020-10-06,24.37748146057129,25.131498486553784,24.349027373508303,25.053251103896127,2226600
2020-10-07,24.590885162353516,24.626451419443917,24.19965090729615,24.46995934553986,1418600
2020-10-08,24.846967697143555,24.96789351951556,24.633567431260747,24.73315404110395,2198900
2020-10-09,25.074594497680664,25.323561017209553,24.918099706244476,25.30222180511609,10537600
2020-10-12,24.854082107543945,25.067485106226457,24.711817059798072,25.067485106226457,1836100
2020-10-13,24.320579528808594,24.590887998224826,24.2067658648752,24.569548784216,2154400
2020-10-14,24.107179641723633,24.427281424741302,24.085840427366403,24.2352203549307,1825900
2020-10-15,23.68037986755371,23.723058297699477,23.289145547869943,23.39584433676628,3132800
2020-10-16,23.474088668823242,23.74439711631368,23.282027617727262,23.481200835072023,2319800
2020-10-19,23.21800994873047,23.843986478646485,23.15398959097165,23.595017214681352,2420100
2020-10-20,23.67326545715332,23.865326537220685,23.573678833458832,23.68749250532853,2100500
2020-10-21,23.274919509887695,23.673266014036237,23.274919509887695,23.587906436508984,2540000
2020-10-22,23.34604835510254,23.410068706529138,22.81966121095639,22.862339636219712,3374000
2020-10-23,23.38161849975586,23.8582151314769,23.260692656704475,23.85110025039619,2816700
2020-10-26,22.698734283447266,23.104195633379245,22.485334001409143,23.033063110543807,4033500
2020-10-27,21.83802032470703,22.17946135072358,21.809566227489302,22.158120777810286,4360200
2020-10-28,20.7425594329834,21.14090724730205,20.564725417709695,20.877713664485853,4737700
2020-10-29,21.162250518798828,21.16936404312968,20.379780480363983,20.62874840487953,3297000
2020-10-30,21.574827194213867,21.589054244037204,21.169365771611776,21.31163219954671,3399500
2020-11-02,22.584918975830078,22.691619109087135,22.00873717082931,22.30749835800856,3150500
2020-11-03,23.02594757080078,23.182442372795737,22.905021742736842,23.097082805131095,3815300
2020-11-04,23.00461196899414,23.353167888106668,22.584923517915218,22.855232023745412,3193500
2020-11-05,23.075742721557617,23.346051206543944,22.969043931835714,23.23934970329009,2759100
2020-11-06,23.097084045410156,23.552338715443735,23.097084045410156,23.39584390504524,1948000
2020-11-09,26.62531280517578,27.052113417675194,26.269644723582232,26.75335353163203,5588100
2020-11-10,27.791902542114258,27.85592290272433,27.500254835675484,27.71365513319839,4860600
2020-11-11,27.101905822753906,27.56427539872599,26.97386510059339,27.500255037645733,2476900
2020-11-12,26.618196487426758,27.32242044493034,26.475931433292835,26.703558776145474,2614400
2020-11-13,27.5998477935791,27.66386816887983,27.201501203736893,27.208613372755806,1715100
2020-11-16,28.958492279052734,29.250139974525784,28.631278320918465,29.107872210349,2694700
2020-11-17,29.4279727935791,29.44219984076606,28.5601446234288,28.7522029766233,3168400
2020-11-18,28.887361526489258,29.577358461294637,28.858907429201352,29.442202855943112,2152700
2020-11-19,29.314159393310547,29.314159393310547,28.53169078571153,28.617050356069356,2498400
2020-11-20,29.392406463623047,29.44219977189504,28.937151808832386,29.122097994766673,2826400
2020-11-23,30.857751846313477,30.90754514181874,30.19620924770798,30.246002543213248,2096100
2020-11-24,32.3729133605957,32.486727058442625,31.704258224936634,31.84652602562843,3168700
2020-11-25,31.832290649414062,32.067032866195554,31.341469714596254,31.754043243820234,2835400
2020-11-27,32.10971450805664,32.21641601972855,31.896314198244983,31.903426366041437,1134600
2020-11-30,29.97570037841797,31.853627095302244,29.961473331952888,31.746928317111617,3218300
2020-12-01,30.893327713012695,31.27744986662744,30.76528699514111,31.12095505288841,2280700
2020-12-02,31.170751571655273,31.576212982130446,30.80085642790855,30.843537576102012,2637800
2020-12-03,31.192087173461914,31.626002632436904,31.085388385644197,31.320127889668697,2492200
2020-12-04,32.61476135253906,32.61476135253906,32.20929996461329,32.30177442379013,2110700
2020-12-07,31.626005172729492,32.17373434415772,31.55487264180411,32.05992066655784,2372700
2020-12-08,31.73981475830078,32.03146243914581,31.597547001259645,31.611774048316935,2726300
2020-12-09,31.81095314025879,32.387133678648865,31.65445832068023,32.18084825974227,2912100
2020-12-10,32.47249984741211,32.74992054177223,31.690028369605965,31.70425541976961,2190000
2020-12-11,32.13105010986328,32.330226061672434,31.79672399040237,32.30177196662372,1742900
2020-12-14,31.384143829345703,32.10970688119154,31.355692451385654,31.988781062649664,1713000
2020-12-15,31.938987731933594,31.96743910986926,31.305896407680624,31.597544061390447,1704000
2020-12-16,31.41261100769043,31.6473532899949,31.31302435951253,31.54776392828435,4060400
2020-12-17,31.46239471435547,31.69002204447603,31.284560693103042,31.569096212519653,3572800
2020-12-18,30.99291229248047,31.49084808321744,30.936006818027767,31.362807373784168,1286400
2020-12-21,30.260234832763672,30.40250257895619,29.755186911635214,29.897451944296172,2318800
2020-12-22,30.011272430419922,30.359828352261562,29.88323170105215,30.23178762289379,2142200
2020-12-23,30.914670944213867,31.1778672948812,30.665704356860754,30.701270624549444,2632700
2020-12-24,30.914670944213867,31.042711678718977,30.630138089172064,30.765290991801997,734200
2020-12-28,30.743947982788086,31.313016336230845,30.637246479347336,31.08538899485374,1822200
2020-12-29,30.815082550048828,31.241883165011757,30.722608088511745,31.241883165011757,1786800
2020-12-30,30.929603576660156,31.25578932318408,30.83537428941358,31.060077875269723,1506700
2020-12-31,30.37871551513672,30.80638067511313,30.349720610875817,30.748390866591322,1483000
2021-01-04,30.719398498535156,31.212300806872673,30.458449892343975,31.183305902827822,2286100
2021-01-05,31.516735076904297,31.95165028806605,31.067325180632466,31.08906997340349,3579100
2021-01-06,33.00994873046875,33.32888443132835,32.6257731023827,32.79973978973764,4041100
2021-01-07,33.48109436035156,33.56807906269557,32.93745241367821,32.99544221524088,2649100
2021-01-08,33.270896911621094,33.40861857855874,32.9447111056039,33.31438650901895,1893000
2021-01-11,32.77074432373047,32.92296344438589,32.13287293285823,32.18361263974337,1932000
2021-01-12,32.75624084472656,32.93020749712541,32.488044905505056,32.6982538039977,2296800
2021-01-13,33.046180725097656,33.19839980108716,32.82872450724039,33.1331626592194,1916000
2021-01-14,33.29988479614258,33.48109880240934,32.93745678360905,32.98819648415524,2390800
2021-01-15,32.06038284301758,32.68375949005486,31.879168830046574,32.66201469333239,2497800
2021-01-19,32.60401916503906,32.83597283976195,32.40830773353427,32.698251209490834,2156100
2021-01-20,32.80698013305664,32.937454429451755,32.57502644282224,32.79973278997073,1351300
2021-01-21,32.03137969970703,32.66925363555074,31.74143901258221,32.647508844420436,2238700
2021-01-22,32.21260070800781,32.263340408474406,31.502242136369237,31.661711346467836,2506100
2021-01-25,31.473249435424805,31.473249435424805,30.842625424681614,31.1760585554096,2392200
2021-01-26,31.574726104736328,31.98064366613384,31.444251812828266,31.821177237773107,2761100
2021-01-27,31.139816284179688,31.668960886535853,30.62516913512038,31.067331782801876,1853300
2021-01-28,31.531232833862305,31.821176310790765,31.37176364504106,31.42975344646912,1632900
2021-01-29,30.50193977355957,31.27753542063888,30.327973128511925,31.241290410970528,2004300
2021-02-01,30.51643943786621,30.66866131403171,30.197503762536847,30.596174047975172,2620000
2021-02-02,30.465696334838867,30.668657892044397,30.074276202233815,30.596170634075936,4347600
2021-02-03,30.7701358795166,30.878862613832826,30.13226186412517,30.13226186412517,4207400
2021-02-04,30.51643943786621,30.559931797500134,30.081526901952856,30.54543434428883,2333500
2021-02-05,30.6759033203125,30.75563791654721,30.313475348413625,30.654158526832486,2869900
2021-02-08,31.53848648071289,31.661713450826387,30.748393251512397,30.791885611277127,3646600
2021-02-09,30.581666946411133,31.02382945198347,30.081517411394636,31.02382945198347,3730200
2021-02-10,30.690406799316406,30.777388755427754,30.146764734684048,30.248244144331707,3881900
2021-02-11,30.545442581176758,30.56718738430419,30.204759251608486,30.34248371170147,3347600
2021-02-12,31.002098083496094,31.02384288331356,30.32798163808682,30.371474002828535,1810600
2021-02-16,32.00239181518555,32.17635569753464,31.683453422368796,31.726945775509094,1869800
2021-02-17,32.65476989746094,32.71275971829799,31.87917401695992,32.154620135722205,2623400
2021-02-18,31.92990493774414,32.53878406338227,31.879165241033135,32.40106242446756,2650600
2021-02-19,32.59677505493164,32.60402239825158,32.07487785249769,32.132867659481995,2395900
2021-02-22,33.0172004699707,33.47386066559442,32.930218497268534,32.944715953570075,3332100
2021-02-23,34.16971206665039,34.17696217525182,33.18390744493064,33.85077641584363,2947100
2021-02-24,34.5466423034668,34.55388964796425,33.749301683628666,33.82178618902972,2456700
2021-02-25,34.65536880493164,35.47445415194935,34.488652244960605,35.12652357916984,3168900
2021-02-26,33.633323669433594,33.98125426069037,33.430362084037235,33.945012009225266,2521800
2021-03-01,33.88701629638672,34.111722640528214,33.64781250116132,33.87976895339779,2326800
2021-03-02,34.039241790771484,34.31468788298836,33.91601758102845,33.93051503484055,2092500
2021-03-03,34.46691131591797,34.69161773048099,34.0754883093012,34.0754883093012,2037500
2021-03-04,35.02504348754883,35.67016491807871,34.611875767656514,34.901819288506644,3230000
2021-03-05,35.66291427612305,35.96735245626446,35.35847333087555,35.69915652160092,5554300
2021-03-08,35.20625686645508,35.46720547752678,34.76409424937316,35.126522261393575,3211900
2021-03-09,34.97430419921875,35.24250016185344,34.62637362915328,35.162765554422656,1832900
2021-03-10,35.960105895996094,35.981850690734944,35.30773440276917,35.50344585073725,1483100
2021-03-11,35.974605560302734,36.24280151730099,35.6846620421218,35.8731261584713,1468900
2021-03-12,36.43126678466797,36.539996306950115,36.06159138610058,36.242805413166415,1328800
2021-03-15,35.69191360473633,36.16306838458917,35.48895202769984,36.068836322576026,2393700
2021-03-16,35.25700378417969,35.3657333160857,34.829338531846545,35.322240950301925,1293300
2021-03-17,35.46720504760742,35.57593455593809,34.894568131930924,34.930810379672394,1910100
2021-03-18,34.2421989440918,35.19175854239488,34.21320404022291,34.952557498242136,2638700
2021-03-19,34.82933044433594,35.00329710196843,34.07547953643882,34.24219885067698,2706500
2021-03-22,34.532142639160156,34.80033861010633,34.459658138398424,34.51764518598652,2972100
2021-03-23,33.68090057373047,34.20416989916461,33.53350001139401,33.688269336702945,2728400
2021-03-24,34.33684539794922,34.616906309822895,33.9020150919216,33.909383858171864,2125600
2021-03-25,33.68090057373047,33.85041023641624,33.083929561412155,33.50401933664034,2721400
2021-03-26,34.403160095214844,34.403160095214844,33.99781065902938,34.15257998370225,1409400
2021-03-29,34.6463737487793,34.837995350756586,34.19680604568674,34.33683505372223,1565900
2021-03-30,34.69797134399414,34.882221397066075,34.49898094930453,34.56531108086773,1224900
2021-03-31,34.299983978271484,34.57267321733402,34.26313453700879,34.26313453700879,2247200
2021-04-01,34.18206787109375,34.2999877830742,33.91674736627962,34.2999877830742,2402600
2021-04-05,33.92411804199219,34.314730056722595,33.74723956977277,34.30735848037775,1523000
2021-04-06,33.916748046875,34.21154642702551,33.673536642104125,34.04940830194411,2267800
2021-04-07,34.12310791015625,34.41053753169319,33.88726807651402,34.115739145356685,2349400
2021-04-08,33.607208251953125,33.69565030085972,33.25344849062477,33.592470721901364,2041700
2021-04-09,33.15764236450195,33.31978050714069,33.03972243738613,33.275562291617774,2301700
2021-04-12,33.11341094970703,33.356619493085844,32.88493993259074,33.23133083983081,3269600
2021-04-13,33.26818084716797,33.40084107725443,33.22396264476048,33.356620063414944,2486300
2021-04-14,33.555625915527344,33.90938575542944,33.327157600355136,33.327157600355136,1884200
2021-04-15,33.526145935058594,33.75461423590382,33.3566333866834,33.74724546970335,1548000
2021-04-16,33.43032455444336,33.65879278317855,33.363994433841995,33.60720300175885,1657000
2021-04-19,33.84304428100586,33.9167459801268,33.577726598467535,33.77671696894554,1505900
2021-04-20,32.958648681640625,33.41558800232925,32.59751735934261,33.41558800232925,2330700
2021-04-21,33.01761245727539,33.07657383001244,32.69333334152057,32.75966348013326,2172100
2021-04-22,32.47222900390625,32.78913930681609,32.428007980907466,32.62699836725312,2757900
2021-04-23,32.77440643310547,32.83336499910433,32.509085857527545,32.627005800958486,1334500
2021-04-26,32.81861114501953,32.95864295306025,32.66384181012069,32.774392941581034,1998700
2021-04-27,32.95127487182617,33.01023623123823,32.715435057042654,32.81124586037107,1680600
2021-04-28,33.80620193481445,33.92412186673304,33.091313577559966,33.106051109045964,2388200
2021-04-29,33.30503463745117,33.680906275612514,32.951274914814384,33.65879436008797,2653400
2021-04-30,32.634368896484375,32.9586507931433,32.50170863174804,32.92917010955018,2795200
2021-05-03,33.37137222290039,33.39348414336909,32.862843035047945,32.9512822826238,2176800
2021-05-04,33.459800720214844,33.71038082964389,33.13551892481735,33.59246094352621,2367000
2021-05-05,34.6021614074707,34.63901085673387,34.115741367471756,34.218920949981715,2052600
2021-05-06,35.08857345581055,35.08857345581055,34.44001261304846,34.65374330610207,1485800
2021-05-07,35.30230712890625,35.30967589312952,34.469496200058074,34.528454748141364,1987100
2021-05-10,34.83799362182617,35.49392323383677,34.83799362182617,35.39074367393831,2077400
2021-05-11,34.31472396850586,34.90432345701652,34.31472396850586,34.506342747984775,2014800
2021-05-12,34.454750061035156,35.20649039973866,34.32946141030052,34.32946141030052,2364900
2021-05-13,34.6021614074707,34.779039888507,34.218920949981715,34.35158121647532,2171500
2021-05-14,35.91401672363281,35.93612582832145,35.29493648945904,35.30230806531021,1928400
2021-05-17,35.89927673339844,35.9508665191299,35.27282772869774,35.29493683360195,2154600
2021-05-18,35.405487060546875,36.105637749113804,35.405487060546875,36.01719570893127,1529600
2021-05-19,34.46949005126953,34.80114061080315,34.23365027814159,34.69796106148866,1563200
2021-05-20,34.742183685302734,34.87484392600695,34.299984757243486,34.50634388214684,1647800
2021-05-21,34.860103607177734,35.07383430748478,34.77166438380083,34.904324624582294,1421900
2021-05-24,35.30230712890625,35.324416233008435,34.808515582975964,34.985396850090545,1436500
2021-05-25,34.55793380737305,35.21386343834811,34.52845312899766,35.1622736569073,1701700
2021-05-26,34.5432014465332,34.756932196971206,34.35158261569998,34.46213096799239,1311400
2021-05-27,34.388423919677734,34.513715396313074,34.15258411693944,34.35157447764342,1868700
2021-05-28,34.41053009033203,34.462119867070314,34.137840868796516,34.137840868796516,1541000
2021-06-01,35.19912338256836,35.24334440048749,34.92643413398104,34.94854323722448,2327000
2021-06-02,35.832942962646484,35.92875375987382,35.390744040943986,35.56762248505211,1860900
2021-06-03,35.81821060180664,35.91402142037469,35.58237074951054,35.64870088368337,1495900
2021-06-04,35.79609680175781,35.89190760776613,35.516035959581735,35.80346837760669,1236800
2021-06-07,35.51604080200195,35.69292209787008,35.45708224433446,35.5823709365234,935200
2021-06-08,35.6486930847168,35.77398456026968,35.044353243992084,35.21386292503124,1170900
2021-06-09,35.81084060668945,35.98035031899181,35.6192217875663,35.85506163176373,3622300
2021-06-10,35.597103118896484,36.12037249826539,35.47918321915938,35.92875371547966,3216400
2021-06-11,36.10564422607422,36.48151312426343,35.773993544476156,36.48151312426343,805000
2021-06-14,36.378326416015625,36.79104468438661,36.20144514997638,36.34147697225855,1093700
2021-06-15,36.8057861328125,36.8057861328125,36.17933713577576,36.22355815647565,2241100
2021-06-16,36.4520263671875,36.78367699354332,36.28988824763877,36.69523776365924,1599700
2021-06-17,35.70028305053711,36.51835359346173,35.37600402574999,36.37832458964206,1332400
2021-06-18,34.21154022216797,34.764290247560936,34.21154022216797,34.3884214673238,1450500
2021-06-21,35.36126708984375,35.48655857810432,34.68322829691703,34.68322829691703,1475500
2021-06-22,35.28856658935547,35.52092362129079,35.08618917299214,35.348528679785616,1977600
2021-06-23,35.11616516113281,35.82823313938497,35.11616516113281,35.71580315920992,1249800
2021-06-24,36.05309295654297,36.15053455200851,35.70830313786262,35.790753498696105,1346700
2021-06-25,35.67083740234375,35.978150658177555,35.610872445455925,35.97065646820984,1567900
2021-06-28,34.6214599609375,35.00372926304754,34.58398330721515,35.00372926304754,2427500
2021-06-29,34.24668884277344,34.80135305785984,34.23169760892943,34.65144357870523,1565400
2021-06-30,33.92438888549805,34.36662033404346,33.856929754049226,34.1492545631847,3062000
2021-07-01,34.35163116455078,34.733897661079205,34.321648693646566,34.72640347299605,1965300
2021-07-02,34.336639404296875,34.479051849986554,34.07429707682335,34.32914235704251,1311800
2021-07-06,33.6170768737793,34.14925575569774,33.35473738636497,34.14925575569774,2002500
2021-07-07,33.15985870361328,33.234812029712415,32.86753386953999,32.979966717974804,4490300
2021-07-08,32.837554931640625,33.06241777385984,32.48526800128261,32.5677183772631,1820200
2021-07-09,33.234806060791016,33.33974184219794,32.97996079482323,33.12987027938409,1183200
2021-07-12,33.317256927490234,33.53462554044845,32.949978827688916,33.069905845306266,1140100
2021-07-13,32.80756378173828,33.12237110574512,32.71761924049139,33.09239149818643,2279700
2021-07-14,32.620182037353516,33.309761711741466,32.57520833104247,33.13736679314448,3398400
2021-07-15,32.350345611572266,32.59019966068626,32.12548279793862,32.17045364509387,1311300
2021-07-16,31.84065818786621,32.25290719680088,31.73572238842314,32.19294510824173,2568600
2021-07-19,30.956192016601562,31.211037299982095,30.67136426240313,31.076119040587354,2889800
2021-07-20,30.926206588745117,30.97867733730229,30.229132794238044,30.35655399410192,2536200
2021-07-21,31.743213653564453,31.84065525519509,31.375938389341453,31.375938389341453,1722400
2021-07-22,31.668258666992188,31.803176920825184,31.413413394117153,31.780691498281577,2451200
2021-07-23,31.503358840942383,31.735718697892516,31.360946395300157,31.675753757020576,1273200
2021-07-26,32.44778823852539,32.50775032305694,31.975574313463643,31.990565549418005,1577500
2021-07-27,32.38033676147461,32.57521715638158,32.11799435918123,32.2529126553809,2203500
2021-07-28,32.63517761230469,32.71762798852884,32.32036734483849,32.42530314756516,1475100
2021-07-29,33.36972427368164,33.78947025812593,33.347238851772595,33.7070198987453,2176600
2021-07-30,32.702632904052734,33.00244903953282,32.54522635919341,32.96497238000854,2016400
2021-08-02,32.665157318115234,33.27228665650594,32.477771155049275,33.024938408087564,2881100
2021-08-03,33.55711364746094,33.6620494388608,32.927496039775875,33.35473625292439,1674100
2021-08-04,33.10738754272461,33.632069396914346,33.07740792822017,33.30227076307689,1346000
2021-08-05,33.18983840942383,33.63956694510926,33.13737050915345,33.549619522400505,1763500
2021-08-06,33.43718719482422,33.57959964855895,33.2572952212719,33.5046463274956,1200300
2021-08-09,33.204833984375,33.35474351585412,33.01744778484773,33.219825223451565,1112600
2021-08-10,33.137367248535156,33.212323426750324,32.95747813939043,33.047422693962794,1510500
2021-08-11,33.59458541870117,33.7744773629846,33.45217298813733,33.64705330676604,1717300
2021-08-12,33.796966552734375,33.92438776387716,33.58709497707061,33.8119577880369,2607700
2021-08-13,33.639564514160156,33.789474015222154,33.46716958868893,33.61707623046502,1282300
2021-08-16,33.257293701171875,33.392211960347886,32.95747757133634,33.21232285430373,1479900
2021-08-17,33.04742431640625,33.429690836570316,32.79257901653489,32.98745937089018,1260900
2021-08-18,32.59019470214844,33.09239100683161,32.55271804879247,32.91999325468049,1181500
2021-08-19,31.863142013549805,32.050528177226795,31.638279188994606,32.01305151634859,1834600
2021-08-20,32.0130500793457,32.0130500793457,31.698242710956695,31.780693076759288,1144100
2021-08-23,32.672645568847656,32.76259011017335,32.35034119820474,32.35034119820474,1145800
2021-08-24,32.867530822753906,32.89751329412866,32.62767677032756,32.66515628918893,1128900
2021-08-25,33.06241989135742,33.1898411283708,32.59020589095359,32.7026387489071,2548300
2021-08-26,32.665157318115234,33.09989172959957,32.64266903423288,32.90501137809679,1205200
2021-08-27,33.41470718383789,33.48216346815187,32.83755736843185,32.83755736843185,1157400
2021-08-30,33.30226135253906,33.527124123854165,33.26478470053409,33.44467377387207,858300
2021-08-31,33.19733428955078,33.23481095138439,32.867532803128576,33.04742478293032,2370500
2021-09-01,33.0024528503418,33.18983902888662,32.830057909194906,33.18234483983074,1448400
2021-09-02,33.47466278076172,33.61707522992476,33.189835023149804,33.219817494327025,1604500
2021-09-03,33.317256927490234,33.38471605360535,33.07740289225553,33.32475111515385,1492300
2021-09-07,33.37721633911133,33.66953824248558,33.257289331078674,33.407198805940844,1608200
2021-09-08,32.88252258300781,33.35473650719284,32.83755173451412,33.28727737516641,1650300
2021-09-09,32.545230865478516,32.90501485272846,32.40281839585316,32.6276812434197,1779600
2021-09-10,32.46278762817383,32.627685546517505,32.387831429575236,32.56022639742208,1606300
2021-09-13,33.51213836669922,33.57210330713298,33.13736606684541,33.174842724973644,2394100
2021-09-14,33.47466278076172,34.119271614642756,33.3997094621045,34.05181248413693,2863000
2021-09-15,34.44157409667969,34.53901569288853,34.05930475886036,34.13426093259241,2743300
2021-09-16,34.561500549316406,34.726401269540524,34.20171949915203,34.68142756603787,2385400
2021-09-17,33.98430252075195,34.34267505337175,33.694554453768305,34.22829997441847,2128800
2021-09-20,33.51917266845703,33.51917266845703,32.947303241138904,33.183676984887924,2199600
2021-09-21,34.014801025390625,34.29692252002129,33.8394280471781,34.18255035614995,2420000
2021-09-22,34.75442123413086,35.37966506170708,34.746794677706326,35.07466679566447,3490200
2021-09-23,35.63127899169922,35.715153643423776,35.06703609429876,35.15090783734487,2679200
2021-09-24,35.53216552734375,35.692291235902985,35.166169309612926,35.22717013357442,2139800
2021-09-27,36.63014602661133,36.7902687781328,36.52339752559702,36.52339752559702,3173400
2021-09-28,36.90464401245117,37.41551267225277,36.75976855293605,37.339264573639504,4697800
2021-09-29,36.34040069580078,36.477649609699164,36.00490496664847,36.294650088275084,6670300
2021-09-30,36.546268463134766,36.69114100173526,36.088774092738674,36.500517862623845,3616800
2021-10-01,36.63777160644531,36.881769024119755,36.233651428799256,36.370900339825965,2575300
2021-10-04,37.110511779785156,37.6595073579155,37.03426368667964,37.25538722883528,4814800
2021-10-05,38.20088195800781,38.4525059376085,37.71288711006813,37.89588663238488,4196000
2021-10-06,37.911136627197266,38.01788513601419,37.22489205811882,37.5985147476568,2687800
2021-10-07,37.83488464355469,38.00263395806334,37.42314082135497,37.51463912532395,2895700
2021-10-08,38.21612548828125,38.49824982379061,38.07887659767622,38.18562799711875,1593000
2021-10-11,38.58212661743164,39.13112225181058,38.57450297081132,38.87187463654037,2157700
2021-10-12,38.361000061035156,38.68124552604719,38.2694988635933,38.52874643898892,1473700
2021-10-13,38.39912414550781,38.55162323272446,37.90350283922326,37.979753837170655,1514000
2021-10-14,38.8337516784668,38.88712593234631,38.62787830978352,38.81850147611855,1708200
2021-10-15,39.32174301147461,39.4589919116878,39.19974431224938,39.26074511620121,1513900
2021-10-18,39.55812072753906,39.71824349093946,39.4666195124428,39.64961903395661,2317000
2021-10-19,39.748741149902344,39.847863096390654,39.50474374385979,39.8249892485362,1789100
2021-10-20,39.89361572265625,40.08423888758052,39.50474574602936,39.61911789977672,1748200
2021-10-21,39.336997985839844,39.73349453360462,39.13112461053821,39.69537048084775,2286200
2021-10-22,39.009124755859375,39.047248807501475,38.772750981792434,38.81850158897017,1842300
2021-10-25,38.849002838134766,39.25312302994621,38.71175392229715,39.08537370866051,2578100
2021-10-26,38.72700119018555,38.94812474990868,38.51350127690732,38.94812474990868,1993600
2021-10-27,38.44486999511719,38.88711703600584,38.36862190949819,38.604995628801916,1919000
2021-10-28,38.688873291015625,38.77274502827836,38.1627515696325,38.47537339898089,2248000
2021-10-29,38.2085075378418,38.71937622226961,37.94163336247379,38.566880017692064,2683100
2021-11-01,38.31524658203125,38.74224341196003,38.25424578832231,38.49824605448014,1848200
2021-11-02,38.498252868652344,38.620251568986,38.15513061500191,38.36100396719217,1946000
2021-11-03,37.78150939941406,37.934008507814355,37.613762997984445,37.69763474435997,1760200
2021-11-04,37.85775375366211,38.46012061751293,37.850127199809414,38.38387253105426,1986400
2021-11-05,38.13224792480469,38.34574779867243,37.94162480340585,38.34574779867243,1210000
2021-11-08,38.29999923706055,38.66599530054812,38.246624992927664,38.26187519249108,1240100
2021-11-09,38.940486907958984,38.963360749342286,38.19324469976827,38.58974109958577,2264600
2021-11-10,38.21612548828125,39.16161752259612,38.124627197437306,39.070119231752166,2146600
2021-11-11,38.170387268066406,38.62788174447827,38.11701300944099,38.16276071187481,2234500
2021-11-12,37.80438232421875,37.94162830832045,37.69000727734268,37.7738819238947,1263400
2021-11-15,37.956878662109375,38.13225160166508,37.796755922777415,38.05600350922461,1805500
2021-11-16,37.812007904052734,38.178004000627354,37.812007904052734,38.16275379968527,1733600
2021-11-17,37.461265563964844,37.85013554452201,37.407891309940894,37.568014072012744,1356800
2021-11-18,37.33163070678711,37.47650613792689,37.011385264920555,37.16388434095708,1285500
2021-11-19,35.98965835571289,36.454779398265224,35.98203179935816,36.31753047067014,2435900
2021-11-22,36.29464340209961,36.622515423936626,36.00489833384964,36.02014853354883,1329000
2021-11-23,37.011390686035156,37.179137076435254,36.75214309140405,36.836017740943284,2034700
2021-11-24,37.04951477050781,37.07238861724925,36.637768077091664,36.637768077091664,1919700
2021-11-26,35.562652587890625,35.562652587890625,34.84591062750876,35.10515821465595,2457500
2021-11-29,35.455909729003906,36.19552856165495,35.38728527124578,36.10402734552495,2224500
2021-11-30,35.06704330444336,35.37966521962688,34.86879355802705,35.19666567744868,3363500
2021-12-01,35.36440658569336,36.48526869756692,35.3567800310527,36.14214936437445,2788000
2021-12-02,36.6758918762207,36.69114207683786,35.85240140364265,36.104022442129875,2978300
2021-12-03,36.508148193359375,36.83602025923954,36.17264957226606,36.81314350227863,1872600
2021-12-06,37.461265563964844,37.69001278245016,37.35451705591694,37.552763869623234,1986400
2021-12-07,37.697635650634766,38.040757925614656,37.58326349809389,37.72813605478379,1475200
2021-12-08,38.25425720214844,38.44488037634773,38.17800909594024,38.24663355499914,2624800
2021-12-09,37.81963348388672,38.05600724755699,37.667137284025706,37.789135989121654,1768600
2021-12-10,38.17800521850586,38.27713007345224,37.82725931168453,38.03313266795231,1740400
2021-12-13,37.60614013671875,37.96451264035941,37.39264310919437,37.90351182753596,2084200
2021-12-14,37.54514694213867,37.857768875376216,37.377397594510995,37.377397594510995,3222100
2021-12-15,38.193260192871094,38.193260192871094,36.988520307567526,37.39264342423054,4697400
2021-12-16,38.28474807739258,38.68887108399317,38.21612363541724,38.21612363541724,3172000
2021-12-17,37.644264221191406,38.071261185268355,37.468891247198776,38.071261185268355,3660600
2021-12-20,37.407894134521484,37.51464265062971,36.95039675432763,37.2172709532771,2361400
2021-12-21,38.54399490356445,38.665993585983855,37.78912896505625,37.78912896505625,2027100
2021-12-22,38.673622131347656,38.83374486489186,38.07125233333487,38.27712566589664,1354500
2021-12-23,38.948123931884766,39.13874708446757,38.82612232190043,38.87187292564455,1046700
2021-12-27,38.89474868774414,38.93287564708025,38.475378313154444,38.6355010711231,1149900
2021-12-28,39.05488204956055,39.131130165899066,38.841382088190144,39.00913143454992,1031500
2021-12-29,38.864253997802734,39.04725061763959,38.63550385998842,38.71937852269649,1472500
2021-12-30,38.66923904418945,38.986517045397335,38.66923904418945,38.7775774418702,997200
2021-12-31,38.27457046508789,38.70792696365891,38.08110821694005,38.69244962956713,1328400
2022-01-03,39.45082473754883,39.68297886522529,39.172238603537124,39.249625280762544,2172200
2022-01-04,39.65202713012695,39.89965859314727,39.51273406317804,39.51273406317804,1409500
2022-01-05,39.76810836791992,40.58064940589604,39.72941649982588,40.402664451063195,1587600
2022-01-06,40.31754684448242,40.62708774140774,40.116347327881506,40.557441187199586,1591000
2022-01-07,40.99080276489258,41.05270918049614,40.37946104380141,40.66578448897025,1784500
2022-01-10,41.16877365112305,41.230680045497614,40.78958628457845,41.08364977585793,1612800
2022-01-11,42.3372802734375,42.38371227856129,41.39318645191894,41.439615505042916,2695000
2022-01-12,43.358760833740234,43.49805389731604,43.08791485012051,43.157561381908415,2395600
2022-01-13,42.9640998840332,43.48257733387732,42.90219054267875,43.21946853712064,1697700
2022-01-14,44.18678283691406,44.24095203825388,43.505797748070606,43.52127508445342,1948500
2022-01-18,44.635616302490234,44.79812390493132,44.07070681400449,44.44215402758415,3303100
2022-01-19,45.1850471496582,45.525542632938354,44.44988993584874,45.00706221612538,3618800
2022-01-20,44.20226287841797,45.239220863526526,44.06296979444814,44.14035648109819,3770500
2022-01-21,43.04922866821289,43.714739403768974,42.979582127236085,43.4051985656498,2573700
2022-01-24,42.87898254394531,42.87898254394531,41.50153196109209,42.16704272197634,2966400
2022-01-25,43.62961196899414,43.792119567358974,41.88071139459176,42.59265408342812,2663100
2022-01-26,44.21000671386719,44.87551751461513,43.807604765693995,44.68205520983959,2753100
2022-01-27,44.75169372558594,45.34755491958875,44.27190517041488,45.18504732122435,2522400
2022-01-28,44.34929275512695,44.372507283367284,43.7147367325577,44.07844380032299,2231400
2022-01-31,43.95463180541992,44.07071036050477,43.36650774125739,43.69926311703365,2553800
2022-02-01,44.80585861206055,44.99932086349086,44.17130266352909,44.186777045883794,2755300
2022-02-02,44.33381652832031,44.4266775956053,43.86176809562148,44.387985730236565,2648200
2022-02-03,44.271907806396484,44.55823410856276,43.46710400657802,43.92367510916733,2193700
2022-02-04,45.16957092285156,45.40172506133324,44.79812371088089,44.89872491995629,2144900
2022-02-07,45.339820861816406,45.60292968535588,44.883249754850844,45.07671203827693,2066000
2022-02-08,45.533287048339844,46.01307272580353,45.21600899440411,45.94342617972006,3293400
2022-02-09,46.454158782958984,46.461898926788194,45.9434185142288,46.04401972000897,2725800
2022-02-10,45.688045501708984,46.291646774865825,45.386244865130564,45.432673915681306,3723000
2022-02-11,45.38624954223633,46.3458207444988,45.08444592255704,45.86603514336757,4477800
2022-02-14,45.13862228393555,45.393990968098265,44.565972614721794,45.33208457121043,4443000
2022-02-15,44.44990158081055,44.83682622081343,43.900469300486634,44.44990158081055,3018700
2022-02-16,44.95289611816406,45.50232829245317,44.62014075581992,44.62787794824646,1659900
2022-02-17,44.488582611083984,44.83681231750452,44.14034995266364,44.54275180772717,2731700
2022-02-18,44.5582389831543,44.589190708071726,44.093927685387214,44.22548358628805,2732400
2022-02-22,43.45162582397461,44.33381327851516,43.21173155307327,44.17130568467872,3332800
2022-02-23,43.55996322631836,43.85402373645814,43.157561370758856,43.68377895479822,3161700
2022-02-24,41.153297424316406,42.391454865198355,40.309801745215516,42.29859379513226,6042200
2022-02-25,42.329551696777344,42.329551696777344,41.849766020852016,42.08192018971908,3805500
2022-02-28,39.10258865356445,39.93834698257772,38.800788018753984,39.280573567632175,6319900
2022-03-01,38.14301300048828,38.97103108756731,37.77156588262099,38.76982872038965,5556600
2022-03-02,41.23067855834961,41.447358310845445,40.31753639626003,40.41813760449024,5320200
2022-03-03,39.412132263183594,40.93661583286255,39.35796306596656,40.696721565187225,3667700
2022-03-04,38.07338333129883,38.48352248529027,37.52395107746112,38.33649219189726,3747800
2022-03-07,37.77157974243164,38.2900572788705,37.40013248826641,37.818008804202066,5354500
2022-03-08,38.81626892089844,39.071640528904304,37.910866933241074,38.731145051563146,8863300
2022-03-09,39.210933685302734,39.953831087657896,38.70019338168364,39.09485808793484,4681600
2022-03-10,39.303802490234375,39.44309558563276,38.762107447240695,38.90913773593877,3122600
2022-03-11,38.421607971191406,39.09485584367755,38.382913155623264,38.89365342992309,2928500
2022-03-14,38.66923904418945,39.156761833752824,38.47577677633099,38.97877690156303,2373800
2022-03-15,38.50672149658203,38.78530758398164,37.75609004108797,38.33647673917069,3349300
2022-03-16,38.77758026123047,39.34248977020946,38.18945327106046,38.83948665640617,3217700
2022-03-17,39.303802490234375,39.73715616302892,39.10260004043648,39.22641579723499,3795800
2022-03-18,39.122398376464844,39.46006684985177,38.39994684913503,38.839698910784044,3203800
2022-03-21,39.51503372192383,39.69564659399486,39.279451845117535,39.35012670771803,2787500
2022-03-22,39.86841583251953,40.049028739915414,39.54645317227701,39.884121693456564,2651000
2022-03-23,40.06472396850586,40.15895611353414,39.460061963034825,39.640674822499804,2856900
2022-03-24,40.51233673095703,40.857856647097194,40.30031212483022,40.64583204097038,2054800
2022-03-25,41.21123123168945,41.289760528262235,40.504485536052634,40.5594545458604,2165100
2022-03-28,40.284603118896484,41.101289761165305,40.143253392519725,41.101289761165305,1957900
2022-03-29,40.59872055053711,40.59872055053711,39.64068403410159,40.2610520405012,3200200
2022-03-30,40.99920654296875,41.336875028595756,40.85000537315607,40.97564925183684,1888400
2022-03-31,39.68779373168945,40.44950833937572,39.679939305247025,40.33957033386962,2237700
2022-04-01,40.99134826660156,40.99134826660156,40.3081599775742,40.386686265292894,2974900
2022-04-04,40.77146911621094,40.936379112739836,40.23748496966952,40.48877268413107,4638600
2022-04-05,39.41295623779297,40.05688158091724,39.21663746255784,39.82129964975245,2984400
2022-04-06,38.863250732421875,39.3422658387358,38.61981446875237,39.067420860065056,2516100
2022-04-07,38.90251159667969,39.03600686548451,38.26643797464825,38.847542604161774,1793900
2022-04-08,38.9182243347168,39.255892774529364,38.6276704707756,38.6355248971448,1950000
2022-04-11,39.60927200317383,40.237494432657904,39.570008850227715,40.15111369882451,2032800
2022-04-12,39.18522262573242,39.774178859612654,39.043872889954265,39.53859396959151,2467200
2022-04-13,40.08043670654297,40.18252029968919,39.82129451874165,39.90767524800876,2379500
2022-04-14,39.97050094604492,40.0411758198429,39.420807816014694,39.64068386979216,2239500
2022-04-18,40.190364837646484,40.37882911368475,39.7663157231819,39.931222713611795,1861000
2022-04-19,40.198219299316406,40.60656258897656,40.103987154190484,40.38668658515412,2252100
2022-04-20,39.97834777832031,40.316016248102784,39.83699804698876,39.899821481174435,4095400
2022-04-21,39.35797882080078,40.56730293710238,39.35797882080078,40.51233393141469,2084600
2022-04-22,38.5569953918457,39.28730126955316,38.454911814315025,39.0046018335908,2026900
2022-04-25,37.905208587646484,37.93662029331008,36.797971425478416,37.77171033636878,3327700
2022-04-26,37.386940002441406,37.920927196000086,37.08068325816813,37.19847270064993,5742200
2022-04-27,37.85810089111328,38.14865475081255,36.96288801559555,37.26129330596343,6997200
2022-04-28,38.99675369262695,39.14595485393331,38.14080388179322,38.65908522625123,2176800
2022-04-29,38.2507438659668,39.42865634548561,38.2507438659668,39.004607133918114,4200500
2022-05-02,39.303009033203125,39.39724118456647,38.454913679760914,38.62767212466269,2527000
2022-05-03,40.386688232421875,40.55159524201483,39.57785604629701,39.58570747721696,2585600
2022-05-04,41.43110275268555,41.454663036881215,40.41024597325904,41.06987701460304,3337000
2022-05-05,41.219078063964844,41.611715487720865,40.410242934029085,41.57244934887661,5174500
2022-05-06,42.200679779052734,42.45196753917356,41.80018785189452,42.28705751268032,2775200
2022-05-09,39.64853286743164,40.81073941414219,39.55429771821657,40.63012653819253,3845200
2022-05-10,40.135406494140625,40.543749861392655,39.27160218032756,40.213932797402514,2806200
2022-05-11,41.28190231323242,41.76877192496832,41.030614578427695,41.03846600957143,3959100
2022-05-12,40.59085464477539,40.84999677502743,39.766316677257876,40.637972212708235,2892500
2022-05-13,42.01220703125,42.01220703125,41.23478356438959,41.407545000488795,2482500
2022-05-16,42.671836853027344,42.88386142887537,42.02791169478634,42.208524556674824,2055400
2022-05-17,43.31576156616211,43.49637442619464,42.93097556307653,43.056622417623565,2503700
2022-05-18,42.718955993652344,43.83404491991615,42.55404598709818,43.5356396175076,1727500
2022-05-19,43.08018112182617,43.52778757131971,42.37343251968585,42.37343251968585,1914200
2022-05-20,42.95454406738281,43.61417520207543,42.279207072865795,43.18227454145696,1464000
2022-05-23,44.509376525878906,44.79992736717677,43.967537984714944,44.156002261821676,2048900
2022-05-24,44.54079818725586,44.68214792445496,43.97539923845947,44.156012125861345,2803900
2022-05-25,45.76581954956055,45.78152540680305,45.16901195227533,45.47526867953919,1556000
2022-05-26,46.37834548950195,46.503989377564956,45.89932723014096,45.89932723014096,2490400
2022-05-27,46.19772720336914,46.40189737433086,45.80508972448517,45.89146745354721,1857900
2022-05-31,46.174163818359375,46.9594387234185,45.9150246573946,46.668887847310714,4053300
2022-06-01,45.726558685302734,46.127050576000016,45.09048491538793,45.9307318440544,2906100
2022-06-02,45.76581954956055,46.01710727426864,45.31821310270014,45.388887962498416,1613600
2022-06-03,46.15060806274414,46.221282926370456,45.55379743754723,45.577357722480095,1349200
2022-06-06,46.715999603271484,46.904463879491225,46.39403705210923,46.551089617097134,1178600
2022-06-07,47.383487701416016,47.391339132377325,46.3547765014955,46.38618821651277,1748600
2022-06-08,48.019554138183594,48.019554138183594,47.2892483509627,47.367774630962245,2698600
2022-06-09,46.45685958862305,47.23428300119334,46.394039158892305,47.17931400183427,3656900
2022-06-10,45.32607650756836,45.61662743514374,44.98055357096206,45.30251621924466,3528400
2022-06-13,43.802642822265625,44.46227400655515,43.34718483545842,44.28166109837413,1815200
2022-06-14,43.77907943725586,45.106193053893456,43.46496825202759,44.69784971133121,2195800
2022-06-15,43.94398498535156,44.320916597612104,43.040920600431356,44.04607156645947,2266700
2022-06-16,42.841156005859375,43.51700820542649,42.077836905003714,42.443595174784974,3203100
2022-06-17,40.789737701416016,42.70598064680334,40.24110488628209,42.467444772099384,2272100
2022-06-21,42.30046844482422,42.6503208462895,42.03012698769028,42.324321121494,1576100
2022-06-22,41.1077880859375,41.56100716365712,40.7102272785941,40.98056874891354,1923900
2022-06-23,39.88329315185547,41.11573083416993,39.54139067420628,41.09982804065744,2513200
2022-06-24,41.616661071777344,41.712074806256986,40.49553983391074,40.74202860056008,2486600
2022-06-27,41.926761627197266,42.364077900809356,41.529200826977515,41.640517365735334,1703900
2022-06-28,42.379981994628906,42.769592925360804,42.01422677518151,42.65032346838313,1409000
2022-06-29,42.11760330200195,43.3977499030986,42.101700501803045,43.36594430270078,1607900
2022-06-30,41.85519790649414,42.181197620666644,41.25885674399702,41.656417518995106,2092300
2022-07-01,42.00627136230469,42.22890441732277,40.94875828467302,41.78363527413872,1799400
2022-07-05,40.670467376708984,40.94875869829258,39.85944305404661,40.87719763943567,2164700
2022-07-06,39.008663177490234,39.37441835168224,38.29305259046423,38.85758814625813,2773900
2022-07-07,39.97870635986328,40.26495057307004,39.81173157987523,39.97870635986328,1790700
2022-07-08,39.85945129394531,40.376278574176496,39.406232171876304,40.217256662196775,2002400
2022-07-11,39.31875991821289,39.5731985629161,38.937101951158084,39.29490420998278,1412300
2022-07-12,38.444129943847656,38.77012969376089,38.26125233127665,38.3566691116037,1192200
2022-07-13,38.94505310058594,39.11998081194879,38.07042061006768,38.1817371416084,1545100
2022-07-14,36.81413650512695,37.100380821105325,36.305259069231525,36.67101434713777,2081300
2022-07-15,38.11017990112305,38.308960308271345,37.74442467992578,37.99091044357475,1402400
2022-07-18,39.096126556396484,39.819690104606714,38.99276293506483,39.56524840900696,2190400
2022-07-19,40.38423156738281,40.4001343652411,39.67657374500613,39.700426425219284,1444700
2022-07-20,39.92304992675781,40.13773309648685,39.62090593956687,40.08207483394389,1878800
2022-07-21,39.183589935302734,39.231298321358494,38.29305462763169,38.55544620121627,1524200
2022-07-22,39.19949722290039,39.50959418492964,38.97686412875599,39.032522402292095,860400
2022-07-25,40.13774108886719,40.13774108886719,39.32671663055693,39.58910823463455,1417900
2022-07-26,39.48573684692383,40.08207802143425,39.33466484131449,39.99461416386903,1368600
2022-07-27,40.41603088378906,40.55120009486085,39.65271187092855,39.81968970592346,1132900
2022-07-28,38.92915344238281,39.732227970031644,38.76217863161757,39.55730024457383,2723500
2022-07-29,40.598915100097656,40.66252325887005,39.80379339997693,39.931012750670305,2131500
2022-08-01,40.19339370727539,40.41602980360225,39.867393993414346,40.177490912312905,1277800
2022-08-02,38.84964370727539,39.71632641378244,38.83374091054198,39.684520820315605,1824800
2022-08-03,39.15974044799805,40.14569260807605,38.97686283627961,40.13773969317837,1545100
2022-08-04,39.31081008911133,39.764029150124436,39.167687961091595,39.525493281140925,2600700
2022-08-05,39.50164031982422,39.85149272293832,38.682666063388794,38.72242153574183,1259900
2022-08-08,40.320613861083984,40.67841917221109,40.249052798858564,40.535297047760245,1127600
2022-08-09,41.211151123046875,41.656417246921805,41.17934553329924,41.33837044888942,1376800
2022-08-10,41.6961784362793,41.847253491726924,41.1077901109889,41.847253491726924,1240900
2022-08-11,42.72187423706055,43.047873903310034,42.554899464062714,42.674165859140786,1412600
2022-08-12,42.95246887207031,42.95246887207031,42.16529715942122,42.419735826850626,980800
2022-08-15,41.235008239746094,41.40198305418219,40.56710594885341,41.107788900202166,1550800
2022-08-16,41.863155364990234,41.998324587251766,41.52920270050282,41.74388590628437,977600
2022-08-17,41.83929443359375,42.04602773180593,41.14753954558705,41.290661664919185,906700
2022-08-18,42.65828323364258,42.777549676624844,42.28457503937085,42.33228343645302,1088900
2022-08-19,42.1573486328125,42.49129825711466,41.97447102429252,42.37998171568061,1447200
2022-08-22,42.14939880371094,42.14939880371094,41.52920486566214,42.02217945659456,1085800
2022-08-23,43.51700210571289,43.58061328567975,42.72188055501508,42.72188055501508,3540600
2022-08-24,42.65828323364258,42.87296343764041,42.300477838398244,42.6026249536211,2716500
2022-08-25,42.920658111572266,43.38977991686584,42.785488912780664,43.27846339241445,2603400
2022-08-26,42.7377815246582,43.715780626267986,42.682123261138386,43.37387813141889,2636000
2022-08-29,43.28641891479492,43.620371564824524,42.88885811385142,42.896811028433284,3954900
2022-08-30,41.40196990966797,42.46743267751025,41.40196990966797,42.459482798315115,4875300
2022-08-31,40.16158676147461,40.95670828386739,40.04232035300443,40.113881411345695,3084400
2022-09-01,39.668609619140625,39.9071454533075,39.40622111150137,39.85944010636274,2091500
2022-09-02,40.42397689819336,41.378123298140004,40.38422143010137,41.00441522515018,3507100
2022-09-06,40.352420806884766,41.37812838884784,40.312665333901705,41.28271161391069,3818500
2022-09-07,39.406227111816406,39.72427392808476,38.97686072504857,39.43007978892079,3384900
2022-09-08,39.27105712890625,39.33466831571717,38.7144713769041,39.056373923141926,2958300
2022-09-09,40.2967643737793,40.3285699668739,39.77198422031154,39.85944808474755,2369500
2022-09-12,40.48759078979492,40.97261545557548,40.4080798423203,40.718176783878825,2427400
2022-09-13,39.525489807128906,40.17748920718014,39.39032060540632,39.827636832297095,2483800
2022-09-14,40.718177795410156,41.21115538807378,40.24905591410012,40.3444726932179,3257600
2022-09-15,39.803794860839844,40.042330773001,39.50164775442308,39.92306130034608,1888300
2022-09-16,39.88329315185547,39.915098738880445,39.17563552286223,39.414171359254105,1817100
2022-09-19,39.453617095947266,39.663221203319814,38.462036950272754,38.56683900395903,2008500
2022-09-20,38.73612594604492,39.179514917018594,38.453970166861865,39.131147112168556,2287600
2022-09-21,38.53458786010742,39.48586037392569,38.53458786010742,39.37299805453497,2807800
2022-09-22,38.67163848876953,39.39718331349043,38.63132788022865,39.171458666946286,1691400
2022-09-23,36.22895812988281,37.123799404147356,36.0274174131662,37.08349187585749,2557900
2022-09-26,36.16447448730469,36.93839026808682,36.019364893999544,36.559492654982506,2660200
2022-09-27,36.6884765625,37.534950167768024,36.57561423520234,37.083497783309596,2943500
2022-09-28,37.2608528137207,37.4704538291816,35.96292996240241,36.22090186232395,3627500
2022-09-29,37.60749816894531,37.74454437726726,36.57560763013846,36.785211693211956,2607900
2022-09-30,37.50269317626953,38.20405393906186,37.462385652020224,37.58330822476815,2469900
2022-10-03,39.68739700317383,39.83250656317036,39.01828343231623,39.03440398318941,1970100
2022-10-04,41.4367790222168,41.4367790222168,40.493566722362225,40.5580612378559,2068600
2022-10-05,41.331974029541016,41.68668461369931,40.67092066913337,41.02563125329167,1739300
2022-10-06,40.880516052246094,41.01756533141562,40.34844871160849,40.372635687501415,3885800
2022-10-07,41.041751861572266,41.6060664893778,40.75959608530315,41.25135285604827,2314600
2022-10-10,39.905067443847656,40.71123042251124,39.905067443847656,40.58224446893578,1517600
2022-10-11,39.34074020385742,39.8566838537021,39.23593818896187,39.42135832118736,2747100
2022-10-12,38.953792572021484,39.25207199535626,38.56683473425184,38.8973614128843,1662800
2022-10-13,40.65480041503906,40.816033630406,39.17952064604313,39.187583998208765,1909500
2022-10-14,41.11430358886719,41.42064631981981,40.49355785192479,41.356151818454165,4569100
2022-10-17,41.5980110168457,42.07364732640104,41.58995073968316,41.58995073968316,2825400
2022-10-18,41.53350830078125,42.11394650751538,41.11430327094738,42.02526810645688,3264700
2022-10-19,41.96883773803711,42.08170004139068,41.412583421127216,41.54156934999802,1660100
2022-10-20,41.79955291748047,42.412238557705116,41.49321317263613,42.17845053511234,2307200
2022-10-21,42.065582275390625,42.16232096670215,41.14655701976228,41.29972687061115,2320400
2022-10-24,42.47671890258789,42.960418451407534,42.21874703999095,42.30742544437125,2442900
2022-10-25,42.54121780395508,42.903991734258064,42.54121780395508,42.71857463105154,2645600
2022-10-26,43.339317321777344,43.50055052118685,42.613772537335805,42.65408006837131,1871700
2022-10-27,43.734336853027344,44.16966555239353,43.61341118922538,43.67790569665773,3195400
2022-10-28,44.15353775024414,44.70172871051097,43.70208546671054,44.580803058144106,1924100
2022-10-31,44.15353775024414,44.48406438141087,43.613407065010456,43.7665799680441,2091300
2022-11-01,45.02419662475586,45.20961679753761,44.70173331070511,45.16930619242229,1450300
2022-11-02,44.16967010498047,45.22574163326215,44.02456052356856,45.22574163326215,2203200
2022-11-03,44.838775634765625,45.14511837049737,44.22609323856928,44.30670829126688,2892500
2022-11-04,46.306007385253906,46.64459748660065,45.782003215093994,46.16089778114361,1630200
2022-11-07,46.65264892578125,47.06379375128857,46.57203386111232,46.86225301434864,1252100
2022-11-08,46.22538375854492,46.70102002290486,46.064150553203525,46.31406217524607,1891900
2022-11-09,45.38697052001953,46.19313341762296,45.34666299019284,45.9190379094271,1315100
2022-11-10,46.08027648925781,46.70908263878951,45.72556587995466,46.11252374699476,2211900
2022-11-11,47.45881271362305,47.72484796722137,47.2008408117949,47.58779866453712,2083200
2022-11-14,46.797760009765625,47.64423051712484,46.797760009765625,47.32982744941436,1684200
2022-11-15,48.01506805419922,48.53101186783378,47.692601633043765,48.144054007607856,2308500
2022-11-16,48.44232940673828,48.99858070779264,48.13598663972536,48.80510333145523,2424800
2022-11-17,48.474578857421875,48.490702485391736,47.63616865459463,47.83770939131651,1805600
2022-11-18,48.03118896484375,48.28109750559334,47.39431951049748,48.135987931811464,2257700
2022-11-21,46.7493896484375,47.0396057199173,45.79811714532906,47.03154544373766,2797000
2022-11-22,48.42620849609375,48.57131807412083,47.628108892212424,47.84577018398542,1616400
2022-11-23,48.579376220703125,48.61968682692925,47.86189171372998,48.007001285395056,1525900
2022-11-25,48.86152648925781,49.135621956915465,48.72447721779551,48.77284809159402,487600
2022-11-28,48.047306060791016,48.668051842809525,47.853828693178706,48.03924578516855,993900
2022-11-29,49.167884826660156,49.538719084461235,48.90184954914987,48.90184954914987,1414400
2022-11-30,50.3206901550293,50.562541501647544,49.67576040633841,50.40130829565792,2051900
2022-12-01,49.74025344848633,50.55447665552691,49.65963531024083,50.489985220198044,1413000
2022-12-02,49.71564483642578,50.043744885002475,49.46136471733421,49.740251479587485,1197200
2022-12-05,49.026634216308594,50.55230878327226,48.846177142660494,50.37185170962417,1586500
2022-12-06,49.313716888427734,49.99452986315651,48.97741255112249,49.723844281679185,3443900
2022-12-07,48.60009765625,49.354730582061194,48.4360460678925,49.00202389127468,1681300
2022-12-08,49.018428802490234,49.66643088949373,48.862581506347496,49.56800118293116,1767700
2022-12-09,48.25559616088867,48.878988493803746,48.14075784914532,48.411443461861424,1382400
2022-12-12,49.018428802490234,49.17427922765692,48.47706072286016,48.550883785038074,1064400
2022-12-13,50.57691192626953,51.0608623937974,50.33903727820822,50.814786574330846,1331500
2022-12-14,49.764862060546875,50.72456189710204,49.69924329724877,50.62613218764286,1172400
2022-12-15,49.510581970214844,50.117568791312756,49.03483266754862,49.94531602821934,1037900
2022-12-16,48.88719177246094,48.9200027200872,48.247393938869905,48.46066196941637,1296200
2022-12-19,49.174278259277344,49.62541779524754,48.96101024873033,49.53518926224872,1232300
2022-12-20,49.871498107910156,50.18319585112264,49.526992546220704,49.65002890581372,1011900
2022-12-21,51.78268814086914,51.799093612903484,50.83939383754958,51.27412789487613,1471100
2022-12-22,50.987037658691406,51.74987486427364,50.45387079319029,51.72526822184315,1122400
2022-12-23,51.84831237792969,51.87292215309322,51.257730967415775,51.29053878592686,930800
2022-12-27,51.987754821777344,52.348665840107586,51.6350449754215,52.061577885643075,963300
2022-12-28,51.25772476196289,52.512710498499686,51.11827981633183,52.49630815574196,1169600
2022-12-29,51.58052062988281,52.07010420640949,51.381366647293504,51.84605716303845,1459400
2022-12-30,51.51413345336914,52.01201361696525,51.207104292554824,51.64690170802443,1033200
2023-01-03,50.98305892944336,52.368830600136796,50.96646250139042,52.169676628946455,1876900
2023-01-04,50.684329986572266,51.38136093452346,50.41049368663874,51.07433494571951,1507900
2023-01-05,50.709224700927734,50.86688601590768,50.33581299129636,50.37730247782319,1097600
2023-01-06,51.30668640136719,51.80456659935172,50.983060790687624,51.248597318338724,2221500
2023-01-09,51.63860321044922,52.34393715297117,51.44774903742186,52.18627267035881,2200000
2023-01-10,52.40202331542969,52.468405862018095,51.7464786536024,52.03690823013602,1701800
2023-01-11,52.5596809387207,52.96628548273096,52.39371983574826,52.86670692168064,1230600
2023-01-12,53.563751220703125,53.879073875766515,52.816927741984195,53.19863611313157,1724300
2023-01-13,53.63013458251953,53.820991947690274,53.4641766108943,53.68822050567744,1419400
2023-01-17,53.03267288208008,53.91226459258725,52.991183393898005,53.57204255933713,1382300
2023-01-18,52.48500061035156,53.97864742885186,52.46840418287435,53.92056151540405,1420900
2023-01-19,52.750545501708984,52.92480326974377,52.12819361691729,52.35224067529574,1260000
2023-01-20,52.94139099121094,53.01607333171881,52.60117214344059,52.957987418595444,1356300
2023-01-23,53.20692825317383,53.54714392008454,53.03266735625445,53.11564948941718,1139900
2023-01-24,53.00777816772461,53.372890083953656,52.59287696796412,53.07416071365492,1283000
2023-01-25,52.76713562011719,52.982882854909214,52.16967686923927,52.40202369760568,2248600
2023-01-26,53.51395797729492,53.58034369239777,52.41861900165898,53.18203573267095,2181800
2023-01-27,52.48500061035156,53.11565219270611,52.377125414472125,53.016073627842836,1177800
2023-01-30,51.90414047241211,52.377127596157095,51.82116149701457,52.19457321719351,1731900
2023-01-31,51.480934143066406,51.539020049354306,50.96645445102435,51.323269684189704,4315900
2023-02-01,50.66773223876953,51.397956022002816,50.00388783154693,51.29008399645716,2258100
2023-02-02,49.99558639526367,50.60964146328735,49.50600293299103,50.56814881774072,2221600
2023-02-03,50.28602600097656,51.30668577565403,50.09517182189523,50.5930551792529,1452900
2023-02-06,49.99558639526367,50.385594472202136,49.27365931206314,50.25282623660842,2087600
2023-02-07,51.26518630981445,51.40625435022684,50.46857684242751,50.50176969492979,2154700
2023-02-08,50.55156707763672,51.3813695825128,50.169858685100614,50.95817169782195,2485600
2023-02-09,51.248600006103516,51.738183598157704,51.03285275311391,51.63860818642752,2053400
2023-02-10,52.8833122253418,52.99948406728931,52.343942506950455,52.52649690196285,1366600
2023-02-13,53.099056243896484,53.33139673433728,52.634365766680176,52.94969156069999,1176200
2023-02-14,53.83757781982422,53.9454561843691,53.07416112575092,53.248418871296565,1368500
2023-02-15,53.655025482177734,53.72970465831972,52.858412783435945,53.25671755008439,1347500
2023-02-16,53.00777816772461,53.40608293964129,52.86671011377467,52.899902969462296,1045600
2023-02-17,51.66350173950195,52.144788704092896,51.48094734383409,52.07010635322345,1491400
2023-02-21,52.02861022949219,52.38542550866802,51.80456320544376,51.82945626407862,1676600
2023-02-22,51.27349090576172,51.854353217152024,51.04944387856353,51.514134360764764,1719500
2023-02-23,52.543087005615234,52.62606597831733,51.88754235875602,52.10329275249331,1276000
2023-02-24,51.94562911987305,51.9622255477731,50.99965488768453,51.15731937001258,2240000
2023-02-27,51.8045654296875,52.24435970015883,51.60541145572321,51.82945848939116,2776800
2023-02-28,51.373069763183594,52.19457558484238,51.16561914983438,52.169679358737774,1586200
2023-03-01,51.60541915893555,51.88755215098975,51.265200241938906,51.58052609551607,3624800
2023-03-02,51.91244125366211,52.070102576085254,51.47264381246902,51.54732615792105,2344500
2023-03-03,52.07839584350586,52.21946389377829,51.232000203650756,51.33157560267285,1863200
2023-03-06,52.667564392089844,52.88331164398557,52.32734550207853,52.56798581541928,1361100
2023-03-07,51.77967071533203,52.48500148491978,51.44774849114666,52.47670485376536,1263200
2023-03-08,51.422855377197266,51.887542692025484,51.182211923192696,51.58051669252185,860300
2023-03-09,50.57646179199219,51.613714892051725,50.52667250362904,51.207110284032474,1451000
2023-03-10,50.62623596191406,51.43114519046142,50.418785390881816,51.02454384388714,1121400
2023-03-13,49.09111022949219,49.879423148556576,48.62641974240966,48.974938399082795,2956300
2023-03-14,49.73836135864258,50.31092711698941,49.24877775064439,49.65538237373931,1373900
2023-03-15,47.58915710449219,47.58915710449219,46.369349966586576,46.37764659617479,2953000
2023-03-16,47.763431549072266,47.763431549072266,45.66402913708262,46.095526803470904,3093200
2023-03-17,47.099586486816406,47.489594658029084,46.427448516533495,47.414912309614856,2636600
2023-03-20,48.04707717895508,48.32451269492173,47.668753105284665,47.719194177049076,1412000
2023-03-21,49.484703063964844,50.047983052069846,48.93823462757844,49.896653429903985,1849800
2023-03-22,48.896209716796875,49.87144348501083,48.896209716796875,49.341789694962905,1177500
2023-03-23,47.97140884399414,49.316557443793464,47.7948554845121,49.06434248221699,1576800
2023-03-24,46.82803726196289,47.214767135806746,46.256348227981675,46.735557681894214,1301600
2023-03-27,48.089115142822266,48.17318573848617,47.02980767776629,47.37450225132852,2822700
2023-03-28,48.64399337768555,48.93824369358168,48.10593382456809,48.215224966422134,2854600
2023-03-29,48.896209716796875,49.20727480303987,48.870989176776305,49.114795213513794,1608300
2023-03-30,49.72010040283203,50.13205395207725,49.602400305072585,50.123644969616066,1252700
2023-03-31,49.64444351196289,49.85462320778584,49.493113874403356,49.55196393266677,838100
2023-04-03,53.082977294921875,53.368821776305445,52.31792341931986,52.519697314979496,2557100
2023-04-04,52.19181823730469,52.70465394840483,51.88075001038249,52.5281037917759,1837200
2023-04-05,52.72988510131836,52.881214744580355,52.20863712693246,52.72988510131836,1170600
2023-04-06,52.79713439941406,53.16705268472013,52.68784006902023,52.97368455898976,982300
2023-04-10,53.21749496459961,53.276345019129316,52.5785501409539,52.5785501409539,854900
2023-04-11,53.52016067504883,53.80600520598916,53.41927531327219,53.58741972095847,1540700
2023-04-12,53.85643768310547,54.327244515115105,53.77236709623131,54.09183789202297,893900
2023-04-13,54.16750717163086,54.51219851009478,54.04139808129537,54.51219851009478,1199200
2023-04-14,54.60468292236328,54.65513041147415,54.15070041959297,54.53743029384105,977600
2023-04-17,54.083438873291016,54.5206098022373,53.87325918522212,54.47016872963678,1291500
2023-04-18,53.965736389160156,54.31042772707197,53.646262379352706,53.78918302155578,2927300
2023-04-19,53.595821380615234,53.78918631211832,53.16705622068885,53.22590627779467,2412000
2023-04-20,53.410858154296875,53.42767291320074,52.91483399143864,52.931648750342504,754300
2023-04-21,53.34360122680664,53.368821761099184,52.92324188413218,52.95687140124708,621200
2023-04-24,54.125465393066406,54.23476292468791,53.57900018456927,53.595814942735096,1339800
2023-04-25,53.17546081542969,53.696705541248605,52.93165160878837,53.6546702452626,915400
2023-04-26,53.284759521484375,54.49539346345912,53.04095029484398,54.46176394107677,1400400
2023-04-27,52.771915435791016,53.25953063491365,52.46925617774164,52.713065380846686,2009600
2023-04-28,53.74715042114258,53.77237095759844,52.52810758140449,52.662622454314985,1156000
2023-05-01,53.01572799682617,53.65467286544323,52.839174613723124,53.48652846620053,1112700
2023-05-02,51.01481628417969,51.897570369673716,50.67012170957392,51.897570369673716,1989900
2023-05-03,50.459938049316406,51.03162703650381,50.34223794144031,50.426308530755406,2652700
2023-05-04,50.661712646484375,51.16614584246882,50.17409741816249,50.81304228457094,1711400
2023-05-05,52.05730438232422,52.38518739458323,51.63694499988134,51.653759760029565,811600
2023-05-08,51.67056655883789,52.61217373953127,51.63693704372304,52.544914709301565,1028800
2023-05-09,51.35951232910156,51.5360625098371,50.75419375847943,50.86348810197237,1046100
2023-05-10,51.22499465942383,51.805089453304454,50.76259997962731,51.805089453304454,845100
2023-05-11,50.43471908569336,50.43471908569336,49.83780633743924,50.10683608013652,717900
2023-05-12,50.67011642456055,51.1493258269057,50.40949247305689,50.939146151944236,822500
2023-05-15,51.19136047363281,51.28384004258127,50.74578059461274,50.922330749648545,741400
2023-05-16,50.106834411621094,50.80463248837873,50.03957858173009,50.61126756769692,701700
2023-05-17,50.49355697631836,50.871877755966906,50.09841823382965,50.39266844179779,1313500
2023-05-18,50.451534271240234,50.77100831635522,50.06480438915184,50.762602539391445,1195600
2023-05-19,50.804630279541016,51.258619138144915,50.804630279541016,51.10728951861029,1042200
2023-05-22,50.82985305786133,51.05684749718488,50.63648813704957,50.69533819090152,1093900
2023-05-23,51.578094482421875,51.92278904466413,51.32587949662541,51.435173833069314,1183200
2023-05-24,51.2418098449707,51.57809542984728,50.930744797010775,51.45198953817642,1369900
2023-05-25,49.8546142578125,50.073202898196094,49.35018436122847,50.02275862570286,974600
2023-05-26,50.165679931640625,50.333824301802956,49.82939439840308,50.05638881705916,725900
2023-05-30,48.63557815551758,49.03912597568733,48.34132787735995,48.98868169639423,1976400
2023-05-31,47.332462310791016,47.69397160944414,46.97936199513205,47.31564755189002,1826300
2023-06-01,48.416996002197266,48.980276060911535,47.91256600313709,47.996636600617876,1580700
2023-06-02,49.770545959472656,49.97231664452296,49.59399580828184,49.720101684666474,1545400
2023-06-05,49.03912353515625,50.140462984667984,49.03912353515625,50.140462984667984,1663500
2023-06-06,48.92982864379883,48.92982864379883,48.206810053653726,48.265660105680674,1950200
2023-06-07,49.551963806152344,49.669667129466305,49.03912804360733,49.11478965510627,1109500
2023-06-08,50.01436233520508,50.056397633377465,49.3754142574692,49.82099419085429,2823100
2023-06-09,49.66966247558594,49.930283220785604,49.28292943510808,49.56877392219832,1710100
2023-06-12,48.65239334106445,49.165232293559434,48.526287452359355,48.97186736520826,1162700
2023-06-13,48.77850341796875,49.58559266742997,48.71965336063851,49.15682750586857,949300
2023-06-14,48.837345123291016,49.61080471997818,48.669200756636876,49.40903404566285,2143400
2023-06-15,49.37540817260742,49.56877308604088,49.02230786296909,49.072748931724696,2938900
2023-06-16,49.46319580078125,50.04270971719992,49.275705048121075,49.86373979375882,1517900
2023-06-20,48.81549835205078,49.19047982745417,48.56835531260667,49.156390011329535,1615300
2023-06-21,50.0853157043457,50.358027727754376,49.369445830152,49.41205647425015,2000700
2023-06-22,48.93480682373047,49.377964656547654,48.79845081755469,49.30978827895158,1624500
2023-06-23,48.28711700439453,48.75584057629344,48.17632673253287,48.423473011692096,1240200
2023-06-26,48.994468688964844,49.27570154698893,48.6535770267099,48.6535770267099,950600
2023-06-27,48.346778869628906,48.602446010335036,48.133722377209786,48.551314532784254,2720000
2023-06-28,48.25303268432617,48.47461325328055,47.75874332070736,48.18485629840607,2065700
2023-06-29,48.62800598144531,48.636526809128796,48.10814771619918,48.43199443489051,1873000
2023-06-30,49.12229537963867,49.27569628617751,48.73879311329159,49.096729645543356,1542100
2023-07-03,49.54841995239258,50.00862278036146,49.54841995239258,49.8978324882243,592400
2023-07-05,48.832542419433594,49.30126600463469,48.62801002817452,49.30126600463469,1268900
2023-07-06,47.20479202270508,47.801350802167114,46.82128971798063,47.716129512665596,1757300
2023-07-07,47.84395980834961,47.98883989672088,47.10252421193105,47.11956911944436,898000
2023-07-10,48.0570182800293,48.44904141623379,47.82691689547871,48.159284478390504,885200
2023-07-11,48.900726318359375,48.95185779514481,48.440523521386275,48.54278972594118,864300
2023-07-12,49.761470794677734,49.94896153681247,49.676249503334965,49.68477033207569,989400
2023-07-13,50.2216682434082,50.545514967932114,50.0171326145027,50.366545073520975,960000
2023-07-14,48.82402420043945,49.67625012852819,48.73879965704023,49.67625012852819,1076300
2023-07-17,48.59392166137695,48.985944798797426,48.58539758174651,48.79845405873379,1325300
2023-07-18,49.30979919433594,49.463200141613996,48.83255144158372,48.91777599617394,1557800
2023-07-19,49.94895935058594,50.11088109744355,49.64215751360625,49.64215751360625,1108700
2023-07-20,50.8182258605957,51.056848046611535,50.52846895572643,50.724480501522784,1464100
2023-07-21,51.25286865234375,51.29547930009548,50.83527975299914,51.13355753824529,1242700
2023-07-24,51.61932373046875,51.87499085635195,51.525578359082004,51.610802901698996,772500
2023-07-25,51.44035720825195,51.51705767132525,50.86936414959879,51.09946553881867,874800
2023-07-26,50.88641357421875,51.031293684430025,50.36655519513953,50.39212418575575,872700
2023-07-27,50.426204681396484,51.1761643797883,50.28984866814196,51.07389818259335,1120400
2023-07-28,51.056854248046875,51.3636560964652,50.571085738379146,50.77562138765265,1386500
2023-07-31,51.85794448852539,52.19031531890278,51.7897681073342,51.892034304612885,925500
2023-08-01,51.43183135986328,51.789767925558074,50.92901795278082,51.52557672828296,842900
2023-08-02,49.68477249145508,50.64778873020516,49.40353961701402,50.55404335506347,1595700
2023-08-03,50.51994323730469,50.75856866655862,49.88077390180849,50.00860906930107,913700
2023-08-04,51.678977966308594,52.403371930643864,51.53410112403182,51.56818768922507,1420300
2023-08-07,51.994300842285156,52.12213602795827,51.50001150971567,51.94316936880296,1506400
2023-08-08,51.85794448852539,51.91760004118661,50.71596165746465,51.090943132459515,714800
2023-08-09,53.2982063293457,53.62204981704586,53.119239678092924,53.204460964122724,1562800
2023-08-10,53.962947845458984,54.653248796501416,53.80954691167532,54.28679462244495,2029200
2023-08-11,53.32377243041992,53.50273908289927,53.01697059703607,53.05958124034301,1486800
2023-08-14,52.51416015625,52.693130069775584,52.18179256839144,52.61642960711716,1006600
2023-08-15,52.09656524658203,52.5652887970228,52.02838562056268,52.52267815625246,913400
2023-08-16,51.96873474121094,52.63346989968977,51.92612409661323,52.12213566254971,843900
2023-08-17,52.215877532958984,52.906181632735326,52.14769790538344,52.6164247175064,1081900
2023-08-18,52.76130294799805,52.96583858516207,51.98577754418157,52.02838818705384,1206800
2023-08-21,53.417518615722656,53.69875146664957,53.178896408756344,53.587964442548774,1168300
2023-08-22,53.34934616088867,53.81807306045725,53.23855912188536,53.749893420162124,1552000
2023-08-23,52.94879913330078,52.99140978056336,52.105094013172106,52.47155143140149,1599100
2023-08-24,52.5652961730957,53.11072025385155,52.46302997069997,52.46302997069997,1097600
2023-08-25,53.059574127197266,53.221499101433196,52.607895516924955,53.068098205306136,1034500
2023-08-28,53.340816497802734,53.58796277646749,53.119239205506375,53.289681776049584,688400
2023-08-29,53.869197845458984,53.869197845458984,53.17889695366631,53.4430848995193,1011700
2023-08-30,53.82658767700195,54.337921916257336,53.82658767700195,54.2441797981481,1664100
2023-08-31,53.61353302001953,54.03964598417514,53.41752144662602,53.86067931946592,1718100
2023-09-01,54.4401969909668,54.866306733726326,54.099305295578205,54.71290579589987,903000
2023-09-05,54.37200927734375,54.94300229468052,54.24417734879396,54.840732850660295,902600
2023-09-06,54.65324401855469,54.840734754784634,54.11634404823329,54.44871162537999,1620600
2023-09-07,54.42314529418945,54.81516841930968,54.33792075547827,54.56802213352286,672000
2023-09-08,54.832210540771484,55.24128182808457,54.74698925232179,54.806644804433326,689200
2023-09-11,55.096405029296875,55.95715499781673,55.096405029296875,55.71000870974796,1228300
2023-09-12,56.119075775146484,56.22986930648667,55.582175783924896,55.6333072587171,1557900
2023-09-13,56.22134780883789,56.29804502454876,55.548088517958504,56.29804502454876,1214900
2023-09-14,56.53666687011719,56.80938541826428,56.22134742726621,56.32361038085331,1098900
2023-09-15,56.32616424560547,57.00770384888627,56.26577499376716,56.628110504797014,1292400
2023-09-18,56.48145294189453,56.64536944950166,56.1795066767774,56.57635127977919,982200
2023-09-19,57.2233772277832,57.62022179899637,57.08534089939545,57.318275558066176,1071000
2023-09-20,57.240623474121094,57.9653009709396,57.18023423121404,57.499438276256384,1208600
2023-09-21,56.52458572387695,57.51670054626088,56.455574134426094,57.41317987111705,882200
2023-09-22,56.602230072021484,57.085344084465085,56.55046973695532,56.912805246288016,730400
2023-09-25,57.10260009765625,57.11985134815027,56.35204235344232,56.679868768305234,1012100
2023-09-26,56.41243362426758,56.57635012853927,55.99833777822884,56.07597828113555,1200100
2023-09-27,57.11985397338867,57.1629919745082,56.593601953017775,56.8610457124761,1695200
2023-09-28,57.66335678100586,58.086088126383785,57.51669810947546,57.83590220216057,2047500
2023-09-29,56.73164367675781,57.74100981220224,56.498708979694946,57.68062055406289,1475300
2023-10-02,55.74815368652344,56.98182551252675,55.48070992098592,56.895549508326575,1394500
2023-10-03,55.54109573364258,55.59286264934239,54.980337941726525,55.30816764976451,1045000
2023-10-04,54.195274353027344,54.86818501912694,53.893328103102476,54.85955939382936,1150500
2023-10-05,54.2901725769043,54.5403584926057,53.72941149563803,53.72941149563803,1035200
2023-10-06,55.20464324951172,55.53247295492638,54.143510342273956,54.79054083689991,1398600
2023-10-09,56.13637161254883,56.21401870303322,55.5411013859312,56.04147326969862,1492600
2023-10-10,56.515960693359375,56.8437871189042,56.13636735077658,56.36067310611503,1161900
2023-10-11,56.6971321105957,57.370042838144,56.42969491937399,57.25789324419769,1261400
2023-10-12,56.47282409667969,56.94731578670361,56.05009932498061,56.938686869993646,849200
2023-10-13,57.33552551269531,57.7151188252506,57.06808835990459,57.490813087655724,1101600
2023-10-16,57.41317367553711,57.585712503447844,57.119849769767605,57.54257450550297,1072500
2023-10-17,57.8013916015625,57.96530810187557,57.16299001487501,57.171612349255426,1285100
2023-10-18,57.835899353027344,58.129216681638624,57.71512085513629,57.99118693344934,1010300
2023-10-19,57.85315704345703,58.05158264461478,57.266515738995906,57.395923167408775,1319700
2023-10-20,56.83515930175781,58.051579855689916,56.81790805036799,57.83590301267514,2301400
2023-10-23,56.94731903076172,57.37867274374323,56.67125291773096,57.128486800381715,1212800
2023-10-24,56.24851608276367,57.06809200707418,56.24851608276367,57.01632509082283,1546600
2023-10-25,56.602230072021484,56.835158161753995,56.283025981265666,56.49008048539987,1451400
2023-10-26,56.636741638183594,57.02495733206317,56.36067553584066,56.636741638183594,1557400
2023-10-27,57.17160415649414,58.4742938921373,57.059454588208006,58.3448864936941,3697000
2023-10-30,57.75825119018555,58.19823375679721,57.516694198927176,57.95667676553884,1738500
2023-10-31,57.45630645751953,58.042947701071036,57.257887458898395,57.55120478970687,2096600
2023-11-01,57.84453201293945,58.43979562480483,57.6719865891173,57.96531051864749,1582200
2023-11-02,59.21623611450195,59.38015262867286,58.491565049202535,58.603714643041194,1211000
2023-11-03,57.326900482177734,58.06882932594633,56.98182280948651,58.04294915868796,2026600
2023-11-06,57.75825119018555,58.31038333647163,57.68923960835056,58.31038333647163,1329800
2023-11-07,56.49870300292969,56.886925262987525,56.308906331159385,56.86966742995307,1202600
2023-11-08,55.77402877807617,56.68849641832879,55.64462136549047,56.636736086068275,1387900
2023-11-09,56.11048126220703,56.61947538883656,56.11048126220703,56.17087050743315,1397100
2023-11-10,57.439048767089844,57.49080909450343,56.705748940350865,57.404539688169514,2098800
2023-11-13,57.91353988647461,58.02569605025003,57.50807297584917,57.57708455901732,875400
2023-11-14,58.457054138183594,58.68998223563449,58.16373020524118,58.18098803879161,1241900
2023-11-15,58.10334396362305,58.72449436493771,58.0515836241586,58.43117699872542,1207100
2023-11-16,57.309654235839844,57.456312917733946,56.80928235203439,57.370043492027726,1302000
2023-11-17,58.15510940551758,58.38803750911706,57.89629455090912,57.93080363698592,1175900
2023-11-20,59.19034194946289,59.51816831835339,58.83662883555972,58.96603623288853,1340200
2023-11-21,59.48366928100586,59.57856761627008,59.19898085714796,59.457789113558306,1294000
2023-11-22,58.74173355102539,58.810751710757515,57.33552310163667,57.49081067006697,1379100
2023-11-24,59.33701705932617,59.82876004007447,59.2938856362045,59.509562497619285,560200
2023-11-27,59.268001556396484,59.78563131268021,59.12134286368612,59.742493305677975,979000
2023-11-28,59.50092697143555,59.966789730180224,59.49229805499544,59.733855059840515,961200
2023-11-29,58.54331970214844,58.931535366295,58.27588253715568,58.733116367085714,1136900
2023-11-30,58.707237243652344,59.48366858574297,58.396662074042226,59.08682399833774,941100
2023-12-01,58.12060546875,58.69861790239252,57.96531785861394,58.22412615421687,1342900
2023-12-04,57.12848663330078,57.482193254304796,56.973199033804185,57.11122879894822,1774700
2023-12-05,56.36067199707031,57.45630742078189,56.36067199707031,57.36140908700357,1750500
2023-12-06,55.93794631958008,56.94731900985714,55.8861859802606,56.852420666481216,1835300
2023-12-07,56.515960693359375,56.57634994495802,56.17950535131909,56.39518219016208,1268400
2023-12-08,57.43042755126953,57.525325885539495,56.8437862948437,56.88692429476084,893700
2023-12-11,57.39592361450195,57.66336080855261,57.206126928942666,57.43043270114321,775600
2023-12-12,57.21475601196289,57.43906178481374,56.92143864756473,57.085348582166816,1785300
2023-12-13,57.85315704345703,57.87903721275256,56.93868929136051,57.29240249022666,896000
2023-12-14,58.439796447753906,58.56057495516276,57.939431166460835,57.973933669776216,1099600
2023-12-15,57.74100875854492,58.638225278768296,57.568469904705395,58.58646493900351,2597600
2023-12-18,58.43117141723633,59.112704428200914,58.362153249919636,58.897027591787264,1061800
2023-12-19,58.57782745361328,58.698605950021886,58.42253987509731,58.50018037338809,947800
2023-12-20,57.97392654418945,58.88840073608895,57.97392654418945,58.64684375096107,838500
2023-12-21,59.009185791015625,59.009185791015625,58.39666434434217,58.48293376549119,800900
2023-12-22,59.06093978881836,59.51817359557866,59.0005505423016,59.42327526791887,879300
2023-12-26,59.48366928100586,59.75111303581173,59.00055527015875,59.00055527015875,504700
2023-12-27,59.66484069824219,60.07030760497668,59.49229528714135,59.78561919504556,934400
2023-12-28,58.41569519042969,59.20132304824785,58.41569519042969,59.03546642830886,1017900
2023-12-29,58.81723403930664,59.026739231315744,58.668839523178896,58.97435960339434,574700
2024-01-02,58.98308563232422,59.48064876628988,58.90452618688434,59.10529365401139,1173100
2024-01-03,59.01800537109375,59.349711919544646,58.38077209714778,58.70375425789272,1238100
2024-01-04,59.402095794677734,60.161530489379615,59.32352968083778,60.03932245437383,1311100
2024-01-05,59.55049133300781,60.030592433074915,59.42828329591157,59.75125882544942,817000
2024-01-08,58.18000793457031,58.39823751672561,57.91812977204862,58.39823751672561,923100
2024-01-09,57.158695220947266,57.76973538846326,57.08886015613449,57.75227995217923,1188700
2024-01-10,56.75714874267578,57.42929960826986,56.64367175360599,57.385651026406876,2157800
2024-01-11,57.062679290771484,57.490407450151224,56.60875798462895,57.42930342738269,2139000
2024-01-12,57.90068054199219,58.031619637287974,57.49040781799029,57.85703195694725,1646300
2024-01-16,56.28577423095703,57.02775344498096,56.128648672471186,56.82697930808982,1456500
2024-01-17,55.15098190307617,55.29937642497824,54.74944025919137,54.99385633287442,1532900
2024-01-18,55.8405876159668,55.87550514896038,54.95021050414575,55.36921091031108,1407200
2024-01-19,55.744571685791016,55.744571685791016,55.30811246912171,55.68346766185088,1717800
2024-01-22,55.22081756591797,55.28192491860255,54.63596382518946,54.92402517109349,2022300
2024-01-23,55.22954559326172,55.25573207875139,54.845462709762785,54.91529444770836,2305600
2024-01-24,56.076271057128906,56.26831415325742,55.64854294473973,56.1199196370993,3297600
2024-01-25,56.661128997802734,56.661128997802734,55.63981287420567,56.0064402849571,2061700
2024-01-26,57.2110710144043,57.342010102433726,56.44290524305093,56.792067264677854,1934500
2024-01-29,57.21980285644531,57.263444779834586,56.56511406705732,57.10631920398792,1901300
2024-01-30,57.6213493347168,57.72609528748395,56.940474002373044,57.10632398086747,1227000
2024-01-31,56.896820068359375,57.630068308176405,56.80952956264383,57.54277780246086,2379900
2024-02-01,57.132511138916016,57.804662089636096,56.940474669978244,57.149973237808155,2668600
2024-02-02,56.189754486083984,56.57383401703292,56.13737485835231,56.530192097067804,1378100
2024-02-05,55.7532958984375,56.050088280303086,55.21208743618355,55.44777579795205,1440000
2024-02-06,56.78334045410156,57.05394300727229,56.425440739408835,56.469089320169836,2270800
2024-02-07,55.03750991821289,55.220822001231696,54.68834452149895,54.906574143165074,6332500
2024-02-08,56.032630920410156,56.154838956411,55.2382720265662,55.334293577686644,3348900
2024-02-09,56.13737487792969,56.32941797339025,55.945331782469125,56.22467203756684,3474600
2024-02-12,56.41671371459961,56.582570341513275,56.032634147833704,56.21594621239356,3213300
2024-02-13,56.242130279541016,56.98410955460691,55.96279667034543,56.92300553571533,3306700
2024-02-14,56.41671371459961,56.77461345481565,56.19848411490851,56.50401088234713,4014500
2024-02-15,56.739688873291016,56.739688873291016,55.51760193482176,55.561250513274885,2849900
2024-02-16,56.259586334228516,56.547650994954324,56.10246076109068,56.355607887803785,1664700
2024-02-20,55.22081756591797,55.805674636565975,55.08988180138686,55.805674636565975,1282700
2024-02-21,55.945335388183594,55.988983970815354,55.33429519037099,55.526338298208856,1905700
2024-02-22,55.98897933959961,56.2333953985074,55.51760265748968,56.00644143514337,1253800
2024-02-23,56.31196212768555,56.50400522174896,55.71837740959782,56.04135292248793,1004700
2024-02-26,56.1286506652832,56.14610610136225,55.55252137710065,55.66600169112926,1026900
2024-02-27,56.33815002441406,56.68731868966487,56.25958391130941,56.51273102712029,736600
2024-02-28,55.79693603515625,56.42543827557597,55.79693603515625,56.224670796454056,1000500
2024-02-29,55.927879333496094,56.198481895276814,55.50887891822848,56.146108924567926,991800
2024-03-01,56.3032341003418,56.652402775567445,55.92787893994598,56.21594359649502,889900
2024-03-04,56.15483474731445,56.61748037175973,56.032626720473736,56.57383179367177,787000
2024-03-05,56.006446838378906,56.27704940687068,55.76202742597164,55.83185916528844,1594900
2024-03-06,56.94919967651367,57.3332859382288,56.83572267184305,57.04522124194245,1238100
2024-03-07,57.307090759277344,57.481671764579765,57.02775715489039,57.062674687918566,841700
2024-03-08,57.42930221557617,57.83084387955925,57.245990151138614,57.726091274235415,732300
2024-03-11,57.69990539550781,57.70863644433646,57.097596223109655,57.37692984707604,716900
2024-03-12,57.848297119140625,57.98796725426537,57.516590537977244,57.68244715847823,760700
2024-03-13,59.175132751464844,59.41081776371043,58.75612903433718,58.77359112996316,2218300
2024-03-14,59.419551849365234,59.62032600029979,58.991823722395,59.23623979494942,1116600
2024-03-15,59.44573974609375,59.917116465717164,59.140219648144864,59.63778285332981,1406500
2024-03-18,60.16131591796875,60.329169033368906,59.304391524619284,59.675435608135736,2143600
2024-03-19,60.42634582519531,61.0712430956508,60.41750967710511,60.638366199317076,2297200
2024-03-20,61.124263763427734,61.230270598728886,60.29384094019631,60.38218221628305,1312300
2024-03-21,60.09064865112305,60.98291102248991,60.011143526351404,60.62070977629603,3114700
2024-03-22,59.931617736816406,60.205484385193074,59.92278832945359,60.14364483362524,878200
2024-03-25,60.329166412353516,60.64720033297556,59.54291775859511,60.187815007629965,1557800
2024-03-26,59.76377868652344,60.70904437039278,59.710768535834774,60.70904437039278,1713100
2024-03-27,60.44401168823242,60.59419250649752,60.064138198499045,60.18781731236515,1781100
2024-03-28,60.80622482299805,60.97407121188446,60.44401685854573,60.523528718550274,821200
2024-04-01,61.610130310058594,61.67196986342664,60.64719915904094,61.20375513935341,943400
2024-04-02,63.34164047241211,63.34164047241211,62.246194137454154,62.49355233502479,3379200
2024-04-03,63.783363342285156,63.9070424602226,63.20030560629529,63.42116213689878,1091800
2024-04-04,64.10139465332031,64.46360258383956,63.968886132404634,64.36642517516395,1098700
2024-04-05,64.375244140625,64.41058198343909,63.75684200138489,64.17205322944505,950400
2024-04-08,65.0820083618164,65.42654405027938,64.86998795507164,64.96716537899782,1087700
2024-04-09,64.51661682128906,65.26752777254458,64.29576026268407,65.13501922938741,805600
2024-04-10,64.80813598632812,64.81697213408691,63.98654948491452,64.33108510744223,1374600
2024-04-11,64.44593811035156,65.3116987454574,63.827542470995226,65.3116987454574,930500
2024-04-12,64.03955078125,65.14383331450375,63.93354397166129,64.76395985346423,974600
2024-04-15,63.756866455078125,64.55195137333601,63.606685620520224,64.41060668787179,3077300
2024-04-16,63.385826110839844,63.60668264781141,62.91761133086118,63.45650182027234,1326400
2024-04-17,63.385826110839844,63.97772001232205,62.80276161803173,63.597846499130696,1680600
2024-04-18,62.57307052612305,63.59784126858638,62.46705697069329,63.429994897496854,2048900
2024-04-19,63.650848388671875,63.668513943733515,62.81158961312039,62.91760316350747,1361600
2024-04-22,64.1279067993164,64.33993394731772,63.244480569332666,63.544848992330905,864600
2024-04-23,64.46360778808594,64.63146091480503,63.783365872439795,64.07489812200242,775700
2024-04-24,64.26041412353516,64.43710339165432,63.83637336006202,64.36642768440666,1125200
2024-04-25,65.15267181396484,65.16150796175145,63.82753272622318,64.02188753749292,1390400
2024-04-26,65.86824798583984,66.23045592273924,65.37353152569068,66.00076324909587,2495400
2024-04-29,65.79757690429688,65.95659386708945,65.52371023837263,65.77990460842767,1499800
2024-04-30,64.0218734741211,65.65620997532791,64.00420118242987,65.63854442364114,1735400
2024-05-01,63.3239860534668,64.13673648554655,63.19147078432179,64.06606077666834,894400
2024-05-02,63.076629638671875,63.65085799492163,62.988288370019625,62.988288370019625,1322200
2024-05-03,63.27981185913086,63.31514971346314,62.81159708423954,63.23564459622041,744300
2024-05-06,63.6331787109375,64.2162431520402,63.6331787109375,63.99538663465391,1079100
2024-05-07,63.55368423461914,64.07490246766581,63.55368423461914,63.933557777689835,719100
2024-05-08,63.73918533325195,63.915867831942144,63.39464974280237,63.50949269295047,1027900
2024-05-09,65.11734008789062,65.28519321159507,64.64028916263055,64.71980102017719,1009600
2024-05-10,65.21451568603516,65.55905133245776,65.03783315864125,65.51488407061247,625400
2024-05-13,65.4265365600586,65.75340665220813,65.21451617758653,65.21451617758653,648300
2024-05-14,65.34703063964844,65.55905101951032,65.14383966810962,65.50604760954644,717800
2024-05-15,64.9141616821289,65.24986121969312,64.26925757522112,65.06434252209128,881900
2024-05-16,63.73918533325195,64.29574127013082,63.63317179003466,64.15439661917972,1049500
2024-05-17,64.657958984375,64.76396580370317,64.22507533876392,64.3134233415458,944200
2024-05-20,63.99537658691406,64.58727034297625,63.96887488738963,64.55193249694203,505600
2024-05-21,63.47415542602539,63.83636331366151,63.35047632780948,63.6685102203662,838500
2024-05-22,62.255027770996094,62.65256675246911,61.88399048962059,62.5553893587748,1219700
2024-05-23,62.28153610229492,63.32397910382009,62.14902084769313,63.16496214629911,1034300
2024-05-24,63.18263626098633,63.385827244236324,62.8381005963506,63.03245543076188,836400
2024-05-28,63.7303581237793,63.827535533688526,63.368156928668185,63.56250500848041,566500
2024-05-29,62.74092102050781,63.2091425327559,62.48473337306004,63.2091425327559,737000
2024-05-30,62.634910583496094,62.73208799175024,62.087183986064176,62.10485628211372,940500
2024-05-31,64.59612274169922,64.59612274169922,63.589017466356005,63.67735873366553,1716100
2024-06-03,62.838096618652344,64.01305495957627,62.78509320898869,64.00421881129688,941000
2024-06-04,62.13136291503906,62.166700769935375,61.31861247244384,61.77799110608259,1343400
2024-06-05,62.263877868652344,62.82043391541853,62.02534903431925,62.82043391541853,2383000
2024-06-06,62.57307052612305,62.6702479335988,61.96350437741259,62.034180081032424,1104200
2024-06-07,61.6013069152832,62.43172289299519,61.57479846981873,62.08718724202827,1437000
2024-06-10,62.19319534301758,62.4493897066273,61.24792973797765,61.45111395531944,2729200
2024-06-11,60.638370513916016,61.12425759335711,60.576530952896846,60.84156149441138,2498200
2024-06-12,60.96522903442383,61.56595897305913,60.78853979364558,61.380440325246,1304100
2024-06-13,59.51641845703125,60.072974470577,59.19838452357475,60.002298765363065,2158200
2024-06-14,58.11177444458008,58.244289722779826,57.53754606571917,57.979259166380324,4347900
2024-06-17,58.800838470458984,59.07470514192117,58.350296016774514,59.07470514192117,1396300
2024-06-18,59.658226013183594,59.926710767564764,59.36288663814219,59.47922934890491,1112000
2024-06-20,59.49712371826172,60.10569863165753,59.26443150278061,59.36287794671402,1840200
2024-06-21,58.85275650024414,59.30023790678609,58.70955917269901,58.96909920785627,1366800
2024-06-24,60.33837890625,60.42787380369045,59.497118676682135,59.50606338681008,1385300
2024-06-25,60.633724212646484,60.66057200173287,59.93565438430571,60.17729131410687,998100
2024-06-26,59.264434814453125,59.48817550352731,59.14808528619922,59.30023414406787,1222200
2024-06-27,59.59556579589844,59.81930648171218,59.3091779911778,59.75665936280529,874300
2024-06-28,59.67612075805664,60.14149841737567,59.353933598518694,59.667169218062696,1788000
2024-07-01,61.40338897705078,61.60028185578691,60.84850966679652,61.3317903251425,1227300
2024-07-02,61.439186096191406,61.86876433616467,61.27809254919568,61.63607896785541,1377600
2024-07-03,62.62053680419922,62.772678813765694,62.38784460672969,62.59368901757255,892700
2024-07-05,63.44390869140625,63.569202929947394,62.85323682800142,63.54235513997771,1277000
2024-07-08,62.33415222167969,63.220163365791706,62.15515558830837,63.02327048309495,1377400
2024-07-09,60.93801498413086,61.439198805135575,60.902222480081775,61.04541298035139,902100
2024-07-10,60.98276138305664,61.30494852006092,60.75006915565935,61.14385495155878,694700
2024-07-11,61.22439956665039,61.340742255727555,60.82166226810947,61.036451397183974,637500
2024-07-12,62.047760009765625,62.22674980234426,61.63607802441644,61.98511289956082,853500
2024-07-15,61.868770599365234,62.14621368662518,61.582382801049974,61.71662857514043,1455400
2024-07-16,61.14385986328125,61.16175611543069,60.47263774527332,60.776928656009645,1318200
2024-07-17,61.278106689453125,61.940377278581224,61.072262232116564,61.21545956383323,1289000
2024-07-18,62.01197052001953,62.495251230252016,61.707679630751386,62.36100545051677,1327500
2024-07-19,61.08121109008789,61.340751121408694,60.920117512993066,61.17965754431386,1168600
2024-07-22,61.37654113769531,61.73452756891075,61.2512469109734,61.403388925132404,1175000
2024-07-23,60.132545471191406,60.75006508572578,60.096746144142195,60.669521720882656,1200200
2024-07-24,60.19519805908203,60.776925227477555,60.150447189196186,60.445786543184944,1012000
2024-07-25,60.52632522583008,61.02750898322876,59.506068289302966,59.944604930529756,1319000
2024-07-26,60.72322082519531,60.90221747084029,60.275739453118675,60.347338111376665,696900
2024-07-29,60.24889373779297,60.42788356157713,59.6224225265243,60.401035770811916,1023400
2024-07-30,60.472625732421875,60.642670820172356,59.78350749915743,59.89089864676985,1045900
2024-07-31,60.66057205200195,61.09015716181118,60.43683137206508,60.92906359913568,1120900
2024-08-01,59.89986038208008,60.49053227857025,59.45237898279008,60.329445529729156,1116300
2024-08-02,59.56871795654297,60.27573934248927,59.09438879549612,60.22204376290625,1572700
2024-08-05,58.718509674072266,58.87960325069895,57.86829774789074,58.27997981526464,1307900
2024-08-06,58.15468215942383,58.60216353180836,57.26866753993721,57.3581590347974,1222600
2024-08-07,59.228633880615234,59.765610154244335,59.112291183536456,59.17493830165946,878300
2024-08-08,59.747711181640625,59.96250031570105,59.26443050898709,59.33602916301505,1133900
2024-08-09,60.087799072265625,60.28469197166146,59.55082278265588,59.66716548319706,683200
2024-08-12,60.374176025390625,60.65161224572832,60.08778826722898,60.544221103931925,730900
2024-08-13,60.51738739013672,60.57108297352035,59.83721374583861,60.09675377890005,936800
2024-08-14,60.803768157958984,60.94695863970465,60.59792373217163,60.65161930932331,485100
2024-08-15,61.18860626220703,61.46604253239918,61.00960961367664,61.215454052480595,835100
2024-08-16,61.439186096191406,61.56448031851886,61.000656318045316,61.134895250522575,653000
2024-08-19,61.77927017211914,62.513139266475754,61.77031863384002,62.16410438184414,847400
2024-08-20,61.439186096191406,62.00301009666495,61.40338677152313,62.00301009666495,920000
2024-08-21,61.56449890136719,61.99407727100593,61.51080331216862,61.77928808618656,910100
2024-08-22,61.260196685791016,61.4839373702943,61.14385398793788,61.39444246209775,834000
2024-08-23,62.40575408935547,62.4146988004672,61.546583860966706,61.56448693923767,879300
2024-08-26,63.02328109741211,63.09487976281921,62.72794172362621,62.781644136693814,2259200
2024-08-27,62.79953384399414,62.97853048885667,62.450498921542014,62.951675871109416,2658200
2024-08-28,62.2088623046875,62.361004332582155,61.94932228932515,62.1193673958097,571200
2024-08-29,62.289398193359375,62.38784462970877,61.86876466132521,62.119359935320176,754800
2024-08-30,61.75242614746094,62.074613264906965,61.313896337390766,61.95827057228282,1112800
2024-09-03,59.8551139831543,60.60688634070453,59.765619062214334,60.60688634070453,1178100
2024-09-04,59.49712371826172,60.4636782517533,59.398677274328314,60.00725218772412,1255000
2024-09-05,59.79246139526367,60.46368348305253,59.74771735289225,60.40998790099715,1135100
2024-09-06,59.336036682128906,60.10570524040389,59.01384952619871,60.01620349751547,885100
2024-09-09,60.29364013671875,60.63372350789966,59.67611368281466,59.70296147158899,935400
2024-09-10,58.98699951171875,59.72981342232096,58.011486540794984,59.72981342232096,1317400
2024-09-11,59.38972473144531,59.69400876898756,58.78114982833736,59.42552405845442,1618600
2024-09-12,60.257843017578125,60.3383863868532,59.50607076422486,59.67611587005959,1246200
2024-09-13,60.54423141479492,60.69637344359856,60.20414119979395,60.526328336098075,1798900
2024-09-16,60.93801498413086,61.05436452037588,60.696378027665205,60.76797669181222,1111600
2024-09-17,61.14385986328125,61.41235144169421,60.785873368072124,61.12596361113181,1651800
2024-09-18,60.89326477050781,61.69873259049279,60.72321966739329,61.063309873622345,1347800
2024-09-19,61.877723693847656,62.477347094764106,61.80612503546316,62.065665051089056,1308500
2024-09-20,61.83297348022461,62.190959947914656,61.439194510987114,62.15516061834326,1334400
2024-09-23,61.904571533203125,62.42365156486971,61.57343968695201,61.94932240173517,1167200
2024-09-24,62.25263977050781,62.941517740824395,62.17105874941837,62.88712808829677,1448600
2024-09-25,60.42168426513672,61.97165454865785,60.42168426513672,61.90820571537,2001200
2024-09-26,59.52431869506836,60.20413048532378,59.02579419812293,59.12550048059264,2513500
2024-09-27,59.959407806396484,60.15882039302935,59.43368497171054,59.82344405047372,1373900
2024-09-30,58.572593688964844,59.31585439630913,58.40037246755692,59.0892504377846,2824600
2024-10-01,59.533390045166016,59.80531755143965,58.717614441748864,58.790129365475664,2422700
2024-10-02,60.98365020751953,61.2102541437338,60.267580939234044,61.11961395232876,2725900
2024-10-03,61.52749252319336,61.654390162385766,61.019901966423724,61.08335078601993,2072500
2024-10-04,62.180118560791016,62.669583891655314,62.044154816317054,62.41578859018568,1968700
2024-10-07,62.941505432128906,63.258749528983856,62.58800387914729,62.64238660563595,1302300
2024-10-08,61.82661819458008,62.36140708929113,61.52749933391475,62.36140708929113,1113400
2024-10-09,61.67253112792969,61.75410522956514,61.101491670270555,61.19213186611116,737400
2024-10-10,62.053218841552734,62.071351028426605,61.67252590203842,61.962578653392626,736000
2024-10-11,61.89006805419922,62.16199555305249,61.69065547709396,61.80849395378537,1793400
2024-10-14,61.73597717285156,62.053221301690826,61.56375596773738,61.79942599861941,887300
2024-10-15,58.672298431396484,59.11644024203881,58.53633467679876,58.98954258185529,2261800
2024-10-16,58.41849136352539,59.18895027071585,58.34598336042077,59.089243986618335,1632100
2024-10-17,58.917022705078125,59.10736917935384,58.5091383909735,58.97140543618455,1073100
2024-10-18,58.83544921875,58.9804721416726,58.57258782333677,58.96234686958351,1026300
2024-10-21,58.83544921875,59.29771626875639,58.72667684000557,59.12550197999851,927500
2024-10-22,58.771995544433594,59.107371870802076,58.67229617133311,58.74480417764223,625700
2024-10-23,58.554466247558594,58.88077652752517,58.24628815837047,58.59978980910017,975300
2024-10-24,58.81732177734375,59.16175729805601,58.51820289821255,59.043925731460625,563200
2024-10-25,58.935150146484375,59.26146037594142,58.753869759187566,59.10737135519879,1375800
2024-10-28,58.64509582519531,58.726676838101824,57.88370992021889,57.9834162052139,1326200
2024-10-29,58.037803649902344,58.74480688062289,57.97435481933521,58.60885004041038,1660000
2024-10-30,57.620845794677734,58.46381267262,57.620845794677734,57.91996463549018,4198100
2024-10-31,56.70537185668945,57.067936090328736,56.15245768336016,56.85039824168552,2215500
2024-11-01,56.62379455566406,57.46676150280615,56.46063943959129,57.41237531154796,1196000
2024-11-04,57.09513473510742,57.64804548773202,56.96823361425545,57.36705879295765,1492900
2024-11-05,57.4758186340332,57.684293827335466,57.15857452633442,57.37611235512746,1132300
2024-11-06,55.99837112426758,56.60567155280992,55.30043049215873,55.5270344587771,2300700
2024-11-07,56.877593994140625,57.04074912205473,56.406257342133465,56.83227389365383,1376300
2024-11-08,55.49983215332031,55.835204989675596,54.9650467591693,55.835204989675596,1552500
2024-11-11,55.36387634277344,55.44545044187154,55.046628751795545,55.155397674961414,1587400
2024-11-12,53.995182037353516,54.4665186081156,53.306307638671356,54.41213242228486,3614000
2024-11-13,54.26710891723633,54.983178175503966,52.98906287317587,53.47852819839943,4562300
2024-11-14,54.81096649169922,54.99224689201764,54.51184760731022,54.73845156541025,3404300
2024-11-15,55.155399322509766,55.517967020828564,54.955990200366074,55.037567759602716,2138400
2024-11-18,55.60860824584961,55.980238587539276,55.49077668076154,55.50890541178322,1896100
2024-11-19,55.02849578857422,55.31854853317199,54.738443043976446,54.83814932325095,1037800
2024-11-20,54.85627746582031,55.064752657665906,54.59341608830575,54.901597558360415,1364900
2024-11-21,54.41213607788086,54.77470375904145,54.04957185442193,54.61154864828935,2649600
2024-11-22,54.07676315307617,54.2036608040141,53.59636391518211,53.65981274065107,2416300
2024-11-25,52.80778121948242,54.16740487398477,52.7896559468666,54.07676468009865,2441000
2024-11-26,52.15516662597656,52.90748995155144,51.846985111744196,52.90748995155144,2075900
2024-11-27,51.810726165771484,52.07358757343978,51.38470964008162,51.44815846845647,2333600
2024-11-29,52.563053131103516,52.62650195972413,52.12797050955951,52.22767679959244,1322200
2024-12-02,51.194358825683594,51.98293952429999,50.94056353364649,51.91949070129071,2805600
2024-12-03,51.72914505004883,51.97387771025424,51.411900929987134,51.91949152208585,2055000
2024-12-04,51.393775939941406,51.756340181005676,51.06746570259228,51.72914881379386,2612800
2024-12-05,52.07358169555664,52.29111952322929,51.72008013231252,52.08264433100074,2095800
2024-12-06,51.5841178894043,52.363635952807556,51.439091514192164,52.35456985939969,2033100
2024-12-09,52.21860885620117,53.079704459871664,52.21860885620117,52.4542754160271,2206100
2024-12-10,51.448158264160156,52.2820625815926,51.43909562772909,52.236742484033634,1862300
2024-12-11,51.375648498535156,51.520674890140754,50.68677054513213,51.38471113526592,2776900
2024-12-12,50.732093811035156,51.29407064307219,50.650516250118336,50.976826493785616,2338600
2024-12-13,50.704898834228516,51.00401770926454,50.49642361421942,51.00401770926454,1514600
2024-12-16,49.10960388183594,49.97976214133808,49.05521769397897,49.78941567039103,3073400
2024-12-17,49.173057556152344,49.47217643231986,48.873938679984825,48.97364497204067,3126200
2024-12-18,48.656402587890625,49.68971609268462,48.54763365520232,49.38153456864939,2196700
2024-12-19,48.638267517089844,49.18211556735321,48.620138787720855,49.11866674341253,2716200
2024-12-20,49.08241653442383,49.354340580564035,48.302898399840565,48.402604690222404,2295800
2024-12-23,49.18212127685547,49.23650747127608,48.665464531816646,48.819557020490706,2236800
2024-12-24,49.23649978637695,49.363397429183365,48.81048330749705,49.17305096497375,749800
2024-12-26,49.290889739990234,49.907252730193115,49.290889739990234,49.535622408838584,1267900
2024-12-27,49.41779327392578,49.880063842743944,49.318086975746816,49.41779327392578,1394600
2024-12-30,49.38153076171875,49.66252089534527,49.218375646413264,49.608134704342845,1639500
2024-12-31,50.16483688354492,50.50540451776667,49.77824716544347,49.93472295288646,1230300
2025-01-02,50.69870376586914,50.919611176820474,50.50540539221174,50.643475157501314,1665300
2025-01-03,51.0668830871582,51.471882341196626,51.02086100326337,51.46267932892163,1372300
2025-01-06,52.0241584777832,52.41074820044108,51.70199686430834,51.77563500839173,2138800
2025-01-07,52.47517776489258,52.73290774782654,52.27267989911712,52.50279382347183,2261300
2025-01-08,52.272682189941406,52.346316823106804,51.70199710442467,51.82165733348592,1734100
2025-01-10,52.17143249511719,53.285183116409165,51.85847739784192,53.1010912630837,2138900
2025-01-13,52.29109191894531,52.6132500238448,52.18063470189978,52.263475859053926,2526700
2025-01-14,52.98143768310547,53.045869308899114,52.309505363214384,52.419959077252024,1564900
2025-01-15,53.091888427734375,53.33120537997441,52.82495541508429,53.018250281654325,1355500
2025-01-16,54.31608963012695,55.05245700344708,53.984728525644734,54.15041083351577,6079000
2025-01-17,54.757911682128906,54.89597793174508,54.279274292021114,54.51859123144507,2748200
2025-01-21,54.40814208984375,54.73030021054379,54.06757443206654,54.3160944044579,2480500
2025-01-22,53.48768615722656,54.113596371097415,53.46007360731643,54.10438984695393,1263600
2025-01-23,54.07677459716797,54.32529806773168,53.6165467282559,54.18722830255407,1871100
2025-01-24,54.05836868286133,54.36212078209886,53.80984519564704,54.29768915703518,1170500
2025-01-27,54.23324966430664,54.3713194276439,53.80984087325364,54.08597688866821,1609000
2025-01-28,53.5060920715332,54.14120525528597,53.34040976076988,53.892681789140994,1288800
2025-01-29,53.5521125793457,53.67177280276655,53.07347519692214,53.1010877441501,1050100
2025-01-30,54.05836868286133,54.251663558052364,53.55211869539233,53.80064218260661,1052100
2025-01-31,53.41404724121094,54.15041466665624,53.174730285823294,54.095186056369805,1430900
2025-02-03,52.98143768310547,53.3127988252184,52.484390703045676,52.72370766867061,1346900
2025-02-04,54.48177719116211,54.67507557648951,53.16552512463942,53.16552512463942,1712700
2025-02-05,55.52189254760742,55.8532571912768,55.328597675887,55.5587116216285,1860700
2025-02-06,56.07416534423828,56.45155559098625,55.752007220502456,56.41473651648496,1555700
2025-02-07,55.94529724121094,56.387115563115934,55.807230990699324,56.23063977695079,1385000
2025-02-10,55.54949951171875,55.917683192386534,55.18131934231077,55.65995672267497,1329200
2025-02-11,56.147804260253906,56.285874035889776,55.742804968987734,56.009734484618036,2255000
2025-02-12,56.01893615722656,56.414732401092074,55.5587082933141,55.853253845317276,1561100
2025-02-13,56.203025817871094,56.43313974087231,55.77041051902567,55.96370537164434,1258300
2025-02-14,56.525184631347656,57.390411728888154,56.4147309300416,57.01302503077093,1030000
2025-02-18,56.89337158203125,57.2615517779316,56.469959265418765,56.562006947838896,1341700
2025-02-19,56.07416534423828,56.68166953972904,55.871667457001564,56.53439324172386,1232100
2025-02-20,56.71848678588867,56.8013279503445,56.258258874747476,56.41473819039084,1030300
2025-02-21,55.85325241088867,56.12018540780489,55.65075103236467,55.90848101719337,959000
2025-02-24,55.844051361083984,56.13860044565264,55.56791532501484,55.92689252303075,1184600
2025-02-25,55.65074920654297,56.43313863618764,55.49427342736988,56.43313863618764,1450100
2025-02-26,55.669166564941406,55.89007750269866,55.172119588432764,55.38382400185084,883200
2025-02-27,55.27336883544922,55.82564440969275,55.13530257533345,55.2457562856781,997100
2025-02-28,55.439056396484375,55.439056396484375,54.9143968336833,55.20894242994845,907400
2025-03-03,55.07086944580078,56.76450466230734,54.63825411782875,56.67246049141374,1607000
2025-03-04,55.10768508911133,55.73359528364399,54.27927701606048,54.50939095489572,2320000
2025-03-05,56.09257507324219,56.35950809739879,55.31939206237286,56.12019113484266,2092000
2025-03-06,55.94529724121094,56.617229491895195,55.72438983588839,55.81643400289614,1556700
2025-03-07,56.50677490234375,57.1142755243357,55.752001508694946,56.50677490234375,2835000
2025-03-10,56.21223449707031,57.02223657085055,55.770416141715685,56.764506563448556,1961600
2025-03-11,56.61723327636719,57.04064560218075,56.13859936242166,56.865756757412065,1447200
2025-03-12,56.635643005371094,56.920985561152065,56.09257395485901,56.2398467391711,2338800
2025-03-13,57.01302719116211,57.316779270338635,56.75530070792868,56.81973232873704,1058600
2025-03-14,57.721778869628906,57.81382655079463,57.14189427895492,57.29837007004663,1289000
2025-03-17,57.64814758300781,58.06235339415232,57.60212549538292,57.66655712030982,1367500
2025-03-18,58.29246520996094,58.49496309035086,58.05314474505456,58.36609984521361,1406700
2025-03-19,59.139278411865234,59.148484935122,58.53177779353227,58.58700639929338,1521300
2025-03-20,58.96438980102539,59.04723446560388,58.13598177909867,58.26484501509217,1047700
2025-03-21,58.32007598876953,58.63303107942778,58.025530434180595,58.375301085717474,1649800
2025-03-24,57.942691802978516,58.17280574698458,57.684961798034834,57.87826017955763,1813900
2025-03-25,59.24949645996094,59.75318909351649,58.87638737902981,59.24949645996094,2034300
2025-03-26,60.50873947143555,61.20831635878149,60.41545685995147,60.82587757779627,2997600
2025-03-27,60.79789733886719,61.338905188141744,60.57403472127452,60.75125603182258,1651300
2025-03-28,59.8371467590332,60.21957843785838,59.622606707645154,60.16361456204601,1421200
2025-03-31,60.34083938598633,60.713941357732274,59.482689906396374,59.51067184263093,2031100
2025-04-01,60.15428161621094,60.219575173273846,59.501346045581855,59.846473199465215,2282500
2025-04-02,60.07033920288086,60.200926324388895,59.59462490797906,59.8464765826477,935800
2025-04-03,57.9156379699707,58.913700698286476,57.68244567721969,58.56857710131994,2367900
2025-04-04,53.82078552246094,56.27396960459685,53.62490483726386,55.947498237702824,2942100
2025-04-07,51.759361267089844,53.867417962871976,50.85457406050783,51.30230282178283,3290900
2025-04-08,49.781890869140625,52.39364389973231,49.29685046145141,52.291042277345056,3219700
2025-04-09,52.971961975097656,53.50364011690572,49.23155561383658,49.903150554323396,3221000
2025-04-10,51.041133880615234,52.50558130072474,50.46281439069041,52.50558130072474,2810500
2025-04-11,52.449607849121094,52.720111751292926,51.24633481523827,51.73137519071581,2195800
2025-04-14,52.93465042114258,53.307759512602026,52.654820381663995,53.121204966872305,1265900
2025-04-15,52.86002731323242,53.69952099202312,52.8320453766834,53.270448026522104,1171900
2025-04-16,53.94204330444336,54.7069137462092,53.830108441088335,54.389772083167365,1559100
2025-04-17,54.52968215942383,55.24791481221249,54.361783432370274,54.38976892570042,1306200
2025-04-21,53.998008728027344,54.36178814879423,53.38238119482981,54.100613909932285,1305100
2025-04-22,55.397159576416016,55.8262325339749,55.18262309763657,55.45312700671011,1341200
2025-04-23,54.75354766845703,55.95682067872373,54.56699313412989,55.79824807916454,1362100
2025-04-24,55.2945556640625,55.443798590026596,54.98674368598806,55.41581665335583,945700
2025-04-25,55.919517517089844,56.190021454861736,55.49977064093213,55.6210316403182,1313300
2025-04-28,56.040775299072266,56.348587285094325,55.84489106262319,55.910184622028844,1807700
2025-04-29,54.520362854003906,55.90086090384562,54.109942110650785,55.574393092753155,2127400
2025-04-30,53.027931213378906,54.23120441742163,52.720119206665856,54.175240538873275,2513400
2025-05-01,53.88607406616211,53.97002343174785,52.52423196508853,52.60818133067427,2242700
2025-05-02,53.84876251220703,54.11926641922905,53.11187403096714,53.97002349780861,1528500
2025-05-05,53.53162384033203,53.802127762417136,53.242467665483645,53.78347195142174,1450200
2025-05-06,53.61557388305664,54.277839169653845,53.59691807182729,54.165907860509904,2021100
2025-05-07,53.40103530883789,53.83943796005125,53.38237949833604,53.643553728897864,1129400
2025-05-08,53.540950775146484,53.81145112510689,53.34506654887124,53.550276901049145,1184200
2025-05-09,54.85615921020508,54.85615921020508,54.324481038484336,54.520361721069406,1619100
2025-05-12,54.75354766845703,55.66766097260507,54.59497506889784,55.47178031276587,2244400
2025-05-13,55.87287521362305,55.975476834339794,54.9960699085931,55.154642519213596,3430600
2025-05-14,55.31321334838867,55.481112090565055,55.06136523512409,55.2012820396818,1157700
2025-05-15,55.22926330566406,55.33186848666099,54.59497996698497,54.76287870711956,972300
2025-05-16,55.667667388916016,55.75161676112773,55.17330084046492,55.64901157750983,1086800
2025-05-19,55.397159576416016,55.55573218313331,55.126655667342476,55.43447119661208,1286800
2025-05-20,55.406490325927734,55.6956464924272,55.30388514753165,55.48111000952269,941900
2025-05-21,54.874813079833984,55.788926457783155,54.84682758457484,55.788926457783155,1107800
2025-05-22,54.24985122680664,54.51102543864287,53.942039271175624,54.30581865429945,2199500
2025-05-23,53.998008728027344,54.147251658553046,53.41036313235584,53.5875915586397,1341200
2025-05-27,54.557674407958984,54.88414221863458,54.305826286195405,54.83750446828554,1500100
2025-05-28,54.371116638183594,54.72556636649496,54.221873710938794,54.71624024026868,992900
2025-05-29,54.632286071777344,54.632286071777344,54.277832816373156,54.60430413732471,1720800
2025-05-30,54.734893798828125,54.80951348026419,54.29649116135854,54.69758217899414,1035700
2025-06-02,56.441864013671875,56.45119369849465,55.751616782539095,56.27396882741617,1535500
2025-06-03,56.03144454956055,56.348586214174404,55.65833545299176,55.882201622579444,1769400
2025-06-04,55.08001708984375,56.32060175589806,54.958756105152816,56.11539140614907,1870300
2025-06-05,55.25725173950195,55.73296248969134,55.16397267989364,55.73296248969134,2036600
2025-06-06,55.33186721801758,55.64900888008573,55.09867492409193,55.126656860728765,2610100
2025-06-09,55.639686584472656,56.012792145500974,55.182628091290056,55.43447621305611,2232300
2025-06-10,56.80564498901367,57.02950760158882,56.451191701165605,56.51648525968603,2508800
2025-06-11,57.93429946899414,58.06488659644004,57.141443460850326,57.39329158873843,1440400
2025-06-12,58.829750061035156,59.13756558877527,58.652525203332374,58.829750061035156,1734300
2025-06-13,59.212188720703125,59.63193557470086,58.559249565399114,59.55731233033142,4207900
2025-06-16,58.36336898803711,59.538660181279944,58.36336898803711,59.33344981713834,2748900
2025-06-17,59.64126205444336,59.911769537768976,59.30546812748808,59.43605524767605,2838000
2025-06-18,58.778018951416016,59.1286239631629,58.37056180835426,58.95806033980178,1339300
2025-06-20,59.30866241455078,59.87720542244566,59.20442868633812,59.611885834055826,2796700
2025-06-23,58.06734085083008,59.602413526073676,57.98205903553877,59.47922787849547,1873500
2025-06-24,57.23347854614258,58.08629308907636,57.23347854614258,57.498798144205296,2095600
2025-06-25,57.839927673339844,58.16210303277051,57.34718867569833,57.451422411794795,1839400
2025-06-26,58.332664489746094,58.37056470760242,57.83992551052958,58.010489142362545,1215400
2025-06-27,58.27580642700195,58.39899207059198,57.96310524282148,58.39899207059198,1549000
2025-06-30,58.17157745361328,58.23790735603519,57.839927941503746,58.00101381461164,1235900
2025-07-01,58.66431427001953,58.75907023717865,58.00101165578039,58.20947912118058,921000
2025-07-02,60.16148376464844,60.20886174872688,59.08124620823406,59.621363179087005,1389900
2025-07-03,59.43185043334961,59.858255898956735,59.40342075152295,59.43185043334961,1315000
2025-07-07,57.25242614746094,58.11472206003537,56.901824737922006,57.887302682542746,1805100
2025-07-08,58.787498474121094,58.96753625318154,57.57460115898794,57.60303084020364,1401900
2025-07-09,59.280235290527344,59.50765104374304,58.995960176945395,59.44132114782944,918100
2025-07-10,59.32761764526367,59.32761764526367,58.607459272666404,58.730644923320135,970700
2025-07-11,59.70664596557617,59.89616151967499,59.38447060802074,59.43185220757685,1148800
2025-07-14,58.95806121826172,59.810875733065785,58.82540142360608,59.810875733065785,1141400
2025-07-15,58.825401306152344,59.374992399300965,58.55060395222389,59.23285483976327,1070600
2025-07-16,58.60745620727539,59.14757315111895,58.48427417777304,58.92015739303129,1646800
2025-07-17,58.50322723388672,58.52217553517316,57.773594734274134,57.83992463290179,1270200
2025-07-18,58.46532440185547,59.11914924867146,58.11472298672589,59.06229711442303,1043400
2025-07-21,58.27580642700195,58.74959347112392,58.171572698941794,58.42741813653265,1349600
2025-07-22,58.683265686035156,58.92015921662154,58.38004225606126,58.4179460884851,1406000
2025-07-23,59.10967254638672,59.5360816083861,59.01491296888226,59.14757276268023,1855700
2025-07-24,57.27138137817383,57.78307229611609,56.79759429445883,56.91130579714061,2714300
2025-07-25,57.48931884765625,57.546174594887674,56.23852132623154,56.617552411691044,1734700
2025-07-28,57.76411819458008,57.991537576634904,57.28085697793768,57.309283045178866,1635000
2025-07-29,58.23790740966797,58.484278717212156,57.37561506268049,57.84940214596391,2097800
2025-07-30,56.62702941894531,57.385091628107254,56.342757897863834,57.25242821120796,1100000
2025-07-31,56.42803955078125,56.627029253486,56.03006014537174,56.0774381296288,1371900
2025-08-01,56.05848693847656,56.57017785037536,55.66998167900715,56.465944114835764,1644400
2025-08-04,56.37118911743164,56.674412563481496,56.181673559973326,56.47541924006053,1665500
2025-08-05,57.11977005004883,57.21452963627074,56.57017890879621,56.82602436953244,1068700
2025-08-06,57.04396057128906,58.52217382869674,56.91130077790204,58.09576838272653,1239700
2025-08-07,57.61250686645508,58.14314968502089,57.394565248483886,57.83992625004284,1421600
2025-08-08,58.11471939086914,58.4274169540126,57.953629919479674,58.06733779564928,1710700
2025-08-11,57.792545318603516,58.25685459829842,57.460892218398875,58.12419480409987,1370600
2025-08-12,58.42742156982422,58.88225672514318,58.09577206533388,58.15262420055595,1103700
2025-08-13,58.15262222290039,58.37056383482635,57.98205859361775,58.02944019096944,1696200
2025-08-14,58.294761657714844,58.3137135743225,57.70726670171149,57.84940065420617,881400
2025-08-15,58.977020263671875,59.42237768318285,58.939116427842805,59.128631992279416,1284100
2025-08-18,58.294761657714844,58.64536307818524,58.27580974110719,58.42742145925994,1362400
2025-08-19,59.052818298339844,59.43184938855899,58.63588699086549,59.052818298339844,1760300
2025-08-20,59.79192352294922,59.8866831005996,59.441322122413524,59.59293383194585,1245900
2025-08-21,60.12358093261719,60.14253284950583,59.51713405101481,59.68769768830404,1272300
2025-08-22,60.67316818237305,60.94796553761713,60.047769423887935,60.047769423887935,961500
2025-08-25,59.44132614135742,60.51208594559901,59.37499623987161,60.22781442284429,1690800
2025-08-26,58.673789978027344,58.86330553208368,58.2094806660333,58.44637420492658,1586200
2025-08-27,58.834877014160156,58.90120691311153,58.15262249385077,58.247382074287295,1301000
2025-08-28,58.85382843017578,59.06229589065642,58.408467442679274,58.70221671747396,1266500
2025-08-29,59.46027755737305,59.555033525923704,59.1381022037089,59.157054120360726,1068300
2025-09-02,59.30866241455078,59.58345976807357,58.872779200850815,59.25180666787798,857000
2025-09-03,58.46532440185547,59.14757531579568,58.15262320465536,58.901207633066136,966300
2025-09-04,58.31371307373047,58.436895108560044,57.991537723583015,58.14314944043426,992900
2025-09-05,57.754642486572266,58.08629197780576,57.20504777000437,58.02943984485621,1570500
2025-09-08,57.89677810668945,58.162101322051605,57.451420721979105,58.029441521724756,823600
2025-09-09,58.332664489746094,58.882255603101314,58.256856824616584,58.44637237273193,911200
2025-09-10,58.939109802246094,58.967535868568035,58.14314741285687,58.19052539496287,1072800
2025-09-11,58.18104934692383,58.42741701466509,57.802018273020735,57.92520391424547,1394700
2025-09-12,57.93467712402344,58.18104840247358,57.659879780639876,58.00100701867351,1998500
2025-09-15,58.66431427001953,58.70221810276656,58.25685710476014,58.44637265378681,1183600
2025-09-16,58.84435272216797,58.97701613829004,58.55060705181174,58.56008120275193,1021500
2025-09-17,57.98206329345703,58.39899824981372,57.726217828795065,58.11472671620331,1181600
2025-09-18,58.16210174560547,58.37056559847641,57.74516681044661,58.17157589653704,1534300
2025-09-19,57.36613845825195,57.735691789055885,57.242952809747834,57.58408007347713,1256700
2025-09-22,57.584083557128906,58.0199668139488,57.40404576358382,57.51775365346973,1552300
2025-09-23,58.35161590576172,58.93911084664491,58.29476015740203,58.39899388870726,1344900
2025-09-24,59.1949577331543,59.71612278765851,58.31371349302362,58.89173429727153,2675600
2025-09-25,59.14757537841797,59.29919070913013,58.88225577908856,58.929633762581894,1018400
2025-09-26,59.83930969238281,60.17095920273494,59.545560401279104,59.545560401279104,1001600
2025-09-29,58.48427963256836,59.23286048869392,58.16210426630482,59.02439662678832,1703600
2025-09-30,57.48651885986328,57.929540571156984,57.033871592882896,57.07239218501069,1662600
2025-10-01,58.228092193603516,58.39181848084353,57.98732105121461,58.0932609416859,1540700
2025-10-02,57.284271240234375,57.88138266014155,57.284271240234375,57.6983979097812,1240700
2025-10-03,57.50577926635742,57.794703904960635,57.486517133933724,57.5539327604786,1548700
2025-10-06,57.57319259643555,58.00658137399151,57.48651484092436,57.63097899140166,1387500
2025-10-07,57.187965393066406,57.47689004241568,56.69679018268401,57.29390528839893,1243800
2025-10-08,56.908668518066406,57.139810435960754,56.76420436014792,56.96645491600903,975000
2025-10-09,56.446388244628906,57.727288835212384,56.37897261743378,57.58282835145547,1480800
2025-10-10,55.27142333984375,56.47527906226194,55.27142333984375,56.330818579897425,1741900
2025-10-13,55.46404266357422,55.69518458575762,55.30994927341069,55.44478053056925,1014800
2025-10-14,56.20561981201172,56.513806600893616,55.31958003856903,55.338842172108684,1554800
2025-10-15,58.237728118896484,58.46886637021408,57.83323066827631,58.228095215330434,2303800
2025-10-16,58.20883560180664,59.162291032924415,58.083637241038495,58.86373346534934,2334400
2025-10-17,59.31637954711914,59.31637954711914,58.892623653671805,58.960039280495785,1493600
2025-10-20,58.786685943603516,59.114134860562444,58.69037527751191,58.96967069836317,1382100
2025-10-21,58.738529205322266,59.02745383989687,58.59406505109694,58.87336045653201,781300
2025-10-22,59.95201873779297,60.03869650220025,58.89262710514957,58.969671965802526,1745700
2025-10-23,60.26983642578125,60.66470096740964,60.26983642578125,60.549128169462634,1157600
2025-10-24,59.807552337646484,60.41429666582512,59.79792310812831,60.10610988697671,906600
2025-10-27,60.06758499145508,60.250573415267915,59.682353358871104,59.90386237422903,822400
2025-10-28,59.76903533935547,60.375776030138645,59.682357572975526,59.92312873804465,1138400
2025-10-29,59.92312240600586,60.94398968674364,59.874965238979634,60.24093839989795,1417200
2025-10-30,59.36453628540039,59.8268164691158,58.343668924065824,58.555545045429355,1694100
2025-10-31,59.94239044189453,60.19279083526361,59.57641724493074,59.97128180585501,1247100
2025-11-03,59.297119140625,59.83644784479166,59.22007428224475,59.51862816004803,1091800
2025-11-04,58.98893356323242,59.31638248425276,58.60369824184038,58.81557803599363,1002200
2025-11-05,58.738529205322266,59.5378874834412,58.67110990584134,59.08523656248616,1331800
2025-11-06,58.854103088378906,59.2682297785456,58.796316687235986,58.805949591031315,938200
2025-11-07,59.961647033691406,60.09648196701744,59.35490636616751,59.35490636616751,743800
2025-11-10,60.60691452026367,60.693592281716924,59.66309204770396,60.09648085497021,729300
2025-11-11,61.59889221191406,61.85892917742608,61.36775395748876,61.36775395748876,1012200
2025-11-12,61.58926010131836,61.9167090080017,61.4833202088802,61.65667205465266,793700
2025-11-13,62.51382827758789,63.11093605916436,62.46567110589499,62.46567110589499,1452600
2025-11-14,62.98573303222656,63.01462439400028,62.427142212093976,62.60049773048849,1440200
2025-11-17,62.610130310058594,63.303552380052665,62.53308178055876,62.99536560980554,1327600
2025-11-18,62.55234146118164,62.74496278869458,61.502582780307414,61.627784806252734,1439100
2025-11-19,61.82040023803711,61.85892450215512,61.1173452764496,61.1173452764496,1323300
2025-11-20,61.12697982788086,62.282678391579516,61.02103993563738,61.96485871484909,869900
2025-11-21,62.26342010498047,62.52344971081812,61.541106663734176,61.59888938775315,1461500
2025-11-24,62.12859344482422,62.41751443403697,61.608526846937856,61.85893091579118,1007600
2025-11-25,62.793113708496094,62.92794496623822,62.14784878247985,62.18637304865652,1408800
2025-11-26,63.10130310058594,63.496171334417745,62.95684628113798,62.95684628113798,982900
2025-11-28,63.274658203125,63.534695171875676,62.89905577959867,62.89905577959867,349900
2025-12-01,63.20724105834961,63.72730763564463,63.20724105834961,63.42875375428644,1216500
2025-12-02,63.274658203125,63.58284499544796,63.01462858212705,63.55395363175404,868100
2025-12-03,64.44962310791016,64.44962310791016,63.86214088273883,63.86214088273883,1242900
2025-12-04,64.31478881835938,64.44962007539034,64.17032465789694,64.18959046475989,1519500
2025-12-05,62.42714309692383,63.67915600838027,62.34046901037418,63.14945654251354,2162400
2025-12-08,63.255401611328125,63.255401611328125,62.48493093389055,62.48493093389055,462400
2025-12-09,63.120567321777344,63.64063390197615,63.120567321777344,63.49616973840661,815700
2025-12-10,63.255401611328125,63.27466007177524,62.504196742090606,62.97610617445083,863800
2025-12-11,62.995365142822266,63.46727452394412,62.87015944637514,62.98573223976815,957300
2025-12-12,63.32281494140625,63.40948903189526,62.79311545146452,63.20724213966824,1082400
2025-12-15,62.85090255737305,63.58284155721512,62.716071302257276,63.58284155721512,1271100
2025-12-16,61.49294662475586,62.58123686132754,61.46405526409501,62.523446792253885,1130800
2025-12-17,63.00498962402344,63.0820381516386,62.118953599705186,62.47529752911127,1230900
2025-12-18,62.7160758972168,62.79311708596151,62.35009902272975,62.65828582096719,1344200
2025-12-19,63.274658203125,63.50580380818176,62.76422451719193,62.82201459233247,1868600
2025-12-22,63.361331939697266,63.611735974193046,63.110927905201486,63.110927905201486,975400
2025-12-23,63.57322311401367,63.71768728858621,63.226512034140825,63.226512034140825,746500
2025-12-24,63.120567321777344,63.74657379874365,63.091675958613955,63.63100099833749,443100
2025-12-26,63.11093521118164,63.49617053629038,62.783489960878455,63.49617053629038,523900
2025-12-29,63.46727752685547,63.70804868033538,63.31318046170713,63.52506025240985,633200
2025-12-30,63.486534118652344,64.1703232926912,63.486534118652344,63.81398669858423,777900
2025-12-31,63.97056579589844,63.99989992825123,63.56965355314493,63.95101219444964,461900
2026-01-02,65.03641510009766,65.21242734170875,63.99012218062025,63.99989525045073,910400
2026-01-05,64.8408432006836,64.85062373108428,63.158950068987316,63.853225980619115,1440800
2026-01-06,62.00510025024414,63.95101183940059,61.76063920151582,63.89233611466157,1401400
2026-01-07,61.34994888305664,61.53573794465381,60.958809697380815,61.085930492252416,1791300
2026-01-08,62.181114196777344,62.298454458911536,60.78279666156433,61.183712643187526,1482000
2026-01-09,62.513580322265625,62.81670963849195,62.25933874007236,62.31801073523533,1185500
2026-01-12,63.286075592041016,63.315409723351934,62.366899689051245,62.484243674653854,1066300
2026-01-13,64.34214782714844,64.7039453867424,63.45230607281551,63.501201264286536,1359600
2026-01-14,65.05596923828125,65.65245475865545,64.63549596097417,64.68439115196564,1269000
2026-01-15,64.21502685546875,64.67461482335493,63.9705658053471,64.0390146009668,1099200
2026-01-16,64.78218078613281,64.84084905311465,64.27370506478474,64.4301562635228,1250800
2026-01-20,65.71112823486328,66.20983087319385,65.20265252584574,65.38844531392873,2646200
2026-01-21,66.21961212158203,66.4738537090246,65.74047054015361,65.78935827519605,1719900
2026-01-22,65.5840072631836,65.97514641776677,65.44710967813332,65.85780243328415,1987500
2026-01-23,67.67659759521484,67.67659759521484,66.51296058568276,66.96277549216022,1416200
2026-01-26,68.8402328491211,68.8793475121807,68.30241555750048,68.74244992165166,1201500
2026-01-27,70.1994400024414,70.24832773900401,68.87935174949706,68.89890535205019,2062800
2026-01-28,69.93541717529297,70.76659075248962,69.58340011034463,70.34611742839185,2180400
2026-01-29,71.02082061767578,72.11600879286965,70.69813770583144,72.05734052896325,1378500
2026-01-30,70.7959213256836,71.3924068824364,70.17987470719771,71.11861170104676,1244400
2026-02-02,70.28743743896484,70.44389608977515,69.61273002333292,69.94519346576617,1414200
2026-02-03,72.77116394042969,72.77116394042969,70.18965583624232,70.24832410122319,2280800
2026-02-04,73.201416015625,73.77834050167229,72.04755958317138,72.59514993743444,2501200
2026-02-05,71.62709045410156,72.15512723801658,71.2261707354337,71.37284886324778,2286500
2026-02-06,72.19424438476562,72.80050305871256,71.7737710494348,71.7933246523145,1305000
2026-02-09,73.05474090576172,73.25031422631143,72.50715052894121,72.61471399015372,1473200
2026-02-10,72.97650909423828,73.36764826166836,72.56581632559829,73.19163600934279,1467600
2026-02-11,75.99805450439453,76.04694223952137,73.91524152657526,74.05214658186482,2253500
2026-02-12,74.43350219726562,75.25488773334122,74.10103129431187,74.7659656398603,2142400
2026-02-13,75.08866119384766,75.24511239517139,74.11081693940561,74.38461213699185,1565400
2026-02-17,74.82463836669922,75.23533861959244,73.98369917928434,74.79530423299818,1065200
2026-02-18,75.63624572753906,75.95893609698413,75.39178468287322,75.84159210981528,1082800
2026-02-19,76.10562133789062,76.58476294137367,75.96872373689547,76.12517494073577,1613000
2026-02-20,76.15450286865234,76.174063930263,75.2940026667615,75.67536130421895,781500
2026-02-23,76.10562133789062,76.88789227781155,75.95894320529304,76.27185307333336,647900
2026-02-24,77.35725402832031,77.35725402832031,76.55542209548928,76.90744659871842,2061300
2026-02-25,77.72883605957031,78.12975577641998,77.2496944738861,77.9146288513162,1126100
2026-02-26,77.18124389648438,78.15908810778642,76.84877298525485,76.89766817996367,930700
2026-02-27,78.56000518798828,78.5795662512189,77.63105611424677,78.26665638276663,1234900
2026-03-02,79.27383422851562,80.38857609327191,78.31554356670004,80.3299078247141,2428700
2026-03-03,76.60431671142578,78.14931245215452,76.51631430789098,77.84618311505498,2535400
2026-03-04,75.21577453613281,77.13234828467772,75.11799160760323,76.93678242761855,3826200
2026-03-05,75.32333374023438,76.29139736059722,74.86374579571458,75.9198192690334,2503700
2026-03-06,77.02478790283203,77.6799492169126,75.76337539178805,76.29140471901785,2735000
2026-03-09,78.5111083984375,78.76534996860379,77.11279095306128,77.24968853845262,3167300
2026-03-10,78.3057632446289,78.91202185788087,77.81684115762752,77.98307287672183,4139600
2026-03-11,79.50851440429688,79.67475359839322,78.14931147953739,78.20798720819008,2344400
2026-03-12,79.61607360839844,80.05610797812292,78.52089287029499,78.94136617806235,3242900
2026-03-13,80.91661071777344,81.29796937387437,80.30057153338566,80.4668032634072,2146900
2026-03-16,81.02417755126953,81.84556316462135,80.87749941735392,81.13174101878367,2115500
2026-03-17,84.13371276855469,84.19238103108175,83.17542220524543,83.28298566011766,2011600
2026-03-18,84.97466278076172,85.48313848405083,84.79865052570796,85.37557502483135,2410000
2026-03-19,88.06464385986328,89.3553978702017,86.99879729194126,87.5561681723065,4134200
2026-03-20,86.78367614746094,87.63440332049504,86.18719056528062,87.31171293137595,2946400
2026-03-23,87.16503143310547,87.42905354503364,84.15326950517034,84.52485507597899,2878700
2026-03-24,86.82278442382812,87.72239926636708,86.0894012990794,86.67610630680659,2838300
2026-03-25,87.28237915039062,87.77130127150585,86.63699836954596,87.01835702718708,2266200
2026-03-26,87.95708465576172,89.32606805662589,87.31171134957506,87.45838947473182,1777600
2026-03-27,87.87886047363281,88.94470706500731,87.57572370019635,88.0059775332293,1424100
2026-03-30,89.52164459228516,90.89062058195921,88.89582486547427,89.76610565620689,1892500
2026-03-31,89.92094421386719,92.20405208302785,88.98199823149073,91.53196736934373,2956500
2026-04-01,88.73490142822266,90.47441599934432,87.76631348585668,89.98023632327661,2777700
2026-04-02,91.31452178955078,91.4133562186489,90.15814313387712,91.05754624142877,2823800
2026-04-06,91.17615509033203,91.21569037139302,89.64419499669997,90.54360567452386,1148900
2026-04-07,90.30640411376953,91.45289713502136,89.71338242146322,90.68197798372401,2421200
2026-04-08,88.40874481201172,88.92269591982178,86.25412103061672,86.86690656974908,3633100
2026-04-09,88.88316345214844,91.34417631070383,88.84362817025155,90.8895318797656,2558800
2026-04-10,91.57150268554688,91.65057324967661,89.42676453246973,89.62443340221007,3797800
2026-04-13,92.35230255126953,92.40171599574336,91.11685333066964,92.01625644216287,1761100
2026-04-14,89.93081665039062,91.71975223143039,89.22908240501508,91.71975223143039,2496900
2026-04-15,86.04656982421875,90.23721924937026,85.95762109472886,90.03954283841931,3252500
2026-04-16,89.68373107910156,90.1581469154886,88.99188250581203,89.23897235921314,2272500
2026-04-17,86.05644989013672,86.29365402714845,84.30705712622691,85.35471564356365,2670700
2026-04-20,86.29365539550781,86.8471417780899,86.12563610998453,86.26400582048413,1233300
2026-04-21,87.34132385253906,87.50934314264558,86.71865259772194,87.05469871851885,1170900
2026-04-22,88.52735137939453,88.76455552462863,87.86515238946643,88.55700095497582,1123600
2026-04-23,89.41687774658203,89.47617689867094,88.53723846787143,89.05118204733787,1013500
2026-04-24,88.68549346923828,89.47617647549203,88.33956164213187,89.41687732368356,893900
2026-04-27,87.7070083618164,89.4761725385705,87.67735878721675,89.21919699106752,1043300
2026-04-28,89.97035217285156,90.62267297601142,89.76279761018712,90.29651257443149,1595300
2026-04-29,91.16626739501953,91.43312865121042,90.29651385241351,90.73139439400835,2075500
2026-04-30,91.63079833984375,92.57962245142204,90.14825925164322,90.17790882691384,2451100
2026-05-01,91.69998168945312,92.20404708252524,90.25697790551003,91.36394312112746,2327900
2026-05-04,91.22557830810547,91.65057316417634,90.25698274987977,90.84999689913157,2142900
2026-05-05,92.51043701171875,92.52032271694114,90.84999294179066,91.27498777934915,1268100
2026-05-06,88.91281127929688,89.31804225533013,88.30991143825179,88.8535121279101,1094600
2026-05-07,87.69713592529297,87.92445437246008,86.70877649097046,87.7366636669519,988500
2026-05-08,87.45004272460938,88.3494458543664,87.44015701928042,87.91456530689754,840400
2026-05-11,89.63431549072266,89.84187005774945,89.19943494614247,89.29826937702423,893300
2026-05-12,90.69185638427734,90.8895252387347,89.89128018038308,89.9604650335015,706200
2026-05-13,90.30640411376953,90.38546713757086,89.78256728015441,90.27674699668697,731500
2026-05-14,90.3558120727539,90.82034218457184,89.77268366214574,90.03953737500733,778700
2026-05-15,91.20580291748047,91.21568862270216,90.1087233959675,90.13837297104888,963300
2026-05-18,92.34241485595703,93.0737986674258,90.80057667486517,91.30463451678615,1086500
2026-05-19,91.81858825683594,92.45113765917783,91.43312870042709,92.37206709873918,896300
2026-05-20,91.46277618408203,93.06392106372692,90.9290612242004,92.51043469389587,1120000
2026-05-21,91.27498626708984,92.77729673148761,91.04766783482695,92.41160105015499,1230200
2026-05-22,90.53372192382812,90.82034706227095,89.68373221412428,89.98024305819176,961000
2026-05-26,88.99188232421875,90.49418531197502,88.83374119888447,89.77268716424302,1229400
2026-05-27,85.65122985839844,87.09423368822513,85.65122985839844,86.54074729252524,1748300
2026-05-28,86.15528869628906,87.52910768468375,86.00703327540522,87.47969423811176,1695600
2026-05-29,86.30354309082031,86.89655722671942,85.65122980350645,86.59016822363138,1829000
2026-06-01,87.67736053466797,88.27037466023089,87.00527584820767,87.19306654519302,1284600
2026-06-02,88.35932922363281,88.60641906623772,87.34132027859395,87.34132027859395,785000
2026-06-03,88.53723907470703,89.34769350134079,88.33956266541587,88.74479364902474,1297300
2026-06-04,89.120361328125,89.1500109023141,88.32967836760992,88.67560263412173,1225300
2026-06-05,87.67736053466797,88.84362491586133,87.2424799903161,88.79420393015452,1003700
2026-06-08,87.5982894897461,88.88315970518596,87.40062062917858,88.33955902774979,1291900
2026-06-09,87.45004272460938,88.40874500517259,86.69888747186785,88.3197962789633,1361000
2026-06-10,87.380859375,88.85351278988608,87.380859375,88.01340879645109,1145200
2026-06-11,86.69889068603516,89.68373285641593,86.59017054513738,89.62443370341134,1190700
2026-06-12,86.99539184570312,87.54887824223441,86.33319285153976,86.4023777085332,1077800
2026-06-15,83.09137725830078,83.71404098668745,82.23150183669476,82.85417310566548,2090400
2026-06-16,83.1902084350586,84.14891825432916,83.17044456502313,83.92159981629447,1470100
2026-06-17,81.16407775878906,83.43729988570043,81.10477106637649,83.31870158204308,2038500
2026-06-18,79.49374389648438,80.47221755484513,79.25653976064191,80.44256798043776,3341500
2026-06-22,79.73094940185547,80.25477866693944,79.36526125710519,79.92862580227259,2529600
2026-06-23,79.37513732910156,79.75071870970072,79.18735417938544,79.61234900334844,1280200
2026-06-24,77.77400207519531,78.26818176551306,77.27982238487756,77.57632567471802,2043100
2026-06-25,77.3687744140625,78.14957926298264,76.68680399931038,76.8449451264464,1297400
2026-06-26,75.87635040283203,77.69493568183684,75.68856723803722,77.50714497645798,2777000
2026-06-29,76.765869140625,77.91236960962769,76.65714900854428,77.39841852332185,2439800
2026-06-30,76.85482788085938,76.93389090080743,76.0246020764434,76.42983304373084,1449700
2026-07-01,73.92928314208984,74.92752066644078,73.90951173216365,74.60136780849369,1936700
2026-07-02,75.79728698730469,75.88623571639248,75.12520227427781,75.184501427003,1303500
2026-07-06,75.42169952392578,75.73797421404419,75.16473152235568,75.43158522878106,940200
2026-07-07,77.05249786376953,78.11992782474272,76.01472501886542,76.1827443070046,1923600
2026-07-08,77.951904296875,78.40654869095063,77.06237937777775,77.45772462410801,1843100
2026-07-09,77.3193588256836,78.09027794765888,77.25017396962386,77.88272337947966,616900
2026-07-10,77.58621215820312,77.66528271918725,76.67692332863689,77.21063830440413,1178300
2026-07-13,80.26466369628906,80.28443510645613,78.95014392177198,78.96991533193905,1431400
2026-07-14,79.9681625366211,80.90710094878065,79.83967098886737,80.64023968851043,2063000
2026-07-15,79.40479278564453,80.74896221028744,79.21700962201719,80.37338834244875,1699100
2026-07-16,77.9024887084961,78.76236411327129,77.83330385114066,78.45596756733957,1715700
2026-07-17,80.44257354736328,80.55129368810314,79.4146788334671,79.56293425634728,3242300
2026-07-20,79.85944366455078,80.80826779708646,79.31584297063684,79.32572867613997,2328200
2026-07-21,82.55765533447266,82.74544602404002,81.4408119831029,81.62859513208684,1772600
2026-07-22,83.92160034179688,84.11926920572427,83.39776352528006,83.92160034179688,3409600
2026-07-23,85.22623443603516,86.07621658325833,85.08785718260684,86.02680313757604,3553800
2026-07-24,85.78959655761719,86.0169149905876,84.91983548375869,85.50297143469415,1213400
2026-07-27,83.18032836914062,84.1588020360824,83.17044266405696,83.35822581714497,1164700
2026-07-28,83.2000961303711,84.24775470073506,82.50824755382583,83.58555570024403,1161100
2026-07-29,85.74018096923828,86.11575483985351,85.10763153421051,85.41402054601282,1247600
2026-07-30,86.01691436767578,86.39249575251613,85.42390025652901,85.43378596154679,1093400
2026-07-31,86.8372573852539,87.58841263973513,85.93784671283007,86.27389282953895,1119200
2026-08-03,86.1849365234375,86.95586318827264,86.03668864614592,86.46168348907729,1513500
2026-08-04,84.1983413696289,84.86054037102798,83.9710153852615,84.78146980771898,1461600
2026-08-05,83.75357055664062,85.75006069852445,83.48671684569916,85.59191958049726,1395800
2026-08-06,85.26576232910156,85.60180844702867,84.64309862018578,85.02855818388372,1189600
2026-08-07,84.83088684082031,85.00879182968116,84.25763659442609,84.7023952962864,1325300
2026-08-10,86.93608856201172,86.97562384135509,85.05820426641122,85.15704623506139,1070000
2026-08-11,86.92620849609375,87.62795032423237,86.78783877970743,86.97562948362487,797300
2026-08-12,86.67911529541016,86.83725641694122,85.65122816779304,85.76982646835764,1019400
2026-08-13,86.03668975830078,86.21459475393415,84.79135478886717,85.27564878897539,1184900
2026-08-14,87.30178833007812,87.44015804396996,86.34307849769624,86.50121208189383,1294300
2026-08-17,87.5982894897461,87.77619448049032,86.88667706735284,87.28201478848786,1425800
2026-08-18,88.2506103515625,89.15001347040176,88.10235493576289,88.95234460972473,1072100
2026-08-19,89.02153015136719,90.15814496048249,88.7250193174819,89.72326441493972,1856600
2026-08-20,89.84187316894531,91.08720815481536,89.69361774719678,90.75116202947976,1450400
2026-08-21,88.8436279296875,89.84187305827498,88.82386405908457,89.77268820028877,971700
2026-08-24,88.3099136352539,88.49770434009575,87.51923061495188,87.79597004908679,1796200
2026-08-25,87.76631927490234,87.95410243659747,86.97562872480688,87.37097399985461,2471300
2026-08-26,86.11575317382812,87.23260413952335,85.80936416795332,86.13552458486878,1503400
2026-08-27,85.32506561279297,86.50120812710088,84.99890521328103,86.29365356575242,1874900
2026-08-28,85.34483337402344,86.18493736271986,85.18669978984457,85.89831977010915,1542800
2026-08-31,87.28201293945312,87.68724389779065,86.51109384275429,87.0942297880672,1135700
2026-09-01,89.29827117919922,89.49594758553586,88.39886803726512,88.79420576877064,1065300
2026-09-02,89.16978454589844,89.84186922649313,88.50758557047556,88.69536872523832,2246600
2026-09-03,88.21107482910156,89.99012473264465,88.11224039903443,89.45640976158172,3385100
2026-09-04,87.55875396728516,87.95409922791015,86.49133156635645,87.55875396728516,2316400
2026-09-08,89.05117797851562,89.70349878402436,88.7546746910346,88.8238595455052,1302500
2026-09-09,90.57325744628906,90.72151286871654,89.6936181579591,90.52383645861856,1097400
2026-09-10,90.16802978515625,90.72150862638068,89.7627988188429,90.66220947641625,983200
2026-09-11,90.82034301757812,90.84999259254762,89.85175504585065,90.02965249566765,1214400
2026-09-14,90.07907104492188,91.28487066496324,90.02965006092013,91.12672954862443,1464200
2026-09-15,92.03602600097656,92.37206456273968,90.43488112867844,90.51395168694627,1033000
2026-09-16,89.78256225585938,92.04590613579026,89.65407825136123,92.04590613579026,1504500
2026-09-17,90.52383422851562,90.800581195835,89.98024108045193,90.07907551277407,973900
2026-09-18,89.76280212402344,90.18779697577924,89.40699212996816,89.49594839877396,986700
2026-09-21,89.01164245605469,90.28662694832272,88.74478874399095,90.18779251943184,1585600
2026-09-22,88.80409240722656,88.99188311007336,87.86515397416046,88.06282284198997,1738500
2026-09-23,90.6029052734375,90.6622119656139,88.6558360299215,88.73490659243411,2113600
2026-09-24,90.82034301757812,91.49242769902692,90.25697847140661,90.71162288230084,1504200
2026-09-25,89.88140869140625,90.65232783786163,89.63431883469188,89.92094397335063,1557300
2026-09-28,89.28838348388672,90.62267469002587,89.08082891729664,90.62267469002587,2129000
2026-09-29,86.68900299072266,88.24072696359572,86.58028285232015,87.07446255757378,1327100
2026-09-30,85.5,86.62999725341797,85.5,86.12000274658203,1893200
2026-10-01,84.51000213623047,84.7699966430664,83.27999877929688,84.19999694824219,2755500
2026-10-02,84.4000015258789,84.97000122070312,83.1500015258789,83.16000366210938,2480500
2026-10-05,84.37000274658203,85.20999908447266,83.56999969482422,84.5999984741211,2533000
2026-10-06,83.9800033569336,85.44000244140625,83.91999816894531,84.81999969482422,4150000
2026-10-07,84.2300033569336,85.5,83.87000274658203,85.18000030517578,1924300
2026-10-08,86.24500274658203,87.44979858398438,85.41999816894531,86.7699966430664,2322006
