Date,Close,High,Low,Open,Volume
2019-01-02,55.89311599731445,56.329552752844684,54.12518961516308,54.60600766516644,4271900
2019-01-03,54.887088775634766,56.336941429670716,53.9624410156436,56.17420252093594,3300800
2019-01-04,56.96570587158203,57.15802855946409,55.18298212198004,55.79694964397926,4364500
2019-01-07,57.02487564086914,57.94952342835452,56.22598424161946,56.958303709099255,3833600
2019-01-08,57.22459030151367,57.9421177318234,56.62542047123899,57.6314374971329,3087700
2019-01-09,57.17283630371094,57.98652542197077,56.07065745846447,57.50570732912519,4280200
2019-01-10,57.26898956298828,57.749807587812484,56.45530055984113,57.30597773551428,3818500
2019-01-11,58.04570007324219,58.48213119266054,56.884342484569125,56.97310507503894,3607300
2019-01-14,58.400760650634766,58.585690235524176,57.14324173082799,57.51310090060681,4496100
2019-01-15,58.26761245727539,58.74843051771241,57.6166623352642,58.6892516947287,3341400
2019-01-16,58.43773651123047,58.681844866311444,57.771989017192276,58.09746682396692,3957500
2019-01-17,59.5399284362793,59.761846198813686,57.97172914552714,58.03830108812558,4056000
2019-01-18,61.09333038330078,61.3966175887528,59.52513123269856,61.37442694320316,5110700
2019-01-22,60.664302825927734,61.63333204828705,59.88019754552113,60.82704176419332,7603000
2019-01-23,59.01472091674805,60.997166046940144,58.763219421381535,60.61251504120243,4507500
2019-01-24,58.400760650634766,59.273628517056906,57.84597189596653,58.689250351573996,5093700
2019-01-25,60.79743576049805,61.322634962907266,58.95553352765831,59.27361255374858,6462100
2019-01-28,59.93937301635742,60.37580974854298,59.34760176182468,60.01334371772367,3662000
2019-01-29,60.02073287963867,60.29443063887437,59.18485336506749,59.74703512040297,3949600
2019-01-30,61.60375213623047,61.84786058126864,60.09472580818168,60.44979315038302,4688900
2019-01-31,64.9620590209961,65.36150756879593,62.35825316270406,65.08780977393236,8796700
2019-02-01,63.068397521972656,65.25056472298994,62.58018062911636,65.09522452351855,5136100
2019-02-04,62.72074508666992,63.28293284156009,61.99581832560585,62.87608532612535,4448500
2019-02-05,63.586185455322266,63.69714433090048,62.43222669395566,62.67633509150717,3918400
2019-02-06,63.55658721923828,64.06699458985406,62.957417275369025,63.43083647806114,2783900
2019-02-07,62.069766998291016,64.07440297013709,61.81086107116609,63.42344723602126,3114700
2019-02-08,62.239906311035156,62.447026562010414,60.75307073281484,61.78867763129468,4126500
2019-02-11,61.64811325073242,62.60235042410054,61.58894008274531,62.15852062438567,3446600
2019-02-12,61.56586456298828,62.39591613254821,61.42378191615125,62.34357079506308,3083300
2019-02-13,62.41086959838867,62.61277711845121,61.69298823806235,61.70046777349049,2725000
2019-02-14,62.5230598449707,62.78478661668911,61.65561602417171,62.25385353542727,2810600
2019-02-15,63.11379623413086,63.65968249913951,62.8595433819736,63.10631669886376,3929800
2019-02-19,63.405452728271484,63.54753541121475,62.67261211203532,62.88947305250097,2031200
2019-02-20,63.884033203125,64.44487862898463,63.263362895922164,63.37553312213703,3951500
2019-02-21,63.173606872558594,64.57945680969841,63.08386958521297,63.89896188405554,3207800
2019-02-22,63.80176544189453,64.37009031536563,63.225966738335124,63.66716233252543,3158100
2019-02-25,63.547515869140625,64.05601585122085,63.457778564580494,63.63724746848717,2033700
2019-02-26,63.12128448486328,64.12332555088727,63.098845875963775,63.562480137905744,2146300
2019-02-27,62.13417053222656,63.270820054880744,61.99957315463053,63.18856229843027,3009700
2019-02-28,60.99006652832031,62.29123197663312,60.96763362493811,62.1341902425287,3608400
2019-03-01,61.984622955322266,62.044447824066076,61.28169501061624,61.408824283000214,3102700
2019-03-04,61.71543502807617,62.567919691889635,60.504012455928184,62.56044585999342,3688500
2019-03-05,60.683475494384766,61.692996107833665,60.21236169095122,61.692996107833665,3934800
2019-03-06,60.833030700683594,61.32657739758287,60.38435551591167,60.65356176781773,3444400
2019-03-07,60.26469802856445,61.08727575123869,60.08522911871452,60.892847770859895,3145900
2019-03-08,59.636558532714844,59.801074089777295,58.73920820991955,59.636558532714844,4089100
2019-03-11,62.42583465576172,62.485653829281695,59.95063307135848,60.15254061078356,4375500
2019-03-12,62.702518463134766,63.62230748640648,61.8874258364792,62.35105441119529,5009900
2019-03-13,62.97919845581055,63.24092516017308,62.418353072799,62.896940676551715,4275800
2019-03-14,63.51762008666992,63.53257345541013,62.68008880684098,62.89694973747209,3546000
2019-03-15,63.622318267822266,64.4822825545325,63.30076660253811,63.4727560367507,5656800
2019-03-18,64.87110900878906,64.94588724412534,63.78681033337892,63.82419659844023,3471800
2019-03-19,64.6318130493164,65.76845702158738,64.46729751400575,65.25995705117876,2946100
2019-03-20,64.63929748535156,65.08049308603461,63.80924591622913,64.34017882621677,3921800
2019-03-21,64.59442138671875,65.53664309919532,64.47477735469748,64.67667915476429,2335900
2019-03-22,63.28580093383789,64.4149714136265,62.41836290485381,64.00368245254667,2877700
2019-03-25,63.921417236328125,64.00366930643467,62.85954569270326,63.18857679398538,2602700
2019-03-26,65.0580825805664,65.3198093579508,64.22055118772049,64.27289654319736,3233500
2019-03-27,64.3252182006836,65.4768213021298,64.01862571876069,64.64676975306931,3460300
2019-03-28,63.43534851074219,64.34765784645296,62.9791938428868,63.98123478196989,2812800
2019-03-29,63.43534851074219,64.1158378922422,62.73242052318526,64.01114721816528,3208400
2019-04-01,64.6318130493164,64.93840551540251,63.88401931078687,64.21305038140817,2919100
2019-04-02,63.151187896728516,64.48973956323792,63.12875499422396,64.48973956323792,2924700
2019-04-03,63.00912094116211,64.32523420873255,62.70252267772508,63.64474466888417,2983200
2019-04-04,63.07639694213867,63.285778263605586,62.09678902875568,63.009098248187065,3267700
2019-04-05,64.82623291015625,64.85614534058152,62.99413505679448,63.15865057152709,2966700
2019-04-08,64.45982360839844,65.312308088352,64.33270003099803,64.97580315871231,2141200
2019-04-09,63.644744873046875,64.33271395219494,63.39049195801334,64.33271395219494,2419400
2019-04-10,66.12743377685547,66.50133083412476,63.99622169146378,64.1682111428865,5232400
2019-04-11,66.58356475830078,67.63047728414985,65.90306961967389,66.16480203004686,3682100
2019-04-12,66.11244201660156,67.39864235439263,65.72358610790994,67.13691570731925,4003200
2019-04-15,65.54412078857422,66.11244561401027,64.77389416875624,66.10496607934031,2824600
2019-04-16,66.045166015625,66.23959405356763,65.02816571668497,65.58153168059734,2507300
2019-04-17,66.86772918701172,67.35379636318741,66.32184283478286,66.48635840566213,3209300
2019-04-18,65.83578491210938,67.08459953172519,65.66378978059328,66.88269766058633,2670000
2019-04-22,68.1613998413086,68.31843584046857,66.1872248444212,66.23957017747452,3063000
2019-04-23,67.51082611083984,68.43808886328412,67.09206339139033,68.37079015703581,4232500
2019-04-24,65.60395050048828,67.62299141427107,65.51421319346163,67.62299141427107,5046400
2019-04-25,67.9220962524414,69.32046667829974,65.54411229937827,65.61889052075257,6312000
2019-04-26,67.36128234863281,67.78004514716967,66.56114302701972,67.5108388609059,3008000
2019-04-29,67.00233459472656,67.61552538552836,66.64339670534812,67.45100980905704,2661700
2019-04-30,67.79499053955078,68.33339729820509,67.10701588837779,67.12197495971529,3049000
2019-05-01,67.12945556640625,68.66991487246446,67.09954883114055,68.02681166517324,3881300
2019-05-02,65.99280548095703,67.86229005548839,65.53665078835425,67.11449622567585,5084700
2019-05-03,66.1348876953125,67.04719707446252,65.99280504292267,66.66582062632958,2994400
2019-05-06,64.6019058227539,65.39456542382375,64.05601954454261,65.39456542382375,4741700
2019-05-07,63.08388137817383,63.94384533405793,61.8051547468179,63.94384533405793,6014900
2019-05-08,61.61820602416992,63.49516993056963,61.38638608256441,62.537989140005756,4850800
2019-05-09,61.12466812133789,61.54343655975968,58.9186785307731,61.13962719336064,6661900
2019-05-10,62.61278533935547,62.881985892761044,60.81807885029215,61.2518006786486,4484100
2019-05-13,60.87791061401367,62.52305508694687,60.36941047970817,61.73039529428827,3943400
2019-05-14,62.7304573059082,63.01779339251575,61.48280360031404,61.48280360031404,3389300
2019-05-15,63.040489196777344,63.12366650348303,61.73234172958019,62.412880707631004,2589500
2019-05-16,64.62841796875,64.72671581253957,63.335396628173385,63.37320082855797,3282900
2019-05-17,63.29759216308594,64.50743629143527,63.27490848708437,63.80421349042724,2553600
2019-05-20,62.06505584716797,63.22953246381848,61.928948040832424,62.92707003096271,2774100
2019-05-21,62.35995864868164,62.753155795269464,62.14823666444271,62.405325997021016,3115800
2019-05-22,60.75690841674805,62.35995527628002,60.44688860487575,62.13310700886823,2942200
2019-05-23,57.021507263183594,59.65291678469543,56.840026367983285,59.65291678469543,6237700
2019-05-24,57.63399887084961,58.17843010774839,56.98370664555286,57.4147137465992,3385600
2019-05-28,56.779544830322266,58.34478759762369,56.74174062917924,57.95914782441937,3709000
2019-05-29,56.60563278198242,57.01395622944508,55.68312489352881,55.97046105182114,3054100
2019-05-30,55.10088348388672,56.507328839287055,54.44302815023468,56.37877841616595,5119600
2019-05-31,53.233177185058594,54.049823883732145,52.50727093145658,53.70198839545298,5670700
2019-06-03,54.44303894042969,54.94210289983312,53.42979626259896,53.467600467134616,3760600
2019-06-04,55.8419189453125,55.92509626818461,54.63207484307053,54.82111316432683,3135000
2019-06-05,55.305049896240234,56.29560883726525,54.57158029878228,56.25024148698674,3245400
2019-06-06,56.310726165771484,56.605625433601844,55.04795178619116,55.99314322641429,3767900
2019-06-07,56.507328033447266,56.862715171740874,56.008264180071556,56.29560030326344,2847200
2019-06-10,57.361793518066406,58.52627036783404,57.13494520576395,57.15007150337997,3136300
2019-06-11,57.73986053466797,58.473330083570296,57.70961371348742,57.9364619878459,2483300
2019-06-12,57.845733642578125,58.10282302298431,56.9156624456545,57.60376479143423,2569200
2019-06-13,58.420406341552734,59.03288867652955,57.82304453441834,58.58676099277901,2819600
2019-06-14,58.04232406616211,58.39015386277564,57.44496231687211,58.17086873184706,2084200
2019-06-17,58.170875549316406,58.79092104533713,57.717184707909645,57.82304571193816,2470100
2019-06-18,58.828739166259766,59.63782310566418,58.564080850544514,58.677505018852074,2759600
2019-06-19,59.10093307495117,59.81171311426222,58.57918555447513,58.91189478712544,2316400
2019-06-20,60.3032112121582,60.98375017273928,59.97050199387625,60.061242444950544,3011800
2019-06-21,61.93650436401367,61.95918803440515,60.62079379140364,60.84764203329929,6568500
2019-06-24,61.066925048828125,62.095293710812605,60.87788677668377,61.69452772791478,2558000
2019-06-25,61.72478103637695,61.98187611341123,60.63592439720537,60.870330033243896,3278500
2019-06-26,64.2200927734375,64.8174545054988,62.08017779067193,62.10286146408077,5154200
2019-06-27,63.46393585205078,64.27301951399676,63.19928339608544,64.27301951399676,2408500
2019-06-28,64.73428344726562,64.85526497347004,63.51687619206504,63.562243543267726,3248200
2019-07-01,63.70589828491211,65.96679442475076,63.3580685533208,65.66433203280475,4558900
2019-07-02,61.02156066894531,63.32783022658452,60.295654292358314,63.32783022658452,7182100
2019-07-03,61.989444732666016,62.36752135009898,60.96107587172902,61.119867358771906,2307400
2019-07-05,61.883567810058594,62.08016923415628,61.4374402438647,61.82307994563581,1653400
2019-07-08,61.520633697509766,61.989450826046884,61.05937971738232,61.79284935033881,2320500
2019-07-09,62.18604278564453,62.55656203849735,61.15767388558789,61.24085120610656,2654600
2019-07-10,63.06319808959961,63.25979959944171,62.12556943872586,62.911963940108414,2976800
2019-07-11,63.84202575683594,64.2201024210908,63.19173343279821,63.47151224118395,2782400
2019-07-12,64.083984375,64.4620609789823,63.56979996282442,63.932756041003536,1769500
2019-07-15,63.758846282958984,64.14448608283548,62.798534126433736,63.9252009326701,2513500
2019-07-16,63.675662994384766,64.21253109699396,63.22953535648087,63.70590981595319,1772900
2019-07-17,62.94219970703125,63.85714451691515,62.26166057641746,63.57737148526808,2954900
2019-07-18,63.025352478027344,63.10096662552734,61.98942654239908,62.465800863739766,2060100
2019-07-19,63.2522087097168,63.68321575100588,62.97242998260303,63.13122144318423,1903100
2019-07-22,63.781517028808594,64.2276503870446,63.025363879044434,63.75127021053914,2346700
2019-07-23,64.0990982055664,64.49986420987966,63.59247699370526,63.842008910827516,2902200
2019-07-24,65.15770721435547,65.47529011216463,63.5924706248789,63.94030033709703,4002300
2019-07-25,63.100975036621094,65.36943437793508,62.12554259656766,65.16527557557261,5248400
2019-07-26,63.75126647949219,64.27301396837117,62.82120139034919,62.91949921722899,2712500
2019-07-29,63.53955078125,64.1293493385083,62.949752223991695,63.569797600723625,2013600
2019-07-30,64.11425018310547,64.12181333274248,62.68512065833333,63.13881156367494,2589800
2019-07-31,64.4620590209961,65.40725050224238,63.85713416540209,64.06129875598623,3217900
2019-08-01,63.77396011352539,65.4299375193961,63.259781459675004,64.43181549493775,4233900
2019-08-02,62.0574951171875,63.448820054923615,61.25597454254065,63.13879446269754,3289900
2019-08-05,57.9366340637207,60.89539543302772,57.401460301655284,60.887748427010635,5976300
2019-08-06,58.74704360961914,59.28987022818458,57.982506306008545,58.69352623168467,3328300
2019-08-07,57.95958709716797,58.20423886844519,56.73632824078188,57.80668192747908,4100500
2019-08-08,60.21495819091797,60.268475567541785,58.20422139857328,58.28067979342723,3474200
2019-08-09,60.283756256103516,60.83422396609605,59.81738810363517,60.03910458865749,3789700
2019-08-12,58.98405456542969,60.32964186271404,58.601785910868195,59.64919829127436,3011400
2019-08-13,60.19967269897461,60.59723540983951,58.3647817889581,59.10638399353223,3099000
2019-08-14,58.10483932495117,59.610978856515814,58.08190413743815,58.9076058856498,3912400
2019-08-15,58.655296325683594,58.907595007651125,57.737848163880585,58.28831589437117,3082200
2019-08-16,59.72566223144531,59.95501994569389,59.01464223465582,59.28222915109115,2697500
2019-08-19,60.933631896972656,61.499393804736336,60.459622415226285,60.551363175328014,2835300
2019-08-20,59.641536712646484,60.88008299658734,59.58801935263614,60.75011309841289,2572600
2019-08-21,59.939727783203125,60.60487152659606,59.42748917248613,60.60487152659606,2409400
2019-08-22,59.19048309326172,60.42138875279427,59.14461271659456,60.03147305225134,2307600
2019-08-23,56.7133674621582,59.39689456010982,56.40755142779224,58.70880994102534,3508000
2019-08-26,56.35405731201172,57.569674946140665,56.208793323334156,57.126241804988815,2912900
2019-08-27,54.82497787475586,56.904520597503534,54.580326132841876,56.652221848135405,3700300
2019-08-28,55.62773895263672,56.25465934331397,54.28215158985735,54.74087283106755,2125800
2019-08-29,57.52378463745117,57.638466398681025,55.81122272407722,55.85709309538649,2660000
2019-08-30,57.55436706542969,58.548267889557025,57.424397124215766,57.76079540308164,2467600
2019-09-03,57.01155471801758,57.210336078848584,55.99471855767761,56.49931605064303,2388900
2019-09-04,57.1721076965332,57.71492856821726,56.644575006844654,57.691993378745174,2579100
2019-09-05,58.70882797241211,59.060514478412806,57.43205190722224,57.760803224368594,4630500
2019-09-06,59.733314514160156,60.1614594930364,58.47183226880101,58.99935919274739,3036800
2019-09-09,60.68896484375,61.30824398305432,59.95500978323776,60.16907928010096,2757000
2019-09-10,62.44740676879883,62.623252913937876,60.72719784733909,60.7654270454431,3634500
2019-09-11,63.20429611206055,63.64772913839982,62.0192668170655,62.77615709791592,3421700
2019-09-12,63.991783142089844,64.59576843613638,62.01928092607927,62.439773029786004,3848000
2019-09-13,65.39087677001953,65.52849372246084,64.15997120456034,64.48872248911695,4410300
2019-09-16,62.990230560302734,63.135494520490404,60.61251898195625,62.69970847288435,9945800
2019-09-17,64.45813751220703,64.98567011260846,62.31743658474216,62.6308938427361,4537900
2019-09-18,63.915313720703125,64.55752805175106,63.17371164579523,64.46578148075668,2458800
2019-09-19,63.877105712890625,64.75631910620918,63.70890654211246,64.4657969776564,2432900
2019-09-20,63.3419303894043,64.32818445939229,63.26547780638097,63.9229805197063,3807400
2019-09-23,64.32818603515625,64.64164921607602,62.97495720032474,62.97495720032474,2005100
2019-09-24,63.53304672241211,64.26700181034474,62.89847938089156,64.20584326106776,2846100
2019-09-25,63.9611930847168,64.3052325352803,63.15842658945975,63.78534693985671,2541200
2019-09-26,63.54833984375,63.85415008471826,62.432116131937775,63.647727588769044,2884900
2019-09-27,64.55755615234375,65.0315657264172,63.838888949124126,64.06825255996922,2861400
2019-09-30,65.16915893554688,65.75020892673194,64.48872119352306,64.73337290039727,2899600
2019-10-01,65.15386962890625,65.73491961004167,64.56517264154417,65.47497389494555,3193700
2019-10-02,63.30369567871094,64.52695428691231,62.89848597862681,64.52695428691231,2785300
2019-10-03,63.869449615478516,63.892384802237316,62.15688761965723,62.913777947482295,2430500
2019-10-04,64.61869812011719,64.76396209185118,63.80064334001048,64.15997684927409,2066600
2019-10-07,63.777687072753906,64.77923469655022,63.777687072753906,64.77923469655022,1994200
2019-10-08,63.70124816894531,64.48107365537652,62.89084049028745,63.24252695145891,2900800
2019-10-09,65.03919219970703,65.84959992501462,64.15997307968927,64.60340614306617,2781400
2019-10-10,65.59729766845703,65.87253154209469,64.89391897307401,65.06211809951438,2477400
2019-10-11,67.2792739868164,67.91384126637422,66.3924080298986,66.65235371253021,3118200
2019-10-14,67.6844711303711,68.0438045144506,66.70586453804287,66.92758100551652,1372200
2019-10-15,68.38787078857422,69.0836026497779,67.14932388491759,67.48571638774698,2197400
2019-10-16,68.1126480102539,69.02244956771983,67.7915436368984,68.10500683443018,2267300
2019-10-17,68.88481903076172,69.40470469953175,68.38786855087078,68.51784434278142,2545300
2019-10-18,69.6187744140625,70.07750152462317,68.51784451440643,68.73191405509074,3796200
2019-10-21,71.26252746582031,71.48424400278918,70.02397482815337,70.35272613014759,3227700
2019-10-22,71.9964599609375,72.31756415486441,70.90317163431982,71.51480367004713,3087300
2019-10-23,71.75181579589844,72.37109490071678,71.28544763243598,71.56068149392057,3534600
2019-10-24,74.09130096435547,74.46592254958439,72.74571389340642,72.8603956370761,4566300
2019-10-25,75.8956298828125,76.33141599477584,74.15248543495917,74.92466989052852,3899200
2019-10-28,76.50724029541016,77.08064321733028,76.17084204800437,76.26258861537582,3941700
2019-10-29,77.08065032958984,77.55466555531225,75.84974481032206,76.17084907631626,3259300
2019-10-30,75.54393005371094,76.83599997961582,74.76410456071731,76.74425340216378,4187000
2019-10-31,74.14485168457031,75.68156790892067,73.49499012244819,75.36046354857508,4396600
2019-11-01,76.3467025756836,76.39257295154206,74.54239390779175,74.77175745299863,2843000
2019-11-04,77.40176391601562,77.85284401033535,76.63722652418193,76.91246045187864,2482500
2019-11-05,77.28707885742188,77.97516364743319,76.41550673439325,77.69992973142867,3286200
2019-11-06,76.72130584716797,77.43997267228818,76.1937791524968,76.94302233221475,2529800
2019-11-07,77.52409362792969,77.71522797817954,76.6448744501889,77.11124273143513,3220800
2019-11-08,77.11122131347656,77.37880816291151,76.155549827669,77.24883824075108,2678400
2019-11-11,76.9736099243164,77.37881373017957,75.94912698468394,76.42314217561315,1901400
2019-11-12,76.82071685791016,77.88342332663443,76.4537363568959,77.2794381094601,1928200
2019-11-13,76.64485931396484,77.01183976047264,75.79622249981212,76.04852119222646,1887200
2019-11-14,77.08065032958984,77.264137648307,76.27024265837878,76.35434222799012,2288100
2019-11-15,76.92012023925781,77.37119457556588,76.10206532739471,77.218289404977,2487600
2019-11-18,77.26414489746094,77.30237409921894,76.36963757271316,76.6448714930905,2938000
2019-11-19,75.30474853515625,77.26412289329261,74.97304331142908,77.18697749004185,3641300
2019-11-20,74.97306823730469,75.36648167491327,73.10625832583267,75.34334040039158,4590000
2019-11-21,75.91416931152344,76.25358440564268,75.03475987508955,75.26618434026193,3127700
2019-11-22,75.21988677978516,76.92469528430365,75.09645885357709,76.40785408538417,2877500
2019-11-25,75.09647369384766,75.72902722724807,74.79562542097237,75.42817895437278,3027400
2019-11-26,75.16593170166016,75.92190758505994,74.89593442936082,75.55934520031133,4971000
2019-11-27,74.90362548828125,75.59789302991548,74.57963593064157,75.28161330552753,3016700
2019-11-29,73.66165161132812,74.78019527477115,73.57679637184734,74.7030498677026,1716800
2019-12-02,73.74653625488281,74.88822164150965,73.6848222587688,73.93167235785425,3172900
2019-12-03,72.42742919921875,73.20655220154521,72.31943265062345,73.16026376259687,3345700
2019-12-04,71.90287017822266,73.24511716607664,71.6868770865416,73.24511716607664,3898000
2019-12-05,71.73316955566406,72.11116340373188,70.9231953498855,71.8643132812035,3136100
2019-12-06,72.21142578125,73.23739873163915,72.04171526189303,72.45827584066839,3825100
2019-12-09,71.37059783935547,72.2191505423752,71.17774602237287,72.01086728422658,3172400
2019-12-10,72.95197296142578,73.00597122578661,71.2240226165099,71.51715521084448,2858300
2019-12-11,71.65602111816406,73.27597521439051,71.20860348733501,73.1525531111031,3049700
2019-12-12,72.92111206054688,73.10624811623529,71.67914616145593,71.86428810251344,2495400
2019-12-13,72.36570739746094,73.90852179423696,71.92600552979457,72.9674040705444,2456400
2019-12-16,73.39167022705078,74.19393430859247,72.28084213178242,72.88254460696548,3878000
2019-12-17,73.80824279785156,74.98849489884003,73.51511017396639,74.18623068648218,2971900
2019-12-18,72.90569305419922,73.78509675439047,72.48913247747132,73.66938450218221,4334300
2019-12-19,72.96739196777344,73.58451997827156,72.67425939973971,73.19881644305245,2782300
2019-12-20,73.49195861816406,74.04737272314391,72.80540670655554,73.46881734468484,4801600
2019-12-23,73.46881866455078,73.63081346718519,72.89797899545287,73.51510709771044,1910300
2019-12-24,73.3608169555664,73.79280895082765,73.04454309235823,73.4071053854615,559800
2019-12-26,72.83625793457031,73.5768080541381,72.65112187602067,73.4688115295367,1205800
2019-12-27,71.8951416015625,73.16796453321706,71.8334335045241,73.11396626995266,1752400
2019-12-30,71.64827728271484,72.3888272679585,71.54028077770232,71.74856395548942,2186800
2019-12-31,72.24229431152344,72.35800658277981,71.54031084850659,71.70230567411726,1582000
2020-01-02,73.38395690917969,73.468812162865,72.71283648413846,72.99825335074432,2130500
2020-01-03,70.59918975830078,73.01369824575087,70.08234830722903,72.78227371388903,5057000
2020-01-06,70.60688781738281,70.96173436153906,69.82776503273057,70.28289826211434,3393200
2020-01-07,71.53258514404297,71.5557264160864,69.6657754324926,70.24433077505553,3795500
2020-01-08,71.8102798461914,72.14970083333704,70.96173326369609,71.37057806073855,4101800
2020-01-09,73.42254638671875,73.49197021811423,71.68687997738449,72.28086100346027,3033300
2020-01-10,74.74166107177734,75.19679448938105,73.5845499941232,73.69254655720788,3551800
2020-01-13,74.24793243408203,75.62103611302211,73.90851143106528,74.86506046040903,2703100
2020-01-14,73.59224700927734,74.17080240103995,73.13711370736513,74.0782314196248,3270900
2020-01-15,71.17001342773438,73.16795478777551,70.7071703920626,72.95196176348658,4001900
2020-01-16,70.95402526855469,71.89513695529024,70.52974902363255,71.79485615438541,2829500
2020-01-17,70.36774444580078,71.03886474021107,70.12861016943556,70.92315840349762,2891700
2020-01-21,69.6195068359375,70.15177974104881,68.74781873057547,69.8432156527905,3221500
2020-01-22,69.13351440429688,70.12091466466318,69.08722597090048,69.9203471475982,2129400
2020-01-23,69.04865264892578,69.23378870899073,67.07384642854582,68.80180260704944,2952300
2020-01-24,68.85580444335938,69.48064235686299,68.06125601375119,68.74780791226911,2580300
2020-01-27,65.6081771850586,67.0121378925275,65.39217825013559,66.97356518280611,3369600
2020-01-28,66.30244445800781,67.035284806816,65.48475473433501,66.04788456267457,2424100
2020-01-29,66.69589233398438,68.22328178706485,66.59561147683091,67.05845480385244,3478200
2020-01-30,68.03038787841797,68.23094946880978,65.60817027435671,66.29472206042301,4281400
2020-01-31,65.03733825683594,68.1923967219635,64.27364678721187,67.54441162245688,6537200
2020-02-03,61.90544128417969,65.1684970404979,61.51202187858191,65.02964347883815,5188900
2020-02-04,62.66912078857422,64.41250275044187,62.48398470402146,63.03168312296046,4504400
2020-02-05,64.62847900390625,65.03732378164511,63.07794925036228,63.71050276948756,3248000
2020-02-06,64.2350845336914,65.31505595181943,63.880237875018196,64.82907146207866,2615100
2020-02-07,64.82907104492188,65.34591253018294,63.4328256970053,63.826239187676485,2333500
2020-02-10,65.08360290527344,65.12988543640633,64.07305585438654,64.3353372633308,2602900
2020-02-11,65.74703979492188,65.84850508956292,65.11485860939081,65.66118729385765,1886500
2020-02-12,66.37139892578125,67.73722614673216,65.86409048137837,66.855294141979,2543800
2020-02-13,65.32557678222656,66.37921991946848,65.26314347812603,66.23873456480526,4507300
2020-02-14,64.49827575683594,65.72361789142948,63.88950788741861,65.71581149567058,2990400
2020-02-18,64.40461730957031,65.05241120765467,64.07682013988979,64.28755114506679,1856600
2020-02-19,64.95874786376953,65.04459438579994,63.48364892758117,64.59192472836263,1831500
2020-02-20,65.6923828125,66.16066522079666,64.78703761706431,64.98215578339908,2015800
2020-02-21,64.7011947631836,65.17728363615782,63.95194160765074,65.01338506662265,2084800
2020-02-24,60.954925537109375,62.51587116394719,60.642735220834815,62.46904470059326,3868700
2020-02-25,58.098388671875,61.36076473869222,57.74717239033014,61.20466662871648,4057500
2020-02-26,55.97549819946289,58.91787740629743,55.88183933985743,58.449595017337415,4702000
2020-02-27,51.65950393676758,54.48481206654099,51.32390034651686,54.141408034438136,7682400
2020-02-28,51.70631408691406,51.721920920228406,48.709298932446025,49.58342748412968,7421700
2020-03-02,52.97068786621094,53.118973640131564,49.83318406600538,52.26826119791607,6526300
2020-03-03,50.29366683959961,53.89164675957543,49.66148282866698,53.4077515020514,5587900
2020-03-04,50.06732940673828,51.45656998517687,49.19319776035083,51.45656998517687,6485000
2020-03-05,48.15516662597656,49.78635470298934,47.413716958740366,48.4673539224722,5918900
2020-03-06,49.24002456665039,49.692697201061165,45.43912321198887,46.4849567874075,9569600
2020-03-09,45.579612731933594,52.83800620256106,44.76792030501496,45.579612731933594,12531100
2020-03-10,47.1795768737793,49.83318235534799,44.51035860315414,47.39810828429501,10527600
2020-03-11,42.473323822021484,46.62544141476223,41.77870358038556,45.798139263082476,9184800
2020-03-12,34.309574127197266,39.55435085190851,33.31837358682674,39.078262098624506,14645700
2020-03-13,38.94559097290039,39.01583363869207,32.58473694184827,37.5407376570668,9700600
2020-03-16,32.4910774230957,37.4548839794241,32.14766754984852,33.5681275420976,8241800
2020-03-17,30.45405387878418,33.72423436143045,29.657971138325397,32.865715335175565,8839500
2020-03-18,27.3321533203125,29.15065309720176,24.194652822794243,28.417009857617014,8900200
2020-03-19,29.197486877441406,29.244316316533585,24.88927673078527,27.15264900669472,8776000
2020-03-20,30.17308235168457,32.1398744271759,28.424821736602993,30.04040338708375,9225000
2020-03-23,25.459020614624023,29.48625993983179,25.33414509203104,29.11943976692777,6535300
2020-03-24,27.04338264465332,29.119440091708814,26.15364118682896,28.003363793531545,9068400
2020-03-25,30.930143356323242,33.16229643462627,26.41900775163623,28.471652411530915,8933300
2020-03-26,35.58955001831055,36.791478558779886,31.328170259119343,31.952547755055768,10055900
2020-03-27,35.15250015258789,37.04904953895862,32.79547163583769,33.333996865358976,8028700
2020-03-30,36.83050537109375,37.05684316697804,31.999380465338113,33.39642730263721,7691900
2020-03-31,35.40225601196289,38.46170876496302,34.2081332660673,38.2275674587262,7423500
2020-04-01,31.999385833740234,34.27836505427428,31.609149421133644,32.84229791405889,5354600
2020-04-02,32.38962173461914,35.90174939258989,31.60914892173675,33.41204219131137,8098300
2020-04-03,31.484270095825195,32.77985471053171,30.96135181774015,32.57693311041646,5313400
2020-04-06,35.97978591918945,36.315389377703575,33.443249951557945,33.443249951557945,6213000
2020-04-07,37.470497131347656,39.09388195468717,36.16710900832089,38.594379848203445,7767300
2020-04-08,40.27238845825195,41.17773663359973,37.556343932208634,37.88414400078757,6830800
2020-04-09,39.1016845703125,42.05187366426366,37.728053805664494,41.989434413600534,7708000
2020-04-13,38.78948974609375,40.87335020900188,38.18852547240337,40.53774674476872,4668100
2020-04-14,39.76509475708008,40.17874444038306,38.65682169350317,38.87535612953215,4201000
2020-04-15,36.44807815551758,37.852928515270015,35.90955005057093,37.47049555635525,5311800
2020-04-16,35.121280670166016,37.04904969523195,34.68421477223197,36.32320965653376,5133200
2020-04-17,40.39726257324219,40.51433466025569,35.70662331256205,36.01881355975349,6855700
2020-04-20,39.265586853027344,40.77189956502582,37.681225076232316,37.806100602639404,5451300
2020-04-21,38.59438705444336,39.648024320960566,37.16612016084612,37.54074681065819,5692800
2020-04-22,39.46851348876953,41.16214119450233,39.304614897744095,40.56117671680797,4678600
2020-04-23,40.63920593261719,41.52894417403273,39.718248074279494,40.600182900097764,5164500
2020-04-24,40.97481918334961,41.79431497156315,40.2801989154613,41.208960411801016,4012500
2020-04-27,43.37086868286133,43.91720018068528,40.647020565455044,41.013840718219306,3813900
2020-04-28,45.165950775146484,46.20398081387132,44.02646143700657,44.924006162561625,4570900
2020-04-29,51.72972869873047,52.24484352989958,47.249817146335594,47.718099567240394,9892400
2020-04-30,49.44294357299805,52.09655190198342,48.52979195751213,51.44875814212901,6676400
2020-05-01,45.8605842590332,48.31907497584987,45.532787084667085,47.47616582943151,4667800
2020-05-04,49.684898376464844,49.73953123433574,45.09571747443746,45.618635799117044,6629800
2020-05-05,49.185394287109375,51.94046518775916,48.71710883908756,51.12096639803781,6329600
2020-05-06,47.5385856628418,49.981465719879004,47.28883467051552,49.48196373522646,4406000
2020-05-07,47.811763763427734,49.98928662851498,47.49957642100324,48.412728193610995,4307100
2020-05-08,51.44876480102539,51.682909019444814,48.04590594326351,49.02930034700892,4405300
2020-05-11,51.17559814453125,52.06533660604087,50.73853530857131,50.74633574883163,4981300
2020-05-12,49.435142517089844,52.19021326068641,49.435142517089844,51.909242603343564,5030700
2020-05-13,46.81119155883789,49.181480181028284,46.55751556888488,49.007076803914465,5721100
2020-05-14,47.0965576171875,48.079553924969254,44.24270244139731,45.701340270459085,5237900
2020-05-15,46.59713363647461,47.96064381681561,45.812324794761246,46.92215606038669,3768000
2020-05-18,51.01268768310547,51.45662506357415,48.84058731649765,49.14182859492293,4418800
2020-05-19,50.77487564086914,52.09081768785581,49.554055267132114,50.94134990926503,4573100
2020-05-20,53.38298416137695,54.10437878155821,52.10668130310077,52.185953908542906,5337200
2020-05-21,52.1066780090332,53.7397165607301,51.81336273451673,53.12930483637911,2959700
2020-05-22,52.06703567504883,52.304859510705334,50.69559920329323,51.96398190525708,3521100
2020-05-26,54.46109390258789,55.61056754115806,54.05680190898676,54.08058307942089,4833500
2020-05-27,55.63434982299805,56.51428943530218,54.50073430747808,55.57092933516644,4359800
2020-05-28,53.21650695800781,55.88803655654145,52.740865303319175,55.66607085422754,4992100
2020-05-29,52.82805633544922,53.8506890134568,52.122520046051136,53.08173223671471,4971900
2020-06-01,52.780494689941406,53.38297118332187,51.76579107149995,52.97867917942171,3893900
2020-06-02,54.05680465698242,54.45317364599538,52.73292763711494,53.327481120634374,4373900
2020-06-03,55.919734954833984,56.22890226726149,54.42146073365128,54.89710228753126,4963100
2020-06-04,55.53129959106445,55.95937279082218,54.825763251459804,55.190422007471454,3391700
2020-06-05,59.16997146606445,60.049911243380755,57.917443813005534,57.941224988374344,5700500
2020-06-08,59.946861267089844,61.128039420798515,58.83702664400964,60.24809958770802,4397300
2020-06-09,56.498443603515625,58.4168744658382,56.30818814666391,57.988795151837884,4902400
2020-06-10,54.738563537597656,57.35459541474926,54.44524828839072,56.775900038238994,4571200
2020-06-11,48.103336334228516,52.732922797962495,47.78623996249504,51.1712342049763,6214000
2020-06-12,50.568763732910156,51.25051897747609,48.88815679661315,50.64803633267352,3575200
2020-06-15,50.410213470458984,50.7114547806764,47.21548004912596,48.25396497468078,4972900
2020-06-16,52.44755172729492,53.72385440981254,51.06026015470797,52.86770192158059,4046100
2020-06-17,49.4034423828125,52.1938780727194,49.38758725656737,52.1938780727194,4649800
2020-06-18,51.234649658203125,51.805421929035184,48.62654419632925,48.91193033174528,3817800
2020-06-19,50.069332122802734,53.00246333720741,49.95834928628861,52.336560270011695,9539900
2020-06-22,49.6729621887207,49.9424932255031,48.72167599866194,49.49063281443488,3138000
2020-06-23,49.665035247802734,50.53704580900259,49.546123342159405,50.25958872790865,2628500
2020-06-24,45.994659423828125,48.816807810953314,45.41596104292838,48.64240448211444,5688100
2020-06-25,45.40803146362305,46.33553649186941,44.86104333479678,45.38425029143009,4887000
2020-06-26,44.64700698852539,45.408034795089236,44.123799993505784,45.22570540543679,4851900
2020-06-29,45.14643096923828,46.12942442329815,44.440894613327025,44.948246463687674,3636900
2020-06-30,46.62885665893555,46.85082236808634,44.21100596235907,44.662866455448025,5122500
2020-07-01,44.74214172363281,47.80211157770595,44.68665029304029,46.930100790632416,3172200
2020-07-02,44.66286087036133,46.20077156469446,44.51224173285191,45.6537834109497,3834600
2020-07-06,44.76591110229492,45.820250958492004,43.71949729467678,45.582430188406995,3595800
2020-07-07,42.11024856567383,44.02074733559839,42.02304688763502,43.99696615942634,6069900
2020-07-08,41.999263763427734,42.91091377911389,41.317508520261505,41.84864461456424,5539400
2020-07-09,39.81130599975586,41.872423728471915,39.533845866699984,41.84864255457352,6920900
2020-07-10,42.530399322509766,42.53832537274775,39.763742084861335,39.81130745845662,5180700
2020-07-13,42.19744873046875,43.23593673087591,41.626676330360276,42.94262145634469,4305500
2020-07-14,43.124942779541016,43.212141407950384,41.50775674489583,41.77728775067003,4671100
2020-07-15,45.36839294433594,45.54279626268171,43.98903059177219,44.58358405989061,3941400
2020-07-16,44.85311508178711,45.85196357753898,44.20306717458026,44.90860649688136,2530900
2020-07-17,43.973175048828125,45.91538060684673,43.85426314672053,45.17020802259763,3093300
2020-07-20,43.06946563720703,44.50431976984068,43.01397118393617,43.87012984734602,2329200
2020-07-21,45.64585494995117,45.93123808635845,43.61644460537048,43.83841027503907,4050700
2020-07-22,45.2415657043457,45.93124704392953,44.409191256702314,44.83727058088098,2741100
2020-07-23,45.717201232910156,45.828187098516985,44.702497511235585,44.76591800586806,3576100
2020-07-24,45.962947845458984,46.5733564546448,45.55072373182484,45.756837300669616,2978400
2020-07-27,46.002586364746094,46.089788030855345,45.0354480360344,45.82025698290655,2678400
2020-07-28,45.0988655090332,46.40688445267292,44.805553288140594,45.6775639011967,3645500
2020-07-29,47.31853485107422,47.37402627468471,45.297053354254906,45.66171214485408,4510900
2020-07-30,44.65493392944336,45.47937916847719,43.12494931538434,44.73420652148615,6257300
2020-07-31,44.57565689086914,44.75798626599358,43.65608094186236,44.02866876549582,5120100
2020-08-03,43.49454879760742,44.90644752903483,43.22830663722536,44.559523594525636,5396500
2020-08-04,42.7765007019043,43.51068796662464,41.897089312057275,43.317054773890675,5702700
2020-08-05,41.64697265625,43.873740108346595,41.380730528233116,43.79305834402738,5284500
2020-08-06,41.534027099609375,42.74422603518434,41.2274425075091,41.43721204651799,3924600
2020-08-07,42.486053466796875,42.65548059092783,40.92893048171843,41.32426351571926,3310200
2020-08-10,43.204097747802734,43.38159456160877,42.268210772843744,42.760358790982444,5663300
2020-08-11,43.2847900390625,44.96293122935248,43.12342953980304,44.39817102079214,4711000
2020-08-12,44.47077560424805,44.49498167556361,43.16376162792347,44.091582034181144,3138300
2020-08-13,42.91365051269531,44.32554918417801,42.84103845791127,43.82533451660727,3411000
2020-08-14,43.93828582763672,43.986694889958265,42.477981174427654,42.63933856010976,3693700
2020-08-17,44.85803985595703,45.32598492732406,43.70431661056048,43.857610447309376,4335800
2020-08-18,44.164188385009766,45.0032571915968,44.06737026765022,44.575654611856656,2567300
2020-08-19,43.776920318603516,44.35781668872945,43.292842061961565,43.825329375345504,3031100
2020-08-20,42.51832580566406,43.52682498000289,41.937429296382426,43.30898878902228,3796100
2020-08-21,42.45378875732422,42.945936943933404,41.98584664850778,42.405382757130425,2936800
2020-08-24,44.36589050292969,44.519181246901034,42.58286188603615,42.81683439869882,3226400
2020-08-25,43.768863677978516,45.02747174148144,43.32512466175925,44.49498430647928,3380900
2020-08-26,43.325130462646484,44.099657184953415,42.970136739984106,43.68819082550774,4065200
2020-08-27,43.1153450012207,43.52681428677466,42.21980053968014,43.429999251577335,3453600
2020-08-28,44.28520202636719,44.390086770931646,43.2767031531936,43.2767031531936,3805600
2020-08-31,42.42957305908203,44.575658960117444,42.38116399568006,44.4627075565411,4486200
2020-09-01,42.33275604248047,43.08307956301633,41.62277186739062,42.17946222101296,3197800
2020-09-02,42.687747955322266,43.06694458556097,41.872882071571624,42.437639081252826,3959500
2020-09-03,42.21979904174805,43.954415287307576,41.67924203587813,42.75228633298272,3624200
2020-09-04,41.32426071166992,42.857177519503,40.872452000282834,42.56672928201808,3700500
2020-09-08,39.315330505371094,41.146765331611334,39.27499115489874,40.7433656714975,4513400
2020-09-09,38.524662017822266,39.912357634530736,38.19387446705975,39.6783851265611,4490400
2020-09-10,36.81425094604492,38.77477338609846,36.61255113186406,38.62147955759626,4870800
2020-09-11,37.42741394042969,37.74206513217219,36.418914952693626,36.78197520381754,3969400
2020-09-14,38.331031799316406,38.790910212725805,37.54843860360136,37.64525365383205,5927700
2020-09-15,37.564579010009766,38.86352338398721,37.548442653615005,38.48432978064392,3568400
2020-09-16,39.61384963989258,40.372243051954,37.57264812570104,37.96798118919003,6197100
2020-09-17,39.53315353393555,39.557356520624815,38.59726675705627,38.7666938192694,6633400
2020-09-18,39.29920196533203,39.61385327036636,38.548878202082896,39.16204753091021,8200400
2020-09-21,38.210018157958984,38.64569055073139,37.35480972892745,38.06479402703485,6162500
2020-09-22,38.25841522216797,38.68602087574922,37.91956104754712,38.12126084035322,4799600
2020-09-23,35.9106330871582,38.282624840247365,35.87836345636462,38.27455512427781,4627500
2020-09-24,35.96710968017578,36.74970280844693,34.635889774024875,35.54757372840516,3818100
2020-09-25,35.43461227416992,35.6524483837686,34.70849498653508,35.43461227416992,4687200
2020-09-28,36.16073989868164,36.765839298696655,36.00744915864793,36.16073989868164,3247900
2020-09-29,35.02315902709961,36.29790345434328,34.781119842015244,36.233358030216664,4385200
2020-09-30,34.95054626464844,35.8218910067559,34.635895022563574,35.15224609446644,4757000
2020-10-01,32.49787139892578,33.88556703374132,32.046065808200545,33.57898247025294,10606700
2020-10-02,32.86092758178711,33.27239685391041,31.360280735585683,31.65879862404984,6992100
2020-10-05,34.748844146728516,34.78918349449687,33.28046972855688,33.44183019732524,5107900
2020-10-06,34.15180969238281,35.757338286568846,33.95817654108828,35.39427805145068,4450100
2020-10-07,34.167945861816406,34.57941518904157,33.772615966068855,34.28896697634023,4239500
2020-10-08,35.78961181640625,35.805748169193976,34.09533170603052,34.401916253608064,3251400
2020-10-09,35.20871353149414,36.21721244372848,34.81338368140716,36.11232769510167,5617900
2020-10-12,34.76498794555664,35.08770895219719,34.06307329546341,34.902142372876725,3733300
2020-10-13,33.425697326660156,34.60362363936374,33.40149433101544,34.418060158131965,3890900
2020-10-14,33.65159225463867,34.38577936777855,33.44182582703923,33.449892464460746,3692900
2020-10-15,33.530582427978516,33.65967020215658,32.09447747784026,32.998094974782056,5678300
2020-10-16,32.44947052001953,33.6031938252922,32.401061451529365,33.53864840063865,5518900
2020-10-19,31.69915199279785,32.64310589772218,31.586200559151766,32.61083318019595,5086800
2020-10-20,32.83672332763672,33.18364717990145,32.02185452945425,32.0702635824543,4120600
2020-10-21,32.707645416259766,33.514444742298565,32.07027321004227,32.48980922890587,5592100
2020-10-22,33.3046760559082,33.393424476500414,30.99722943129178,32.4091282883981,6561200
2020-10-23,33.86137008666992,35.03122669522182,33.07070708406648,33.62739753388142,6217000
2020-10-26,31.900836944580078,33.32080199713315,31.634591766023334,33.25625966995516,4902000
2020-10-27,30.868131637573242,31.828224518436954,30.835862013221238,31.561979343096652,4886800
2020-10-28,29.198068618774414,30.392131338580068,29.036711204021397,29.932255935604086,6338200
2020-10-29,30.2791805267334,30.44054102243021,28.592969655977416,28.875351292870704,5068700
2020-10-30,31.150522232055664,31.182794943496727,29.778962772762124,30.02100195317977,6549500
2020-11-02,32.191280364990234,32.513998108688845,31.021421234559902,31.74753846615215,4660100
2020-11-03,31.852434158325195,32.82866051639713,31.432898177188804,32.739915183777335,4003300
2020-11-04,31.440959930419922,32.360710354025194,30.561548843733558,31.868562441609782,4643600
2020-11-05,31.892772674560547,32.48980546077189,31.384491374046572,31.521645766272457,4695000
2020-11-06,30.795528411865234,32.19129393680088,30.642237649808234,31.828233629092047,4378700
2020-11-09,40.404502868652344,41.074144562077635,36.225283029640465,36.23334966694677,19211600
2020-11-10,40.30768966674805,41.19517068562147,38.72636388028326,41.14676162280096,8816600
2020-11-11,40.17053985595703,41.00961190775919,39.58964334660242,40.509394101283725,6325300
2020-11-12,38.145469665527344,40.331898093039136,37.88729413745943,39.31532925828855,5754500
2020-11-13,41.082210540771484,41.46140711967319,38.56499809741277,38.61340715355803,5714300
2020-11-16,44.914512634277344,45.18075786326513,42.324687788261954,45.18075786326513,9029300
2020-11-17,44.471038818359375,44.58601422216665,42.6889106608123,43.46089060983597,5972200
2020-11-18,42.08938980102539,44.922724960541366,42.081178615613354,44.81596075311791,5562700
2020-11-19,42.05654525756836,42.25364819904042,40.57007297481123,40.93963589919827,4768400
2020-11-20,41.73625564575195,42.590363169225355,41.36668958916779,42.01548298485499,3000800
2020-11-23,46.06426239013672,46.12996125992017,42.37682051303938,42.54107238676389,7368900
2020-11-24,48.03529739379883,49.2096913880037,46.63916062043394,47.73964453204566,8712000
2020-11-25,46.343505859375,47.46041523229238,46.28601815337293,47.156548063029994,4372400
2020-11-27,46.499542236328125,46.975872510949294,45.826112155746074,45.932876378134424,1755000
2020-11-30,44.15895462036133,46.310645395022455,44.109678111197105,45.74397963743356,5482200
2020-12-01,44.676353454589844,45.83432495802692,44.569589235735414,45.086981691735545,4155600
2020-12-02,47.69035720825195,47.764270406947844,43.97827803578685,44.09325342645947,5276000
2020-12-03,47.5589599609375,48.58553050329312,46.869104431160736,47.80533626453391,4011100
2020-12-04,50.31837463378906,50.646875279023604,48.50339893537229,48.59373449814194,5207100
2020-12-07,48.83190155029297,49.98987287210445,48.51161207681129,49.81740979143652,4660000
2020-12-08,48.43770217895508,49.34929728577031,47.92030976887314,48.04349948222178,4539900
2020-12-09,48.28988265991211,50.35944946241698,47.402927249035734,49.27539110865419,4383200
2020-12-10,49.16863250732422,50.482644966874986,47.80534665605035,47.81356097656777,3878200
2020-12-11,48.478763580322266,49.75171348797666,47.86282128933252,49.75171348797666,3768700
2020-12-14,46.310646057128906,49.316444236544434,46.1874594817237,49.209680031584384,4008400
2020-12-15,47.205814361572266,47.90388413492686,46.12996742118493,46.95122376665316,3524100
2020-12-16,46.74591827392578,47.526112572118215,46.236740123326,46.83625698979,5016200
2020-12-17,46.269588470458984,47.18118363027131,45.82610923603492,47.115481610573795,4719500
2020-12-18,44.9802131652832,46.25315995196023,44.627072664529344,45.99856934148701,10658500
2020-12-21,44.3889045715332,45.21016091192362,42.6232053194004,43.07489568004626,5343900
2020-12-22,44.10148239135742,44.9555900526515,43.97829264166954,44.05220586491318,4594200
2020-12-23,45.81789779663086,45.9657242072881,44.42997240022067,44.55316212004994,3282800
2020-12-24,45.727561950683594,45.785049654779485,44.80775555230433,45.6125865424918,1352000
2020-12-28,45.243019104003906,46.75413113566712,45.070555997009826,46.1792509795087,2450600
2020-12-29,45.53867721557617,45.891817789617185,44.78311954570522,45.505826201050226,2470800
2020-12-30,46.581661224365234,46.68842229433156,45.497603091832545,45.67006617363448,2732100
2020-12-31,46.458473205566406,46.9265890919378,45.95750631208435,46.46668752376631,2537700
2021-01-04,45.768619537353516,47.37007016986044,44.98842531814813,46.8362522480766,3028300
2021-01-05,47.07441711425781,48.396640434031184,46.056060921469026,46.11354861947269,3946300
2021-01-06,48.12562561035156,48.82369545650829,47.01693068148071,48.17490212404269,5597300
2021-01-07,49.00436782836914,49.2835951293646,47.87103625330922,48.5116152420687,3040400
2021-01-08,47.394710540771484,49.43142622800429,47.04978432416073,49.43142622800429,3913500
2021-01-11,48.158485412597656,48.610175905616245,45.735777871876735,46.24495920778773,2885300
2021-01-12,48.87297439575195,49.11113953974565,48.05993219087006,48.63481238460328,3634800
2021-01-13,47.386497497558594,48.79905645245993,47.172969067490385,48.741568751944186,4434000
2021-01-14,49.497127532958984,50.104855562806705,47.68215149677124,47.714999374416806,4459500
2021-01-15,47.879249572753906,48.979733321860024,46.97586874665927,48.92224562199098,3710600
2021-01-19,49.718868255615234,50.05558328848661,48.23239289287606,48.454132519329626,3941400
2021-01-20,49.74351119995117,50.90969718200779,48.87297809032709,49.69423467693067,3222800
2021-01-21,48.339149475097656,49.677798208688294,48.05170787162541,49.07827831364551,3083000
2021-01-22,48.82369613647461,48.979733732736,46.97586914072545,47.31258415685929,3000100
2021-01-25,48.79084396362305,49.012583573767614,47.51789713458093,48.24060366399531,3093800
2021-01-26,47.756065368652344,49.77635554925738,47.756065368652344,49.26717741094888,3150300
2021-01-27,48.232391357421875,49.735292177925906,46.70485384571114,47.22224629096521,4744800
2021-01-28,47.90388870239258,49.718864647046225,46.93480587171392,48.9058194090602,4363000
2021-01-29,46.343505859375,49.23432919726556,45.9410887845155,47.63287835029858,5512600
2021-02-01,46.187469482421875,47.222251350965095,45.037709065955994,46.76234655780972,4159400
2021-02-02,47.4439811706543,48.528039335277235,46.40098519822195,47.32900577938284,3919200
2021-02-03,49.357513427734375,50.19519541722801,47.632876064735356,47.632876064735356,5257300
2021-02-04,50.14591979980469,50.8521977128909,49.382151053190505,49.99809338866357,3643600
2021-02-05,50.687950134277344,51.38601687793142,50.31838409764203,50.93432644775262,3127500
2021-02-08,53.209205627441406,53.825147958922635,51.19712671803377,51.262825604312525,4217700
2021-02-09,53.044952392578125,53.54591934055982,52.05944713480178,53.2092074460006,3864900
2021-02-10,54.295806884765625,54.53764121986429,52.861482614370665,53.186706563795134,3574100
2021-02-11,53.82883071899414,54.195746367844286,52.4362009772759,53.92889573130735,2505400
2021-02-12,53.987274169921875,54.02063129789347,53.20340074925425,53.22842018578835,2578100
2021-02-16,55.83854675292969,56.480660255851404,54.82117673900655,55.03799486383137,4645500
2021-02-17,56.80588912963867,57.189486545063026,55.34654823168406,56.12208393480022,3352600
2021-02-18,56.564048767089844,57.04771751205748,55.329860652727724,56.52235077237098,3096500
2021-02-19,59.649505615234375,60.16653144977709,56.85591193141973,56.93096068234899,5783400
2021-02-22,61.91773223876953,62.86004695079214,59.72455424919602,59.76624587444927,4771800
2021-02-23,63.2186393737793,63.543863375417374,60.691896116950815,62.92677249567087,4794700
2021-02-24,65.17832946777344,65.40348209485175,63.5855602489822,63.71064786945711,4578400
2021-02-25,65.16997528076172,66.26239379444714,64.25267685507188,65.77039064658616,6460800
2021-02-26,64.1943130493164,65.06991361964903,61.09217077220586,64.38610854281866,5344400
2021-03-01,64.87812805175781,66.04559565747715,64.81141379936777,65.46186185461748,2974200
2021-03-02,63.90243911743164,65.67866921298585,63.860747488197276,64.78638691095138,3458500
2021-03-03,64.65296936035156,66.512589391041,64.18598231575352,64.55290434349274,4145800
2021-03-04,63.68564224243164,65.5535969032323,61.5424960431203,65.04491182739926,6359300
2021-03-05,65.90383911132812,65.92885536787443,62.39308235303993,65.0449137047213,4664400
2021-03-08,67.1797103881836,68.88088559734467,66.3291259647136,66.71272336057035,4834600
2021-03-09,63.860755920410156,67.8301583768655,63.8023825419982,66.50424605484197,5459600
2021-03-10,67.85517883300781,67.9635847145456,64.29438377653088,64.71133828398207,4069300
2021-03-11,68.78082275390625,70.3735857660307,67.94691368559238,68.0052870658855,4254300
2021-03-12,68.73076629638672,69.83152573040536,68.08865927746737,69.10602909843695,2492000
2021-03-15,68.23877716064453,69.4145855795722,66.88784224740968,68.97261481351354,2961000
2021-03-16,66.14566040039062,67.47991350323403,65.62863453956727,67.12967325665402,3793200
2021-03-17,65.99555969238281,66.54594270243913,64.27770913776025,65.6119623045652,3556900
2021-03-18,61.45909118652344,65.7203667154131,61.29231193024104,65.62030170653199,6233000
2021-03-19,61.45909118652344,62.51815918680119,60.58349054770962,61.71760730464821,11305400
2021-03-22,60.274940490722656,61.4007163493897,59.56611912505976,61.308985851951135,4149100
2021-03-23,58.44034194946289,60.17487412820606,58.14013421228732,59.065773674875246,4084700
2021-03-24,59.85799026489258,61.25061684387141,59.52442537426587,59.76625976091471,2895500
2021-03-25,60.39168930053711,60.71691330720033,57.581419993615384,58.40698813651272,3263000
2021-03-26,60.96708679199219,62.267982780996114,59.87466805057072,61.700924413082994,2730800
2021-03-29,59.9246940612793,60.85033344923067,58.97403842428384,60.11648954543066,2406200
2021-03-30,59.85799026489258,60.76695443279485,59.082454598129445,59.34097072853123,2364700
2021-03-31,59.70789337158203,60.38336410378202,59.165851156140214,59.582805727676714,3014500
2021-04-01,62.79335021972656,62.818366471761216,59.46604873026089,60.15819472691653,3792700
2021-04-05,62.226295471191406,63.54386693214632,60.95875015499989,63.460477299765046,3820200
2021-04-06,61.85936737060547,64.17763327881363,61.1422051506564,62.62656209261873,3626100
2021-04-07,62.05116653442383,62.751646981749744,61.52579983670917,61.98445229309178,2774000
2021-04-08,60.775272369384766,61.52579157807734,59.96638616013655,61.22558389460031,4285400
2021-04-09,59.282588958740234,61.067160108185135,59.024079199406756,60.500101722192966,3503600
2021-04-12,58.623802185058594,60.72524995599781,58.47369831840433,59.98307149371297,3111800
2021-04-13,58.60712814331055,59.090796928546645,57.99003721586317,58.473706001099266,3951900
2021-04-14,60.274940490722656,61.30065134288993,59.1908626262443,59.307609375307806,3461300
2021-04-15,59.53277587890625,60.208240279109276,58.87398686293324,59.87468169673187,2820300
2021-04-16,60.458396911621094,61.54248105630375,59.157501027778046,60.72524751246634,5629600
2021-04-19,59.082462310791016,60.58350133344724,58.51540383136776,60.049799983663235,3653900
2021-04-20,57.272884368896484,58.8489722550298,56.380601775359516,58.44035852660843,4263100
2021-04-21,58.623802185058594,58.92400991836711,56.230481189576885,56.539029793871876,2644600
2021-04-22,57.1060905456543,58.86563266473375,56.81421730881002,58.65715541682824,4375000
2021-04-23,58.52373504638672,58.740553172150165,57.039378014618805,57.689826029688255,3065700
2021-04-26,58.80727005004883,59.1241595966692,58.12346480628855,58.490386865650315,2142700
2021-04-27,59.89133834838867,60.09147470766169,58.80725420807119,59.03241317919598,2457900
2021-04-28,61.80934143066406,62.02615320410751,60.19989670045057,60.19989670045057,3892000
2021-04-29,62.42641830444336,63.260327171601595,61.86770089038008,62.70994426541168,3792000
2021-04-30,61.675926208496094,63.235338767116474,61.07551054181397,61.592536557506364,3160600
2021-05-03,65.16997528076172,65.4368258475482,62.83502804971543,62.97679102158527,4577900
2021-05-04,65.17832946777344,66.06227095794704,63.97749849076729,65.21168022849413,3802600
2021-05-05,66.76273345947266,66.92117816018565,64.65294530926234,65.58692541323633,4558000
2021-05-06,67.09632110595703,67.19639248191878,65.67867827204832,67.05462947097213,2787500
2021-05-07,67.12134552001953,67.64671235491656,65.95387144074178,66.10397534182351,3186800
2021-05-10,66.41252136230469,68.23044348619833,66.37916423426185,67.62168703330453,4286200
2021-05-11,64.78640747070312,65.90384273943422,63.819069749513,64.944845891626,3421300
2021-05-12,66.68771362304688,68.77248643175925,64.88646686245296,65.2200317842913,5653600
2021-05-13,65.46186065673828,67.40487027704971,64.686324983004,65.98722106969848,3693400
2021-05-14,68.57788848876953,68.6369998213643,66.12053858501321,66.47520658058181,5325600
2021-05-17,68.92410278320312,69.15210175100037,67.04942026463404,68.17254180127598,3612400
2021-05-18,67.201416015625,69.32942982402126,67.15919088612121,68.85653929829991,3046300
2021-05-19,65.25917053222656,66.05295651299024,64.24583193594714,65.6391773378186,4503600
2021-05-20,65.0142822265625,65.613841677651,64.26272133416636,65.09028616854133,3308400
2021-05-21,65.19163513183594,66.74542881082799,65.12408392699862,65.83341989767952,2826200
2021-05-24,66.12896728515625,66.61875049683938,65.30984864142953,65.87563580655015,2217000
2021-05-25,65.30142974853516,66.09520970103893,64.80320006136662,66.09520970103893,3340200
2021-05-26,66.78764343261719,66.97342373054877,65.25074248061705,65.48719423239908,3333500
2021-05-27,68.22319793701172,68.37519937666475,66.98185392028695,66.98185392028695,4947700
2021-05-28,67.89388275146484,68.72144138031707,67.66587730284608,68.61166503561475,2321900
2021-06-01,69.39697265625,70.03875712048486,68.83963199036606,68.8480783029958,3153600
2021-06-02,71.26324462890625,71.60102643713957,69.06767253936785,69.93745634677848,3441300
2021-06-03,70.35967254638672,71.7361256599496,70.21611739103042,70.86634196935978,3027300
2021-06-04,70.29210662841797,71.15345034443544,69.21121026864353,70.71433217162051,2980000
2021-06-07,69.82767486572266,70.9507901147835,69.59966942379371,70.21612166171649,2597400
2021-06-08,70.30900573730469,70.52855840129436,68.29076797021935,69.58277722065921,3197700
2021-06-09,69.18588256835938,71.05211882571292,69.16055006483323,70.60456074968188,3366300
2021-06-10,69.1943359375,71.10279108106353,68.63699503250511,70.44412015163438,2903800
2021-06-11,68.64542388916016,69.97121172706476,68.60319876128455,69.70098765955076,2194200
2021-06-14,69.20276641845703,69.79388606558331,68.60320689887448,68.95788126421054,3042300
2021-06-15,69.49834442138672,70.73968241795698,68.86500594771425,69.76012226218933,2819300
2021-06-16,68.78898620605469,69.6165511233104,67.35342190532715,68.99165266721197,3326500
2021-06-17,66.35696411132812,69.03387235551385,65.57162438829334,68.51875670692921,3981300
2021-06-18,64.1951675415039,66.10362876468267,64.0938375363451,65.41962545925924,7077700
2021-06-21,67.53919982910156,67.61519733339719,64.676504756942,64.81162002144588,3682300
2021-06-22,68.38365936279297,68.85654996174837,66.43297275679951,67.11698259331854,4484200
2021-06-23,68.27388000488281,70.08945142057253,68.16410366538587,69.26188638830993,4793200
2021-06-24,69.01699829101562,69.28722241292537,68.15565447310554,68.87343669292977,4225300
2021-06-25,69.32100677490234,69.74323244104545,68.17255889023328,69.15211908550606,9568400
2021-06-28,65.63075256347656,69.15211275027102,65.36897473609885,69.06766891330902,6461800
2021-06-29,64.95519256591797,66.30631335980365,64.89608123251834,66.05298183494192,5199300
2021-06-30,65.93475341796875,66.26408888142414,64.9551869011721,65.14941351834784,4259800
2021-07-01,65.70675659179688,67.37032675958679,65.49564375715659,67.13388141561406,4679200
2021-07-02,65.92631530761719,66.24720449479265,64.94675511154594,65.99387296049173,2980400
2021-07-06,63.08050537109375,65.79963940851853,63.01295416796618,65.6729704333453,5822200
2021-07-07,61.06227493286133,63.40984865027007,60.648495576144235,62.70895892760917,8220500
2021-07-08,59.33115005493164,60.597827003074016,58.74847659713747,59.871598370726886,5815300
2021-07-09,61.0538330078125,61.17205567719016,59.36493036795768,60.20938168788509,3532400
2021-07-12,60.530269622802734,61.45071845008354,59.63515330377337,60.03204000413301,2728300
2021-07-13,59.50846862792969,60.39513839618305,59.17068690745917,59.95602666942669,3394300
2021-07-14,57.14399719238281,60.15868698191886,56.88221944600692,59.45779755362377,5213700
2021-07-15,56.40932846069336,57.718223623840515,55.98710296755239,56.50221858459635,4787800
2021-07-16,54.78798294067383,56.73866928762342,54.357317534952145,56.527556520746,4696600
2021-07-19,52.288421630859375,53.01465024595342,51.308858276420565,52.229310299056465,7318700
2021-07-20,52.83731460571289,53.65643335137681,51.50308330199139,52.381310156292194,5525400
2021-07-21,54.81333541870117,55.45511374976428,53.6142129316683,53.656434851203926,5129700
2021-07-22,53.605770111083984,54.56844733444148,53.14132252324929,54.4755571726093,3307900
2021-07-23,53.79998779296875,54.1377695779115,53.32709715963991,53.63954321685016,3964700
2021-07-26,55.3453369140625,55.72533740785046,53.94354793711805,53.96043734904821,3799900
2021-07-27,55.37911605834961,55.42978107310732,53.98577016864529,54.64444113110321,4769100
2021-07-28,56.831573486328125,57.41424048611818,55.336891119016535,55.82667440563005,4606200
2021-07-29,57.11867904663086,58.68935880487857,56.856901234473376,58.098245537861224,4526800
2021-07-30,56.55290603637695,57.62535638000403,56.01245770598425,56.4684621927504,3587900
2021-08-02,56.071571350097656,58.43603128228305,55.98712750299328,56.83157885934218,4398400
2021-08-03,58.27558135986328,58.30936018228211,55.80133899088569,56.063116811317094,4367200
2021-08-04,54.977596282958984,57.31616003638599,54.943330870457366,56.99920987234037,6121200
2021-08-05,56.28822708129883,57.07631209985744,55.49157407425623,55.52583949273186,3312000
2021-08-06,56.964962005615234,57.44466485747283,56.236839738199606,57.04205430589469,2851000
2021-08-09,56.536659240722656,56.82790556039562,55.722876608260606,55.945592075494595,2736300
2021-08-10,57.30760955810547,57.55602897304532,56.39103073389486,56.83646816158831,3721100
2021-08-11,57.25621032714844,57.27334630701407,55.89419402359496,56.956396034114164,4869400
2021-08-12,57.60741424560547,57.65880910377105,56.57947786953335,57.41038973020393,1903300
2021-08-13,56.75080490112305,57.78730938374109,56.648008637592845,57.393266843399914,1944000
2021-08-16,55.28599548339844,56.09977804064541,54.72062907395528,55.765698335210445,2993300
2021-08-17,54.4036750793457,55.354522531289625,53.88970683974775,54.652094477834545,3256700
2021-08-18,53.3157844543457,55.38879699707536,53.26438631490036,54.1466998017946,3082600
2021-08-19,51.6025390625,52.59621329508181,50.82301878752401,52.253565655820466,5267900
2021-08-20,51.56828689575195,51.765308195247286,50.411853266891185,51.337000169979795,4871000
2021-08-23,54.06103515625,54.12099801358197,52.94743503300264,52.9645677447733,4826300
2021-08-24,55.87705993652344,56.12547280478232,54.480771789252344,54.66066361785692,3833700
2021-08-25,56.82788848876953,57.26476437249921,55.61149563297145,55.8342175687595,3064500
2021-08-26,56.07406997680664,57.033482034008365,55.95414428658892,56.33961878579446,2726000
2021-08-27,57.48749542236328,58.25845106427253,56.53665121991869,56.53665121991869,3200300
2021-08-30,56.553775787353516,58.241310064866354,56.51951690440956,58.15564978658587,2653300
2021-08-31,56.80220413208008,57.44466612374907,55.87706383102735,56.38246412745218,6113200
2021-09-01,54.780582427978516,57.1020137872737,54.16381799094304,56.62230448321274,5186900
2021-09-02,55.851341247558594,56.52806843750045,54.746309473645844,55.42303339585812,3503400
2021-09-03,55.42304611206055,56.4595571021957,54.89194843679135,55.791391210454016,2091900
2021-09-07,56.12547302246094,56.89642866881224,55.46588163003094,55.517276494634054,3021900
2021-09-08,54.566444396972656,56.81077758888046,54.54074369277582,56.52809271683222,3396800
2021-09-09,54.42936706542969,55.799950996768324,53.795469954854404,54.095287436399005,2827900
2021-09-10,54.31801223754883,55.14036595700436,53.70981575352678,55.02044025792736,3212100
2021-09-13,56.69084167480469,57.15341505445479,54.90907899810668,55.08040610286271,4432800
2021-09-14,55.42304611206055,57.538888430590895,55.226028114931864,57.38469730718291,2956300
2021-09-15,56.973514556884766,57.13626710297115,55.78281920405667,56.13402825815201,4032000
2021-09-16,56.07406997680664,57.10201286712133,55.9798417151413,56.98208064144365,2307900
2021-09-17,56.194007873535156,56.96496357487384,55.71430500846281,55.928459006864585,4780400
2021-09-20,53.94110107421875,54.977605467580474,52.990256958691994,54.437936567575804,3801900
2021-09-21,54.24092102050781,54.943345829385954,53.34147493769853,54.677796979523784,3019400
2021-09-22,55.95415115356445,57.09345188591348,55.003306967674455,55.003306967674455,4729300
2021-09-23,57.538883209228516,57.68450633049353,55.8342195529626,56.065502949356436,3373800
2021-09-24,57.93293380737305,58.232754615455704,56.853602425935044,56.93069472369734,2297900
2021-09-27,60.63127517700195,61.47932312752568,58.995142130325654,59.2007281259609,5049600
2021-09-28,60.96535873413086,62.47300471373897,60.81116759376797,61.633518163882925,4656700
2021-09-29,60.228668212890625,60.90539562977788,59.67187304732208,60.88826618556741,2821000
2021-09-30,60.45138931274414,61.196647566452825,59.44915018688372,60.2458033079305,4083300
2021-10-01,63.06405258178711,63.38956420738398,60.63982849021069,60.72548875637204,5098800
2021-10-04,64.2633285522461,64.88009310935755,63.11546626520305,63.58660767284689,4074500
2021-10-05,63.64655685424805,65.85662066171795,62.464422861980495,65.22272679665821,4785300
2021-10-06,64.56314849853516,64.95719106345128,61.95903514584225,62.33594173137088,4529400
2021-10-07,65.01714324951172,66.01938220896743,64.71732901404977,64.8715201259245,3904400
2021-10-08,67.33001708984375,67.5184736577482,65.52255678561325,65.5653902003048,3476800
2021-10-11,66.64472961425781,68.69204139900668,66.61902564362168,68.52928226228602,4028900
2021-10-12,67.6041259765625,68.25515589739692,66.54192407922477,66.63615235206109,2567900
2021-10-13,66.93595886230469,67.39853218390282,65.89088652856003,66.96165629092792,3072800
2021-10-14,67.81827545166016,68.51213873607047,67.59556003561465,68.12665768129578,2532900
2021-10-15,67.38143157958984,68.8119790258142,67.33003016488587,68.529294119062,2568300
2021-10-18,66.9273910522461,68.32367900878113,66.43912030072636,67.77544541182773,3525200
2021-10-19,68.65778350830078,68.78627723373613,67.1844027322952,67.56987737313887,3560500
2021-10-20,69.420166015625,69.66001746581466,67.95535334299935,68.11810594964984,3897400
2021-10-21,70.24250030517578,71.22760984825507,68.78625596181358,69.51437813349469,4558500
2021-10-22,69.3773193359375,70.62797775531433,68.04956862322086,70.24250321769416,3923700
2021-10-25,70.83357238769531,71.20191749404577,69.82276534250991,70.24250531261971,2730600
2021-10-26,70.13970947265625,70.98776394256481,69.90842604888356,70.84213426860038,2363100
2021-10-27,67.38996124267578,69.60003150386261,67.03018418679692,69.17172361768499,3180200
2021-10-28,67.2100830078125,68.28942087620703,66.52479420625366,67.16725613391172,3366000
2021-10-29,66.24212646484375,67.34716204951653,65.66819523003721,67.29576063794084,4784000
2021-11-01,66.83316040039062,67.60411591087137,66.34488966632944,66.80746297261788,3375300
2021-11-02,64.9828872680664,66.85887831238065,64.7944307111357,66.48196519851923,3913100
2021-11-03,65.00001525878906,66.06222373129947,63.73222732580191,64.15196730701756,4436200
2021-11-04,65.40261840820312,66.30206765894334,64.30615117312263,65.87375973677376,3475100
2021-11-05,66.74750518798828,66.88456686044348,65.25699544506926,66.60188206259981,3492600
2021-11-08,66.6275634765625,67.74972787434055,66.19068766995188,67.59554333308128,2701900
2021-11-09,67.03019714355469,67.19295626311019,65.95942722113368,66.46482748749514,3519900
2021-11-10,65.83949279785156,67.49276160065402,65.64246828260232,66.43055980813921,3523600
2021-11-11,66.14787292480469,66.85886560519901,65.44544823231364,65.83092272698242,2710300
2021-11-12,65.59965515136719,66.5504994385939,64.98289058284593,65.59965515136719,2846900
2021-11-15,66.25924682617188,66.7475176886831,65.17134737301933,65.88234022725224,4343100
2021-11-16,66.76464080810547,67.68121949750731,66.1478763562724,66.76464080810547,4544200
2021-11-17,63.71964645385742,66.80803694231939,63.58084603095484,66.7126087558996,4190400
2021-11-18,63.29454040527344,64.13603961343371,62.48774294595997,63.606849526212955,3983600
2021-11-19,59.91987228393555,62.62654908901352,59.52948919741509,62.62654908901352,5475600
2021-11-22,61.29056167602539,62.56582280179246,59.70299143298141,59.720338997860466,3631700
2021-11-23,62.93885803222656,63.49407276732531,61.83709903508751,61.9672289364629,3416800
2021-11-24,63.285884857177734,63.80640464839356,62.40969022057822,62.531143073546154,3637000
2021-11-26,59.00029754638672,59.85046719353911,57.48213084350446,59.234526068325806,5674400
2021-11-29,59.13909149169922,61.1951251286422,58.99161404506995,60.405675351954606,3889600
2021-11-30,58.072052001953125,58.601242110611494,56.99631760016905,57.86384150043757,9927700
2021-12-01,58.393035888671875,61.559499680455836,58.167484423522694,59.850476412684856,5872500
2021-12-02,61.74168014526367,62.149417475362384,57.86384689082901,58.28026131396972,5242800
2021-12-03,60.47507858276367,62.90414768061062,59.989267410666606,62.67858965698806,4134200
2021-12-06,61.082366943359375,61.99326315613938,60.37966801500595,61.377321921207354,2575700
2021-12-07,62.140743255615234,63.9191701465423,61.88049002046595,62.22750095268135,3383900
2021-12-08,61.35129165649414,62.6959497388218,61.151758246007226,62.288219062926174,2674300
2021-12-09,60.9956169128418,61.516136664032324,60.440402022343235,60.440402022343235,3247000
2021-12-10,61.464073181152344,61.94121402167681,60.327618875681225,61.74168059236219,2194200
2021-12-13,59.182491302490234,60.96958871399874,58.93958562931625,60.74403060947296,2859700
2021-12-14,59.15646743774414,60.97826662979437,58.69668074751106,58.722705410175834,2694000
2021-12-15,59.19983673095703,59.5728723208978,57.56021687762465,59.121762746837845,3136400
2021-12-16,59.642269134521484,61.20381482842548,59.442735721924,59.90252895639955,3030700
2021-12-17,59.59022521972656,60.362321044294475,58.19351106097274,59.460095296990694,5212100
2021-12-20,59.59022521972656,59.7550502777547,56.50183530277209,57.69034555635822,4400800
2021-12-21,61.87179946899414,61.94120296407755,60.18880111597035,60.18880111597035,4585000
2021-12-22,61.854454040527344,62.548469159282405,61.351288611819704,61.915180446151936,1856900
2021-12-23,62.22750473022461,63.650243681860935,62.22750473022461,63.04297285894862,3644200
2021-12-27,63.44203186035156,63.45938604794181,61.16044597479785,61.88049253007734,2217800
2021-12-28,64.63053894042969,65.21177844040334,63.789039589195895,63.841088911974744,2784800
2021-12-29,64.76065826416016,64.96886213987366,63.73697983210277,64.47437379837791,2777800
2021-12-30,64.4396743774414,65.40262643809426,64.18809165163567,64.82138701227522,2202000
2021-12-31,65.15973663330078,65.6195233540347,64.1187103455517,64.27485833189871,2478100
2022-01-03,66.92079162597656,67.84904191355433,65.55877939805998,65.75831280283589,3568200
2022-01-04,68.10930633544922,68.87272501939471,67.55409154372843,67.8143447543387,4171700
2022-01-05,67.84037017822266,69.26310892537948,67.5280610270241,68.75127297233223,3999800
2022-01-06,69.54071044921875,69.80964070716885,68.49967792603016,69.40190346532108,4248200
2022-01-07,70.26943969726562,70.64247525917125,69.35853690556883,69.90508122805988,3723200
2022-01-10,70.29547882080078,70.7639426427497,69.74026391005032,70.2607770615434,3975900
2022-01-11,72.74188995361328,72.95009387147995,70.44294990733667,70.96346963002813,4174000
2022-01-12,73.19300079345703,73.86966844088441,72.54235780651797,73.49663286362538,3192500
2022-01-13,72.3167953491211,73.67880765475304,72.06521261512763,73.1929963718318,3033100
2022-01-14,73.91304016113281,74.02582251405121,71.9784653997173,72.10859531994785,3121300
2022-01-18,74.29476165771484,74.95408181153331,73.01082972619218,74.66779727674172,3513200
2022-01-19,73.05419158935547,75.11022574917565,72.58572785856039,75.04949933696236,2786800
2022-01-20,70.62512969970703,73.44458260719878,70.60777551381403,72.27341995067917,3868800
2022-01-21,68.78595733642578,70.05254118780887,68.1353145390158,69.96579013855703,5994900
2022-01-24,68.1787109375,68.42162322772,65.0990045752532,66.9034561619315,5075700
2022-01-25,70.40824890136719,70.78995494919349,66.45233507952865,67.74494394745763,4948100
2022-01-26,70.52970123291016,72.83731154565108,69.65350017216007,71.51867802675378,4132200
2022-01-27,71.11961364746094,73.33179566521066,69.44529222244267,72.49029640649982,5821200
2022-01-28,70.62512969970703,72.2387181975758,68.82067825042849,70.67717902002074,4647900
2022-01-31,71.97846221923828,72.02183444494355,69.32384108603716,70.52969883077115,4649400
2022-02-01,75.08419799804688,75.32710363689897,71.16298616929025,71.68349919807078,6046800
2022-02-02,75.99674224853516,76.16346163964919,73.97858340009391,74.84727283270466,4797100
2022-02-03,74.66299438476562,76.0230587181828,74.15407317562854,76.0230587181828,3121900
2022-02-04,76.07572937011719,76.86544419048022,74.80341588332641,75.40886502801875,3717500
2022-02-07,78.64668273925781,79.26967810300647,75.16317458328018,75.85636161044214,5173800
2022-02-08,77.6463851928711,78.75198597912275,76.49691545061972,78.64668843465162,3128500
2022-02-09,77.95348358154297,78.5764855963306,77.33048826123876,77.66392709075609,2464600
2022-02-10,78.87481689453125,79.63820890476971,77.50598251222546,77.7779927562777,5166500
2022-02-11,80.72625732421875,82.27935737281855,78.54138549500773,79.19070351642111,6433600
2022-02-14,78.72566223144531,80.28753896756572,77.90084821347799,80.28753896756572,4349100
2022-02-15,77.68147277832031,78.30446809418598,76.34773755320344,76.98827910995287,3627000
2022-02-16,77.25151062011719,79.62942430568741,76.97950040384183,78.76951132353575,4920000
2022-02-17,76.3740463256836,77.5498383903646,76.09325966139544,76.91807341657784,3024400
2022-02-18,76.0932846069336,76.89176922563561,75.38254459437141,75.47028920051123,2655500
2022-02-22,75.32109832763672,78.07632651403877,74.39977013768566,77.88328440914918,3638800
2022-02-23,75.76860809326172,76.28631255372093,74.90870174091556,75.85635268306477,3544200
2022-02-24,73.5661849975586,76.48812609305055,72.22367333057126,76.48812609305055,5802200
2022-02-25,74.46997833251953,75.18949474031994,73.55741979429985,74.1277697174976,3275400
2022-02-28,73.2766342163086,74.38222820780868,71.86392408824142,73.53986801188701,6226900
2022-03-01,70.74954986572266,75.28602010627218,69.88964339225714,74.23306479687577,5799200
2022-03-02,73.37315368652344,73.83820607362837,71.31111884636591,72.31142867014637,4917700
2022-03-03,73.87330627441406,74.55772350978319,72.47814239929079,72.99584690712365,3359000
2022-03-04,75.44396209716797,75.81249343819675,72.78525449393018,73.17133877185591,5877000
2022-03-07,73.71537017822266,76.94442121802754,73.3380623474077,76.56711338721257,5611700
2022-03-08,79.44515991210938,81.27027672693902,75.57556147377777,75.96164567927552,10814300
2022-03-09,76.46180725097656,79.61188979974241,75.85635815702379,76.77769315264901,7787100
2022-03-10,78.60282897949219,78.92748473217218,75.71598622419411,77.47090534392655,4537400
2022-03-11,80.43671417236328,82.14776428667757,77.6639455158085,77.88331040011919,6776800
2022-03-14,79.45396423339844,80.90176712261159,77.97983193454874,79.7786199795804,4747000
2022-03-15,74.06635284423828,77.56741405504793,72.94319916344321,77.427017334517,6187600
2022-03-16,74.53140258789062,76.15470111742408,73.89963075716793,74.54017236174565,3399900
2022-03-17,78.17285919189453,78.18163566085067,75.4702891735385,75.54925731069082,4175700
2022-03-18,79.3486557006836,79.77860894247401,77.35682576079057,78.36589873924996,7593200
2022-03-21,82.70931243896484,83.32353124849563,80.5068878028194,80.71747615258955,4735700
2022-03-22,82.12142181396484,82.86726765756588,80.39283242393445,82.21794288326653,3529700
2022-03-23,83.81491088867188,85.04335526952774,83.23579122145101,83.49903169394987,3968100
2022-03-24,84.62218475341797,85.56983579605489,83.27967297307218,83.96409021838699,3398800
2022-03-25,85.33292388916016,85.68390897670126,83.79736998884108,83.84124563521512,3210700
2022-03-28,84.56076049804688,85.21007854664992,83.63064902898455,84.32384272315527,3087500
2022-03-29,84.832763671875,85.08722766705397,82.17406311789496,83.0515224001053,2898500
2022-03-30,88.18466186523438,88.94805388542504,85.8506168552503,85.8506168552503,4192600
2022-03-31,89.09721374511719,90.45727157656376,86.91234206998573,87.24577417757949,5261500
2022-04-01,88.86032104492188,90.42220458576789,88.11448180524746,89.43067106154986,3301800
2022-04-04,88.39524841308594,90.15894348863274,87.83367499406819,89.32535982760169,2668100
2022-04-05,89.02702331542969,90.59767632823542,88.29873046078819,88.67603824257374,3818700
2022-04-06,90.64155578613281,91.92264566564253,88.13202144718737,90.1150748074577,3994300
2022-04-07,90.66787719726562,91.62430468548845,88.14956642622381,90.82582014970873,3700000
2022-04-08,90.57135772705078,91.88754678909206,90.35199288337724,91.27332121011588,3291200
2022-04-11,88.53565216064453,90.50993575181333,87.86000469386697,90.09752877498512,3705900
2022-04-12,88.43913269042969,91.60676162277777,88.17589219572844,90.027332043538,4189900
2022-04-13,91.20313262939453,91.5979866835542,88.47423334633662,89.4218911097006,3899900
2022-04-14,92.01039123535156,92.52808905683509,90.73807781058262,91.25577563206615,3794100
2022-04-18,96.8276138305664,96.94168780213975,92.36135006419352,93.01066794710516,4813300
2022-04-19,94.53746795654297,97.8542632095501,94.22158205678194,96.06425203688238,5141800
2022-04-20,94.82703399658203,95.90631196894458,94.28300677631616,94.71296668831758,3289700
2022-04-21,92.05425262451172,96.8188498991008,91.8612105194563,95.63428125701301,3977500
2022-04-22,90.42218017578125,93.5810321992598,90.32565912081671,91.7295926096424,3767700
2022-04-25,88.51809692382812,89.1323224862527,84.85909303662906,87.31598189736023,6651200
2022-04-26,92.25607299804688,94.14261188780195,88.70236005003188,89.25516370986907,6731800
2022-04-27,96.09059143066406,96.58196660695218,90.92235552675551,92.88786292639264,5539700
2022-04-28,101.37288665771484,101.84671555222899,95.54655659066432,96.52931356015488,6427700
2022-04-29,97.81916809082031,101.24125408853885,97.42430737951817,100.57438982433304,5963400
2022-05-02,102.31175231933594,102.38195066951668,97.40675808029059,97.82793479240877,6708000
2022-05-03,106.52357482910156,106.8219078182753,101.87303722957739,101.90813640968327,5823700
2022-05-04,112.51663208007812,112.91148619182673,106.86579724420739,107.87487704526876,8342100
2022-05-05,110.41072082519531,113.3151093736804,107.71692066381746,112.15686320286447,5801000
2022-05-06,113.3501968383789,113.42917835858216,109.0945268578591,112.56048874808755,4400100
2022-05-09,103.93506622314453,110.9986172728466,103.4875667363814,110.384398353083,8179500
2022-05-10,106.14625549316406,108.87515452630532,103.64549775871335,105.65488041396908,7048800
2022-05-11,106.5266342163086,109.25128322337805,106.03124594199016,108.34011975490277,5003800
2022-05-12,106.51781463623047,107.49974323848251,103.5100850350193,106.74781252546983,3800100
2022-05-13,110.3128433227539,110.86131379201757,108.00396926142167,108.43744079724803,3800700
2022-05-16,113.03749084472656,114.32019563677234,110.55169434810999,111.00285542461395,4599100
2022-05-17,113.28518676757812,116.49638299556868,112.1705630306245,115.00136311533815,5185000
2022-05-18,110.29515075683594,114.4440413854329,108.5258990647142,113.6213458277895,5436900
2022-05-19,109.92361450195312,111.86978875180482,105.44740292863841,107.48204516643237,5401700
2022-05-20,108.7912826538086,111.36554019385518,106.25240420611168,110.60476147431281,5095700
2022-05-23,109.65821838378906,110.57823006785274,107.63242439904685,110.13591714758132,5266200
2022-05-24,109.87937927246094,110.56938637602859,107.03973101976953,107.98628043733333,3677600
2022-05-25,112.64824676513672,114.67404741757377,109.7201375104208,109.90590811956515,5677200
2022-05-26,113.33826446533203,114.96598635817952,111.63094298047112,114.31135834158216,4887400
2022-05-27,116.60255432128906,117.72603315378102,113.4090538276616,113.68328573597589,4518900
2022-05-31,114.64749908447266,120.08794188085288,113.90440321853296,118.47791658602041,6325300
2022-06-01,117.25717163085938,118.23910696908438,113.96636203779835,115.29330095440939,3974000
2022-06-02,118.20369720458984,119.76948867830836,116.10713834030686,116.4433004698208,4476100
2022-06-03,119.79603576660156,120.59220716235728,117.85870291807838,118.38064244912438,4860400
2022-06-06,122.68875122070312,124.04222758018649,119.79602114923246,119.79602114923246,4451200
2022-06-07,128.34149169921875,128.59802720001358,121.8041086460516,121.90141800807369,5637700
2022-06-08,127.18268585205078,129.87194299618952,126.33343893908385,127.76652876274869,5828200
2022-06-09,126.86418914794922,129.16420812769545,125.39570708115896,126.58110241291176,4330800
2022-06-10,124.29878234863281,126.78459250619952,122.42337972993415,125.61687982022625,4770800
2022-06-13,116.42561340332031,120.00835094149744,114.51481824984987,119.46872861107255,6435900
2022-06-14,118.3187026977539,122.57375070606923,116.50521707823674,119.60140742920599,5183500
2022-06-15,113.49750518798828,118.89371505609513,110.69323596752781,118.442560708405,8490700
2022-06-16,105.04047393798828,110.22438207730319,103.56315035454975,109.74668329749508,10800600
2022-06-17,99.46733856201172,104.60701289193943,97.61846691761423,103.28892218797071,15530900
2022-06-21,103.0323715209961,104.91662210958329,101.26311986063496,103.66045505052516,8833500
2022-06-22,100.07769775390625,102.1123394566835,97.08766547467911,97.96344298190739,8293700
2022-06-23,92.4699478149414,102.05929645049449,90.6741582485193,101.67890702885137,10350200
2022-06-24,91.93916320800781,95.94651715661654,91.25800428538079,94.04457026346905,15070000
2022-06-27,99.29039764404297,100.3077186612294,93.34571120363591,94.93804033915896,8892300
2022-06-28,102.8377685546875,105.42972290521507,100.02465771264447,100.6969753366164,8607800
2022-06-29,96.2915267944336,105.07586215372068,95.88459969485771,103.97007979101667,5579200
2022-06-30,94.01802062988281,97.21152002540632,93.00954784699736,94.12417814619236,6085100
2022-07-01,95.52191162109375,97.12308240690004,92.59379518098552,95.35383053337785,4355400
2022-07-05,91.63838195800781,94.23918392931279,88.73681045897432,93.0980158551516,5314100
2022-07-06,89.97531127929688,92.39034327265695,86.94104377438852,91.00148069747505,5496200
2022-07-07,94.07112121582031,95.07075286869114,92.38148914413637,92.44341269128373,4351400
2022-07-08,94.68151092529297,96.25614397949427,92.92110723820771,95.83152731837669,3675200
2022-07-11,95.35382843017578,96.33576373825505,92.73533652501777,93.67303783757053,2940100
2022-07-12,92.76185607910156,93.71725350265994,90.17875052577004,92.39031488632624,3152500
2022-07-13,90.57683563232422,93.62879195985346,89.93106257421549,91.32876621672831,3118800
2022-07-14,89.15258026123047,89.24104148466832,85.74677254018287,87.95833687192271,5118100
2022-07-15,92.52300262451172,92.58493290531506,89.71874065707182,91.16952632630957,2791900
2022-07-18,94.04458618164062,96.83115938054925,93.60227318972372,94.6107462713614,3145000
2022-07-19,96.19420623779297,96.91075771505751,93.0360924465548,93.20417350590166,2933300
2022-07-20,96.67192077636719,97.14961958958236,94.46920409528634,95.22113478771087,2720600
2022-07-21,92.13377380371094,93.4784019827118,88.71911784686057,92.49646685397634,4933800
2022-07-22,92.01876831054688,94.23918085127507,91.57645543186884,92.71762346875722,3855300
2022-07-25,96.70728302001953,96.84882637420034,92.69108145878008,93.65532699895071,3740200
2022-07-26,95.21226501464844,98.65345856891349,94.51340987713597,98.28191738162596,2853100
2022-07-27,98.63578796386719,99.48502801894837,95.08843621100725,96.18537718766879,4220500
2022-07-28,96.8753890991211,102.2627578630396,95.1857503050554,101.73198364602285,6920500
2022-07-29,97.99000549316406,99.06925014371312,95.9288323276956,97.14961360909905,6066700
2022-08-01,97.88385772705078,98.18462729512007,94.41612579964,96.45076133141467,3960500
2022-08-02,99.9538803100586,101.68774629466911,98.19347662784672,98.52079064630385,4282400
2022-08-03,96.2059326171875,101.78321758587167,95.15294094277155,101.29242059355298,5096200
2022-08-04,93.10050201416016,96.20593040057643,92.86848505851006,95.48311646391574,5451800
2022-08-05,93.68946075439453,95.91145596038287,91.64594275012506,91.94042502680435,3680500
2022-08-08,94.93878173828125,95.75083775438875,93.32360207714785,93.75193378006703,2959600
2022-08-09,98.75809478759766,98.90087654498811,95.55450569849964,95.84006240507163,3535800
2022-08-10,99.73080444335938,100.73024978941072,95.69730718527535,99.03476020358481,4384600
2022-08-11,101.80999755859375,102.47035306626904,99.0525908646273,100.94440856452889,3752300
2022-08-12,102.7916030883789,102.90760817382646,100.21266686222934,101.06041152035237,2413100
2022-08-15,99.90032958984375,100.06095567562781,96.83059645116215,99.01688952213618,3822600
2022-08-16,101.11394500732422,102.32756278058298,99.6326216362112,101.00686549146623,3353100
2022-08-17,105.07605743408203,106.21828440010286,100.40006323885558,100.46252856330328,4093900
2022-08-18,106.00411224365234,108.99353569284754,105.75425096071677,106.34320872646357,4531900
2022-08-19,105.7899398803711,106.60198899984897,104.83510900332718,105.53115305093932,2667500
2022-08-22,106.30751037597656,106.83400961479221,103.07715129468855,105.78994350757623,2774200
2022-08-23,108.96676635742188,110.28746366187394,107.70852756580601,107.74422300757625,3179400
2022-08-24,108.97569274902344,110.90319896181568,108.02978055543879,109.32371479866939,3423800
2022-08-25,110.08222198486328,111.57247091675836,109.10062117737229,109.71634881751876,4014700
2022-08-26,108.76151275634766,111.48323045651239,108.26179021790783,110.26961274183654,3077100
2022-08-29,110.13575744628906,111.89371871537978,108.01192983233574,108.5651989388554,3336000
2022-08-30,105.32592010498047,108.67229140446875,104.43355442511692,107.91378193822672,4032700
2022-08-31,104.51387023925781,106.11120561345834,102.04201350851145,102.80052297012817,4688000
2022-09-01,98.73133087158203,103.35378501896568,97.89250501678671,102.88975789584637,4500700
2022-09-02,101.56906127929688,102.58635760837802,100.10558211085696,101.19426932820588,3772200
2022-09-06,100.64099884033203,102.63097727346081,99.65047240525226,102.6220517104916,2637600
2022-09-07,100.49822235107422,101.01578925588008,97.59803397711411,99.01689209828012,3052800
2022-09-08,99.88249969482422,101.27458810048253,99.37385148443288,100.8908705517164,2714200
2022-09-09,101.12286376953125,102.27401614505848,100.33758453713983,102.22047639072986,2594400
2022-09-12,101.95276641845703,103.7731929990627,101.18533148325437,102.8094365490581,2516400
2022-09-13,99.3470687866211,102.48819285808273,98.90088596459356,100.16804354518146,2936900
2022-09-14,97.79434204101562,102.76482492848768,96.58964985245133,99.84678562761346,5043600
2022-09-15,93.84115600585938,95.94713224954906,92.30628630957362,95.8668226252637,6351600
2022-09-16,93.21652221679688,93.43961364661159,90.22709841892167,92.8595745674513,10339900
2022-09-19,93.4039077758789,93.54668954296507,90.21816278601982,90.33417467382966,3491600
2022-09-20,95.85791778564453,96.62535279968195,92.17245005224879,92.78818453770455,4195800
2022-09-21,94.17134094238281,98.34761223440547,94.11780118485984,97.76757323113942,4301300
2022-09-22,96.00961303710938,97.72296018835094,95.06370766593292,95.92930339987787,3026800
2022-09-23,89.7452163696289,92.7167957247658,88.84392512447783,92.21706631324518,5809100
2022-09-26,87.35367584228516,90.69112157810676,87.21090087380045,88.72791980602578,4691700
2022-09-27,90.2806167602539,91.76194677065136,88.61189761847406,89.33471150092592,3256400
2022-09-28,97.0893783569336,97.48201458469336,90.13784963382595,90.28062458713612,4073900
2022-09-29,95.69727325439453,96.61640861990695,94.26948983184087,96.3665473719861,3152900
2022-09-30,95.34927368164062,97.39279195158902,94.21597223827344,94.84955106827682,3718500
2022-10-03,100.22158813476562,100.54284032676301,96.2505635506451,98.16022557629069,3970400
2022-10-04,104.92435455322266,105.00466419362303,101.47982260638598,102.13124571699879,4324800
2022-10-05,105.37945556640625,106.61092451161362,102.22048717983756,104.29077520030015,4207200
2022-10-06,106.38782501220703,106.56629540404319,104.16583663526445,104.43354222301868,2858000
2022-10-07,101.53335571289062,107.24449684895771,100.68561112590804,106.8875492514143,4557800
2022-10-10,98.92765045166016,102.97899107180055,98.78486868845435,102.43464751394454,3494700
2022-10-11,97.88359069824219,100.06988382574744,96.44688145163829,97.70511348263975,2874900
2022-10-12,102.80052185058594,103.88920905083805,95.9114646379693,97.26785745270669,4252300
2022-10-13,107.851318359375,109.04708512181419,100.78378369438322,101.21211541505608,4495600
2022-10-14,101.8367691040039,108.69013747916625,101.39058628480898,107.04818116425999,3737800
2022-10-17,103.06822204589844,105.91487035722153,102.92544028854392,103.96058760473738,3712400
2022-10-18,105.03143310546875,106.47706789323455,103.13069674321056,104.16584415355857,4929400
2022-10-19,110.61763763427734,111.01028067220207,105.48653549572653,105.61146613357364,4692900
2022-10-20,111.04596710205078,113.29472520903487,109.53786719985777,111.5724594890835,4177600
2022-10-21,113.99079132080078,114.49052073672433,110.75150631743999,111.68849301511298,3401900
2022-10-24,115.31148529052734,115.95398961946994,113.17873202585967,114.38341743031309,4596000
2022-10-25,113.15196228027344,114.75822310452389,110.9567368843947,113.82123648900958,4396400
2022-10-26,113.09843444824219,114.84747051980752,111.75988580904531,113.94618600465981,3306600
2022-10-27,114.46372985839844,117.7297773358169,114.08893116315544,115.32039313835769,3488600
2022-10-28,112.42021942138672,115.80228580634837,111.59923790874714,114.74928733525354,3505100
2022-10-31,112.03650665283203,114.41912123146147,110.26961972428077,111.45646763643741,4265100
2022-11-01,116.00753784179688,116.74820298660332,112.1792882760324,113.33044081467848,3974000
2022-11-02,112.28638458251953,115.85584760242095,111.65280571347228,115.38289484159768,4053600
2022-11-03,115.74876403808594,116.85528882121092,110.78720598362794,111.54571548729953,3218900
2022-11-04,114.86529541015625,118.92556141156157,114.0443207329457,118.11350548799695,3204000
2022-11-07,117.59593963623047,118.62215464674583,114.95454504145522,115.1865551994067,3767900
2022-11-08,118.01535034179688,118.78278530077456,115.5881148257939,117.63163967051725,3736900
2022-11-09,114.22279357910156,119.17542524272903,113.56244496002091,117.40854521714937,4125900
2022-11-10,118.1938247680664,118.3276877821888,114.40127084705291,116.65003604340409,2916300
2022-11-11,119.54130554199219,121.5134259550717,118.41691613597942,119.9696372309205,4438000
2022-11-14,122.07561492919922,125.10073372210137,119.80007996084916,119.83576859307715,4593700
2022-11-15,125.56478881835938,125.93958079385091,122.1648639233038,123.4052517528188,4765800
2022-11-16,121.79052734375,124.84584390353749,121.04466766979662,123.59675691027003,4649700
2022-11-17,123.92927551269531,124.00116709923016,119.5619610421091,119.58891867306991,2897600
2022-11-18,123.66865539550781,124.27073195131908,119.8135636924451,120.86495233873494,3388300
2022-11-21,122.17697143554688,123.21038394292869,118.69030460465436,121.83548979815288,3927500
2022-11-22,127.58667755126953,127.74843705962144,123.60577838175534,124.45946874629558,3134400
2022-11-23,125.09748077392578,127.19126309107345,123.92027155524525,125.46590627445258,2878200
2022-11-25,124.36959838867188,126.68805074214745,124.26176785983259,125.35809060942768,998200
2022-11-28,121.17050170898438,124.16292238177661,120.95484064480276,121.59285624223224,3393000
2022-11-29,121.49398040771484,123.42603052667451,121.10757861107258,122.20390115361108,4075800
2022-11-30,120.07415771484375,123.07557287637998,118.80710805084772,122.88685576663941,8274300
2022-12-01,118.64535522460938,122.0511487130137,118.33982627924044,121.17048710071387,4563400
2022-12-02,114.18817901611328,120.17301273813007,113.64900585693428,118.23199484985258,5488000
2022-12-05,108.69760131835938,115.4732297877652,108.39207232806955,114.92506838193016,5081200
2022-12-06,106.81049346923828,110.7374844454078,105.68721300355637,107.8349247054634,4494800
2022-12-07,108.00565338134766,109.33561346377954,106.03766403293126,106.44204221270711,4990400
2022-12-08,105.04917907714844,110.29714155021267,104.68073983368376,109.6231733442292,4984300
2022-12-09,103.02726745605469,105.83097061455403,102.99132166479717,105.11207535727976,4975100
2022-12-12,108.42799377441406,108.54481244635582,102.8744962252846,103.66528301311119,5807300
2022-12-13,108.31117248535156,110.6925279591991,107.2777532960262,110.46787191177874,3828800
2022-12-14,107.59229278564453,110.08147913392834,106.1904341852335,109.15589718183739,3607800
2022-12-15,107.76302337646484,107.84390312778756,105.45355922186506,106.84642961588267,3233600
2022-12-16,107.2687759399414,107.4574862040076,104.46506589676062,105.86691749037165,6945900
2022-12-19,107.57430267333984,109.35358161446408,106.88236505265512,108.01462661377559,3260800
2022-12-20,109.52430725097656,110.34205850577146,107.74503530065226,107.81692687697759,3156200
2022-12-21,110.24323272705078,111.71697607507396,108.39206880706156,111.25867574856689,3040100
2022-12-22,107.4934310913086,110.46787504973982,105.53443002791713,110.2611884636202,3035800
2022-12-23,111.76190185546875,111.97756975853045,107.57430950659662,108.61671694065302,3270300
2022-12-27,113.5950927734375,113.94555567641405,111.5821695518772,112.58863116265735,3484400
2022-12-28,112.64253234863281,113.85567354243334,110.90818751851685,113.5321683099588,3856300
2022-12-29,113.51419830322266,113.94554089645261,112.07640108571935,112.46280973066942,2456800
2022-12-30,113.99947357177734,114.61053833959795,112.93909667632272,113.25361379447473,2043500
2023-01-03,107.87085723876953,113.74786073526833,107.51140616275916,113.00200095233961,3671600
2023-01-04,107.4934310913086,108.36509082105493,105.77705554940144,106.0556268622091,3283700
2023-01-05,113.7568359375,114.0983175265678,106.93628144541321,107.49343092613107,4974600
2023-01-06,114.62850189208984,118.25895137467873,112.68747716598614,114.8172121532417,4818800
2023-01-09,115.54510498046875,118.16010477704495,114.13426521554074,116.5156207929687,4438500
2023-01-10,118.62737274169922,118.69028301584757,115.08680500017384,116.86607703238035,3518100
2023-01-11,120.05621337890625,121.41313115159863,118.82508874930019,119.80459966889599,4172500
2023-01-12,121.60183715820312,123.35415166104679,120.25390081572068,120.62232632827522,3269400
2023-01-13,122.32971954345703,123.2193487462629,120.76610846325417,121.60183611864589,2604000
2023-01-17,123.65967559814453,125.67259872432822,122.25782405266108,123.66865690377358,2781100
2023-01-18,121.78155517578125,126.34656774793163,120.86495465430771,124.90876354608753,3564400
2023-01-19,124.43247985839844,124.79192401257625,120.3706950989947,121.02668685073117,3224800
2023-01-20,128.26065063476562,128.38645749626835,123.79448648353971,124.98965852377533,3709800
2023-01-23,128.5751495361328,132.01688179675287,128.42238507070581,129.01548032136364,3908300
2023-01-24,130.3274688720703,131.70236282477978,127.46985044860898,131.70236282477978,3142400
2023-01-25,128.81781005859375,130.23762450920682,127.6316192980271,129.41988674636508,2955900
2023-01-26,134.75767517089844,134.793614101416,126.79586514949818,130.4892107243536,4708100
2023-01-27,128.6919708251953,135.14408565403488,128.62906055284324,134.83855673325272,3638500
2023-01-30,125.97813415527344,128.95257819000005,125.58273729653315,128.49428476477894,2991300
2023-01-31,125.83438110351562,127.32610098691241,124.0730848536552,125.9961406353148,5427300
2023-02-01,122.4195785522461,127.9281496291915,120.66726399547687,126.59818956968434,4159200
2023-02-02,119.56195831298828,121.65575444529935,117.5759927020591,121.5389289058571,4171100
2023-02-03,118.3757553100586,122.01518585594182,118.16907559512234,120.30780545758492,3027300
2023-02-06,115.10477447509766,119.31034300700206,113.28056838284898,118.34880849796821,4401800
2023-02-07,120.88292694091797,121.58385269513349,115.6888803458765,115.92251769330946,3591400
2023-02-08,120.52348327636719,123.41705453644816,119.14858923369795,120.99077173832116,4991100
2023-02-09,119.17552947998047,120.640291221168,118.51055638965778,119.30133631154824,3822400
2023-02-10,126.46337890625,126.94864364939178,121.6916866328856,121.6916866328856,4815400
2023-02-13,126.54485321044922,126.72588743008707,124.08274914970261,125.67586961935163,3072300
2023-02-14,126.44529724121094,127.92075323884616,125.06036527009131,125.15087548457966,3030100
2023-02-15,123.4400634765625,125.20518512527384,123.00557858107662,124.80690154940105,3976900
2023-02-16,121.26763153076172,123.82024596380057,121.11375174331137,122.91506099383864,2589800
2023-02-17,117.32102966308594,119.4301123931911,116.57877132533748,119.23097058608917,3380200
2023-02-21,119.6654281616211,120.27190032202314,117.42057371815888,117.56540660148521,3343400
2023-02-22,118.29862213134766,120.29907311592092,117.16714095526854,120.06373000362585,3245400
2023-02-23,119.87364196777344,120.61590029164879,117.79172753393682,120.02753557113441,2620300
2023-02-24,120.16328430175781,120.29905649932302,115.7369311048181,117.92747670168973,3012900
2023-02-27,122.24524688720703,122.5801609444123,119.96417663557779,120.48013875702944,2901900
2023-02-28,119.24000549316406,124.1913681042531,119.11328015700565,123.85645410412565,5428000
2023-03-01,126.0832290649414,126.5086671755527,119.19476976141996,119.93702818828353,5042000
2023-03-02,126.02890014648438,126.47244575636898,124.31810109696745,125.36811898239228,3473400
2023-03-03,127.7849349975586,128.7987375413265,124.11893383993703,124.5172173569955,3703700
2023-03-06,126.44529724121094,126.97935308638209,125.17802993012889,126.00175161052813,3413900
2023-03-07,123.97412872314453,126.72588471392726,123.02368182538503,125.84785426487588,3577600
2023-03-08,120.18143463134766,124.92459591444225,117.79174641967347,123.52157000026219,5029800
2023-03-09,119.73787689208984,125.54916323541062,119.60210465987373,121.29479627763061,4912700
2023-03-10,119.6292495727539,123.61205793667372,119.20381152967738,120.1904598372265,3856000
2023-03-13,115.96324920654297,118.00896230429514,113.16622400632185,116.22574677541213,5199200
2023-03-14,119.14043426513672,121.93746615368032,116.82316308930213,116.90462641688404,4717300
2023-03-15,112.54165649414062,115.39299072128239,111.12956315053864,114.68694059647453,8770700
2023-03-16,115.11237335205078,115.66453674762214,109.3916044998805,110.65886486522481,7040500
2023-03-17,114.38822174072266,115.86367068594939,112.7769867691953,114.95848575871541,13800900
2023-03-20,116.68738555908203,117.76455777032939,114.976579791684,115.07615068042179,5343700
2023-03-21,119.65637969970703,120.51630248851866,117.77359367749567,119.33955949813358,6393200
2023-03-22,119.2762222290039,122.8335923781738,118.7059513026076,119.62924379962402,3910000
2023-03-23,118.01803588867188,122.06421432655051,116.62404312201406,119.52969332428673,3793700
2023-03-24,117.00420379638672,118.08137611643608,113.83606331967903,115.81841370020685,4362200
2023-03-27,119.37580108642578,120.48012788090283,115.38393195944043,118.84173144435606,4003900
2023-03-28,123.12327575683594,124.05561526388776,118.93226450822479,119.12235944816071,4099700
2023-03-29,123.96508026123047,124.91552725273267,121.99178363440213,123.97414095072845,4453900
2023-03-30,124.0284194946289,125.11463844257833,122.63442723160814,124.9607586910543,3254700
2023-03-31,126.36383056640625,126.57201924745969,122.29049809730039,123.7116313542678,3330600
2023-04-03,125.395263671875,128.7715994971203,123.60300142895457,128.4638399445833,6276100
2023-04-04,115.34772491455078,123.82931085720914,114.75029949920692,123.60301460703589,8945000
2023-04-05,122.28142547607422,122.85169638595352,115.10331581069275,115.51064625545274,8034200
2023-04-06,120.01848602294922,123.05990843360313,119.41201367891172,122.66162478987029,3170500
2023-04-10,122.29049682617188,123.16852736534807,120.35340151347964,120.39864971304455,2369600
2023-04-11,123.74784088134766,124.99698672309269,122.48963435038463,123.59394728490449,2476300
2023-04-12,121.04132843017578,124.23663008813628,120.73356887271247,123.66635916952282,2968700
2023-04-13,120.50727081298828,121.1590050494989,118.08136808552645,119.92795302631502,3223100
2023-04-14,119.35769653320312,121.56635017792925,118.54303554517729,121.17711343954201,2463400
2023-04-17,116.13522338867188,118.37103115728844,115.4925360436906,118.19904381939098,3525900
2023-04-18,115.05806732177734,115.64643896023789,113.18433462490451,114.06236519069759,3828000
2023-04-19,112.60502624511719,114.05332100364316,110.6136149093816,114.01711277142824,4409200
2023-04-20,111.29248046875,111.60930070792296,109.39159356377584,111.07523802687051,3966600
2023-04-21,108.28726959228516,110.8760990183294,107.42734667990534,110.83084391589581,6644600
2023-04-24,108.62220001220703,109.88040660986735,107.09243515211081,107.32778518582103,5268600
2023-04-25,106.6760482788086,108.35063910694849,106.19630134541853,108.16960487374922,4058300
2023-04-26,105.58077239990234,107.30062519236637,104.82946723122396,106.57647446732474,5711800
2023-04-27,103.77040100097656,106.12388046449647,101.51649243336826,104.01480480221889,7742700
2023-04-28,103.79755401611328,104.63032249226808,101.9238214917585,103.64367423582634,4042800
2023-05-01,104.4674072265625,104.99240929337873,102.68419161933879,103.58937664586747,3054200
2023-05-02,100.27638244628906,103.62557073089354,98.18540753034755,103.35401249759681,4598300
2023-05-03,96.90909576416016,100.66561458037535,96.73711532467004,99.33499163698713,4871900
2023-05-04,94.41983795166016,98.08583968496379,94.30216639678363,96.84573384321125,5083900
2023-05-05,96.8909912109375,98.09488876905642,96.40219054284383,97.29832164800925,3872100
2023-05-08,97.19876861572266,100.004847808031,97.1082514915223,98.91862159958502,3180000
2023-05-09,98.12206268310547,99.20828200153274,95.48797082219903,96.14875896001853,4146000
2023-05-10,100.48458099365234,101.88761349127465,97.18065461858536,98.44791490154415,6454000
2023-05-11,100.16776275634766,101.99623318663173,98.70136075549698,99.16300698084096,4411300
2023-05-12,100.04104614257812,101.82426175068012,99.60656119699803,100.93718429161277,3526800
2023-05-15,102.20441436767578,102.34018655660235,99.47075253042682,100.54792460265521,4612000
2023-05-16,99.24446868896484,102.3854612958223,98.51127115348962,102.16821886049863,4951700
2023-05-17,101.47123718261719,101.8333125640476,99.4436247150257,101.71564100013845,4231400
2023-05-18,100.973388671875,101.4531356129193,99.47077826949668,100.90097221503459,4692300
2023-05-19,100.71991729736328,102.18631927076005,100.16776088101102,101.90571417139886,3708300
2023-05-22,103.04037475585938,104.15491843848604,100.89351136829289,101.14930690793068,3819400
2023-05-23,102.77543640136719,105.37907939622075,102.67494430596008,104.89489401102583,5606700
2023-05-24,104.86750030517578,104.99539808302741,101.9258374747761,103.8260429884376,4179200
2023-05-25,103.39666748046875,104.01788823723935,101.65176543942707,103.36926180986073,4426900
2023-05-26,103.98133850097656,104.83094908609144,102.93074371746162,104.38330689777669,3087300
2023-05-30,102.00804138183594,102.7571597774957,100.71991933996107,102.117664044188,3515200
2023-05-31,97.78739929199219,100.48239674173595,97.55900944133914,99.9525375853488,11087000
2023-06-01,96.77334594726562,98.6552760502959,96.52668798003452,97.91529517869758,5241700
2023-06-02,99.82465362548828,100.50069274240491,97.6229786314786,98.53653822415956,4709600
2023-06-05,98.10714721679688,100.96658574063065,96.66372163598778,100.96658574063065,3946100
2023-06-06,99.82465362548828,99.96168895837172,96.60892692601023,96.6546076936069,3894900
2023-06-07,103.70726776123047,103.88084629055479,99.0572534137402,100.08957310361953,5141100
2023-06-08,102.72061157226562,104.4837813283818,100.90262351773403,103.3144195508799,5157500
2023-06-09,103.58850860595703,103.789492806211,101.48731901954548,103.15000395986263,3143700
2023-06-12,103.30530548095703,104.52947181264821,101.60608432659049,101.85274231420249,4113800
2023-06-13,103.30530548095703,106.59411814524836,103.26876226614311,105.05020042641179,3710000
2023-06-14,102.16336059570312,104.830952663916,101.18585220913648,104.43812179997394,3399700
2023-06-15,104.17317199707031,104.49291637691458,101.96236003368453,102.05371457508222,3873700
2023-06-16,104.33763885498047,104.9588596485314,103.49716571367817,104.63911518933014,9938800
2023-06-20,101.36856079101562,104.38330991432794,100.8112889411312,104.30108593537646,4056800
2023-06-21,101.97149658203125,103.04035934273605,99.94339372126541,100.34535509346703,3776000
2023-06-22,100.84783172607422,101.61522532341445,98.92022064109217,100.65598506921562,3121700
2023-06-23,101.67918395996094,103.12260279806794,99.28565535312494,99.34046669751066,5722500
2023-06-26,103.22308349609375,104.07269408966413,101.53299985530911,101.74312160206551,3152500
2023-06-27,105.37908935546875,106.03685332578682,102.35520957126842,103.42407253808227,3740500
2023-06-28,105.689697265625,105.80845748750386,103.88998399537525,105.11415033905247,2506100
2023-06-29,106.53018188476562,106.93215032544316,105.4795869865716,105.82673711357995,2272800
2023-06-30,107.16053009033203,107.48027451524116,105.15983259319162,106.44794783922718,2975600
2023-07-03,107.27928161621094,108.57653430347055,107.17878952368609,108.09234893216275,1466100
2023-07-05,106.65806579589844,107.7908775624141,105.93635299395295,107.68125488914497,2753100
2023-07-06,103.65245819091797,105.96376256964355,102.89420214662054,105.60747492856997,4177600
2023-07-07,104.94970703125,106.55757361366555,103.0951824642705,103.58850540330386,4587900
2023-07-10,102.87594604492188,105.22379391373627,102.464847017155,104.18233653814741,4199300
2023-07-11,105.92721557617188,105.95462821442783,102.85765526262004,103.42406463151663,3682900
2023-07-12,105.09587097167969,107.70865133270509,104.73044582896682,106.8773089587857,3032800
2023-07-13,105.52526092529297,106.73115919939526,104.41985475485802,105.55266659540116,2966100
2023-07-14,103.67073059082031,105.40648798895049,102.93074268866125,105.08674357192153,2335300
2023-07-17,103.88085174560547,104.55688383598655,103.37839819366376,103.43320953426316,2968600
2023-07-18,105.44303131103516,107.12398434354941,103.87170792300192,103.9265262301952,2858500
2023-07-19,107.81828308105469,107.95531839235633,105.51611633682776,105.67141977034707,2797300
2023-07-20,110.2940444946289,110.65033215170443,108.79580046166011,109.6271429747737,3947000
2023-07-21,112.35868072509766,112.62361381594798,110.29404127762551,111.14365188969522,3556400
2023-07-24,114.84355926513672,116.83511917340812,112.83373123436252,113.28137341968934,4398100
2023-07-25,113.77470397949219,115.72058325685893,113.37273555847696,114.46901116945321,3398200
2023-07-26,115.2729263305664,116.36919483173197,112.91594138616476,113.16260632936536,3849500
2023-07-27,114.62432098388672,117.28278269253994,114.11272985228601,116.48798335316903,4422400
2023-07-28,117.9131088256836,118.36074397367155,115.044526131489,115.78450695472617,2958600
2023-07-31,117.76693725585938,120.13305258866752,117.32841873826474,118.92714757499606,4358800
2023-08-01,117.63905334472656,118.64396036785364,116.36919930700553,117.41979406013716,3344700
2023-08-02,116.31301879882812,118.93745724315009,115.51188064368425,117.25229342800067,4188700
2023-08-03,115.65921783447266,116.44194203727268,112.86903237977226,115.30008547053434,3445500
2023-08-04,116.84712219238281,118.21919922575434,115.8065600694236,116.81949770623746,2664700
2023-08-07,119.05717468261719,119.90437249423525,116.53404441034083,117.10496923671931,3045800
2023-08-08,120.94491577148438,121.53426154910795,116.07360611515486,117.38121662015992,4119000
2023-08-09,123.34835052490234,124.92301653720189,120.96334280991307,121.92102447713269,3898000
2023-08-10,124.18632507324219,126.10170237099722,123.03525799895034,124.04820264477186,3738700
2023-08-11,128.05389404296875,128.2841074333958,124.51781973827562,124.60069318656289,3420600
2023-08-14,125.6965103149414,127.20670958378713,124.49939788267231,126.87520174179123,3410300
2023-08-15,120.76074981689453,122.88791954809247,119.93198713368636,122.40907170500388,4969600
2023-08-16,120.57656860351562,122.7405660605464,120.1437663018874,121.09224435410832,3502600
2023-08-17,121.57110595703125,123.95611360005633,121.49743597698918,122.33541619246674,3311100
2023-08-18,123.00763702392578,123.53251631820494,120.30032493974612,120.35557391271107,3012100
2023-08-21,120.7791748046875,123.90086828927235,119.10321432420506,123.46806592568018,3734000
2023-08-22,120.53052520751953,121.84735314096294,120.22664183826335,121.00015547758237,2562600
2023-08-23,119.1308364868164,119.99644119711216,116.14727252071495,119.25055196197582,4025800
2023-08-24,119.21371459960938,119.95960377594781,117.58379977468881,118.53227786942918,2764700
2023-08-25,122.58403778076172,125.03351194973185,118.86379508404767,120.2174511221042,5167200
2023-08-28,121.18434143066406,122.61165329392293,120.18060031083834,122.61165329392293,2680100
2023-08-29,120.99095916748047,121.77369038173049,119.09400291772984,121.39613701715759,3041800
2023-08-30,121.04620361328125,121.45138144781382,119.48995877205884,121.34088351152708,3167900
2023-08-31,119.61888885498047,121.64477821631625,118.21920136129131,121.38694030689393,4154100
2023-09-01,123.00763702392578,123.94691171766635,121.35930105787337,121.55268651436283,2999600
2023-09-05,122.58403778076172,124.45336963310416,122.00390951524614,123.7627293708758,2997600
2023-09-06,123.42201232910156,124.33366249172208,121.38693365193907,122.44590971821513,3163400
2023-09-07,125.46630859375,126.22141532394863,123.40359137938657,123.61539783362949,3691500
2023-09-08,130.81646728515625,131.82019439149946,126.5897524034599,127.33564161186378,5146900
2023-09-11,132.363525390625,133.92897398268966,130.06139097549658,131.68208854534618,5554700
2023-09-12,134.6840362548828,135.65093530043197,131.84780561179,132.57528779080067,4273900
2023-09-13,133.9657745361328,135.0800135475274,132.2069548817451,134.94187708021985,3184900
2023-09-14,134.3985595703125,135.9179762087741,133.72634047935546,135.3654585127683,3737600
2023-09-15,132.30824279785156,133.80923871092548,131.75573905058522,133.2751419194568,8068000
2023-09-18,134.7024688720703,136.6730950928518,133.33960942386636,133.91053418234813,4418400
2023-09-19,131.36895751953125,136.1021437254453,130.65069294731498,135.99163175587526,4568700
2023-09-20,131.65444946289062,133.9934115869032,131.01905818656857,131.22164711673247,3719700
2023-09-21,134.72088623046875,140.15391692020518,133.4040582588811,136.82963481921956,6812000
2023-09-22,133.77239990234375,137.83335340205738,133.60663895582536,135.89036588959115,4114700
2023-09-25,134.94190979003906,135.9640580709966,133.52380111926254,133.7724355797965,3241900
2023-09-26,130.3744659423828,133.69874829539395,129.64698366521057,133.542204855637,4936800
2023-09-27,132.556884765625,133.45011396160402,130.89934532715301,131.45186315701437,3644000
2023-09-28,135.53123474121094,136.54417938621276,132.17012450744332,132.17012450744332,3587300
2023-09-29,130.4941864013672,135.64175530645198,129.92324754214582,135.5036188182526,4302200
2023-10-02,127.16065216064453,130.94536048024023,126.23059521536322,130.4941512731445,4109700
2023-10-03,123.00763702392578,126.16615842139396,120.41082288567601,126.16615842139396,5762100
2023-10-04,118.48624420166016,120.88046944834483,116.98525519594857,120.88046944834483,4097000
2023-10-05,117.39042663574219,119.31501442150689,116.25777355265787,117.38121613206754,3399500
2023-10-06,116.51561737060547,119.67415286367564,115.7328931318339,119.20450848463406,2829400
2023-10-09,116.9023666381836,118.11790018596163,113.83592936032991,117.83243078054905,3798900
2023-10-10,119.90434265136719,120.30950639598377,116.32221600612006,116.95760718113522,3998900
2023-10-11,119.34263610839844,120.27269321660974,118.29286353189144,118.78091483186593,3012300
2023-10-12,116.23936462402344,119.61888896173018,115.2908794198647,119.25055310540164,3961700
2023-10-13,116.07359313964844,117.86925475737074,115.70525031342065,116.94840120457879,3825100
2023-10-16,118.97428894042969,119.67414670814496,116.43273792118435,117.2707110905973,2852000
2023-10-17,120.37399291992188,120.88046524886907,118.73487451068323,118.73487451068323,2277900
2023-10-18,123.42201232910156,124.60070386501476,120.15297909465464,120.19902458690827,3780400
2023-10-19,121.93943786621094,123.79956616161365,120.74232531865253,122.99842798759825,2998600
2023-10-20,120.79757690429688,123.00763412866112,120.50291103838205,122.07757698638048,3075900
2023-10-23,120.3831787109375,120.94489992940048,118.48622267678347,120.79755999151612,2749000
2023-10-24,118.60594940185547,122.10519597797992,118.53227942591366,121.00016038996395,2913400
2023-10-25,116.81949615478516,120.0332804944298,116.42352879899641,118.50466004283182,3056200
2023-10-26,115.4382095336914,116.71819549422665,111.58904114879647,116.02755528420164,3992500
2023-10-27,113.78067016601562,115.25404156715533,112.64802415641721,114.996196654067,3674500
2023-10-30,114.40685272216797,115.62237922953842,112.28889359408986,114.67390111723,2925400
2023-10-31,116.94840240478516,117.0312758531205,113.58728549748936,115.06064979196617,3914800
2023-11-01,117.62065124511719,121.02780024570644,115.86181723029236,117.74035970205952,3741700
2023-11-02,118.7532958984375,119.86752097457517,117.27992440062363,117.80481071341413,3569500
2023-11-03,116.42353057861328,118.98350970025989,114.95936957996966,118.61515979906325,3297600
2023-11-06,115.86182403564453,117.97978354569851,115.36456214400832,117.62065815377763,2073100
2023-11-07,113.3110580444336,114.4068692420954,112.5835827305417,114.24111528417627,2641500
2023-11-08,111.9573745727539,114.07533348983769,111.9297500907677,112.47305030464301,3278200
2023-11-09,110.42874908447266,113.69778179158952,110.39191410172278,112.6756338533329,2553300
2023-11-10,112.96112060546875,113.13608505496246,111.23912869940112,111.727180031614,2965800
2023-11-13,114.43448638916016,114.6646998145251,112.51911602954655,113.00716736723123,2831700
2023-11-14,116.10123443603516,117.0036671141516,114.83045185279106,115.0238373093721,2847500
2023-11-15,116.67215728759766,118.68882907495652,115.57634619665365,115.861808586442,3239000
2023-11-16,113.18163299560547,117.1455934919438,112.0954920396353,115.56743324681071,3365800
2023-11-17,115.21468353271484,116.66287162506262,113.81290754847554,114.23065901689638,3131200
2023-11-20,115.79024505615234,116.62573379998533,115.17754575592937,116.14300681282462,2324600
2023-11-21,114.34205627441406,115.25182002089001,113.55297959335566,115.00116771777222,2369700
2023-11-22,116.37509155273438,116.76498725411454,111.90984024829594,112.52253248152562,2631200
2023-11-24,116.00377655029297,118.08322768318068,115.65101473212566,116.92281857826508,1204900
2023-11-27,116.607177734375,116.87639346668702,114.92690780373118,115.28895483759837,2455000
2023-11-28,116.2636947631836,117.99966915030727,116.11516609639847,116.76499229341034,2045500
2023-11-29,115.18683624267578,118.29673082647182,114.55557348766791,117.45194970734877,3180500
2023-11-30,116.37509155273438,117.14560478349094,114.12854155993543,116.01304453251363,4460700
2023-12-01,117.32198333740234,119.13222553978667,116.04089441281158,116.04089441281158,2516500
2023-12-04,117.39624786376953,117.98109140521497,115.23324395374405,115.83665800400777,2960000
2023-12-05,116.6443099975586,119.66136620896283,116.51434476073162,117.4426719281096,3128600
2023-12-06,113.93360900878906,115.71599566808062,113.72937587609576,115.71599566808062,3454000
2023-12-07,113.32088470458984,115.77166759311658,113.02382032666458,114.57412482763159,3277700
2023-12-08,113.94287109375,115.28894969526982,113.34874229120815,114.47201727984428,2176100
2023-12-11,114.62983703613281,115.36320923557533,113.05167666686332,113.83147513837183,3293300
2023-12-12,112.23475646972656,113.70151510076087,111.59420845486015,113.70151510076087,4041600
2023-12-13,115.85523223876953,115.91092960186779,111.714886878303,112.02123654049174,4238400
2023-12-14,119.92127990722656,120.25547820733868,117.17343980865708,117.74899803907101,4415300
2023-12-15,119.35501861572266,119.67992459229563,117.70259047585547,117.739724408697,9641800
2023-12-18,122.46489715576172,123.28182945538306,120.77534936762645,121.16524501104229,3621100
2023-12-19,124.02450561523438,124.5165178425994,121.36948955570452,122.47418690054003,3741200
2023-12-20,123.04049682617188,126.93019056548367,122.58562550482422,124.60937226423805,4492200
2023-12-21,122.46489715576172,123.74599295923228,120.93316325911768,123.1425719051407,2977100
2023-12-22,122.72484588623047,124.62791936884014,122.62272933354951,123.56034881684228,2279000
2023-12-26,123.64390563964844,124.6929199390834,122.90124102496395,123.42110200569829,1807100
2023-12-27,122.37207794189453,123.69957881774141,122.02858730274636,123.24469346597574,1358000
2023-12-28,120.7660903930664,122.5391988672205,120.64541748102941,121.61087160307488,1661200
2023-12-29,120.6825180053711,121.62012323811382,120.0512624027673,121.37876330155592,1964000
2024-01-02,121.29524230957031,122.4649295492142,120.72896211848048,121.27667179826335,2638200
2024-01-03,124.15447998046875,125.4355618341541,121.16526537995563,121.23024091554154,3078000
2024-01-04,120.97029876708984,125.99255163791926,120.89603090133957,124.9249811686965,2586500
2024-01-05,119.75419616699219,121.93577052291498,118.89085876133814,121.15596499166438,2958000
2024-01-08,120.00485229492188,120.13481752676893,115.63242527144622,117.44266742801408,2756500
2024-01-09,118.05535888671875,119.63351216752982,117.60048057820303,119.56853663460147,2273300
2024-01-10,115.8273696899414,118.50095628323636,115.22396273819099,118.12962402499276,2714400
2024-01-11,118.82587432861328,118.90942037186505,116.4957712160799,116.67215563971013,2388100
2024-01-12,122.07501983642578,122.26068243280518,120.38545762953268,120.68252911585819,3276300
2024-01-16,120.03270721435547,126.01113652034411,119.77277673715149,123.01262952985411,3519400
2024-01-17,117.25699615478516,119.6520818220379,116.76498391484171,118.2317424629336,2764600
2024-01-18,116.93208312988281,117.38696143534659,115.13112625151255,116.85781526050027,2565600
2024-01-19,118.97441864013672,118.98369681278359,116.95994321156323,117.55407205939173,2964700
2024-01-22,119.86558532714844,120.33904119293993,117.45193639022455,118.56593311058637,2903000
2024-01-23,119.85631561279297,120.86818877887933,118.49167360654347,119.56853647061683,2883200
2024-01-24,120.82179260253906,121.50875990498027,120.0048742096676,121.12814231179728,3140800
2024-01-25,124.82286834716797,126.16893981181832,122.16785226927635,123.91309758845063,5293300
2024-01-26,128.025634765625,128.0906103175592,124.27518414792061,124.82290807786168,5286000
2024-01-29,128.46189880371094,128.96318916669816,126.8373265029882,128.10912999985004,3464000
2024-01-30,131.72036743164062,131.84105452027006,127.31081250887178,127.65428909632327,4304100
2024-01-31,129.9243927001953,133.30111809657512,129.64378986699444,132.15060366211486,4273500
2024-02-01,129.35382080078125,132.1599635532754,125.1726812305227,130.5604701771106,4695200
2024-02-02,128.9422607421875,130.32662045599383,126.85635109165662,129.69055403217172,3639600
2024-02-05,131.3368377685547,131.89805775417693,127.00601956257483,128.25007789290197,3462400
2024-02-06,128.92355346679688,133.79688005024744,128.54939253643343,131.79516545933834,7278200
2024-02-07,132.05706787109375,132.07577948536726,128.14718258193682,129.36318059967903,3014900
2024-02-08,132.63699340820312,133.1701530146774,131.8232024489649,132.35637632821675,2673500
2024-02-09,133.81558227539062,134.02136720445597,132.03836436740337,132.65571915459944,3795000
2024-02-12,133.31983947753906,134.88192387884695,133.06728263637552,134.4610053254277,2825000
2024-02-13,132.42185974121094,133.6472062411101,130.80364076593293,132.8708385052156,2730300
2024-02-14,131.92611694335938,133.80624170243516,129.28835020546347,133.28243067776248,4085300
2024-02-15,132.8147430419922,134.16167958853856,131.00945042996182,131.17782641876778,2729900
2024-02-16,130.52304077148438,133.06727788851168,130.08342489202002,133.06727788851168,3002100
2024-02-20,126.3044662475586,130.21436535041937,125.95837992442272,130.02727777521048,4060500
2024-02-21,128.28746032714844,128.30617193796806,126.41669888294487,126.53830294410677,3130200
2024-02-22,130.74752807617188,130.8784808182563,125.705826096754,127.28662194441637,3467800
2024-02-23,132.4312286376953,132.7586033868099,129.51284481675287,130.02729289004432,2520800
2024-02-26,135.71441650390625,137.55711808863217,132.0664365646308,132.76797226624382,3350600
2024-02-27,133.74075317382812,137.45421638003515,133.67528393458858,136.90234509064405,3047800
2024-02-28,130.21438598632812,133.08599802930783,129.45671544132662,133.06728641426596,3895200
2024-02-29,132.31900024414062,132.68379825689973,129.31642100621494,130.25180198998504,4222500
2024-03-01,134.02137756347656,134.82580572851504,133.17017749771185,133.24500968431775,2003800
2024-03-04,135.34962463378906,137.9032107068173,133.74076821014245,134.23651898655646,4296400
2024-03-05,134.9847869873047,138.0528345518003,133.83427271881305,135.24669244236333,2678100
2024-03-06,135.10641479492188,136.33176144778903,133.01115651337278,136.10726490137256,2885900
2024-03-07,139.3998260498047,140.77483722968455,134.6293773515136,135.97632824386784,3613700
2024-03-08,139.8675079345703,140.96190189908793,138.74505368425326,139.05373110082698,2085700
2024-03-11,140.812255859375,141.41089915566988,138.08094492798074,139.3530637167051,2795400
2024-03-12,140.98995971679688,142.5052864873396,138.62344717060537,140.57838983523664,2976300
2024-03-13,148.37948608398438,150.10993229435542,144.0486676768011,144.0486676768011,4772100
2024-03-14,149.09033203125,150.6898393386243,147.46276444416537,149.10904364198257,3561400
2024-03-15,153.121826171875,155.36674853922776,151.15753515731612,151.16688382663153,9134400
2024-03-18,155.5444793701172,156.5172834725384,152.56062636903036,154.66523333705499,4444500
2024-03-19,156.57339477539062,157.14397764608816,154.3378351881223,155.35739685571636,3957000
2024-03-20,158.61256408691406,160.09981646144183,155.32936762026878,155.8157697399165,3952600
2024-03-21,159.93141174316406,160.74520277801037,157.9484089331704,159.3608288608649,3685700
2024-03-22,158.67800903320312,160.14656383909156,157.94841310186342,159.04280699887298,3497500
2024-03-25,157.60232543945312,161.3157885766222,157.54619059900355,159.66950913680165,2767900
2024-03-26,156.4424285888672,159.64142900333226,155.99344983055036,157.94839214948277,3025300
2024-03-27,156.9662628173828,158.70607182097328,154.92713935474663,157.23753126469686,3098600
2024-03-28,159.66014099121094,160.17460325340107,155.28255170076622,157.2094480166764,3325900
2024-04-01,161.48414611816406,161.88636729740188,156.31149126374802,159.11763375718655,2775400
2024-04-02,165.76821899414062,165.8617628015785,161.58706485717164,161.97992315740467,3152100
2024-04-03,168.71461486816406,170.922113924786,166.2545732950848,167.54538897530873,4127500
2024-04-04,168.9391632080078,171.91366794107125,168.47147270737912,169.0139954008422,3212800
2024-04-05,171.5395050048828,172.8490325735183,169.48166985154992,171.17470701985008,2418900
2024-04-08,169.20103454589844,171.5301379064485,169.07008180310316,171.20274891307105,2539200
2024-04-09,164.8702392578125,170.33287479179714,164.72993782599988,170.2393309887351,3502100
2024-04-10,164.34642028808594,166.2171820768468,162.41018925856392,163.9161530694276,3472200
2024-04-11,165.5998077392578,165.86172748976514,163.17717493387315,164.7673194123088,2414400
2024-04-12,162.32598876953125,166.8625916665555,161.24095781519844,166.20782791667034,2452400
2024-04-15,159.6414337158203,163.63551358540326,158.91183785972683,162.83108555525178,2413500
2024-04-16,158.07000732421875,160.16525119216547,155.8063874895815,159.57597099069466,2126300
2024-04-17,156.47052001953125,159.28601146607255,155.77833299670937,158.33193319880752,2469700
2024-04-18,151.99005126953125,157.14399501546868,150.58697988546456,156.99433064236766,3115000
2024-04-19,153.299560546875,154.85229611863218,151.73747630520788,152.46707219597988,2437500
2024-04-22,155.17970275878906,156.48924472725034,151.86846028669493,153.29959208010985,2130000
2024-04-23,156.71371459960938,156.78854678667972,152.90672163957555,154.05723618612382,1969300
2024-04-24,156.2086181640625,156.7604894973784,154.39397684306263,155.42290159397407,2350800
2024-04-25,156.33021545410156,157.61168272858146,151.65331092209618,154.27236604179524,3299400
2024-04-26,155.08616638183594,156.1618487792156,153.6924436100061,154.51558342400287,2065200
2024-04-29,156.68565368652344,157.93907497396017,154.07594718449803,154.19755127209822,2081800
2024-04-30,149.5393524169922,156.14313983941486,149.40839965095591,155.40419514666323,4144100
2024-05-01,145.6013641357422,151.98065312944544,144.5818025915684,149.98830193095782,3979500
2024-05-02,147.1728515625,148.11759556130997,145.2646804929916,146.37778623053075,2416100
2024-05-03,146.7051544189453,148.62268834708647,144.78762049080416,147.65924704705904,2356700
2024-05-06,147.97726440429688,149.86673793204642,147.64052668918092,147.9304925019345,2128400
2024-05-07,146.54612731933594,148.86586800923777,146.42452323220093,148.26722479014117,2267900
2024-05-08,146.92030334472656,148.6600983362951,145.17113113561635,146.01298261546546,2776400
2024-05-09,148.6039581298828,149.01552800707424,146.7986798545784,146.80802852532193,1676900
2024-05-10,146.04103088378906,150.00703693899985,145.4517363236767,149.464514280493,2036200
2024-05-13,145.85394287109375,147.2850888377774,145.4423872473409,146.74256618078175,1510400
2024-05-14,145.85394287109375,145.8913661013861,143.72127547340344,145.07758925228282,2436800
2024-05-15,147.5189208984375,147.87435591779072,143.46872008420291,145.3394817939032,2799100
2024-05-16,148.25787353515625,148.70685237345847,145.89136098584964,146.23744735362635,2597600
2024-05-17,155.32936096191406,155.48837401343272,148.29529209978446,148.9781304815056,4098500
2024-05-20,153.19667053222656,156.08699385894437,152.03679316984855,155.27321710765727,3089100
2024-05-21,151.89649963378906,153.95433470306062,151.69071469958396,152.67286747233024,2206800
2024-05-22,151.53170776367188,153.58954291578303,148.7255650273076,151.31657415026237,2510000
2024-05-23,152.05551147460938,153.63630742367883,151.33526421055242,152.95348338706293,2251400
2024-05-24,151.924560546875,153.87015448655094,150.8395153025362,153.29022290927102,1794500
2024-05-28,153.00025939941406,154.4500883642076,152.17711964692762,152.70093066295362,1912700
2024-05-29,145.62945556640625,151.9806856393277,144.89985960141027,151.9806856393277,3774100
2024-05-30,142.12574768066406,146.95746278381603,141.84320300806453,145.04550051762587,3969200
2024-05-31,148.00294494628906,148.19131288211116,142.40832958590372,142.67204757036512,4902500
2024-06-03,144.98898315429688,148.04058041336984,143.37840675635903,147.9181491862108,2887600
2024-06-04,146.3452606201172,147.5319913363499,142.9357397984428,143.70806687916146,2997200
2024-06-05,145.0831756591797,147.35304712041506,143.99063600313775,147.35304712041506,1939200
2024-06-06,146.71258544921875,147.07990789391008,144.0942327672549,144.91364105813176,1981000
2024-06-07,145.45046997070312,147.48487755143677,144.10362598565084,146.20395585670238,1979600
2024-06-10,145.60118103027344,147.01396178400373,143.80223675468508,145.08315854626252,2285300
2024-06-11,144.66873168945312,144.92302183675736,142.25757418500666,144.28256822963255,2083400
2024-06-12,139.75228881835938,146.6654931207095,138.8763572022492,145.61062133245233,3793300
2024-06-13,141.10858154296875,142.58728493741643,138.68800972113755,139.7523094031235,2669100
2024-06-14,141.3440399169922,142.1351938459477,139.39439519397482,140.02543566384782,2641800
2024-06-17,142.32354736328125,142.98284223731275,140.10077152258197,141.41936127064494,1804000
2024-06-18,141.22157287597656,146.0721146028077,140.45867353365455,143.41609413799958,2552000
2024-06-20,143.60447692871094,144.63109431379522,141.0049651276546,142.2199504337051,3204000
2024-06-21,141.47589111328125,144.7441111663401,140.88251851346902,144.57458435013723,7128100
2024-06-24,141.9656524658203,143.47262464702757,141.08030738722744,141.33461199676094,2851300
2024-06-25,144.84771728515625,145.26213533587438,139.71461596760042,141.7207695442353,4849300
2024-06-26,144.64991760253906,146.28874849336702,143.34074131146568,145.31862579534487,3843100
2024-06-27,145.0831756591797,147.98408754026147,144.6028353200117,146.06271181203883,2540100
2024-06-28,147.64500427246094,148.0500089009477,144.66875703044659,146.85385048806026,3898900
2024-07-01,148.79408264160156,150.19745019750818,146.49595670964206,149.14257837492377,2205500
2024-07-02,148.7752685546875,152.63686144573418,148.17248255175792,150.6495488722152,2927900
2024-07-03,149.28384399414062,149.84896208595615,147.1835138092981,148.77524920874671,1479900
2024-07-05,143.89645385742188,149.27444655406077,143.22774556136804,148.35141928085307,2416400
2024-07-08,139.356689453125,144.103626107296,139.23424386472672,143.16177234188885,2493700
2024-07-09,137.79322814941406,140.19495846358404,135.39149783524408,135.9848703898702,3027100
2024-07-10,136.47462463378906,138.30182350288422,135.7023119074535,137.11509276027346,2640100
2024-07-11,138.1134796142578,139.1024292575166,135.19372626207522,135.956640127368,2137000
2024-07-12,139.31903076171875,139.60158981332663,136.6724235338107,139.39438080025087,2311200
2024-07-15,140.10076904296875,141.32518199967112,138.9328650213903,139.9500689682715,2442100
2024-07-16,140.1761474609375,140.6564878782927,137.41650747407334,139.25313446675275,2483300
2024-07-17,141.32518005371094,145.29980464693423,140.64704409846098,141.41935682043734,4185200
2024-07-18,139.18719482421875,143.25601134908615,139.1024314061722,142.2388072178693,2327700
2024-07-19,139.7052001953125,140.63764079336815,138.10405133093036,140.09136376969877,1582400
2024-07-22,140.3550567626953,140.96725598173217,137.62367213022313,138.9234349681426,2435400
2024-07-23,138.330078125,140.73180845179135,137.90624674298977,140.24204039823172,1793700
2024-07-24,140.16671752929688,140.90136249092973,136.65359180311137,138.63149092846217,3770300
2024-07-25,147.8710479736328,149.60405553255978,136.09787536426714,138.669132238119,4181800
2024-07-26,149.86781311035156,150.8473493787428,145.88377446903857,148.58689101660698,3151500
2024-07-29,148.29490661621094,151.34651869215602,146.1098128508148,149.8866421455034,2721300
2024-07-30,153.97427368164062,155.06682766995252,148.6057092515566,149.02012727274732,2954400
2024-07-31,152.31661987304688,158.024252433006,152.2130153650933,156.34775357452133,2725100
2024-08-01,148.33445739746094,155.13252584538265,147.2725598504078,152.7527324257299,2412500
2024-08-02,140.85372924804688,146.15375512051818,140.46499374883766,146.15375512051818,3457700
2024-08-05,139.9814910888672,140.69258644751437,134.10310568417165,136.94748711876034,2684900
2024-08-06,141.1287384033203,143.973119981078,140.13320195765056,140.52193757875625,2457000
2024-08-07,140.57879638671875,143.3757681839699,140.21850349194895,142.80688618878284,2148900
2024-08-08,143.74554443359375,144.5040489765692,141.14767107576586,141.2709322233397,2042100
2024-08-09,143.2430419921875,144.058431865426,141.7449994591553,143.71710553552916,1568100
2024-08-12,143.6317596435547,145.622817596728,142.7405179785426,144.20062714420303,1610400
2024-08-13,139.88665771484375,142.75000543873725,139.64014989160586,142.21905660882757,2530900
2024-08-14,140.1521453857422,141.57433593953854,139.4694927625383,140.57879965842702,2672600
2024-08-15,141.55538940429688,143.10082685397737,140.81585136892275,141.2614722962985,1917700
2024-08-16,142.0483856201172,143.20508718130503,140.00042795000314,140.78737504918408,2005500
2024-08-19,140.5314178466797,142.7405560075674,140.12371561868883,142.20960707859876,2637900
2024-08-20,133.93243408203125,140.27540693942373,133.82813951833452,140.27540693942373,4084300
2024-08-21,136.40704345703125,137.8766433792905,134.1789534163029,134.85211556653496,2696200
2024-08-22,135.98985290527344,137.42153397895967,135.4873467369891,136.61562021692689,1176800
2024-08-23,138.3032684326172,138.71097052896164,135.99932697393766,136.89056858861434,1524000
2024-08-26,135.6675262451172,139.71603369865645,135.2503479356955,139.0049382532169,2752200
2024-08-27,133.6195526123047,135.34515097356126,133.16445563009498,135.34515097356126,2030300
2024-08-28,133.73333740234375,135.33567460062395,132.1878855183006,132.79468631561602,2139700
2024-08-29,134.45391845703125,135.28827503831934,131.99827243479032,134.62458887923708,2275000
2024-08-30,139.11868286132812,139.43156653484368,133.4773296099764,133.73332797326572,3359500
2024-09-03,134.03672790527344,137.11814108160576,133.3730418069024,137.01384651848517,3236300
2024-09-04,132.38697814941406,135.2882444658251,131.40091796394512,134.04620040580454,2558300
2024-09-05,128.4901885986328,133.67644499123034,128.21522363805542,132.60505673907207,3299700
2024-09-06,127.22917175292969,129.89340646120272,125.79749064163981,129.03060736949794,3462000
2024-09-09,127.20073699951172,128.89787816681311,126.70770684973239,127.86442308540411,2931000
2024-09-10,129.03062438964844,129.1633616160913,125.40878608683808,127.8359893516629,3028600
2024-09-11,126.00609588623047,129.08750920780838,123.60733528866086,129.08750920780838,4960900
2024-09-12,127.16281127929688,127.35244828691864,125.26655694125893,125.89232434495685,2507200
2024-09-13,127.29554748535156,129.2392110597372,127.13436760398118,127.99716679302769,2130200
2024-09-16,126.81198120117188,129.98821231162296,126.26206582699353,128.47120338511243,2244500
2024-09-17,128.75567626953125,128.85997083991117,127.18178165007878,127.62740259013185,2395000
2024-09-18,129.571044921875,131.15441534459845,127.6747908394847,128.94527760254127,2725500
2024-09-19,131.49574279785156,133.40147295895426,129.8080778072781,131.400924306002,2538200
2024-09-20,127.48518371582031,129.91238691954973,126.00609320047995,129.57106056482075,7363200
2024-09-23,128.16781616210938,128.8315167148768,125.44669597794072,126.27156193653755,2817500
2024-09-24,125.93025970458984,130.08304693874703,125.66477078279648,129.99771896420955,3062700
2024-09-25,125.9207534790039,128.43329888742522,125.54150843903548,126.18622790043598,3008500
2024-09-26,129.53311157226562,132.96534129472988,126.19571480797788,126.34740413924878,6296800
2024-09-27,128.9168243408203,130.96478205343143,128.31002366307658,129.89339395551306,2935800
2024-09-30,128.02560424804688,129.58053215091493,127.23865699996578,128.5849957784137,2623400
2024-10-01,130.3390350341797,130.82257465230342,126.24311897264363,126.41378937551008,3227000
2024-10-02,128.64187622070312,131.05960318602303,127.05850572147541,130.97427522033757,3024700
2024-10-03,136.55873107910156,137.2793023931348,128.30055298498178,128.7935686100872,5224700
2024-10-04,135.0322723388672,138.5498305709047,132.69988755875121,137.6680647633442,2916400
2024-10-07,136.51133728027344,137.4689549206609,134.41598446833424,134.64352571573596,1983100
2024-10-08,129.2676544189453,134.8426467879445,128.51864032294947,134.65302424808363,4177700
2024-10-09,132.13099670410156,132.9179439538373,127.84545804873864,128.4996680796799,2372300
2024-10-10,135.30723571777344,136.2269057690459,132.2542650522002,132.27321717929308,2300900
2024-10-11,134.95643615722656,136.59670679959373,134.08416077893233,134.72889486470817,1632000
2024-10-14,133.84707641601562,134.80467940312087,133.29716106282777,134.51076237080485,1379000
2024-10-15,127.66529846191406,130.4717608288239,127.41879064298921,129.41933924964152,3247800
2024-10-16,128.4901885986328,129.3150545458222,127.93078261469897,128.52810731702033,1525600
2024-10-17,129.56155395507812,129.63740585419015,127.52308661029754,128.70824540779103,2317400
2024-10-18,129.93133544921875,130.433856137698,128.49019262894606,129.60897569736343,2083400
2024-10-21,128.47122192382812,130.69932639354846,127.81701191070721,130.12096828442563,2341400
2024-10-22,128.67034912109375,129.40988718226092,127.5705180931574,129.13492219164033,1966400
2024-10-23,125.99661254882812,128.65137138145812,124.65974983588373,127.99716135311208,3382000
2024-10-24,124.54597473144531,127.59894510907571,123.17119334870061,125.91128005153733,3784600
2024-10-25,125.53201293945312,127.1059072808258,125.010554646959,126.10089494415445,2147800
2024-10-28,125.39928436279297,125.6363161365171,123.32289817747757,123.32289817747757,2507700
2024-10-29,121.24649810791016,124.43221316446916,120.48800072327471,124.11932946690942,3901800
2024-10-30,122.05239868164062,123.01001632071308,120.77242853131314,121.8343334974229,2523500
2024-10-31,123.02896881103516,124.26153694975018,121.12323852465754,122.63075716017737,2993600
2024-11-01,121.56885528564453,124.95366143633302,121.04738249848774,123.34184829470654,2169600
2024-11-04,123.2091064453125,125.29498304816686,121.63521208049843,121.89121043315387,2424100
2024-11-05,125.20966339111328,125.37084326317336,122.49801928736709,125.15277807947696,2534500
2024-11-06,131.5146942138672,132.62400099760222,128.47120037084872,129.75117752676476,3263000
2024-11-07,129.04959106445312,131.6000554937322,128.4807089694737,131.6000554937322,2105900
2024-11-08,129.59951782226562,129.70381239982868,127.31452764755878,128.9453076963951,1702700
2024-11-11,130.86050415039062,130.9553081784032,128.09197480190514,129.52364149015418,1774200
2024-11-12,129.91236877441406,130.98374247292517,129.15386426237248,130.8415292063481,1680500
2024-11-13,132.32061767578125,132.72831985766143,128.81255024847738,130.67088575696502,2304000
2024-11-14,132.75674438476562,133.6100528836779,129.98821532684372,132.73777779424523,2544800
2024-11-15,132.88949584960938,135.08914316620965,131.60951849656522,132.21631925293127,2258600
2024-11-18,136.53977966308594,136.71045006556741,132.94638428809628,132.95586035096187,2465300
2024-11-19,134.6435089111328,137.18449677239812,133.88501889143072,134.7478034589323,2522200
2024-11-20,134.8919219970703,135.72306487461506,133.5162513086852,134.8728114105354,2728200
2024-11-21,134.80593872070312,136.61150275444336,134.43336247809341,135.73260532513598,1600000
2024-11-22,134.6148681640625,136.09562503755322,133.2200870541481,134.35692629622878,2375200
2024-11-25,133.57357788085938,136.1625010371997,133.38250117714372,134.84414758251214,4237200
2024-11-26,133.55447387695312,134.74863044849758,132.46540366678886,134.12766028503052,1728600
2024-11-27,132.36985778808594,135.78992376389112,131.9113057722607,133.70732181847606,1907000
2024-11-29,132.8666229248047,133.22008856380495,130.55473782300152,132.65645022672214,1554100
2024-12-02,133.8792724609375,134.20407952925794,129.8764575550709,132.40807807218243,2772400
2024-12-03,131.32855224609375,135.75171244652108,131.13749012757296,134.38558987374216,2070300
2024-12-04,128.08045959472656,131.30944893477658,127.25887932018237,131.30944893477658,2509300
2024-12-05,127.10602569580078,128.93070039694084,125.89275856324461,128.41481660579134,2525900
2024-12-06,125.64436340332031,127.89893126133823,124.61261052825066,127.74607574419359,1984200
2024-12-09,128.53900146484375,130.5642861121343,126.57103399404555,126.62835117053794,2730000
2024-12-10,126.40863037109375,128.94023617826056,125.84497745610717,128.0995453847388,2656300
2024-12-11,127.33528137207031,128.3861448558839,125.873635075469,126.67611927088338,2349000
2024-12-12,123.88656616210938,126.73344578173246,123.69550403564418,126.58059024971796,2066900
2024-12-13,123.37067413330078,124.64125817597728,122.8452424499228,123.63816397627444,1718000
2024-12-16,119.48251342773438,123.05542736447306,119.1099372110223,122.2147438759911,4422200
2024-12-17,119.31055450439453,119.83598623956173,117.4190148348972,118.93797828802226,3710800
2024-12-18,116.30128479003906,120.24678242835614,116.01469161060577,118.85200854716665,4263700
2024-12-19,113.6168212890625,117.5049943890945,111.9067883822697,117.5049943890945,5060200
2024-12-20,113.29200744628906,114.08492907988419,112.0500891090046,113.77922531963159,7606100
2024-12-23,113.34933471679688,114.03717001652235,111.62019117483347,113.71235566340633,2832600
2024-12-24,113.53083801269531,114.25688717187198,111.8303604016007,112.71881308800494,1170100
2024-12-26,114.33330535888672,114.57213662782753,112.34622745204672,113.68368401582563,1884400
2024-12-27,114.23778533935547,115.50836956205548,112.81434559126933,114.18046087305936,1697800
2024-12-30,114.24732971191406,115.72808659067768,112.72836624157091,114.4670577005344,2890200
2024-12-31,117.1133041381836,117.49543564773087,114.1613529862493,114.49571532389605,2689900
2025-01-02,117.64827728271484,119.58758590075091,116.89356964477763,117.79157749295254,2106800
2025-01-03,118.70870971679688,118.89021654601832,116.7311868722588,117.6960600628781,1932500
2025-01-06,116.664306640625,119.41564037089152,116.14843019959648,118.43165666040375,2187500
2025-01-07,118.45075225830078,120.78174773919605,116.81714727881413,117.09419242109692,2776200
2025-01-08,119.59715270996094,119.76911152109702,116.35860117402486,116.74072538672534,2259000
2025-01-10,121.46959686279297,124.39289684016136,120.2849956924017,122.49179450348397,3031000
2025-01-13,127.39260864257812,130.29679054921976,122.18608244474521,122.18608244474521,5190300
2025-01-14,128.0708770751953,128.51988102609835,124.36421112377569,126.1220203383574,2957500
2025-01-15,131.7489013671875,132.48449127308456,128.68230107204522,129.17907425588783,4326500
2025-01-16,133.14366149902344,133.84105935408192,130.2681380451042,130.77445920846696,3212400
2025-01-17,134.74862670898438,135.2644959196484,132.1023717382903,133.12457673217548,2531300
2025-01-21,133.29652404785156,134.69130525438518,132.56091956194177,133.85061441334543,2663600
2025-01-22,129.04531860351562,132.77108073041464,128.59631463218363,132.4844802797829,4038200
2025-01-23,134.42379760742188,134.6721768789617,129.5420858950735,129.92421009392,3884700
2025-01-24,133.3920440673828,136.05739459633162,132.95258812165707,134.3569171394474,2837300
2025-01-27,134.99697875976562,136.83120108309717,132.95258376194892,134.39511932127598,2945700
2025-01-28,131.9590606689453,135.66571214286483,130.81265888777216,135.50330862518962,2855400
2025-01-29,133.24874877929688,135.19762026220764,131.43363681234936,132.12147209136432,2585800
2025-01-30,130.42677307128906,138.5844672232856,129.06875926125934,138.5844672232856,3763400
2025-01-31,128.0960235595703,132.52641822280418,127.89376021395228,131.83296488949512,3433800
2025-02-03,131.15875244140625,132.67087032247164,126.57426885554703,128.79909198833408,4174300
2025-02-04,137.71768188476562,138.81564724780588,132.33378504422396,133.27766109201642,4523300
2025-02-05,135.35800170898438,138.10292236829358,135.2713237166694,137.14942036432822,2624700
2025-02-06,129.33843994140625,136.82194788080187,128.52941602800283,136.44632858556702,4068300
2025-02-07,128.17306518554688,130.43640697681735,128.0863871999427,130.2245323551735,2085300
2025-02-10,131.76553344726562,132.34341609993865,128.97246825040074,129.18435757663644,2533300
2025-02-11,131.8425750732422,134.2792874370519,130.21488660258305,132.4878689901241,3231400
2025-02-12,126.08308410644531,130.9372425329593,125.83266143261811,130.21489656676476,3131700
2025-02-13,126.16014099121094,128.1827009571679,123.56932434075874,126.0830889882935,3453900
2025-02-14,130.3208465576172,130.66757322341257,125.92898525498677,126.74764992861023,3512800
2025-02-18,133.0946502685547,134.71269812792605,130.24378514506813,130.6001524706076,2826800
2025-02-19,132.09298706054688,133.46064162622693,130.91796983391964,132.9212776515109,3461200
2025-02-20,134.00961303710938,134.72233296106555,130.45566879786836,131.39953000817175,2538900
2025-02-21,129.77188110351562,133.44139668924564,129.61777708563775,133.07540332082766,2938900
2025-02-24,130.080078125,130.9757948951213,128.5005486374634,129.8007774438378,2920600
2025-02-25,128.73170471191406,132.00633435662814,128.42349666733614,130.56164221404808,2767400
2025-02-26,125.36073303222656,128.914677392479,123.81009650013219,128.70278807533575,4532200
2025-02-27,124.85028076171875,127.22920797201512,124.66728409997808,126.16013536052094,2392000
2025-02-28,125.90971374511719,126.41054439784857,122.95291855816066,124.27239915691165,3847700
2025-03-03,123.66561889648438,127.90339055693914,121.59489974951342,126.90172929152597,3871000
2025-03-04,122.90475463867188,125.17773712104047,120.28504551674992,122.19204203429345,4290500
2025-03-05,117.27046203613281,121.76826782926489,115.24789479718173,121.315596514035,6232100
2025-03-06,121.35413360595703,121.45044494078944,116.23992604109282,117.02005740574428,4179300
2025-03-07,122.17277526855469,124.91768837287417,120.39099008491453,120.46804208210878,3107600
2025-03-10,122.1246337890625,126.28533912238105,121.36376178448991,123.86789312409684,3844100
2025-03-11,118.4936294555664,123.73304780820513,118.15653614569068,123.72342181941086,3604800
2025-03-12,120.56436920166016,121.99942793403952,117.51125505660845,117.94465973846837,3453900
2025-03-13,121.16150665283203,123.2707519990031,119.88054463540416,120.8629319728982,3296200
2025-03-14,124.37833404541016,125.245143260408,120.20798855442723,120.50656319442764,2833100
2025-03-17,128.0478515625,128.75093081565387,124.40722927059977,124.99473787834904,3484000
2025-03-18,127.16179656982422,130.90836413489777,126.11199051163894,129.136212031805,3139900
2025-03-19,128.90505981445312,129.9933992570352,126.90175162719513,127.25811901327017,3968300
2025-03-20,129.85855102539062,130.63868236014272,126.68985165060278,127.28700100869527,2858100
2025-03-21,126.66094970703125,129.72370418876483,126.10233374001906,129.14582154808573,6736500
2025-03-24,127.08473205566406,129.31919598885514,125.72671809779362,126.44906407161835,4497100
2025-03-25,127.13289642333984,129.05915242975408,126.16976842013273,127.77819042194857,3103600
2025-03-26,129.5599822998047,132.39158096299292,128.20196829665653,128.82799561637717,2639800
2025-03-27,128.31753540039062,129.82001268304955,125.9193561592875,128.24048339920728,2405200
2025-03-28,126.63204956054688,129.8489078491645,126.01564830512984,127.99968938674824,1932300
2025-03-31,127.2003173828125,128.7605799832301,125.20663544124206,126.37202674512378,2766700
2025-04-01,128.80873107910156,129.0687650317557,124.27239218820559,127.20030924411618,2366400
2025-04-02,128.6931610107422,129.07842103548793,126.70911964584513,127.25810967004512,2411500
2025-04-03,110.07588958740234,122.41355574873918,109.81584093707899,121.74900248830988,9514600
2025-04-04,100.8298568725586,107.1961325428863,98.81691584695888,105.67438877778524,7528900
2025-04-07,102.73686218261719,106.5701148627197,95.34967217277178,97.1796168457043,6630900
2025-04-08,101.30180358886719,105.867028262893,99.83785225833964,105.48177559230675,5350700
2025-04-09,111.62653350830078,113.06159213019586,97.91159323417772,99.95341983357879,7800100
2025-04-10,104.9905776977539,108.3326327902604,101.96635658566007,107.68733149267273,4861600
2025-04-11,106.61825561523438,107.93774348384696,102.19750208029959,104.98094112409173,3777200
2025-04-14,106.26190948486328,109.89289865730251,104.0948715770143,109.80622066806849,3132800
2025-04-15,103.58441162109375,106.68567737762635,103.43030762549606,105.5491861283837,3107100
2025-04-16,103.17989349365234,106.50268929314363,102.33234355236384,103.50736081402309,4040600
2025-04-17,106.00184631347656,107.07091878954772,104.42231726466699,104.48973591864976,2662800
2025-04-21,104.82684326171875,104.96168793586956,102.89096135971198,104.18154929438316,2274900
2025-04-22,108.31336212158203,109.56543132352503,105.7803384046402,107.13834491473027,3264600
2025-04-23,110.27815246582031,112.2621937308493,109.33428382291255,110.97160577928997,3652900
2025-04-24,109.18018341064453,111.72284057378754,105.94407295790198,111.72284057378754,4783000
2025-04-25,109.67138671875,110.10479137443231,107.87033473456817,108.20742806099702,2865100
2025-04-28,110.51893615722656,111.89620946818549,109.48838950833306,109.79659016927083,2601000
2025-04-29,111.26053619384766,111.8576781608745,109.07423900716952,109.07423900716952,1428500
2025-04-30,111.80952453613281,112.38740720707027,108.09185726480781,109.01645925099098,3854300
2025-05-01,110.64414978027344,114.55445473212264,110.08554108550985,112.310364570675,3995900
2025-05-02,114.54480743408203,115.016738072311,110.52856564448601,112.24293222049104,2600500
2025-05-05,114.93968963623047,116.50959294681506,112.92675568458314,113.71652033446671,3776800
2025-05-06,112.68597412109375,116.29770406087239,112.65708145726886,115.74872140394938,3051600
2025-05-07,112.6378173828125,113.62021206403674,111.38575538363646,112.68597672235462,2500000
2025-05-08,117.24156951904297,118.41657945499766,113.36979101432536,113.67799166685306,3289400
2025-05-09,118.39732360839844,119.15819559907949,116.93337230289083,118.69589093266039,2167300
2025-05-12,125.67858123779297,126.93063591300962,123.7523251883306,123.7523251883306,4135300
2025-05-13,130.1282196044922,131.6788562120028,126.85359041037646,127.8070776877289,3391900
2025-05-14,129.36734008789062,130.82165785326399,128.0093262899835,128.0093262899835,2931300
2025-05-15,130.37864685058594,130.52312488401438,127.13290984001998,127.57595523456453,2243800
2025-05-16,130.73500061035156,131.05283461534964,129.14583058536124,130.70610794591238,2253000
2025-05-19,129.37696838378906,130.012636304298,127.99968788935301,129.07840109583742,2282800
2025-05-20,128.4154052734375,129.67808170341377,127.9977391333234,128.71650549353467,1908600
2025-05-21,124.13196563720703,127.42466734063007,124.03482984762425,127.17212021605113,4223600
2025-05-22,125.02555084228516,126.07455505730819,122.0242344621503,123.32577837569812,3097200
2025-05-23,124.86043548583984,125.42379044102343,122.86927043167238,123.10238001607176,2053000
2025-05-27,126.95845031738281,127.78404525952583,124.66618496011598,125.39465893186383,2426400
2025-05-28,123.28693389892578,128.00743836557598,122.869275196702,127.90059492474522,3125200
2025-05-29,125.45292663574219,125.66661350643047,122.00481375418855,123.24807473591675,2567600
2025-05-30,125.26838684082031,126.61849135817248,124.47191484167102,125.40436805764567,3870500
2025-06-02,124.61762237548828,127.44410506333158,121.50946218398077,127.44410506333158,2824500
2025-06-03,127.19157409667969,128.2697163507394,123.43265250696712,124.69534390320226,2310700
2025-06-04,122.90813446044922,128.04630530853993,121.89798295547212,126.64763285389151,4458400
2025-06-05,123.23836517333984,124.42335807559174,122.16022312161898,123.60746338842068,1845400
2025-06-06,124.66618347167969,126.69619402504478,124.1708116914674,124.43306646800093,2607400
2025-06-09,124.5787582397461,126.49221774634928,124.34565605146781,125.6860380965911,2615600
2025-06-10,128.14341735839844,129.53238206512583,125.92885773305167,126.22997274896747,2150600
2025-06-11,130.2122802734375,130.7270673154425,127.24010910387223,129.66835546081634,2400700
2025-06-12,129.66836547851562,129.74607114644184,127.51208136129551,128.9495991658287,2124600
2025-06-13,130.2608642578125,130.2900020320285,128.17257806117922,128.24056126073606,3758300
2025-06-16,133.8061065673828,134.47630505669807,130.1345985849832,131.12532743096412,3427800
2025-06-17,137.70101928710938,138.82771450249115,133.8643924297906,135.38932366465787,4292500
2025-06-18,135.41845703125,138.43919644848708,135.28247581205264,137.20564300379866,2872700
2025-06-20,137.05026245117188,137.90499529107157,135.010529104706,136.0692412075895,5438600
2025-06-23,133.1261749267578,138.39061121155532,132.203444282045,138.14778657763935,3229200
2025-06-24,131.95091247558594,133.4952735958765,130.882478154155,132.02860331638135,2973200
2025-06-25,131.8246612548828,133.55357176184145,130.7950870002717,131.68868002919535,2327800
2025-06-26,133.03878784179688,133.94208854403112,130.67852422801283,132.1743325674775,2743700
2025-06-27,130.82420349121094,132.54340606692904,129.4449613348225,132.2325834183031,8049500
2025-06-30,130.5619659423828,131.79551940783756,129.91119760949417,130.2220202990872,2413500
2025-07-01,134.04891967773438,135.62243354926505,130.3968421348242,130.98933489676207,3578300
2025-07-02,137.98268127441406,138.39062492130535,133.95179788042284,135.70013838198614,3528100
2025-07-03,140.4303741455078,141.65420522709138,137.00169076584436,137.5261855662823,2224600
2025-07-07,139.61447143554688,141.09083469296814,138.6334503267145,139.51733564349817,2537500
2025-07-08,144.40296936035156,144.69436192122163,139.65331952694598,140.71203150462725,7593600
2025-07-09,144.79148864746094,146.0444573136405,143.61621082652943,144.54866399874984,3304000
2025-07-10,150.36672973632812,150.66782992266684,143.57736219542352,144.8594686051303,3762700
2025-07-11,148.65725708007812,150.06563711798816,147.83164732293733,148.86122149105307,3055000
2025-07-14,144.59722900390625,147.54998527556378,144.23785323682725,147.54998527556378,2626800
2025-07-15,144.52923583984375,146.12216496418827,143.57736735380436,144.84976615899632,2568400
2025-07-16,139.0802459716797,144.75262611902903,138.81799120537616,143.5579330160643,4002900
2025-07-17,140.5177764892578,141.1588371669947,139.48820227274547,139.86700816034607,2418800
2025-07-18,141.95529174804688,144.4806741660077,141.31424590298155,143.20827530603157,3417800
2025-07-21,142.08157348632812,143.26655909296784,140.61491777620157,141.2559636581335,2129200
2025-07-22,140.9451446533203,143.22770235990865,140.47892546121494,140.47892546121494,2818300
2025-07-23,143.30538940429688,143.4608007378207,140.8188673512773,141.48906575886346,2949400
2025-07-24,136.31204223632812,140.84800492878958,135.6029984067625,140.44978376584152,6183700
2025-07-25,137.89524841308594,139.17735471864808,136.05949485180366,137.80783510560553,2792200
2025-07-28,140.59548950195312,140.8091764056891,138.63346194076016,138.76944316851558,2205700
2025-07-29,140.5760498046875,141.15883492443362,137.46789708133778,140.780029042851,3245700
2025-07-30,135.369873046875,139.45904642959266,134.10719679903056,138.80827818499665,4629600
2025-07-31,134.45919799804688,135.83992747843766,133.64642847998684,134.45919799804688,3565500
2025-08-01,130.41494750976562,133.45059216739944,129.73928564498019,132.35385007059824,2250300
2025-08-04,132.236328125,132.8434660070704,129.91553822902452,130.82623758113508,2920300
2025-08-05,133.98916625976562,134.40044451551756,131.1493664814937,132.19715853985335,2178400
2025-08-06,130.6891326904297,135.29154909919205,130.1015838118691,135.19361930543573,2764100
2025-08-07,129.83718872070312,132.93158500373673,129.34756962308347,132.19715635730725,2060100
2025-08-08,130.52264404296875,132.06984208460483,129.74905249314477,130.78704252237182,2165600
2025-08-11,129.0342254638672,131.8152584448043,128.06477423920714,131.18854657667777,2122300
2025-08-12,130.61080932617188,132.422391217236,128.78942548922694,129.895954608442,1815000
2025-08-13,133.32327270507812,133.450578450368,130.29743030417794,130.6205806977676,2093200
2025-08-14,133.00015258789062,133.61706255406293,130.56184385076207,132.0796661985652,1906000
2025-08-15,133.9597930908203,134.4983771066768,132.20694828848642,132.65740444956356,2037300
2025-08-18,133.96957397460938,134.20459651860867,132.2167441943302,132.85324303909346,1869700
2025-08-19,135.0663299560547,136.98564357592522,134.02833976099848,134.42004404157944,1540200
2025-08-20,137.5927734375,138.2880392316744,135.13489058923298,135.43845208317134,2082900
2025-08-21,137.3773193359375,137.56337698307445,135.0173666499068,137.08355983202551,2394300
2025-08-22,142.35186767578125,142.6750181096049,137.22066851831534,138.04322510878063,2106400
2025-08-25,144.0557403564453,144.81954500033456,141.30408324935846,141.98954703977316,2040300
2025-08-26,143.8990478515625,144.15365934174665,142.12662913292158,143.59548640587116,2591800
2025-08-27,147.63973999023438,148.32520370651625,143.7129854476976,143.7129854476976,2149300
2025-08-28,148.02163696289062,148.69731365256345,146.41568705290956,147.7082735941198,2092900
2025-08-29,148.85398864746094,150.06824935578518,146.98365510112404,148.67773294924655,2242700
2025-09-02,151.07687377929688,151.09646272776422,148.10978312105735,149.17714921168695,3217100
2025-09-03,152.15403747558594,155.95347156045287,150.98874161784462,152.59469168060016,3080300
2025-09-04,152.16383361816406,153.88728758791103,151.5371217253479,152.3401042759509,2611300
2025-09-05,153.51516723632812,154.2495958405855,150.01927990790867,151.15519973523726,2599300
2025-09-08,154.09292602539062,154.27898367685668,150.43056972418728,153.61309392118818,2458900
2025-09-09,158.47012329101562,159.63541916614716,153.8774936381981,155.30718801707962,3869200
2025-09-10,155.20925903320312,159.33185854477495,150.41099769603872,157.88257521008103,4199400
2025-09-11,154.3181610107422,157.06981825906843,153.78937890013478,154.7979931596567,2621100
2025-09-12,153.46621704101562,155.97306452628555,153.1039036763134,155.33656565175625,1642600
2025-09-15,154.298583984375,156.1101658493045,152.56532803341815,153.83834079433566,2080800
2025-09-16,159.2633056640625,159.94876943896523,155.35613973413246,156.06119245745802,2920600
2025-09-17,160.2719268798828,162.21081448308945,158.3428262803221,158.65618970087567,2892200
2025-09-18,160.4481964111328,160.9378155458119,157.02086246837922,160.9378155458119,2492500
2025-09-19,159.24371337890625,160.33066839275838,157.75528205373112,160.0368939405301,8119400
2025-09-22,162.98440551757812,163.6111173568199,158.56803175077508,159.2535104322489,2613000
2025-09-23,166.85238647460938,168.4583364303576,163.23899533867882,163.23899533867882,4022400
2025-09-24,167.28326416015625,170.15242492534063,167.2538882093993,167.43994585885287,3523400
2025-09-25,170.79872131347656,172.36550837598716,166.8328037018625,167.5378563857934,4094100
2025-09-26,171.98361206054688,174.72546710223816,170.46578984261748,171.20021850206822,3032400
2025-09-29,168.56607055664062,171.36669252937168,166.60759407059066,171.36669252937168,2604700
2025-09-30,166.72509765625,168.50731842833676,165.24645329036807,166.77406255673398,2385700
2025-10-01,164.18885803222656,166.48027170619065,162.994186299581,166.48027170619065,2458600
2025-10-02,161.28053283691406,164.13011966070653,158.98911897410733,163.39569099119237,3916300
2025-10-03,157.06980895996094,165.00164474341355,156.5899917814441,162.50458422329032,4487700
2025-10-06,160.027099609375,161.64285155164555,157.4615003908461,158.4603275058871,2020700
2025-10-07,159.78228759765625,160.3796234685375,155.57156055226287,159.77250059524417,2173600
2025-10-08,159.0674591064453,160.50694048754764,157.31461432227798,159.3024667167546,1582400
2025-10-09,158.64637756347656,161.01613224671138,157.90216190045723,160.34047043078047,1655500
2025-10-10,154.73922729492188,158.44074656127773,154.367111990879,157.40275644156802,2362700
2025-10-13,158.05885314941406,159.1751841823782,156.5312438350411,156.5312438350411,1382300
2025-10-14,158.82264709472656,160.26212845356613,155.80659162582407,155.80659162582407,1953400
2025-10-15,157.6377410888672,160.72234998950967,155.8261596157793,160.29148284590343,1756500
2025-10-16,153.14306640625,158.59743052713503,152.06589837494732,158.4701247756203,2661300
2025-10-17,154.49441528320312,156.9327088428351,152.92762818351267,154.32794658193427,2148700
2025-10-20,156.84458923339844,157.91195534338638,154.51399740917637,154.88611272685617,1354000
2025-10-21,154.4160614013672,157.530031448148,154.03415913257354,156.2961967971196,1605200
2025-10-22,158.50929260253906,159.18496939367103,153.01576535801874,155.4540740081928,3181400
2025-10-23,169.5355224609375,170.52454771115342,160.35026292391987,160.35026292391987,4679900
2025-10-24,167.4987030029297,172.56136288235587,167.25389344429985,170.6028864133172,2352900
2025-10-27,170.73019409179688,170.798732999152,166.25506813739023,167.91977016646,2614200
2025-10-28,165.82418823242188,169.5648852164736,165.78502528007076,169.37882757333122,1708100
2025-10-29,167.11680603027344,168.47794662207838,163.7090461070001,165.32479821079093,1569800
2025-10-30,166.5684051513672,170.191583097396,165.51082622071235,166.70549788634165,1849500
2025-10-31,166.03964233398438,167.4595348684149,163.55238364778114,166.32362980606482,1670100
2025-11-03,168.0372772216797,168.3898035632296,164.3161691590945,166.96989625238285,1658000
2025-11-04,165.59896850585938,166.34318414034533,161.6232639028622,165.4912517088427,2188300
2025-11-05,166.60757446289062,169.10463467712844,165.11912832490765,166.1865092400993,1762400
2025-11-06,172.35569763183594,175.3815548050518,168.45833406385356,168.45833406385356,3111800
2025-11-07,171.97381591796875,175.28364596967077,170.64205130621792,173.09014692031946,2393400
2025-11-10,175.4598846435547,176.40974684494813,169.37882409614713,171.88567137083928,2145900
2025-11-11,177.1050262451172,179.19080844903002,176.21391587291137,176.3608105720823,1868800
2025-11-12,173.85394287109375,177.73173270457792,173.50141652259518,176.26287540949878,1800800
2025-11-13,172.1304931640625,175.8124234931692,171.44502939826995,174.41212001033512,2308100
2025-11-14,177.986328125,180.11127320533242,172.6396959724188,172.83554062211974,3222400
2025-11-17,174.69610595703125,178.92642256614937,174.39254447611586,177.9569712743955,3014800
2025-11-18,181.58013916015625,181.76619681595113,173.12932333328624,174.0204337152566,3387500
2025-11-19,176.58602905273438,177.39879856398719,172.0325623891124,175.62637978606992,3768400
2025-11-20,168.32827758789062,180.27147987670455,168.14104668794866,177.48275892267802,3980500
2025-11-21,170.91990661621094,173.21592104334468,166.12094942222797,167.93410599634012,3735100
2025-11-24,171.82647705078125,172.4670045860738,166.0421069783169,170.42719225625882,3817000
2025-11-25,171.5604248046875,172.82175235567613,167.92424810058336,171.6786695637769,2646100
2025-11-26,171.92503356933594,173.87614739717205,171.46188818570752,171.46188818570752,1759900
2025-11-28,174.18161010742188,175.20644812795578,171.9545819660548,172.45713722237548,936200
2025-12-01,177.90646362304688,179.39444693659917,174.51665539591298,174.73344746760654,2573100
2025-12-02,175.92579650878906,177.19698780616358,171.11697585206073,176.8225260230284,3239000
2025-12-03,174.46739196777344,178.51744040106473,173.629784820183,176.4086569732811,3138600
2025-12-04,172.3980255126953,175.2458688805102,169.14615914954683,174.7925872572379,3258900
2025-12-05,171.59983825683594,175.50208078570543,171.4618810229785,172.39802046959744,2202900
2025-12-08,171.02828979492188,173.01882840380148,168.23956900620223,171.02828979492188,2040400
2025-12-09,172.76263427734375,173.86629215288357,169.85565356353086,170.6636995339874,2026200
2025-12-10,173.43270874023438,175.39368625777635,169.19542932627056,171.44217003205398,2895900
2025-12-11,169.40237426757812,171.43232290336022,167.34286444088355,169.76697231297265,2910900
2025-12-12,165.84503173828125,168.60419149208857,164.34719958000682,167.86513164925861,3234700
2025-12-15,165.45083618164062,165.86472287224416,163.60811868883948,165.84501040216566,3332600
2025-12-16,160.44496154785156,164.02200072882763,159.1836189985145,163.85448231307592,4040500
2025-12-17,160.53366088867188,161.0066549935188,157.56755766527098,161.0066549935188,2924300
2025-12-18,159.5778045654297,161.4599472510927,158.37559934478082,161.4599472510927,2548500
2025-12-19,160.33657836914062,162.04133888847755,159.18363176531696,159.4891224686463,6529800
2025-12-22,161.16432189941406,163.07602579497132,160.42526204512407,162.090612655918,2795800
2025-12-23,162.36651611328125,162.78038779925174,160.60261829380084,161.76541353780289,1970900
2025-12-24,162.07089233398438,162.15957590351357,160.3759806139995,161.7358554916226,881600
2025-12-26,161.6175994873047,162.40593298610392,159.85371662837855,161.6274632416241,2517800
2025-12-29,163.2435302734375,164.24864076330286,160.5139319013927,162.5931540485529,2811600
2025-12-30,162.4552001953125,164.29791783453516,161.26284375826768,164.21908298416596,2569000
2025-12-31,160.41539001464844,162.61287202744026,158.6219460129259,162.45520232463528,2321000
2026-01-02,162.8986358642578,163.2533851788949,159.71575578662066,160.86868730013856,1938600
2026-01-05,177.93605041503906,182.28171075194095,174.9206737031865,177.0688820767643,9056500
2026-01-06,175.6696014404297,181.38500055433977,174.66447584601454,180.0349743527965,5333000
2026-01-07,181.1780548095703,184.91276387648747,180.39958506944726,181.670761364036,7565700
2026-01-08,188.52923583984375,189.19930951031188,178.36961445395158,181.4244009865709,5961700
2026-01-09,182.57733154296875,189.0515025996217,179.9462804628609,188.69675329465153,5472900
2026-01-12,176.9998779296875,182.8827947319908,175.7385504948555,182.65615395253747,3368500
2026-01-13,179.0889892578125,182.30143067725126,177.2561202182036,179.6605306826595,3100300
2026-01-14,183.7893829345703,187.1792062395959,179.03969984226623,180.58679051523774,3963000
2026-01-15,181.88755798339844,183.83867177756383,180.5868054298141,181.80872312837414,2172200
2026-01-16,180.7838897705078,183.5824593012428,180.1827871919293,182.30141929355952,2374400
2026-01-20,182.0353546142578,184.26239780503457,180.42914151357493,181.85798747669705,2689800
2026-01-21,185.44488525390625,190.50990775591342,184.59742942503144,185.237941896393,3130300
2026-01-22,184.16384887695312,186.5485467127049,182.66601679369546,184.84378630409674,2951500
2026-01-23,184.36093139648438,191.51504005294558,184.144139313791,186.72593183417314,2846600
2026-01-26,180.60650634765625,187.10037487317655,178.8820334743833,185.91788219588855,3370600
2026-01-27,180.24191284179688,183.08975608531964,178.49772745324995,182.0353568561326,2359800
2026-01-28,181.33570861816406,184.04559443015228,179.88715027213178,182.23242304115735,2756700
2026-01-29,179.82803344726562,191.66283880025068,179.34517563828084,188.97266537581524,6555800
2026-01-30,178.7834930419922,180.48826854561844,175.31484972645012,180.48826854561844,3295500
2026-02-02,177.5911407470703,178.85246824585226,173.9254030049197,175.47250870795324,2781100
2026-02-03,189.4653778076172,190.2241350559726,178.3203582370886,179.94628381066207,5522900
2026-02-04,194.53041076660156,195.4665502384638,190.4212397942462,190.46064970374925,4467400
2026-02-05,192.47811889648438,193.21178978216008,188.48261778062545,190.9810502700625,2376300
2026-02-06,200.94500732421875,201.4010762793578,192.8350371863358,194.20322892358246,2871200
2026-02-09,199.65614318847656,202.39251147279015,198.18880145522553,201.1829537584949,1949000
2026-02-10,197.792236328125,199.27939599976503,196.05721671121162,198.53581616394501,2033800
2026-02-11,202.17440795898438,202.5809019193232,198.7935945139305,201.4308280878056,2918200
2026-02-12,195.2244110107422,205.00000786170017,194.03468629854694,202.3330324288921,3189200
2026-02-13,198.4564971923828,199.78502285507452,194.31228621014952,195.26405991875805,2170700
2026-02-17,195.65072631835938,202.5015789607167,194.09417370046313,199.6264095946725,2203800
2026-02-18,197.75259399414062,198.72420078598253,195.3037364180781,197.84181994755883,2052200
2026-02-19,197.5344696044922,199.50742510854568,194.91706915873542,198.68452826580406,2187600
2026-02-20,199.04144287109375,200.0626246244123,196.3050745507698,196.8404453704224,1979000
2026-02-23,195.70030212402344,202.51148873014014,194.02476643631786,198.91257253213084,2016200
2026-02-24,197.6237030029297,197.79224595854137,192.9143638134406,195.72014034592726,1896700
2026-02-25,197.9310302734375,198.96212095281567,193.69757832240532,198.75392707794438,2260800
2026-02-26,202.04550170898438,204.22668128001175,195.1946644758143,196.3050721642136,2343000
2026-02-27,202.88824462890625,203.27490555447366,197.3956746697985,202.21407281126915,2993500
2026-03-02,213.07032775878906,214.32944539306436,205.71384637175936,213.14964475694484,5489300
2026-03-03,215.8463592529297,220.05005420095583,208.95584074027943,217.11540094986253,5393700
2026-03-04,223.6688232421875,224.025742172619,214.58723111200803,215.3902949234362,4221400
2026-03-05,226.07801818847656,230.9955662921274,221.40834516497523,227.53543591636446,6138000
2026-03-06,222.70713806152344,228.51697618021564,219.42547458273032,225.02710367679347,4337300
2026-03-09,214.10140991210938,224.43221023986993,212.27716441202762,224.43221023986993,6476300
2026-03-10,215.1622772216797,219.01897757459693,211.99958172760913,214.16091330632756,3952900
2026-03-11,229.07217407226562,229.25062597883866,216.75849328907805,216.75849328907805,3757900
2026-03-12,233.79141235351562,238.21324043348108,228.86395543134608,230.40069011763805,4990000
2026-03-13,228.61610412597656,233.68236220383392,228.32859323499574,230.27180680755492,4088000
2026-03-16,230.5791473388672,232.95859666097343,228.03113994835752,230.59896524136303,2648700
2026-03-17,233.9401397705078,235.85361130585926,230.3610415194158,232.49263101906863,2500800
2026-03-18,236.41873168945312,240.48362562620338,234.7134540929844,237.26144640806433,3527500
2026-03-19,239.99783325195312,245.6093708730046,238.5106735915836,239.7103072458396,4205500
2026-03-20,237.80674743652344,242.6449784283644,235.90318486469354,241.12807676755978,19803100
2026-03-23,235.35787963867188,239.38312256881056,229.22086521804204,230.26187997229133,3904200
2026-03-24,239.68055725097656,244.15194503421247,234.27721369122142,236.6963290783982,3678300
2026-03-25,232.5322723388672,241.66343909395033,232.26459449861474,236.85495025455654,4480900
2026-03-26,246.015869140625,246.97756694817605,232.98835089164052,233.22630188762872,4151100
2026-03-27,252.14297485351562,253.77884445703972,243.9635965795539,245.7382671486608,4530000
2026-03-30,248.1276397705078,256.21777693639183,246.30337906470842,253.50124160157972,4123800
2026-03-31,244.96493530273438,252.72791036243234,240.47371444443644,247.6418196027271,3744000
2026-04-01,239.39305114746094,242.91265019353443,233.6724394953824,240.67200178168758,5062300
2026-04-02,242.0005340576172,248.57378468860244,238.9369887455411,246.47193718048615,2669300
2026-04-06,243.477783203125,243.54717612113774,237.40025250533517,240.3944048794711,1486900
2026-04-07,249.3372039794922,252.37100738630224,243.60668307147967,243.80496800841524,3611700
2026-04-08,237.58863830566406,239.58142690146323,229.90497968624064,232.98835813735545,5313900
2026-04-09,233.08749389648438,243.45794532628696,231.12443227713453,238.03476862256957,3905400
2026-04-10,236.77565002441406,237.02350996366002,228.22942903205725,231.8283601909232,2896900
2026-04-13,240.00775146484375,241.22721819751519,235.74455724831114,241.07850827700804,2772500
2026-04-14,233.56338500976562,240.52329649594873,232.78013911238713,240.52329649594873,2830100
2026-04-15,232.98834228515625,234.5349858815207,229.0523252499151,232.08612847788694,2286900
2026-04-16,239.67066955566406,240.57286830206823,232.98835966632652,232.98835966632652,1925200
2026-04-17,221.73550415039062,227.0397131061028,212.872045088759,226.23664929247934,6989100
2026-04-20,224.34298706054688,226.6530435103226,221.3190927752967,222.598058533926,3302100
2026-04-21,231.39212036132812,232.26459217372292,222.43942071753017,224.7593860788492,2685200
2026-04-22,232.3538360595703,235.23892955708519,229.9049785019345,234.37636662935302,2294500
2026-04-23,231.82835388183594,234.23754516422025,228.4177987901206,233.27584741586438,2361700
2026-04-24,233.83108520507812,233.8509031089921,230.12309487008667,232.5025443624653,1666200
2026-04-27,236.2105255126953,239.2344198408004,234.04919407277876,234.22764597009137,2299100
2026-04-28,238.21324157714844,239.91851921902887,236.07172800899573,239.12536436473113,2528300
2026-04-29,249.14881896972656,249.7436737589861,240.0473939508027,241.6039616621145,3673500
2026-04-30,250.41786193847656,251.08212477699774,240.9397000436113,243.77521842509435,3529300
2026-05-01,244.75672912597656,251.78604853372727,241.4254909215907,248.25651027446835,2480400
2026-05-04,249.4759979248047,250.61614762621446,242.8035972798934,246.74953851622692,2844000
2026-05-05,251.28041076660156,253.32277430550246,247.51293655370964,249.4065901759607,2829500
2026-05-06,234.6638946533203,241.7526833524199,232.6710909225859,240.65218454129186,4444300
2026-05-07,234.32679748535156,234.3466153886207,225.30468945798793,230.01402840155424,3826200
2026-05-08,238.9964599609375,240.16636671421193,230.7873401701193,233.19654659142995,3408800
2026-05-11,246.00596618652344,246.51159504613372,240.69184817192604,242.58548672154757,3045500
2026-05-12,245.0045928955078,248.13754622215498,244.3998140263017,247.9590943237845,3387300
2026-05-13,242.0104522705078,247.42370490629926,238.2727201270145,245.97621132367027,2240800
2026-05-14,242.67471313476562,242.87299806018677,238.5800621044618,241.56429032170098,2192600
2026-05-15,248.59361267089844,248.85138156422607,243.77521479723723,245.0640743920456,3125900
2026-05-18,256.3070068359375,258.08169255409064,244.38000235094214,247.81037559562805,3255600
2026-05-19,260.3719177246094,260.6396258370221,252.42058135097093,257.298448266314,3842000
2026-05-20,251.59768676757812,261.49225191209877,249.6247160842609,259.21195243398034,2959500
2026-05-21,240.161865234375,254.64589868957557,239.88294437444418,254.41677318316698,3610700
2026-05-22,246.00927734375,246.46749795588005,240.5105235978615,240.86913830302916,2532800
2026-05-26,240.52047729492188,247.51345637781927,240.29136699107977,242.32350683394867,2758100
2026-05-27,239.4147491455078,242.6323254200027,232.3321202094627,235.06157738595746,2333600
2026-05-28,243.9073944091797,245.44145910374817,240.1618597470366,242.93115622168048,2565100
2026-05-29,243.8775177001953,245.38169914391364,241.26759364282145,244.06677348446695,3995800
2026-06-01,251.54786682128906,254.9845821633889,247.1448845151722,247.54333853742708,2383600
2026-06-02,257.2657775878906,259.3875825198275,249.49580246816737,253.20146747598787,2357800
2026-06-03,260.4434814453125,264.5874395172012,255.831301164236,259.7959594964941,2691500
2026-06-04,257.8534851074219,261.67869822381203,253.62980279137915,254.87499054020765,2288300
2026-06-05,254.8351593017578,261.838094207247,252.40455030695628,257.44506804205474,2427900
2026-06-08,257.3952941894531,262.99365408931203,253.9087528909075,258.9990816027166,3043200
2026-06-09,252.80300903320312,257.19603528031195,245.5211531433503,256.5086891763369,2724400
2026-06-10,256.9967956542969,262.50550537191174,252.97235529497215,257.00676688491916,2522900
2026-06-11,254.6160125732422,263.1430563680813,252.45435313268507,263.0235232008788,3365200
2026-06-12,257.6741943359375,261.3200774393214,250.03370866715926,250.81070463346785,2203200
2026-06-15,246.20849609375,248.2406358881269,240.22162344454017,243.75795982401527,4348100
2026-06-16,243.19017028808594,245.02308313694232,239.02625425530798,243.00089930477145,2976200
2026-06-17,238.84695434570312,243.578668125267,235.97803670586836,242.88136597670905,2753600
2026-06-18,235.3903045654297,237.1136402232507,231.82408488505084,236.0079128497253,6141200
2026-06-22,242.8415069580078,242.86143421903964,233.04934816726774,237.56190758801958,2809800
2026-06-23,242.74188232421875,244.8238478704525,240.24155070272425,241.9051197736046,3267600
2026-06-24,241.4967041015625,243.26986557678953,235.19108623086572,237.99026607426643,3472000
2026-06-25,254.0780792236328,254.75546929469937,239.09598621706834,239.77336108808842,3399300
2026-06-26,258.3714904785156,259.6665040686327,251.0298678579547,252.4842539391206,8402800
2026-06-29,265.29473876953125,271.1222237438124,260.0250954967105,261.4097589200414,3057900
2026-06-30,259.4373779296875,268.65176789802393,258.42131560153706,265.97212124819754,2970000
2026-07-01,268.4027404785156,268.86096110656257,259.74619190033764,262.0273846096864,2390500
2026-07-02,266.72918701171875,273.861626084555,266.33070261204637,268.86093262952676,2113700
2026-07-06,269.27935791015625,272.8953883835577,264.5077894342288,266.59971115604145,1751500
2026-07-07,265.19512939453125,268.5023556280969,260.09484481269675,267.04795432773614,2249200
2026-07-08,281.7909851074219,282.18943912390137,269.99656989909136,270.96283684910276,3876000
2026-07-09,280.1672668457031,283.18560098451707,276.2125490096907,280.80481761830384,2503900
2026-07-10,279.6094055175781,285.9449062756506,273.75203740534243,281.89059801573075,1932000
2026-07-13,294.65130615234375,296.5141023518784,284.71968643174563,284.71968643174563,2870600
2026-07-14,300.2695617675781,300.2695617675781,292.5493973504899,298.237437151018,3576800
2026-07-15,291.5333251953125,298.50637669135267,286.2337987622999,297.8489139022864,4640600
2026-07-16,299.1040954589844,302.4710882993221,292.86818492273545,294.43214817225703,3140400
2026-07-17,308.4579162597656,308.7069538201885,301.3553601724901,305.10089480928,2641200
2026-07-20,312.10382080078125,315.35128022316735,305.3300115124667,307.8004445846301,2493600
2026-07-21,313.58807373046875,316.9949208223463,308.8165361159443,314.7436116212783,3147000
2026-07-22,309.7230529785156,319.0071503205242,307.0732896323744,318.02097128872373,2551500
2026-07-23,304.0848388671875,318.0209713119179,302.87947516146187,317.9114093750847,2388700
2026-07-24,301.33544921875,307.8203970440163,299.89101920295354,303.1982453135419,2320000
2026-07-27,303.756103515625,304.95149603500425,294.5815677697061,294.6114510626859,2372800
2026-07-28,297.7294006347656,305.8181360466422,296.673483769674,303.72621437803076,2512000
2026-07-29,300.1600036621094,308.78666856237834,300.1600036621094,305.1506957930264,2319800
2026-07-30,310.5099792480469,312.5421342264375,293.0773502473691,295.2688929103484,2254700
2026-07-31,312.8999938964844,315.0,306.25,312.3299865722656,2433600
2026-08-03,307.5400085449219,314.3500061035156,303.0199890136719,311.94000244140625,3302200
2026-08-04,308.7300109863281,311.3699951171875,300.010009765625,305.0,3634000
2026-08-05,302.3900146484375,315.0,301.29998779296875,315.0,3186200
2026-08-06,302.989990234375,308.44000244140625,296.95001220703125,307.0,2676200
2026-08-07,298.30999755859375,301.8999938964844,291.4599914550781,298.5,3628200
2026-08-10,314.95001220703125,315.8800048828125,301.3500061035156,304.3500061035156,3513000
2026-08-11,323.9200134277344,324.3699951171875,313.95001220703125,315.25,2188200
2026-08-12,330.2099914550781,330.9599914550781,320.7699890136719,321.239990234375,2701000
2026-08-13,342.9200134277344,343.7300109863281,326.1199951171875,327.92999267578125,2186400
2026-08-14,341.6700134277344,346.0899963378906,339.2300109863281,342.9200134277344,1918800
2026-08-17,347.19000244140625,350.6300048828125,340.2900085449219,344.0,2161200
2026-08-18,350.04998779296875,351.0,344.489990234375,350.0299987792969,1768200
2026-08-19,346.260009765625,350.7300109863281,343.42999267578125,350.0,2301100
2026-08-20,341.510009765625,352.70001220703125,340.94000244140625,348.5,2263800
2026-08-21,348.8599853515625,350.7300109863281,342.5,343.489990234375,1907500
2026-08-24,346.0,353.0,343.7699890136719,346.25,2029300
2026-08-25,340.4100036621094,346.80999755859375,340.0799865722656,341.69000244140625,1735600
2026-08-26,348.0299987792969,349.8900146484375,335.0,335.7900085449219,2156500
2026-08-27,346.5899963378906,351.1199951171875,341.25,349.0,1957300
2026-08-28,352.3599853515625,352.8599853515625,345.1199951171875,348.0299987792969,1848500
2026-08-31,358.9200134277344,362.7900085449219,351.17999267578125,359.9599914550781,3537300
2026-09-01,361.989990234375,364.8999938964844,356.2300109863281,363.9200134277344,2733600
2026-09-02,366.0899963378906,370.1099853515625,359.5199890136719,359.9200134277344,2848600
2026-09-03,370.69000244140625,375.1099853515625,362.54998779296875,365.0,2525800
2026-09-04,370.7200012207031,372.3399963378906,360.30999755859375,368.5,2849000
2026-09-08,382.8500061035156,384.260009765625,377.0,379.17999267578125,2738200
2026-09-09,388.95001220703125,389.17999267578125,379.5899963378906,386.3699951171875,3207000
2026-09-10,385.42999267578125,393.5400085449219,382.1499938964844,393.5400085449219,3157800
2026-09-11,390.4200134277344,399.260009765625,385.3999938964844,388.0,3055800
2026-09-14,382.95001220703125,399.760009765625,375.1000061035156,395.260009765625,4832100
2026-09-15,397.0400085449219,398.510009765625,381.2300109863281,383.510009765625,3616100
2026-09-16,403.2799987792969,407.2699890136719,388.0,391.67999267578125,3522900
2026-09-17,412.5299987792969,413.44000244140625,394.05999755859375,398.45001220703125,3263800
2026-09-18,413.2799987792969,416.6600036621094,409.1499938964844,412.0,9286600
2026-09-21,393.2699890136719,419.0400085449219,391.0,409.5899963378906,3899300
2026-09-22,377.1400146484375,396.20001220703125,375.0299987792969,384.8999938964844,7455800
2026-09-23,375.8399963378906,388.010009765625,364.9599914550781,380.42999267578125,7081400
2026-09-24,382.8599853515625,393.0,373.1700134277344,379.05999755859375,3724200
2026-09-25,387.17999267578125,388.9200134277344,370.5899963378906,378.0,3814100
2026-09-28,389.57000732421875,395.8500061035156,385.0,389.1099853515625,3560400
2026-09-29,387.7200012207031,389.3999938964844,379.57000732421875,381.57000732421875,2650700
2026-09-30,387.6099853515625,398.8800048828125,385.760009765625,393.19000244140625,2536700
2026-10-01,408.4599914550781,408.4599914550781,384.5799865722656,387.25,2666900
2026-10-02,406.29998779296875,410.4100036621094,389.6099853515625,403.7900085449219,2586500
2026-10-05,419.3299865722656,421.9800109863281,404.2099914550781,404.989990234375,2555100
2026-10-06,419.2200012207031,422.989990234375,413.42999267578125,416.25,1908400
2026-10-07,424.1000061035156,428.989990234375,421.239990234375,423.239990234375,1830700
